ISO-10303-21;
HEADER;
/* Generated by software containing ST-Developer
 * from STEP Tools, Inc. (www.steptools.com) 
 */

FILE_DESCRIPTION(
/* description */ (''),
/* implementation_level */ '2;1');

FILE_NAME(
/* name */ 'split_base_brace.step',
/* time_stamp */ '2026-09-08T14:33:51-04:00',
/* author */ (''),
/* organization */ (''),
/* preprocessor_version */ 'ST-DEVELOPER v20.1',
/* originating_system */ 'Autodesk Translation Framework v14.24.0.0',
/* authorisation */ '');

FILE_SCHEMA (('AUTOMOTIVE_DESIGN { 1 0 10303 214 3 1 1 }'));
ENDSEC;

DATA;
#10=MECHANICAL_DESIGN_GEOMETRIC_PRESENTATION_REPRESENTATION('',(#23,#24),
#14233);
#11=ITEM_DEFINED_TRANSFORMATION($,$,#7647,#8637);
#12=ITEM_DEFINED_TRANSFORMATION($,$,#8146,#8638);
#13=(
REPRESENTATION_RELATIONSHIP($,$,#14247,#14246)
REPRESENTATION_RELATIONSHIP_WITH_TRANSFORMATION(#11)
SHAPE_REPRESENTATION_RELATIONSHIP()
);
#14=(
REPRESENTATION_RELATIONSHIP($,$,#14248,#14246)
REPRESENTATION_RELATIONSHIP_WITH_TRANSFORMATION(#12)
SHAPE_REPRESENTATION_RELATIONSHIP()
);
#15=CONTEXT_DEPENDENT_SHAPE_REPRESENTATION(#13,#14244);
#16=CONTEXT_DEPENDENT_SHAPE_REPRESENTATION(#14,#14245);
#17=NEXT_ASSEMBLY_USAGE_OCCURRENCE('Component1:1','Component1:1',
'Component1:1',#14250,#14251,'Component1:1');
#18=NEXT_ASSEMBLY_USAGE_OCCURRENCE('Component2:1','Component2:1',
'Component2:1',#14250,#14252,'Component2:1');
#19=SHAPE_REPRESENTATION_RELATIONSHIP('SRR','None',#14247,#21);
#20=SHAPE_REPRESENTATION_RELATIONSHIP('SRR','None',#14248,#22);
#21=ADVANCED_BREP_SHAPE_REPRESENTATION('',(#25),#14231);
#22=ADVANCED_BREP_SHAPE_REPRESENTATION('',(#26),#14232);
#23=STYLED_ITEM('',(#14265),#25);
#24=STYLED_ITEM('',(#14265),#26);
#25=MANIFOLD_SOLID_BREP('Body1',#7621);
#26=MANIFOLD_SOLID_BREP('Body1',#7622);
#27=(
BOUNDED_SURFACE()
B_SPLINE_SURFACE(2,2,((#11748,#11749,#11750),(#11751,#11752,#11753),(#11754,
#11755,#11756)),.UNSPECIFIED.,.F.,.F.,.F.)
B_SPLINE_SURFACE_WITH_KNOTS((3,3),(3,3),(0.,1.5707963267949),(0.,1.5707963267949),
 .UNSPECIFIED.)
GEOMETRIC_REPRESENTATION_ITEM()
RATIONAL_B_SPLINE_SURFACE(((1.,0.707106781186548,1.),(0.707106781186543,
0.499999999999997,0.707106781186543),(1.,0.707106781186548,1.)))
REPRESENTATION_ITEM('')
SURFACE()
);
#28=(
BOUNDED_SURFACE()
B_SPLINE_SURFACE(2,2,((#11779,#11780,#11781),(#11782,#11783,#11784),(#11785,
#11786,#11787)),.UNSPECIFIED.,.F.,.F.,.F.)
B_SPLINE_SURFACE_WITH_KNOTS((3,3),(3,3),(-1.57079632679492,0.),(0.,1.5707963267949),
 .UNSPECIFIED.)
GEOMETRIC_REPRESENTATION_ITEM()
RATIONAL_B_SPLINE_SURFACE(((1.,0.707106781186548,1.),(0.707106781186533,
0.49999999999999,0.707106781186533),(1.,0.707106781186548,1.)))
REPRESENTATION_ITEM('')
SURFACE()
);
#29=(
BOUNDED_SURFACE()
B_SPLINE_SURFACE(2,2,((#12198,#12199,#12200),(#12201,#12202,#12203),(#12204,
#12205,#12206)),.UNSPECIFIED.,.F.,.F.,.F.)
B_SPLINE_SURFACE_WITH_KNOTS((3,3),(3,3),(-1.5707963267949,0.),(-3.14159265358979,
-1.5707963267949),.UNSPECIFIED.)
GEOMETRIC_REPRESENTATION_ITEM()
RATIONAL_B_SPLINE_SURFACE(((1.,0.707106781186548,1.),(0.707106781186554,
0.500000000000005,0.707106781186554),(1.,0.707106781186548,1.)))
REPRESENTATION_ITEM('')
SURFACE()
);
#30=(
BOUNDED_SURFACE()
B_SPLINE_SURFACE(2,2,((#12336,#12337,#12338),(#12339,#12340,#12341),(#12342,
#12343,#12344)),.UNSPECIFIED.,.F.,.F.,.F.)
B_SPLINE_SURFACE_WITH_KNOTS((3,3),(3,3),(-1.5707963267949,0.),(-1.5707963267949,
0.),.UNSPECIFIED.)
GEOMETRIC_REPRESENTATION_ITEM()
RATIONAL_B_SPLINE_SURFACE(((1.,0.707106781186548,1.),(0.707106781186545,
0.499999999999998,0.707106781186545),(1.,0.707106781186548,1.)))
REPRESENTATION_ITEM('')
SURFACE()
);
#31=(
BOUNDED_SURFACE()
B_SPLINE_SURFACE(2,2,((#12408,#12409,#12410),(#12411,#12412,#12413),(#12414,
#12415,#12416)),.UNSPECIFIED.,.F.,.F.,.F.)
B_SPLINE_SURFACE_WITH_KNOTS((3,3),(3,3),(0.,1.5707963267949),(-1.5707963267949,
0.),.UNSPECIFIED.)
GEOMETRIC_REPRESENTATION_ITEM()
RATIONAL_B_SPLINE_SURFACE(((1.,0.707106781186548,1.),(0.707106781186542,
0.499999999999996,0.707106781186542),(1.,0.707106781186548,1.)))
REPRESENTATION_ITEM('')
SURFACE()
);
#32=(
BOUNDED_SURFACE()
B_SPLINE_SURFACE(2,2,((#13216,#13217,#13218),(#13219,#13220,#13221),(#13222,
#13223,#13224)),.UNSPECIFIED.,.F.,.F.,.F.)
B_SPLINE_SURFACE_WITH_KNOTS((3,3),(3,3),(0.,1.5707963267949),(6.90293828669098E-17,
1.5707963267949),.UNSPECIFIED.)
GEOMETRIC_REPRESENTATION_ITEM()
RATIONAL_B_SPLINE_SURFACE(((1.,0.707106781186547,1.),(0.707106781186514,
0.499999999999976,0.707106781186514),(1.,0.707106781186547,1.)))
REPRESENTATION_ITEM('')
SURFACE()
);
#33=(
BOUNDED_SURFACE()
B_SPLINE_SURFACE(2,2,((#13247,#13248,#13249),(#13250,#13251,#13252),(#13253,
#13254,#13255)),.UNSPECIFIED.,.F.,.F.,.F.)
B_SPLINE_SURFACE_WITH_KNOTS((3,3),(3,3),(-1.57079632679492,0.),(6.90293828669098E-17,
1.5707963267949),.UNSPECIFIED.)
GEOMETRIC_REPRESENTATION_ITEM()
RATIONAL_B_SPLINE_SURFACE(((1.,0.707106781186547,1.),(0.707106781186539,
0.499999999999994,0.707106781186539),(1.,0.707106781186547,1.)))
REPRESENTATION_ITEM('')
SURFACE()
);
#34=(
BOUNDED_SURFACE()
B_SPLINE_SURFACE(2,2,((#13670,#13671,#13672),(#13673,#13674,#13675),(#13676,
#13677,#13678)),.UNSPECIFIED.,.F.,.F.,.F.)
B_SPLINE_SURFACE_WITH_KNOTS((3,3),(3,3),(-1.57079632679492,0.),(-3.14159265358979,
-1.5707963267949),.UNSPECIFIED.)
GEOMETRIC_REPRESENTATION_ITEM()
RATIONAL_B_SPLINE_SURFACE(((1.,0.707106781186548,1.),(0.707106781186532,
0.499999999999989,0.707106781186532),(1.,0.707106781186548,1.)))
REPRESENTATION_ITEM('')
SURFACE()
);
#35=(
BOUNDED_SURFACE()
B_SPLINE_SURFACE(2,2,((#13808,#13809,#13810),(#13811,#13812,#13813),(#13814,
#13815,#13816)),.UNSPECIFIED.,.F.,.F.,.F.)
B_SPLINE_SURFACE_WITH_KNOTS((3,3),(3,3),(-1.57079632679489,0.),(-1.5707963267949,
1.52485929751381E-16),.UNSPECIFIED.)
GEOMETRIC_REPRESENTATION_ITEM()
RATIONAL_B_SPLINE_SURFACE(((1.,0.707106781186547,1.),(0.707106781186515,
0.499999999999977,0.707106781186515),(1.,0.707106781186547,1.)))
REPRESENTATION_ITEM('')
SURFACE()
);
#36=(
BOUNDED_SURFACE()
B_SPLINE_SURFACE(2,2,((#13884,#13885,#13886),(#13887,#13888,#13889),(#13890,
#13891,#13892)),.UNSPECIFIED.,.F.,.F.,.F.)
B_SPLINE_SURFACE_WITH_KNOTS((3,3),(3,3),(0.,1.57079632679492),(-1.5707963267949,
1.22464679914735E-16),.UNSPECIFIED.)
GEOMETRIC_REPRESENTATION_ITEM()
RATIONAL_B_SPLINE_SURFACE(((1.,0.707106781186547,1.),(0.70710678118654,
0.499999999999995,0.70710678118654),(1.,0.707106781186547,1.)))
REPRESENTATION_ITEM('')
SURFACE()
);
#37=TOROIDAL_SURFACE('',#7842,2.20000000000001,1.);
#38=TOROIDAL_SURFACE('',#7847,2.20000000000003,1.);
#39=TOROIDAL_SURFACE('',#7868,2.20000000000003,1.);
#40=TOROIDAL_SURFACE('',#7873,2.20000000000001,1.);
#41=TOROIDAL_SURFACE('',#7928,2.,1.);
#42=TOROIDAL_SURFACE('',#7976,1.8,0.8);
#43=TOROIDAL_SURFACE('',#8002,2.2,1.);
#44=TOROIDAL_SURFACE('',#8007,2.2,1.);
#45=TOROIDAL_SURFACE('',#8026,2.2,1.);
#46=TOROIDAL_SURFACE('',#8031,2.2,1.);
#47=TOROIDAL_SURFACE('',#8088,2.,1.);
#48=TOROIDAL_SURFACE('',#8093,2.,1.);
#49=TOROIDAL_SURFACE('',#8096,2.,1.);
#50=TOROIDAL_SURFACE('',#8106,2.,1.);
#51=TOROIDAL_SURFACE('',#8304,2.20000000000001,1.);
#52=TOROIDAL_SURFACE('',#8309,2.20000000000003,1.);
#53=TOROIDAL_SURFACE('',#8330,2.20000000000003,1.);
#54=TOROIDAL_SURFACE('',#8335,2.20000000000001,1.);
#55=TOROIDAL_SURFACE('',#8391,2.,1.);
#56=TOROIDAL_SURFACE('',#8440,1.8,0.8);
#57=TOROIDAL_SURFACE('',#8466,2.2,1.);
#58=TOROIDAL_SURFACE('',#8471,2.2,1.);
#59=TOROIDAL_SURFACE('',#8492,2.2,1.);
#60=TOROIDAL_SURFACE('',#8497,2.2,1.);
#61=TOROIDAL_SURFACE('',#8554,2.,1.);
#62=TOROIDAL_SURFACE('',#8559,2.,1.);
#63=TOROIDAL_SURFACE('',#8562,2.,1.);
#64=TOROIDAL_SURFACE('',#8573,2.,1.);
#65=B_SPLINE_CURVE_WITH_KNOTS('',3,(#11663,#11664,#11665,#11666,#11667,
#11668,#11669,#11670,#11671,#11672),.UNSPECIFIED.,.F.,.F.,(4,2,2,2,4),(0.402232773582328,
0.433506648943322,0.464780524304317,0.510936092861149,0.55709166141798),
 .UNSPECIFIED.);
#66=B_SPLINE_CURVE_WITH_KNOTS('',3,(#11676,#11677,#11678,#11679,#11680,
#11681,#11682,#11683,#11684,#11685),.UNSPECIFIED.,.F.,.F.,(4,2,2,2,4),(0.,
0.0461555685568318,0.0923111371136636,0.123585012474658,0.154858887835653),
 .UNSPECIFIED.);
#67=B_SPLINE_CURVE_WITH_KNOTS('',3,(#11874,#11875,#11876,#11877,#11878,
#11879),.UNSPECIFIED.,.F.,.F.,(4,2,4),(0.490330418379188,0.525275682871362,
0.560220947363538),.UNSPECIFIED.);
#68=B_SPLINE_CURVE_WITH_KNOTS('',3,(#11978,#11979,#11980,#11981,#11982,
#11983,#11984,#11985),.UNSPECIFIED.,.F.,.F.,(4,2,2,4),(0.592361562099045,
0.593498075928709,0.618488244076982,0.622286025850663),.UNSPECIFIED.);
#69=B_SPLINE_CURVE_WITH_KNOTS('',3,(#11990,#11991,#11992,#11993,#11994,
#11995,#11996,#11997),.UNSPECIFIED.,.F.,.F.,(4,2,2,4),(0.879036969947049,
0.88283475172073,0.907824919869003,0.908961433698667),.UNSPECIFIED.);
#70=B_SPLINE_CURVE_WITH_KNOTS('',3,(#12059,#12060,#12061,#12062,#12063,
#12064,#12065,#12066,#12067,#12068),.UNSPECIFIED.,.F.,.F.,(4,2,2,2,4),(0.402233686131972,
0.433507561492967,0.464781436853962,0.510937005410794,0.557092573967625),
 .UNSPECIFIED.);
#71=B_SPLINE_CURVE_WITH_KNOTS('',3,(#12079,#12080,#12081,#12082,#12083,
#12084,#12085,#12086,#12087,#12088),.UNSPECIFIED.,.F.,.F.,(4,2,2,2,4),(0.,
0.0461555685568314,0.0923111371136627,0.123585012474658,0.154858887835654),
 .UNSPECIFIED.);
#72=B_SPLINE_CURVE_WITH_KNOTS('',3,(#12123,#12124,#12125,#12126,#12127),
 .UNSPECIFIED.,.F.,.F.,(4,1,4),(0.,0.0673768851412639,0.0805318439477332),
 .UNSPECIFIED.);
#73=B_SPLINE_CURVE_WITH_KNOTS('',3,(#12171,#12172,#12173,#12174,#12175,
#12176,#12177,#12178,#12179,#12180,#12181,#12182,#12183,#12184),
 .UNSPECIFIED.,.F.,.F.,(4,2,2,2,2,2,4),(0.,0.023536358040915,0.04512489406269,
0.0683984906733276,0.0966670136619831,0.133421135155764,0.170150737455851),
 .UNSPECIFIED.);
#74=B_SPLINE_CURVE_WITH_KNOTS('',3,(#12185,#12186,#12187,#12188,#12189,
#12190,#12191),.UNSPECIFIED.,.F.,.F.,(4,1,1,1,4),(-0.146449987212292,-0.134753770282528,
-0.112294808568773,-0.0673768851412639,0.),.UNSPECIFIED.);
#75=B_SPLINE_CURVE_WITH_KNOTS('',3,(#12252,#12253,#12254,#12255,#12256,
#12257,#12258,#12259,#12260,#12261,#12262,#12263,#12264,#12265),
 .UNSPECIFIED.,.F.,.F.,(4,2,2,2,2,2,4),(0.,0.041416226695439,0.0874798974171208,
0.121334826341014,0.147225179253491,0.168841456306484,0.188879132567155),
 .UNSPECIFIED.);
#76=B_SPLINE_CURVE_WITH_KNOTS('',3,(#12266,#12267,#12268,#12269),
 .UNSPECIFIED.,.F.,.F.,(4,4),(0.243022691069791,0.32355606280735),
 .UNSPECIFIED.);
#77=B_SPLINE_CURVE_WITH_KNOTS('',3,(#12270,#12271,#12272,#12273,#12274,
#12275,#12276),.UNSPECIFIED.,.F.,.F.,(4,1,1,1,4),(-0.32355606280735,-0.233841165656639,
-0.200198079225122,-0.177769354937444,-0.177137578177419),.UNSPECIFIED.);
#78=B_SPLINE_CURVE_WITH_KNOTS('',3,(#12283,#12284,#12285,#12286),
 .UNSPECIFIED.,.F.,.F.,(4,4),(0.,0.0755748812064984),.UNSPECIFIED.);
#79=B_SPLINE_CURVE_WITH_KNOTS('',3,(#12289,#12290,#12291,#12292),
 .UNSPECIFIED.,.F.,.F.,(4,4),(0.505427133189973,0.581002014387107),
 .UNSPECIFIED.);
#80=B_SPLINE_CURVE_WITH_KNOTS('',3,(#12448,#12449,#12450,#12451,#12452,
#12453,#12454,#12455,#12456,#12457),.UNSPECIFIED.,.F.,.F.,(4,2,2,2,4),(0.402232773582332,
0.433506648943327,0.464780524304322,0.510936092861154,0.557091661417986),
 .UNSPECIFIED.);
#81=B_SPLINE_CURVE_WITH_KNOTS('',3,(#12507,#12508,#12509,#12510,#12511,
#12512,#12513,#12514),.UNSPECIFIED.,.F.,.F.,(4,1,1,2,4),(-0.0377693255893795,
-0.0302154604715036,-0.0226615953536277,0.,0.00028097314435569),
 .UNSPECIFIED.);
#82=B_SPLINE_CURVE_WITH_KNOTS('',3,(#12515,#12516,#12517,#12518,#12519,
#12520,#12521,#12522),.UNSPECIFIED.,.F.,.F.,(4,2,1,1,4),(-0.00028097314435569,
0.,0.0226615953536277,0.0302154604715036,0.0377693255893795),
 .UNSPECIFIED.);
#83=B_SPLINE_CURVE_WITH_KNOTS('',3,(#12561,#12562,#12563,#12564),
 .UNSPECIFIED.,.F.,.F.,(4,4),(1.15294791331182,1.15599093655581),
 .UNSPECIFIED.);
#84=B_SPLINE_CURVE_WITH_KNOTS('',3,(#12603,#12604,#12605,#12606,#12607,
#12608,#12609,#12610,#12611,#12612,#12613,#12614),.UNSPECIFIED.,.F.,.F.,
(4,2,2,2,2,4),(-0.000447213450566811,0.,0.0627318108065706,0.103777923928573,
0.14070881656881,0.17158927312249),.UNSPECIFIED.);
#85=B_SPLINE_CURVE_WITH_KNOTS('',3,(#12648,#12649,#12650,#12651,#12652,
#12653),.UNSPECIFIED.,.F.,.F.,(4,2,4),(0.490330418379186,0.525275682871366,
0.560220947363546),.UNSPECIFIED.);
#86=B_SPLINE_CURVE_WITH_KNOTS('',3,(#13131,#13132,#13133,#13134,#13135,
#13136,#13137,#13138,#13139,#13140),.UNSPECIFIED.,.F.,.F.,(4,2,2,2,4),(0.402232773582328,
0.433506648943322,0.464780524304317,0.510936092861149,0.55709166141798),
 .UNSPECIFIED.);
#87=B_SPLINE_CURVE_WITH_KNOTS('',3,(#13144,#13145,#13146,#13147,#13148,
#13149,#13150,#13151,#13152,#13153),.UNSPECIFIED.,.F.,.F.,(4,2,2,2,4),(0.,
0.0461555685568318,0.0923111371136636,0.123585012474658,0.154858887835653),
 .UNSPECIFIED.);
#88=B_SPLINE_CURVE_WITH_KNOTS('',3,(#13342,#13343,#13344,#13345,#13346,
#13347),.UNSPECIFIED.,.F.,.F.,(4,2,4),(0.490330418379188,0.525275682871362,
0.560220947363538),.UNSPECIFIED.);
#89=B_SPLINE_CURVE_WITH_KNOTS('',3,(#13448,#13449,#13450,#13451,#13452,
#13453,#13454,#13455),.UNSPECIFIED.,.F.,.F.,(4,2,2,4),(0.592361562099045,
0.593498075928709,0.618488244076982,0.622286025850663),.UNSPECIFIED.);
#90=B_SPLINE_CURVE_WITH_KNOTS('',3,(#13460,#13461,#13462,#13463,#13464,
#13465,#13466,#13467),.UNSPECIFIED.,.F.,.F.,(4,2,2,4),(0.879036969947049,
0.88283475172073,0.907824919869003,0.908961433698667),.UNSPECIFIED.);
#91=B_SPLINE_CURVE_WITH_KNOTS('',3,(#13529,#13530,#13531,#13532,#13533,
#13534,#13535,#13536,#13537,#13538),.UNSPECIFIED.,.F.,.F.,(4,2,2,2,4),(0.402233686131972,
0.433507561492967,0.464781436853962,0.510937005410794,0.557092573967625),
 .UNSPECIFIED.);
#92=B_SPLINE_CURVE_WITH_KNOTS('',3,(#13549,#13550,#13551,#13552,#13553,
#13554,#13555,#13556,#13557,#13558),.UNSPECIFIED.,.F.,.F.,(4,2,2,2,4),(0.,
0.0461555685568314,0.0923111371136627,0.123585012474658,0.154858887835654),
 .UNSPECIFIED.);
#93=B_SPLINE_CURVE_WITH_KNOTS('',3,(#13595,#13596,#13597,#13598,#13599),
 .UNSPECIFIED.,.F.,.F.,(4,1,4),(0.,0.0673768851412639,0.080531820660684),
 .UNSPECIFIED.);
#94=B_SPLINE_CURVE_WITH_KNOTS('',3,(#13643,#13644,#13645,#13646,#13647,
#13648,#13649,#13650,#13651,#13652,#13653,#13654,#13655,#13656),
 .UNSPECIFIED.,.F.,.F.,(4,2,2,2,2,2,4),(0.,0.023536358040915,0.04512489406269,
0.0683984906733276,0.0966670136619831,0.133421135155764,0.170150737455851),
 .UNSPECIFIED.);
#95=B_SPLINE_CURVE_WITH_KNOTS('',3,(#13657,#13658,#13659,#13660,#13661,
#13662,#13663),.UNSPECIFIED.,.F.,.F.,(4,1,1,1,4),(-0.14645000479264,-0.134753770282528,
-0.112294808568773,-0.0673768851412639,0.),.UNSPECIFIED.);
#96=B_SPLINE_CURVE_WITH_KNOTS('',3,(#13724,#13725,#13726,#13727,#13728,
#13729,#13730,#13731,#13732,#13733,#13734,#13735,#13736,#13737),
 .UNSPECIFIED.,.F.,.F.,(4,2,2,2,2,2,4),(0.,0.041416226695439,0.0874798974171208,
0.121334826341014,0.147225179253491,0.168841456306484,0.188879132567155),
 .UNSPECIFIED.);
#97=B_SPLINE_CURVE_WITH_KNOTS('',3,(#13738,#13739,#13740,#13741),
 .UNSPECIFIED.,.F.,.F.,(4,4),(0.243022664892837,0.32355606280735),
 .UNSPECIFIED.);
#98=B_SPLINE_CURVE_WITH_KNOTS('',3,(#13742,#13743,#13744,#13745,#13746,
#13747,#13748),.UNSPECIFIED.,.F.,.F.,(4,1,1,1,4),(-0.32355606280735,-0.233841165656639,
-0.200198079225122,-0.177769354937444,-0.177137541448503),.UNSPECIFIED.);
#99=B_SPLINE_CURVE_WITH_KNOTS('',3,(#13755,#13756,#13757,#13758),
 .UNSPECIFIED.,.F.,.F.,(4,4),(0.,0.0755748812064984),.UNSPECIFIED.);
#100=B_SPLINE_CURVE_WITH_KNOTS('',3,(#13761,#13762,#13763,#13764),
 .UNSPECIFIED.,.F.,.F.,(4,4),(0.505427133189973,0.581002014387107),
 .UNSPECIFIED.);
#101=B_SPLINE_CURVE_WITH_KNOTS('',3,(#13924,#13925,#13926,#13927,#13928,
#13929,#13930,#13931,#13932,#13933),.UNSPECIFIED.,.F.,.F.,(4,2,2,2,4),(0.402232773582332,
0.433506648943327,0.464780524304322,0.510936092861154,0.557091661417986),
 .UNSPECIFIED.);
#102=B_SPLINE_CURVE_WITH_KNOTS('',3,(#13983,#13984,#13985,#13986,#13987,
#13988,#13989,#13990),.UNSPECIFIED.,.F.,.F.,(4,1,1,2,4),(-0.0377693255893795,
-0.0302154604715036,-0.0226615953536277,0.,0.00028097314435569),
 .UNSPECIFIED.);
#103=B_SPLINE_CURVE_WITH_KNOTS('',3,(#13991,#13992,#13993,#13994,#13995,
#13996,#13997,#13998),.UNSPECIFIED.,.F.,.F.,(4,2,1,1,4),(-0.00028097314435569,
0.,0.0226615953536277,0.0302154604715036,0.0377693255893795),
 .UNSPECIFIED.);
#104=B_SPLINE_CURVE_WITH_KNOTS('',3,(#14037,#14038,#14039,#14040),
 .UNSPECIFIED.,.F.,.F.,(4,4),(1.15294791331182,1.15599093655581),
 .UNSPECIFIED.);
#105=B_SPLINE_CURVE_WITH_KNOTS('',3,(#14079,#14080,#14081,#14082,#14083,
#14084,#14085,#14086,#14087,#14088,#14089,#14090),.UNSPECIFIED.,.F.,.F.,
(4,2,2,2,2,4),(-0.000447213450566811,0.,0.0627318108065706,0.103777923928573,
0.14070881656881,0.17158927312249),.UNSPECIFIED.);
#106=B_SPLINE_CURVE_WITH_KNOTS('',3,(#14126,#14127,#14128,#14129,#14130,
#14131),.UNSPECIFIED.,.F.,.F.,(4,2,4),(0.490330418379186,0.525275682871366,
0.560220947363546),.UNSPECIFIED.);
#107=B_SPLINE_SURFACE_WITH_KNOTS('',3,3,((#11292,#11293,#11294,#11295,#11296,
#11297),(#11298,#11299,#11300,#11301,#11302,#11303),(#11304,#11305,#11306,
#11307,#11308,#11309),(#11310,#11311,#11312,#11313,#11314,#11315),(#11316,
#11317,#11318,#11319,#11320,#11321)),.UNSPECIFIED.,.F.,.F.,.F.,(4,1,4),
(4,1,1,4),(0.,0.571428571428571,1.),(-1.57079632679489,-0.897597901025649,
-0.448798950512824,0.),.UNSPECIFIED.);
#108=B_SPLINE_SURFACE_WITH_KNOTS('',3,3,((#11839,#11840,#11841,#11842,#11843,
#11844),(#11845,#11846,#11847,#11848,#11849,#11850),(#11851,#11852,#11853,
#11854,#11855,#11856),(#11857,#11858,#11859,#11860,#11861,#11862),(#11863,
#11864,#11865,#11866,#11867,#11868)),.UNSPECIFIED.,.F.,.F.,.F.,(4,1,4),
(4,1,1,4),(0.,0.571428571428571,1.),(-1.5707963267949,-0.897597901025655,
-0.448798950512828,5.55111512312578E-17),.UNSPECIFIED.);
#109=B_SPLINE_SURFACE_WITH_KNOTS('',3,3,((#11891,#11892,#11893,#11894,#11895,
#11896),(#11897,#11898,#11899,#11900,#11901,#11902),(#11903,#11904,#11905,
#11906,#11907,#11908),(#11909,#11910,#11911,#11912,#11913,#11914),(#11915,
#11916,#11917,#11918,#11919,#11920)),.UNSPECIFIED.,.F.,.F.,.F.,(4,1,4),
(4,1,1,4),(0.,0.571428571428571,1.),(-1.5707963267949,-0.897597901025655,
-0.448798950512828,4.85722573273511E-17),.UNSPECIFIED.);
#110=B_SPLINE_SURFACE_WITH_KNOTS('',3,3,((#11926,#11927,#11928,#11929,#11930,
#11931),(#11932,#11933,#11934,#11935,#11936,#11937),(#11938,#11939,#11940,
#11941,#11942,#11943),(#11944,#11945,#11946,#11947,#11948,#11949),(#11950,
#11951,#11952,#11953,#11954,#11955)),.UNSPECIFIED.,.F.,.F.,.F.,(4,1,4),
(4,1,1,4),(0.,0.571428571428571,1.),(-1.5707963267949,-0.897597901025655,
-0.448798950512828,4.85722573273563E-17),.UNSPECIFIED.);
#111=B_SPLINE_SURFACE_WITH_KNOTS('',3,3,((#12128,#12129,#12130,#12131,#12132,
#12133,#12134),(#12135,#12136,#12137,#12138,#12139,#12140,#12141),(#12142,
#12143,#12144,#12145,#12146,#12147,#12148),(#12149,#12150,#12151,#12152,
#12153,#12154,#12155),(#12156,#12157,#12158,#12159,#12160,#12161,#12162),
(#12163,#12164,#12165,#12166,#12167,#12168,#12169)),.UNSPECIFIED.,.F.,.F.,
 .F.,(4,1,1,4),(4,1,1,1,4),(0.,0.285714285714286,0.571428571428571,1.),
(0.,0.0673768851412639,0.112294808568773,0.134753770282528,0.157212731996283),
 .UNSPECIFIED.);
#112=B_SPLINE_SURFACE_WITH_KNOTS('',3,3,((#12208,#12209,#12210,#12211,#12212,
#12213,#12214),(#12215,#12216,#12217,#12218,#12219,#12220,#12221),(#12222,
#12223,#12224,#12225,#12226,#12227,#12228),(#12229,#12230,#12231,#12232,
#12233,#12234,#12235),(#12236,#12237,#12238,#12239,#12240,#12241,#12242),
(#12243,#12244,#12245,#12246,#12247,#12248,#12249)),.UNSPECIFIED.,.F.,.F.,
 .F.,(4,1,1,4),(4,1,1,1,4),(0.,0.285714285714286,0.571428571428571,1.),
(0.166554992793605,0.177769354937444,0.200198079225122,0.233841165656639,
0.32355606280735),.UNSPECIFIED.);
#113=B_SPLINE_SURFACE_WITH_KNOTS('',3,3,((#12467,#12468,#12469,#12470,#12471,
#12472,#12473,#12474),(#12475,#12476,#12477,#12478,#12479,#12480,#12481,
#12482),(#12483,#12484,#12485,#12486,#12487,#12488,#12489,#12490),(#12491,
#12492,#12493,#12494,#12495,#12496,#12497,#12498),(#12499,#12500,#12501,
#12502,#12503,#12504,#12505,#12506)),.UNSPECIFIED.,.F.,.F.,.F.,(4,1,4),
(4,2,1,1,4),(0.,0.571428571428571,1.),(-0.00028097314435569,0.,0.0226615953536277,
0.0302154604715036,0.0377693255893795),.UNSPECIFIED.);
#114=B_SPLINE_SURFACE_WITH_KNOTS('',3,3,((#12758,#12759,#12760,#12761,#12762,
#12763),(#12764,#12765,#12766,#12767,#12768,#12769),(#12770,#12771,#12772,
#12773,#12774,#12775),(#12776,#12777,#12778,#12779,#12780,#12781),(#12782,
#12783,#12784,#12785,#12786,#12787)),.UNSPECIFIED.,.F.,.F.,.F.,(4,1,4),
(4,1,1,4),(0.,0.571428571428571,1.),(-1.57079632679489,-0.897597901025649,
-0.448798950512824,0.),.UNSPECIFIED.);
#115=B_SPLINE_SURFACE_WITH_KNOTS('',3,3,((#13307,#13308,#13309,#13310,#13311,
#13312),(#13313,#13314,#13315,#13316,#13317,#13318),(#13319,#13320,#13321,
#13322,#13323,#13324),(#13325,#13326,#13327,#13328,#13329,#13330),(#13331,
#13332,#13333,#13334,#13335,#13336)),.UNSPECIFIED.,.F.,.F.,.F.,(4,1,4),
(4,1,1,4),(0.,0.571428571428571,1.),(-1.5707963267949,-0.897597901025655,
-0.448798950512828,5.55111512312578E-17),.UNSPECIFIED.);
#116=B_SPLINE_SURFACE_WITH_KNOTS('',3,3,((#13359,#13360,#13361,#13362,#13363,
#13364),(#13365,#13366,#13367,#13368,#13369,#13370),(#13371,#13372,#13373,
#13374,#13375,#13376),(#13377,#13378,#13379,#13380,#13381,#13382),(#13383,
#13384,#13385,#13386,#13387,#13388)),.UNSPECIFIED.,.F.,.F.,.F.,(4,1,4),
(4,1,1,4),(0.,0.571428571428571,1.),(-1.5707963267949,-0.897597901025655,
-0.448798950512828,4.85722573273511E-17),.UNSPECIFIED.);
#117=B_SPLINE_SURFACE_WITH_KNOTS('',3,3,((#13394,#13395,#13396,#13397,#13398,
#13399),(#13400,#13401,#13402,#13403,#13404,#13405),(#13406,#13407,#13408,
#13409,#13410,#13411),(#13412,#13413,#13414,#13415,#13416,#13417),(#13418,
#13419,#13420,#13421,#13422,#13423)),.UNSPECIFIED.,.F.,.F.,.F.,(4,1,4),
(4,1,1,4),(0.,0.571428571428571,1.),(-1.5707963267949,-0.897597901025655,
-0.448798950512828,4.85722573273563E-17),.UNSPECIFIED.);
#118=B_SPLINE_SURFACE_WITH_KNOTS('',3,3,((#13600,#13601,#13602,#13603,#13604,
#13605,#13606),(#13607,#13608,#13609,#13610,#13611,#13612,#13613),(#13614,
#13615,#13616,#13617,#13618,#13619,#13620),(#13621,#13622,#13623,#13624,
#13625,#13626,#13627),(#13628,#13629,#13630,#13631,#13632,#13633,#13634),
(#13635,#13636,#13637,#13638,#13639,#13640,#13641)),.UNSPECIFIED.,.F.,.F.,
 .F.,(4,1,1,4),(4,1,1,1,4),(0.,0.285714285714286,0.571428571428571,1.),
(0.,0.0673768851412639,0.112294808568773,0.134753770282528,0.157212731996283),
 .UNSPECIFIED.);
#119=B_SPLINE_SURFACE_WITH_KNOTS('',3,3,((#13680,#13681,#13682,#13683,#13684,
#13685,#13686),(#13687,#13688,#13689,#13690,#13691,#13692,#13693),(#13694,
#13695,#13696,#13697,#13698,#13699,#13700),(#13701,#13702,#13703,#13704,
#13705,#13706,#13707),(#13708,#13709,#13710,#13711,#13712,#13713,#13714),
(#13715,#13716,#13717,#13718,#13719,#13720,#13721)),.UNSPECIFIED.,.F.,.F.,
 .F.,(4,1,1,4),(4,1,1,1,4),(0.,0.285714285714286,0.571428571428571,1.),
(0.166554992793605,0.177769354937444,0.200198079225122,0.233841165656639,
0.32355606280735),.UNSPECIFIED.);
#120=B_SPLINE_SURFACE_WITH_KNOTS('',3,3,((#13943,#13944,#13945,#13946,#13947,
#13948,#13949,#13950),(#13951,#13952,#13953,#13954,#13955,#13956,#13957,
#13958),(#13959,#13960,#13961,#13962,#13963,#13964,#13965,#13966),(#13967,
#13968,#13969,#13970,#13971,#13972,#13973,#13974),(#13975,#13976,#13977,
#13978,#13979,#13980,#13981,#13982)),.UNSPECIFIED.,.F.,.F.,.F.,(4,1,4),
(4,2,1,1,4),(0.,0.571428571428571,1.),(-0.00028097314435569,0.,0.0226615953536277,
0.0302154604715036,0.0377693255893795),.UNSPECIFIED.);
#121=SPHERICAL_SURFACE('',#7694,1.);
#122=SPHERICAL_SURFACE('',#7722,1.);
#123=SPHERICAL_SURFACE('',#7727,1.);
#124=SPHERICAL_SURFACE('',#7732,1.);
#125=SPHERICAL_SURFACE('',#7734,1.);
#126=SPHERICAL_SURFACE('',#7760,1.);
#127=SPHERICAL_SURFACE('',#7765,1.);
#128=SPHERICAL_SURFACE('',#7768,1.);
#129=SPHERICAL_SURFACE('',#7781,1.);
#130=SPHERICAL_SURFACE('',#7783,1.);
#131=SPHERICAL_SURFACE('',#7795,1.);
#132=SPHERICAL_SURFACE('',#7803,1.);
#133=SPHERICAL_SURFACE('',#7829,1.);
#134=SPHERICAL_SURFACE('',#7834,1.);
#135=SPHERICAL_SURFACE('',#7838,1.00000000000001);
#136=SPHERICAL_SURFACE('',#7859,1.);
#137=SPHERICAL_SURFACE('',#7875,1.);
#138=SPHERICAL_SURFACE('',#7886,1.00000000000001);
#139=SPHERICAL_SURFACE('',#7919,1.);
#140=SPHERICAL_SURFACE('',#7936,1.);
#141=SPHERICAL_SURFACE('',#7944,0.799999999999983);
#142=SPHERICAL_SURFACE('',#7956,0.8);
#143=SPHERICAL_SURFACE('',#7960,0.8);
#144=SPHERICAL_SURFACE('',#7986,1.);
#145=SPHERICAL_SURFACE('',#7993,1.);
#146=SPHERICAL_SURFACE('',#8012,1.);
#147=SPHERICAL_SURFACE('',#8017,1.);
#148=SPHERICAL_SURFACE('',#8041,1.);
#149=SPHERICAL_SURFACE('',#8043,1.);
#150=SPHERICAL_SURFACE('',#8065,1.);
#151=SPHERICAL_SURFACE('',#8067,1.);
#152=SPHERICAL_SURFACE('',#8081,1.);
#153=SPHERICAL_SURFACE('',#8085,1.);
#154=SPHERICAL_SURFACE('',#8108,1.);
#155=SPHERICAL_SURFACE('',#8113,1.);
#156=SPHERICAL_SURFACE('',#8155,1.);
#157=SPHERICAL_SURFACE('',#8183,1.);
#158=SPHERICAL_SURFACE('',#8188,1.);
#159=SPHERICAL_SURFACE('',#8193,1.);
#160=SPHERICAL_SURFACE('',#8195,1.);
#161=SPHERICAL_SURFACE('',#8221,1.);
#162=SPHERICAL_SURFACE('',#8226,1.);
#163=SPHERICAL_SURFACE('',#8229,1.);
#164=SPHERICAL_SURFACE('',#8242,1.);
#165=SPHERICAL_SURFACE('',#8244,1.);
#166=SPHERICAL_SURFACE('',#8257,1.);
#167=SPHERICAL_SURFACE('',#8265,1.);
#168=SPHERICAL_SURFACE('',#8291,1.);
#169=SPHERICAL_SURFACE('',#8296,1.);
#170=SPHERICAL_SURFACE('',#8300,1.00000000000001);
#171=SPHERICAL_SURFACE('',#8321,1.);
#172=SPHERICAL_SURFACE('',#8337,1.);
#173=SPHERICAL_SURFACE('',#8348,1.00000000000001);
#174=SPHERICAL_SURFACE('',#8382,1.);
#175=SPHERICAL_SURFACE('',#8399,1.);
#176=SPHERICAL_SURFACE('',#8407,0.799999999999983);
#177=SPHERICAL_SURFACE('',#8419,0.8);
#178=SPHERICAL_SURFACE('',#8423,0.8);
#179=SPHERICAL_SURFACE('',#8450,1.);
#180=SPHERICAL_SURFACE('',#8457,1.);
#181=SPHERICAL_SURFACE('',#8476,1.);
#182=SPHERICAL_SURFACE('',#8481,1.);
#183=SPHERICAL_SURFACE('',#8507,1.);
#184=SPHERICAL_SURFACE('',#8509,1.);
#185=SPHERICAL_SURFACE('',#8531,1.);
#186=SPHERICAL_SURFACE('',#8533,1.);
#187=SPHERICAL_SURFACE('',#8547,1.);
#188=SPHERICAL_SURFACE('',#8551,1.);
#189=SPHERICAL_SURFACE('',#8575,1.);
#190=SPHERICAL_SURFACE('',#8580,1.);
#191=ELLIPSE('',#7688,1.41421356237309,1.);
#192=ELLIPSE('',#7691,1.41421356237308,1.);
#193=ELLIPSE('',#7693,1.41421356237308,1.);
#194=ELLIPSE('',#7699,1.01980390271856,0.999999999999996);
#195=ELLIPSE('',#7703,1.01980390271855,1.);
#196=ELLIPSE('',#7704,1.01980390271856,1.);
#197=ELLIPSE('',#7708,1.4142135623731,1.);
#198=ELLIPSE('',#7780,1.41421356237311,1.);
#199=ELLIPSE('',#7793,1.41421356237311,1.);
#200=ELLIPSE('',#7822,1.4142135623731,1.);
#201=ELLIPSE('',#7823,1.41421356237311,1.);
#202=ELLIPSE('',#7893,2.2360679774998,1.);
#203=ELLIPSE('',#7894,2.23606797749978,1.);
#204=ELLIPSE('',#7900,1.41421356237311,1.);
#205=ELLIPSE('',#7902,1.41421356237311,1.);
#206=ELLIPSE('',#7904,1.01980390271856,0.999999999999997);
#207=ELLIPSE('',#7905,1.01980390271857,0.999999999999997);
#208=ELLIPSE('',#7907,1.01980390271856,0.999999999999997);
#209=ELLIPSE('',#7943,1.13137084989848,0.8);
#210=ELLIPSE('',#7950,1.4142135623731,1.);
#211=ELLIPSE('',#7983,1.4142135623731,1.);
#212=ELLIPSE('',#8052,1.13137084989848,0.8);
#213=ELLIPSE('',#8077,1.41421356237309,1.);
#214=ELLIPSE('',#8100,1.4142135623731,1.);
#215=ELLIPSE('',#8102,1.41421356237309,1.);
#216=ELLIPSE('',#8118,1.4142135623731,1.);
#217=ELLIPSE('',#8149,1.41421356237309,1.);
#218=ELLIPSE('',#8152,1.41421356237308,1.);
#219=ELLIPSE('',#8154,1.41421356237308,1.);
#220=ELLIPSE('',#8160,1.01980390271856,0.999999999999996);
#221=ELLIPSE('',#8164,1.01980390271855,1.);
#222=ELLIPSE('',#8165,1.01980390271856,1.);
#223=ELLIPSE('',#8169,1.4142135623731,1.);
#224=ELLIPSE('',#8241,1.41421356237311,1.);
#225=ELLIPSE('',#8255,1.41421356237311,1.);
#226=ELLIPSE('',#8284,1.4142135623731,1.);
#227=ELLIPSE('',#8285,1.41421356237311,1.);
#228=ELLIPSE('',#8355,2.2360679774998,1.);
#229=ELLIPSE('',#8356,2.23606797749978,1.);
#230=ELLIPSE('',#8362,1.41421356237311,1.);
#231=ELLIPSE('',#8364,1.41421356237311,1.);
#232=ELLIPSE('',#8366,1.01980390271856,0.999999999999997);
#233=ELLIPSE('',#8367,1.01980390271857,0.999999999999997);
#234=ELLIPSE('',#8369,1.01980390271856,0.999999999999997);
#235=ELLIPSE('',#8406,1.13137084989848,0.8);
#236=ELLIPSE('',#8413,1.4142135623731,1.);
#237=ELLIPSE('',#8447,1.4142135623731,1.);
#238=ELLIPSE('',#8518,1.13137084989848,0.8);
#239=ELLIPSE('',#8543,1.41421356237309,1.);
#240=ELLIPSE('',#8567,1.4142135623731,1.);
#241=ELLIPSE('',#8569,1.41421356237309,1.);
#242=ELLIPSE('',#8585,1.4142135623731,1.);
#243=CYLINDRICAL_SURFACE('',#7682,2.1);
#244=CYLINDRICAL_SURFACE('',#7684,2.1);
#245=CYLINDRICAL_SURFACE('',#7686,1.);
#246=CYLINDRICAL_SURFACE('',#7689,1.);
#247=CYLINDRICAL_SURFACE('',#7692,1.);
#248=CYLINDRICAL_SURFACE('',#7698,1.);
#249=CYLINDRICAL_SURFACE('',#7705,1.);
#250=CYLINDRICAL_SURFACE('',#7707,1.);
#251=CYLINDRICAL_SURFACE('',#7709,1.);
#252=CYLINDRICAL_SURFACE('',#7712,0.8);
#253=CYLINDRICAL_SURFACE('',#7716,1.);
#254=CYLINDRICAL_SURFACE('',#7719,1.);
#255=CYLINDRICAL_SURFACE('',#7724,1.);
#256=CYLINDRICAL_SURFACE('',#7729,1.);
#257=CYLINDRICAL_SURFACE('',#7736,1.);
#258=CYLINDRICAL_SURFACE('',#7740,1.);
#259=CYLINDRICAL_SURFACE('',#7754,1.);
#260=CYLINDRICAL_SURFACE('',#7757,1.);
#261=CYLINDRICAL_SURFACE('',#7762,1.);
#262=CYLINDRICAL_SURFACE('',#7770,1.);
#263=CYLINDRICAL_SURFACE('',#7773,1.);
#264=CYLINDRICAL_SURFACE('',#7775,1.);
#265=CYLINDRICAL_SURFACE('',#7778,1.);
#266=CYLINDRICAL_SURFACE('',#7785,1.);
#267=CYLINDRICAL_SURFACE('',#7788,1.);
#268=CYLINDRICAL_SURFACE('',#7792,1.);
#269=CYLINDRICAL_SURFACE('',#7801,1.);
#270=CYLINDRICAL_SURFACE('',#7806,1.);
#271=CYLINDRICAL_SURFACE('',#7807,1.);
#272=CYLINDRICAL_SURFACE('',#7818,1.);
#273=CYLINDRICAL_SURFACE('',#7820,0.8);
#274=CYLINDRICAL_SURFACE('',#7821,1.);
#275=CYLINDRICAL_SURFACE('',#7825,1.);
#276=CYLINDRICAL_SURFACE('',#7827,1.);
#277=CYLINDRICAL_SURFACE('',#7831,1.);
#278=CYLINDRICAL_SURFACE('',#7837,1.);
#279=CYLINDRICAL_SURFACE('',#7840,1.);
#280=CYLINDRICAL_SURFACE('',#7845,1.);
#281=CYLINDRICAL_SURFACE('',#7850,1.);
#282=CYLINDRICAL_SURFACE('',#7854,1.);
#283=CYLINDRICAL_SURFACE('',#7856,1.);
#284=CYLINDRICAL_SURFACE('',#7861,1.);
#285=CYLINDRICAL_SURFACE('',#7866,1.);
#286=CYLINDRICAL_SURFACE('',#7871,1.);
#287=CYLINDRICAL_SURFACE('',#7878,1.20000000000003);
#288=CYLINDRICAL_SURFACE('',#7880,1.20000000000001);
#289=CYLINDRICAL_SURFACE('',#7881,1.);
#290=CYLINDRICAL_SURFACE('',#7884,1.);
#291=CYLINDRICAL_SURFACE('',#7890,1.);
#292=CYLINDRICAL_SURFACE('',#7891,1.);
#293=CYLINDRICAL_SURFACE('',#7895,1.);
#294=CYLINDRICAL_SURFACE('',#7897,1.);
#295=CYLINDRICAL_SURFACE('',#7899,1.);
#296=CYLINDRICAL_SURFACE('',#7901,1.);
#297=CYLINDRICAL_SURFACE('',#7908,1.);
#298=CYLINDRICAL_SURFACE('',#7909,1.);
#299=CYLINDRICAL_SURFACE('',#7910,0.8);
#300=CYLINDRICAL_SURFACE('',#7914,0.8);
#301=CYLINDRICAL_SURFACE('',#7917,1.);
#302=CYLINDRICAL_SURFACE('',#7925,1.);
#303=CYLINDRICAL_SURFACE('',#7926,1.);
#304=CYLINDRICAL_SURFACE('',#7931,1.);
#305=CYLINDRICAL_SURFACE('',#7933,1.);
#306=CYLINDRICAL_SURFACE('',#7942,0.8);
#307=CYLINDRICAL_SURFACE('',#7947,0.8);
#308=CYLINDRICAL_SURFACE('',#7948,0.8);
#309=CYLINDRICAL_SURFACE('',#7949,1.);
#310=CYLINDRICAL_SURFACE('',#7951,1.);
#311=CYLINDRICAL_SURFACE('',#7953,0.8);
#312=CYLINDRICAL_SURFACE('',#7958,0.8);
#313=CYLINDRICAL_SURFACE('',#7962,0.8);
#314=CYLINDRICAL_SURFACE('',#7967,0.8);
#315=CYLINDRICAL_SURFACE('',#7970,0.8);
#316=CYLINDRICAL_SURFACE('',#7974,1.);
#317=CYLINDRICAL_SURFACE('',#7978,1.);
#318=CYLINDRICAL_SURFACE('',#7980,1.);
#319=CYLINDRICAL_SURFACE('',#7982,1.);
#320=CYLINDRICAL_SURFACE('',#7984,1.);
#321=CYLINDRICAL_SURFACE('',#7991,1.);
#322=CYLINDRICAL_SURFACE('',#7996,1.);
#323=CYLINDRICAL_SURFACE('',#8000,1.);
#324=CYLINDRICAL_SURFACE('',#8005,1.);
#325=CYLINDRICAL_SURFACE('',#8010,1.);
#326=CYLINDRICAL_SURFACE('',#8015,1.);
#327=CYLINDRICAL_SURFACE('',#8020,1.);
#328=CYLINDRICAL_SURFACE('',#8023,1.);
#329=CYLINDRICAL_SURFACE('',#8029,1.);
#330=CYLINDRICAL_SURFACE('',#8034,1.);
#331=CYLINDRICAL_SURFACE('',#8037,1.);
#332=CYLINDRICAL_SURFACE('',#8039,1.);
#333=CYLINDRICAL_SURFACE('',#8045,1.);
#334=CYLINDRICAL_SURFACE('',#8048,1.);
#335=CYLINDRICAL_SURFACE('',#8051,0.8);
#336=CYLINDRICAL_SURFACE('',#8053,0.8);
#337=CYLINDRICAL_SURFACE('',#8055,1.);
#338=CYLINDRICAL_SURFACE('',#8060,1.);
#339=CYLINDRICAL_SURFACE('',#8062,1.);
#340=CYLINDRICAL_SURFACE('',#8070,1.);
#341=CYLINDRICAL_SURFACE('',#8074,1.);
#342=CYLINDRICAL_SURFACE('',#8075,1.);
#343=CYLINDRICAL_SURFACE('',#8078,1.);
#344=CYLINDRICAL_SURFACE('',#8079,1.);
#345=CYLINDRICAL_SURFACE('',#8083,1.);
#346=CYLINDRICAL_SURFACE('',#8091,1.);
#347=CYLINDRICAL_SURFACE('',#8099,1.);
#348=CYLINDRICAL_SURFACE('',#8101,1.);
#349=CYLINDRICAL_SURFACE('',#8104,1.);
#350=CYLINDRICAL_SURFACE('',#8112,1.);
#351=CYLINDRICAL_SURFACE('',#8117,1.);
#352=CYLINDRICAL_SURFACE('',#8119,1.);
#353=CYLINDRICAL_SURFACE('',#8120,1.);
#354=CYLINDRICAL_SURFACE('',#8121,1.);
#355=CYLINDRICAL_SURFACE('',#8122,1.);
#356=CYLINDRICAL_SURFACE('',#8125,2.05);
#357=CYLINDRICAL_SURFACE('',#8128,2.05);
#358=CYLINDRICAL_SURFACE('',#8131,1.99999999999999);
#359=CYLINDRICAL_SURFACE('',#8132,2.);
#360=CYLINDRICAL_SURFACE('',#8133,2.1);
#361=CYLINDRICAL_SURFACE('',#8134,2.1);
#362=CYLINDRICAL_SURFACE('',#8135,2.1);
#363=CYLINDRICAL_SURFACE('',#8136,2.1);
#364=CYLINDRICAL_SURFACE('',#8141,1.2);
#365=CYLINDRICAL_SURFACE('',#8143,1.3);
#366=CYLINDRICAL_SURFACE('',#8144,1.3);
#367=CYLINDRICAL_SURFACE('',#8145,1.2);
#368=CYLINDRICAL_SURFACE('',#8147,1.);
#369=CYLINDRICAL_SURFACE('',#8150,1.);
#370=CYLINDRICAL_SURFACE('',#8153,1.);
#371=CYLINDRICAL_SURFACE('',#8159,1.);
#372=CYLINDRICAL_SURFACE('',#8166,1.);
#373=CYLINDRICAL_SURFACE('',#8168,1.);
#374=CYLINDRICAL_SURFACE('',#8170,1.);
#375=CYLINDRICAL_SURFACE('',#8173,0.8);
#376=CYLINDRICAL_SURFACE('',#8177,1.);
#377=CYLINDRICAL_SURFACE('',#8180,1.);
#378=CYLINDRICAL_SURFACE('',#8185,1.);
#379=CYLINDRICAL_SURFACE('',#8190,1.);
#380=CYLINDRICAL_SURFACE('',#8197,1.);
#381=CYLINDRICAL_SURFACE('',#8201,1.);
#382=CYLINDRICAL_SURFACE('',#8215,1.);
#383=CYLINDRICAL_SURFACE('',#8218,1.);
#384=CYLINDRICAL_SURFACE('',#8223,1.);
#385=CYLINDRICAL_SURFACE('',#8231,1.);
#386=CYLINDRICAL_SURFACE('',#8234,1.);
#387=CYLINDRICAL_SURFACE('',#8236,1.);
#388=CYLINDRICAL_SURFACE('',#8239,1.);
#389=CYLINDRICAL_SURFACE('',#8246,1.);
#390=CYLINDRICAL_SURFACE('',#8249,1.);
#391=CYLINDRICAL_SURFACE('',#8254,1.);
#392=CYLINDRICAL_SURFACE('',#8263,1.);
#393=CYLINDRICAL_SURFACE('',#8268,1.);
#394=CYLINDRICAL_SURFACE('',#8269,1.);
#395=CYLINDRICAL_SURFACE('',#8280,1.);
#396=CYLINDRICAL_SURFACE('',#8282,0.8);
#397=CYLINDRICAL_SURFACE('',#8283,1.);
#398=CYLINDRICAL_SURFACE('',#8287,1.);
#399=CYLINDRICAL_SURFACE('',#8289,1.);
#400=CYLINDRICAL_SURFACE('',#8293,1.);
#401=CYLINDRICAL_SURFACE('',#8299,1.);
#402=CYLINDRICAL_SURFACE('',#8302,1.);
#403=CYLINDRICAL_SURFACE('',#8307,1.);
#404=CYLINDRICAL_SURFACE('',#8312,1.);
#405=CYLINDRICAL_SURFACE('',#8316,1.);
#406=CYLINDRICAL_SURFACE('',#8318,1.);
#407=CYLINDRICAL_SURFACE('',#8323,1.);
#408=CYLINDRICAL_SURFACE('',#8328,1.);
#409=CYLINDRICAL_SURFACE('',#8333,1.);
#410=CYLINDRICAL_SURFACE('',#8340,1.20000000000003);
#411=CYLINDRICAL_SURFACE('',#8342,1.20000000000001);
#412=CYLINDRICAL_SURFACE('',#8343,1.);
#413=CYLINDRICAL_SURFACE('',#8346,1.);
#414=CYLINDRICAL_SURFACE('',#8352,1.);
#415=CYLINDRICAL_SURFACE('',#8353,1.);
#416=CYLINDRICAL_SURFACE('',#8357,1.);
#417=CYLINDRICAL_SURFACE('',#8359,1.);
#418=CYLINDRICAL_SURFACE('',#8361,1.);
#419=CYLINDRICAL_SURFACE('',#8363,1.);
#420=CYLINDRICAL_SURFACE('',#8370,1.);
#421=CYLINDRICAL_SURFACE('',#8371,1.);
#422=CYLINDRICAL_SURFACE('',#8372,0.8);
#423=CYLINDRICAL_SURFACE('',#8377,0.8);
#424=CYLINDRICAL_SURFACE('',#8380,1.);
#425=CYLINDRICAL_SURFACE('',#8388,1.);
#426=CYLINDRICAL_SURFACE('',#8389,1.);
#427=CYLINDRICAL_SURFACE('',#8394,1.);
#428=CYLINDRICAL_SURFACE('',#8396,1.);
#429=CYLINDRICAL_SURFACE('',#8405,0.8);
#430=CYLINDRICAL_SURFACE('',#8410,0.8);
#431=CYLINDRICAL_SURFACE('',#8411,0.8);
#432=CYLINDRICAL_SURFACE('',#8412,1.);
#433=CYLINDRICAL_SURFACE('',#8414,1.);
#434=CYLINDRICAL_SURFACE('',#8416,0.8);
#435=CYLINDRICAL_SURFACE('',#8421,0.8);
#436=CYLINDRICAL_SURFACE('',#8425,0.8);
#437=CYLINDRICAL_SURFACE('',#8431,0.8);
#438=CYLINDRICAL_SURFACE('',#8434,0.8);
#439=CYLINDRICAL_SURFACE('',#8438,1.);
#440=CYLINDRICAL_SURFACE('',#8442,1.);
#441=CYLINDRICAL_SURFACE('',#8444,1.);
#442=CYLINDRICAL_SURFACE('',#8446,1.);
#443=CYLINDRICAL_SURFACE('',#8448,1.);
#444=CYLINDRICAL_SURFACE('',#8455,1.);
#445=CYLINDRICAL_SURFACE('',#8460,1.);
#446=CYLINDRICAL_SURFACE('',#8464,1.);
#447=CYLINDRICAL_SURFACE('',#8469,1.);
#448=CYLINDRICAL_SURFACE('',#8474,1.);
#449=CYLINDRICAL_SURFACE('',#8479,1.);
#450=CYLINDRICAL_SURFACE('',#8485,1.);
#451=CYLINDRICAL_SURFACE('',#8489,1.);
#452=CYLINDRICAL_SURFACE('',#8495,1.);
#453=CYLINDRICAL_SURFACE('',#8500,1.);
#454=CYLINDRICAL_SURFACE('',#8503,1.);
#455=CYLINDRICAL_SURFACE('',#8505,1.);
#456=CYLINDRICAL_SURFACE('',#8511,1.);
#457=CYLINDRICAL_SURFACE('',#8514,1.);
#458=CYLINDRICAL_SURFACE('',#8517,0.8);
#459=CYLINDRICAL_SURFACE('',#8519,0.8);
#460=CYLINDRICAL_SURFACE('',#8521,1.);
#461=CYLINDRICAL_SURFACE('',#8526,1.);
#462=CYLINDRICAL_SURFACE('',#8528,1.);
#463=CYLINDRICAL_SURFACE('',#8536,1.);
#464=CYLINDRICAL_SURFACE('',#8540,1.);
#465=CYLINDRICAL_SURFACE('',#8541,1.);
#466=CYLINDRICAL_SURFACE('',#8544,1.);
#467=CYLINDRICAL_SURFACE('',#8545,1.);
#468=CYLINDRICAL_SURFACE('',#8549,1.);
#469=CYLINDRICAL_SURFACE('',#8557,1.);
#470=CYLINDRICAL_SURFACE('',#8566,1.);
#471=CYLINDRICAL_SURFACE('',#8568,1.);
#472=CYLINDRICAL_SURFACE('',#8571,1.);
#473=CYLINDRICAL_SURFACE('',#8579,1.);
#474=CYLINDRICAL_SURFACE('',#8584,1.);
#475=CYLINDRICAL_SURFACE('',#8586,1.);
#476=CYLINDRICAL_SURFACE('',#8587,1.);
#477=CYLINDRICAL_SURFACE('',#8588,1.);
#478=CYLINDRICAL_SURFACE('',#8589,1.);
#479=CYLINDRICAL_SURFACE('',#8595,2.4);
#480=CYLINDRICAL_SURFACE('',#8596,2.05);
#481=CYLINDRICAL_SURFACE('',#8602,2.4);
#482=CYLINDRICAL_SURFACE('',#8603,2.05);
#483=CYLINDRICAL_SURFACE('',#8606,1.99999999999999);
#484=CYLINDRICAL_SURFACE('',#8607,2.);
#485=CYLINDRICAL_SURFACE('',#8611,2.4);
#486=CYLINDRICAL_SURFACE('',#8612,2.1);
#487=CYLINDRICAL_SURFACE('',#8616,2.4);
#488=CYLINDRICAL_SURFACE('',#8617,2.1);
#489=CYLINDRICAL_SURFACE('',#8621,2.4);
#490=CYLINDRICAL_SURFACE('',#8622,2.1);
#491=CYLINDRICAL_SURFACE('',#8626,2.4);
#492=CYLINDRICAL_SURFACE('',#8627,2.1);
#493=CYLINDRICAL_SURFACE('',#8632,1.2);
#494=CYLINDRICAL_SURFACE('',#8634,1.3);
#495=CYLINDRICAL_SURFACE('',#8635,1.3);
#496=CYLINDRICAL_SURFACE('',#8636,1.2);
#497=FACE_BOUND('',#1142,.T.);
#498=FACE_BOUND('',#1145,.T.);
#499=FACE_BOUND('',#1177,.T.);
#500=FACE_BOUND('',#1180,.T.);
#501=FACE_BOUND('',#1181,.T.);
#502=FACE_BOUND('',#1182,.T.);
#503=FACE_BOUND('',#1183,.T.);
#504=FACE_BOUND('',#1193,.T.);
#505=FACE_BOUND('',#1203,.T.);
#506=FACE_BOUND('',#1207,.T.);
#507=FACE_BOUND('',#1265,.T.);
#508=FACE_BOUND('',#1292,.T.);
#509=FACE_BOUND('',#1320,.T.);
#510=FACE_BOUND('',#1323,.T.);
#511=FACE_BOUND('',#1343,.T.);
#512=FACE_BOUND('',#1359,.T.);
#513=FACE_BOUND('',#1366,.T.);
#514=FACE_BOUND('',#1393,.T.);
#515=FACE_BOUND('',#1428,.T.);
#516=FACE_BOUND('',#1431,.T.);
#517=FACE_BOUND('',#1432,.T.);
#518=FACE_BOUND('',#1433,.T.);
#519=FACE_BOUND('',#1434,.T.);
#520=FACE_BOUND('',#1453,.T.);
#521=FACE_BOUND('',#1514,.T.);
#522=FACE_BOUND('',#1541,.T.);
#523=FACE_BOUND('',#1569,.T.);
#524=FACE_BOUND('',#1572,.T.);
#525=FACE_BOUND('',#1607,.T.);
#526=FACE_BOUND('',#1614,.T.);
#527=FACE_BOUND('',#1631,.T.);
#528=FACE_BOUND('',#1636,.T.);
#529=FACE_BOUND('',#1643,.T.);
#530=FACE_BOUND('',#1647,.T.);
#531=FACE_BOUND('',#1651,.T.);
#532=FACE_BOUND('',#1655,.T.);
#533=PLANE('',#7663);
#534=PLANE('',#7668);
#535=PLANE('',#7696);
#536=PLANE('',#7700);
#537=PLANE('',#7701);
#538=PLANE('',#7710);
#539=PLANE('',#7714);
#540=PLANE('',#7715);
#541=PLANE('',#7738);
#542=PLANE('',#7742);
#543=PLANE('',#7753);
#544=PLANE('',#7772);
#545=PLANE('',#7787);
#546=PLANE('',#7790);
#547=PLANE('',#7798);
#548=PLANE('',#7808);
#549=PLANE('',#7819);
#550=PLANE('',#7824);
#551=PLANE('',#7833);
#552=PLANE('',#7841);
#553=PLANE('',#7877);
#554=PLANE('',#7879);
#555=PLANE('',#7883);
#556=PLANE('',#7898);
#557=PLANE('',#7912);
#558=PLANE('',#7916);
#559=PLANE('',#7922);
#560=PLANE('',#7938);
#561=PLANE('',#7940);
#562=PLANE('',#7941);
#563=PLANE('',#7964);
#564=PLANE('',#7969);
#565=PLANE('',#7988);
#566=PLANE('',#8019);
#567=PLANE('',#8022);
#568=PLANE('',#8047);
#569=PLANE('',#8050);
#570=PLANE('',#8057);
#571=PLANE('',#8059);
#572=PLANE('',#8071);
#573=PLANE('',#8086);
#574=PLANE('',#8095);
#575=PLANE('',#8098);
#576=PLANE('',#8103);
#577=PLANE('',#8123);
#578=PLANE('',#8124);
#579=PLANE('',#8127);
#580=PLANE('',#8130);
#581=PLANE('',#8137);
#582=PLANE('',#8138);
#583=PLANE('',#8139);
#584=PLANE('',#8140);
#585=PLANE('',#8142);
#586=PLANE('',#8157);
#587=PLANE('',#8161);
#588=PLANE('',#8162);
#589=PLANE('',#8171);
#590=PLANE('',#8175);
#591=PLANE('',#8176);
#592=PLANE('',#8199);
#593=PLANE('',#8203);
#594=PLANE('',#8214);
#595=PLANE('',#8233);
#596=PLANE('',#8248);
#597=PLANE('',#8251);
#598=PLANE('',#8260);
#599=PLANE('',#8270);
#600=PLANE('',#8281);
#601=PLANE('',#8286);
#602=PLANE('',#8295);
#603=PLANE('',#8303);
#604=PLANE('',#8339);
#605=PLANE('',#8341);
#606=PLANE('',#8345);
#607=PLANE('',#8360);
#608=PLANE('',#8374);
#609=PLANE('',#8379);
#610=PLANE('',#8385);
#611=PLANE('',#8401);
#612=PLANE('',#8403);
#613=PLANE('',#8404);
#614=PLANE('',#8427);
#615=PLANE('',#8433);
#616=PLANE('',#8452);
#617=PLANE('',#8483);
#618=PLANE('',#8487);
#619=PLANE('',#8513);
#620=PLANE('',#8516);
#621=PLANE('',#8523);
#622=PLANE('',#8525);
#623=PLANE('',#8537);
#624=PLANE('',#8552);
#625=PLANE('',#8561);
#626=PLANE('',#8564);
#627=PLANE('',#8570);
#628=PLANE('',#8590);
#629=PLANE('',#8591);
#630=PLANE('',#8592);
#631=PLANE('',#8598);
#632=PLANE('',#8599);
#633=PLANE('',#8605);
#634=PLANE('',#8608);
#635=PLANE('',#8613);
#636=PLANE('',#8618);
#637=PLANE('',#8623);
#638=PLANE('',#8628);
#639=PLANE('',#8629);
#640=PLANE('',#8630);
#641=PLANE('',#8631);
#642=PLANE('',#8633);
#643=FACE_OUTER_BOUND('',#1137,.T.);
#644=FACE_OUTER_BOUND('',#1138,.T.);
#645=FACE_OUTER_BOUND('',#1139,.T.);
#646=FACE_OUTER_BOUND('',#1140,.T.);
#647=FACE_OUTER_BOUND('',#1141,.T.);
#648=FACE_OUTER_BOUND('',#1143,.T.);
#649=FACE_OUTER_BOUND('',#1144,.T.);
#650=FACE_OUTER_BOUND('',#1146,.T.);
#651=FACE_OUTER_BOUND('',#1147,.T.);
#652=FACE_OUTER_BOUND('',#1148,.T.);
#653=FACE_OUTER_BOUND('',#1149,.T.);
#654=FACE_OUTER_BOUND('',#1150,.T.);
#655=FACE_OUTER_BOUND('',#1151,.T.);
#656=FACE_OUTER_BOUND('',#1152,.T.);
#657=FACE_OUTER_BOUND('',#1153,.T.);
#658=FACE_OUTER_BOUND('',#1154,.T.);
#659=FACE_OUTER_BOUND('',#1155,.T.);
#660=FACE_OUTER_BOUND('',#1156,.T.);
#661=FACE_OUTER_BOUND('',#1157,.T.);
#662=FACE_OUTER_BOUND('',#1158,.T.);
#663=FACE_OUTER_BOUND('',#1159,.T.);
#664=FACE_OUTER_BOUND('',#1160,.T.);
#665=FACE_OUTER_BOUND('',#1161,.T.);
#666=FACE_OUTER_BOUND('',#1162,.T.);
#667=FACE_OUTER_BOUND('',#1163,.T.);
#668=FACE_OUTER_BOUND('',#1164,.T.);
#669=FACE_OUTER_BOUND('',#1165,.T.);
#670=FACE_OUTER_BOUND('',#1166,.T.);
#671=FACE_OUTER_BOUND('',#1167,.T.);
#672=FACE_OUTER_BOUND('',#1168,.T.);
#673=FACE_OUTER_BOUND('',#1169,.T.);
#674=FACE_OUTER_BOUND('',#1170,.T.);
#675=FACE_OUTER_BOUND('',#1171,.T.);
#676=FACE_OUTER_BOUND('',#1172,.T.);
#677=FACE_OUTER_BOUND('',#1173,.T.);
#678=FACE_OUTER_BOUND('',#1174,.T.);
#679=FACE_OUTER_BOUND('',#1175,.T.);
#680=FACE_OUTER_BOUND('',#1176,.T.);
#681=FACE_OUTER_BOUND('',#1178,.T.);
#682=FACE_OUTER_BOUND('',#1179,.T.);
#683=FACE_OUTER_BOUND('',#1184,.T.);
#684=FACE_OUTER_BOUND('',#1185,.T.);
#685=FACE_OUTER_BOUND('',#1186,.T.);
#686=FACE_OUTER_BOUND('',#1187,.T.);
#687=FACE_OUTER_BOUND('',#1188,.T.);
#688=FACE_OUTER_BOUND('',#1189,.T.);
#689=FACE_OUTER_BOUND('',#1190,.T.);
#690=FACE_OUTER_BOUND('',#1191,.T.);
#691=FACE_OUTER_BOUND('',#1192,.T.);
#692=FACE_OUTER_BOUND('',#1194,.T.);
#693=FACE_OUTER_BOUND('',#1195,.T.);
#694=FACE_OUTER_BOUND('',#1196,.T.);
#695=FACE_OUTER_BOUND('',#1197,.T.);
#696=FACE_OUTER_BOUND('',#1198,.T.);
#697=FACE_OUTER_BOUND('',#1199,.T.);
#698=FACE_OUTER_BOUND('',#1200,.T.);
#699=FACE_OUTER_BOUND('',#1201,.T.);
#700=FACE_OUTER_BOUND('',#1202,.T.);
#701=FACE_OUTER_BOUND('',#1204,.T.);
#702=FACE_OUTER_BOUND('',#1205,.T.);
#703=FACE_OUTER_BOUND('',#1206,.T.);
#704=FACE_OUTER_BOUND('',#1208,.T.);
#705=FACE_OUTER_BOUND('',#1209,.T.);
#706=FACE_OUTER_BOUND('',#1210,.T.);
#707=FACE_OUTER_BOUND('',#1211,.T.);
#708=FACE_OUTER_BOUND('',#1212,.T.);
#709=FACE_OUTER_BOUND('',#1213,.T.);
#710=FACE_OUTER_BOUND('',#1214,.T.);
#711=FACE_OUTER_BOUND('',#1215,.T.);
#712=FACE_OUTER_BOUND('',#1216,.T.);
#713=FACE_OUTER_BOUND('',#1217,.T.);
#714=FACE_OUTER_BOUND('',#1218,.T.);
#715=FACE_OUTER_BOUND('',#1219,.T.);
#716=FACE_OUTER_BOUND('',#1220,.T.);
#717=FACE_OUTER_BOUND('',#1221,.T.);
#718=FACE_OUTER_BOUND('',#1222,.T.);
#719=FACE_OUTER_BOUND('',#1223,.T.);
#720=FACE_OUTER_BOUND('',#1224,.T.);
#721=FACE_OUTER_BOUND('',#1225,.T.);
#722=FACE_OUTER_BOUND('',#1226,.T.);
#723=FACE_OUTER_BOUND('',#1227,.T.);
#724=FACE_OUTER_BOUND('',#1228,.T.);
#725=FACE_OUTER_BOUND('',#1229,.T.);
#726=FACE_OUTER_BOUND('',#1230,.T.);
#727=FACE_OUTER_BOUND('',#1231,.T.);
#728=FACE_OUTER_BOUND('',#1232,.T.);
#729=FACE_OUTER_BOUND('',#1233,.T.);
#730=FACE_OUTER_BOUND('',#1234,.T.);
#731=FACE_OUTER_BOUND('',#1235,.T.);
#732=FACE_OUTER_BOUND('',#1236,.T.);
#733=FACE_OUTER_BOUND('',#1237,.T.);
#734=FACE_OUTER_BOUND('',#1238,.T.);
#735=FACE_OUTER_BOUND('',#1239,.T.);
#736=FACE_OUTER_BOUND('',#1240,.T.);
#737=FACE_OUTER_BOUND('',#1241,.T.);
#738=FACE_OUTER_BOUND('',#1242,.T.);
#739=FACE_OUTER_BOUND('',#1243,.T.);
#740=FACE_OUTER_BOUND('',#1244,.T.);
#741=FACE_OUTER_BOUND('',#1245,.T.);
#742=FACE_OUTER_BOUND('',#1246,.T.);
#743=FACE_OUTER_BOUND('',#1247,.T.);
#744=FACE_OUTER_BOUND('',#1248,.T.);
#745=FACE_OUTER_BOUND('',#1249,.T.);
#746=FACE_OUTER_BOUND('',#1250,.T.);
#747=FACE_OUTER_BOUND('',#1251,.T.);
#748=FACE_OUTER_BOUND('',#1252,.T.);
#749=FACE_OUTER_BOUND('',#1253,.T.);
#750=FACE_OUTER_BOUND('',#1254,.T.);
#751=FACE_OUTER_BOUND('',#1255,.T.);
#752=FACE_OUTER_BOUND('',#1256,.T.);
#753=FACE_OUTER_BOUND('',#1257,.T.);
#754=FACE_OUTER_BOUND('',#1258,.T.);
#755=FACE_OUTER_BOUND('',#1259,.T.);
#756=FACE_OUTER_BOUND('',#1260,.T.);
#757=FACE_OUTER_BOUND('',#1261,.T.);
#758=FACE_OUTER_BOUND('',#1262,.T.);
#759=FACE_OUTER_BOUND('',#1263,.T.);
#760=FACE_OUTER_BOUND('',#1264,.T.);
#761=FACE_OUTER_BOUND('',#1266,.T.);
#762=FACE_OUTER_BOUND('',#1267,.T.);
#763=FACE_OUTER_BOUND('',#1268,.T.);
#764=FACE_OUTER_BOUND('',#1269,.T.);
#765=FACE_OUTER_BOUND('',#1270,.T.);
#766=FACE_OUTER_BOUND('',#1271,.T.);
#767=FACE_OUTER_BOUND('',#1272,.T.);
#768=FACE_OUTER_BOUND('',#1273,.T.);
#769=FACE_OUTER_BOUND('',#1274,.T.);
#770=FACE_OUTER_BOUND('',#1275,.T.);
#771=FACE_OUTER_BOUND('',#1276,.T.);
#772=FACE_OUTER_BOUND('',#1277,.T.);
#773=FACE_OUTER_BOUND('',#1278,.T.);
#774=FACE_OUTER_BOUND('',#1279,.T.);
#775=FACE_OUTER_BOUND('',#1280,.T.);
#776=FACE_OUTER_BOUND('',#1281,.T.);
#777=FACE_OUTER_BOUND('',#1282,.T.);
#778=FACE_OUTER_BOUND('',#1283,.T.);
#779=FACE_OUTER_BOUND('',#1284,.T.);
#780=FACE_OUTER_BOUND('',#1285,.T.);
#781=FACE_OUTER_BOUND('',#1286,.T.);
#782=FACE_OUTER_BOUND('',#1287,.T.);
#783=FACE_OUTER_BOUND('',#1288,.T.);
#784=FACE_OUTER_BOUND('',#1289,.T.);
#785=FACE_OUTER_BOUND('',#1290,.T.);
#786=FACE_OUTER_BOUND('',#1291,.T.);
#787=FACE_OUTER_BOUND('',#1293,.T.);
#788=FACE_OUTER_BOUND('',#1294,.T.);
#789=FACE_OUTER_BOUND('',#1295,.T.);
#790=FACE_OUTER_BOUND('',#1296,.T.);
#791=FACE_OUTER_BOUND('',#1297,.T.);
#792=FACE_OUTER_BOUND('',#1298,.T.);
#793=FACE_OUTER_BOUND('',#1299,.T.);
#794=FACE_OUTER_BOUND('',#1300,.T.);
#795=FACE_OUTER_BOUND('',#1301,.T.);
#796=FACE_OUTER_BOUND('',#1302,.T.);
#797=FACE_OUTER_BOUND('',#1303,.T.);
#798=FACE_OUTER_BOUND('',#1304,.T.);
#799=FACE_OUTER_BOUND('',#1305,.T.);
#800=FACE_OUTER_BOUND('',#1306,.T.);
#801=FACE_OUTER_BOUND('',#1307,.T.);
#802=FACE_OUTER_BOUND('',#1308,.T.);
#803=FACE_OUTER_BOUND('',#1309,.T.);
#804=FACE_OUTER_BOUND('',#1310,.T.);
#805=FACE_OUTER_BOUND('',#1311,.T.);
#806=FACE_OUTER_BOUND('',#1312,.T.);
#807=FACE_OUTER_BOUND('',#1313,.T.);
#808=FACE_OUTER_BOUND('',#1314,.T.);
#809=FACE_OUTER_BOUND('',#1315,.T.);
#810=FACE_OUTER_BOUND('',#1316,.T.);
#811=FACE_OUTER_BOUND('',#1317,.T.);
#812=FACE_OUTER_BOUND('',#1318,.T.);
#813=FACE_OUTER_BOUND('',#1319,.T.);
#814=FACE_OUTER_BOUND('',#1321,.T.);
#815=FACE_OUTER_BOUND('',#1322,.T.);
#816=FACE_OUTER_BOUND('',#1324,.T.);
#817=FACE_OUTER_BOUND('',#1325,.T.);
#818=FACE_OUTER_BOUND('',#1326,.T.);
#819=FACE_OUTER_BOUND('',#1327,.T.);
#820=FACE_OUTER_BOUND('',#1328,.T.);
#821=FACE_OUTER_BOUND('',#1329,.T.);
#822=FACE_OUTER_BOUND('',#1330,.T.);
#823=FACE_OUTER_BOUND('',#1331,.T.);
#824=FACE_OUTER_BOUND('',#1332,.T.);
#825=FACE_OUTER_BOUND('',#1333,.T.);
#826=FACE_OUTER_BOUND('',#1334,.T.);
#827=FACE_OUTER_BOUND('',#1335,.T.);
#828=FACE_OUTER_BOUND('',#1336,.T.);
#829=FACE_OUTER_BOUND('',#1337,.T.);
#830=FACE_OUTER_BOUND('',#1338,.T.);
#831=FACE_OUTER_BOUND('',#1339,.T.);
#832=FACE_OUTER_BOUND('',#1340,.T.);
#833=FACE_OUTER_BOUND('',#1341,.T.);
#834=FACE_OUTER_BOUND('',#1342,.T.);
#835=FACE_OUTER_BOUND('',#1344,.T.);
#836=FACE_OUTER_BOUND('',#1345,.T.);
#837=FACE_OUTER_BOUND('',#1346,.T.);
#838=FACE_OUTER_BOUND('',#1347,.T.);
#839=FACE_OUTER_BOUND('',#1348,.T.);
#840=FACE_OUTER_BOUND('',#1349,.T.);
#841=FACE_OUTER_BOUND('',#1350,.T.);
#842=FACE_OUTER_BOUND('',#1351,.T.);
#843=FACE_OUTER_BOUND('',#1352,.T.);
#844=FACE_OUTER_BOUND('',#1353,.T.);
#845=FACE_OUTER_BOUND('',#1354,.T.);
#846=FACE_OUTER_BOUND('',#1355,.T.);
#847=FACE_OUTER_BOUND('',#1356,.T.);
#848=FACE_OUTER_BOUND('',#1357,.T.);
#849=FACE_OUTER_BOUND('',#1358,.T.);
#850=FACE_OUTER_BOUND('',#1360,.T.);
#851=FACE_OUTER_BOUND('',#1361,.T.);
#852=FACE_OUTER_BOUND('',#1362,.T.);
#853=FACE_OUTER_BOUND('',#1363,.T.);
#854=FACE_OUTER_BOUND('',#1364,.T.);
#855=FACE_OUTER_BOUND('',#1365,.T.);
#856=FACE_OUTER_BOUND('',#1367,.T.);
#857=FACE_OUTER_BOUND('',#1368,.T.);
#858=FACE_OUTER_BOUND('',#1369,.T.);
#859=FACE_OUTER_BOUND('',#1370,.T.);
#860=FACE_OUTER_BOUND('',#1371,.T.);
#861=FACE_OUTER_BOUND('',#1372,.T.);
#862=FACE_OUTER_BOUND('',#1373,.T.);
#863=FACE_OUTER_BOUND('',#1374,.T.);
#864=FACE_OUTER_BOUND('',#1375,.T.);
#865=FACE_OUTER_BOUND('',#1376,.T.);
#866=FACE_OUTER_BOUND('',#1377,.T.);
#867=FACE_OUTER_BOUND('',#1378,.T.);
#868=FACE_OUTER_BOUND('',#1379,.T.);
#869=FACE_OUTER_BOUND('',#1380,.T.);
#870=FACE_OUTER_BOUND('',#1381,.T.);
#871=FACE_OUTER_BOUND('',#1382,.T.);
#872=FACE_OUTER_BOUND('',#1383,.T.);
#873=FACE_OUTER_BOUND('',#1384,.T.);
#874=FACE_OUTER_BOUND('',#1385,.T.);
#875=FACE_OUTER_BOUND('',#1386,.T.);
#876=FACE_OUTER_BOUND('',#1387,.T.);
#877=FACE_OUTER_BOUND('',#1388,.T.);
#878=FACE_OUTER_BOUND('',#1389,.T.);
#879=FACE_OUTER_BOUND('',#1390,.T.);
#880=FACE_OUTER_BOUND('',#1391,.T.);
#881=FACE_OUTER_BOUND('',#1392,.T.);
#882=FACE_OUTER_BOUND('',#1394,.T.);
#883=FACE_OUTER_BOUND('',#1395,.T.);
#884=FACE_OUTER_BOUND('',#1396,.T.);
#885=FACE_OUTER_BOUND('',#1397,.T.);
#886=FACE_OUTER_BOUND('',#1398,.T.);
#887=FACE_OUTER_BOUND('',#1399,.T.);
#888=FACE_OUTER_BOUND('',#1400,.T.);
#889=FACE_OUTER_BOUND('',#1401,.T.);
#890=FACE_OUTER_BOUND('',#1402,.T.);
#891=FACE_OUTER_BOUND('',#1403,.T.);
#892=FACE_OUTER_BOUND('',#1404,.T.);
#893=FACE_OUTER_BOUND('',#1405,.T.);
#894=FACE_OUTER_BOUND('',#1406,.T.);
#895=FACE_OUTER_BOUND('',#1407,.T.);
#896=FACE_OUTER_BOUND('',#1408,.T.);
#897=FACE_OUTER_BOUND('',#1409,.T.);
#898=FACE_OUTER_BOUND('',#1410,.T.);
#899=FACE_OUTER_BOUND('',#1411,.T.);
#900=FACE_OUTER_BOUND('',#1412,.T.);
#901=FACE_OUTER_BOUND('',#1413,.T.);
#902=FACE_OUTER_BOUND('',#1414,.T.);
#903=FACE_OUTER_BOUND('',#1415,.T.);
#904=FACE_OUTER_BOUND('',#1416,.T.);
#905=FACE_OUTER_BOUND('',#1417,.T.);
#906=FACE_OUTER_BOUND('',#1418,.T.);
#907=FACE_OUTER_BOUND('',#1419,.T.);
#908=FACE_OUTER_BOUND('',#1420,.T.);
#909=FACE_OUTER_BOUND('',#1421,.T.);
#910=FACE_OUTER_BOUND('',#1422,.T.);
#911=FACE_OUTER_BOUND('',#1423,.T.);
#912=FACE_OUTER_BOUND('',#1424,.T.);
#913=FACE_OUTER_BOUND('',#1425,.T.);
#914=FACE_OUTER_BOUND('',#1426,.T.);
#915=FACE_OUTER_BOUND('',#1427,.T.);
#916=FACE_OUTER_BOUND('',#1429,.T.);
#917=FACE_OUTER_BOUND('',#1430,.T.);
#918=FACE_OUTER_BOUND('',#1435,.T.);
#919=FACE_OUTER_BOUND('',#1436,.T.);
#920=FACE_OUTER_BOUND('',#1437,.T.);
#921=FACE_OUTER_BOUND('',#1438,.T.);
#922=FACE_OUTER_BOUND('',#1439,.T.);
#923=FACE_OUTER_BOUND('',#1440,.T.);
#924=FACE_OUTER_BOUND('',#1441,.T.);
#925=FACE_OUTER_BOUND('',#1442,.T.);
#926=FACE_OUTER_BOUND('',#1443,.T.);
#927=FACE_OUTER_BOUND('',#1444,.T.);
#928=FACE_OUTER_BOUND('',#1445,.T.);
#929=FACE_OUTER_BOUND('',#1446,.T.);
#930=FACE_OUTER_BOUND('',#1447,.T.);
#931=FACE_OUTER_BOUND('',#1448,.T.);
#932=FACE_OUTER_BOUND('',#1449,.T.);
#933=FACE_OUTER_BOUND('',#1450,.T.);
#934=FACE_OUTER_BOUND('',#1451,.T.);
#935=FACE_OUTER_BOUND('',#1452,.T.);
#936=FACE_OUTER_BOUND('',#1454,.T.);
#937=FACE_OUTER_BOUND('',#1455,.T.);
#938=FACE_OUTER_BOUND('',#1456,.T.);
#939=FACE_OUTER_BOUND('',#1457,.T.);
#940=FACE_OUTER_BOUND('',#1458,.T.);
#941=FACE_OUTER_BOUND('',#1459,.T.);
#942=FACE_OUTER_BOUND('',#1460,.T.);
#943=FACE_OUTER_BOUND('',#1461,.T.);
#944=FACE_OUTER_BOUND('',#1462,.T.);
#945=FACE_OUTER_BOUND('',#1463,.T.);
#946=FACE_OUTER_BOUND('',#1464,.T.);
#947=FACE_OUTER_BOUND('',#1465,.T.);
#948=FACE_OUTER_BOUND('',#1466,.T.);
#949=FACE_OUTER_BOUND('',#1467,.T.);
#950=FACE_OUTER_BOUND('',#1468,.T.);
#951=FACE_OUTER_BOUND('',#1469,.T.);
#952=FACE_OUTER_BOUND('',#1470,.T.);
#953=FACE_OUTER_BOUND('',#1471,.T.);
#954=FACE_OUTER_BOUND('',#1472,.T.);
#955=FACE_OUTER_BOUND('',#1473,.T.);
#956=FACE_OUTER_BOUND('',#1474,.T.);
#957=FACE_OUTER_BOUND('',#1475,.T.);
#958=FACE_OUTER_BOUND('',#1476,.T.);
#959=FACE_OUTER_BOUND('',#1477,.T.);
#960=FACE_OUTER_BOUND('',#1478,.T.);
#961=FACE_OUTER_BOUND('',#1479,.T.);
#962=FACE_OUTER_BOUND('',#1480,.T.);
#963=FACE_OUTER_BOUND('',#1481,.T.);
#964=FACE_OUTER_BOUND('',#1482,.T.);
#965=FACE_OUTER_BOUND('',#1483,.T.);
#966=FACE_OUTER_BOUND('',#1484,.T.);
#967=FACE_OUTER_BOUND('',#1485,.T.);
#968=FACE_OUTER_BOUND('',#1486,.T.);
#969=FACE_OUTER_BOUND('',#1487,.T.);
#970=FACE_OUTER_BOUND('',#1488,.T.);
#971=FACE_OUTER_BOUND('',#1489,.T.);
#972=FACE_OUTER_BOUND('',#1490,.T.);
#973=FACE_OUTER_BOUND('',#1491,.T.);
#974=FACE_OUTER_BOUND('',#1492,.T.);
#975=FACE_OUTER_BOUND('',#1493,.T.);
#976=FACE_OUTER_BOUND('',#1494,.T.);
#977=FACE_OUTER_BOUND('',#1495,.T.);
#978=FACE_OUTER_BOUND('',#1496,.T.);
#979=FACE_OUTER_BOUND('',#1497,.T.);
#980=FACE_OUTER_BOUND('',#1498,.T.);
#981=FACE_OUTER_BOUND('',#1499,.T.);
#982=FACE_OUTER_BOUND('',#1500,.T.);
#983=FACE_OUTER_BOUND('',#1501,.T.);
#984=FACE_OUTER_BOUND('',#1502,.T.);
#985=FACE_OUTER_BOUND('',#1503,.T.);
#986=FACE_OUTER_BOUND('',#1504,.T.);
#987=FACE_OUTER_BOUND('',#1505,.T.);
#988=FACE_OUTER_BOUND('',#1506,.T.);
#989=FACE_OUTER_BOUND('',#1507,.T.);
#990=FACE_OUTER_BOUND('',#1508,.T.);
#991=FACE_OUTER_BOUND('',#1509,.T.);
#992=FACE_OUTER_BOUND('',#1510,.T.);
#993=FACE_OUTER_BOUND('',#1511,.T.);
#994=FACE_OUTER_BOUND('',#1512,.T.);
#995=FACE_OUTER_BOUND('',#1513,.T.);
#996=FACE_OUTER_BOUND('',#1515,.T.);
#997=FACE_OUTER_BOUND('',#1516,.T.);
#998=FACE_OUTER_BOUND('',#1517,.T.);
#999=FACE_OUTER_BOUND('',#1518,.T.);
#1000=FACE_OUTER_BOUND('',#1519,.T.);
#1001=FACE_OUTER_BOUND('',#1520,.T.);
#1002=FACE_OUTER_BOUND('',#1521,.T.);
#1003=FACE_OUTER_BOUND('',#1522,.T.);
#1004=FACE_OUTER_BOUND('',#1523,.T.);
#1005=FACE_OUTER_BOUND('',#1524,.T.);
#1006=FACE_OUTER_BOUND('',#1525,.T.);
#1007=FACE_OUTER_BOUND('',#1526,.T.);
#1008=FACE_OUTER_BOUND('',#1527,.T.);
#1009=FACE_OUTER_BOUND('',#1528,.T.);
#1010=FACE_OUTER_BOUND('',#1529,.T.);
#1011=FACE_OUTER_BOUND('',#1530,.T.);
#1012=FACE_OUTER_BOUND('',#1531,.T.);
#1013=FACE_OUTER_BOUND('',#1532,.T.);
#1014=FACE_OUTER_BOUND('',#1533,.T.);
#1015=FACE_OUTER_BOUND('',#1534,.T.);
#1016=FACE_OUTER_BOUND('',#1535,.T.);
#1017=FACE_OUTER_BOUND('',#1536,.T.);
#1018=FACE_OUTER_BOUND('',#1537,.T.);
#1019=FACE_OUTER_BOUND('',#1538,.T.);
#1020=FACE_OUTER_BOUND('',#1539,.T.);
#1021=FACE_OUTER_BOUND('',#1540,.T.);
#1022=FACE_OUTER_BOUND('',#1542,.T.);
#1023=FACE_OUTER_BOUND('',#1543,.T.);
#1024=FACE_OUTER_BOUND('',#1544,.T.);
#1025=FACE_OUTER_BOUND('',#1545,.T.);
#1026=FACE_OUTER_BOUND('',#1546,.T.);
#1027=FACE_OUTER_BOUND('',#1547,.T.);
#1028=FACE_OUTER_BOUND('',#1548,.T.);
#1029=FACE_OUTER_BOUND('',#1549,.T.);
#1030=FACE_OUTER_BOUND('',#1550,.T.);
#1031=FACE_OUTER_BOUND('',#1551,.T.);
#1032=FACE_OUTER_BOUND('',#1552,.T.);
#1033=FACE_OUTER_BOUND('',#1553,.T.);
#1034=FACE_OUTER_BOUND('',#1554,.T.);
#1035=FACE_OUTER_BOUND('',#1555,.T.);
#1036=FACE_OUTER_BOUND('',#1556,.T.);
#1037=FACE_OUTER_BOUND('',#1557,.T.);
#1038=FACE_OUTER_BOUND('',#1558,.T.);
#1039=FACE_OUTER_BOUND('',#1559,.T.);
#1040=FACE_OUTER_BOUND('',#1560,.T.);
#1041=FACE_OUTER_BOUND('',#1561,.T.);
#1042=FACE_OUTER_BOUND('',#1562,.T.);
#1043=FACE_OUTER_BOUND('',#1563,.T.);
#1044=FACE_OUTER_BOUND('',#1564,.T.);
#1045=FACE_OUTER_BOUND('',#1565,.T.);
#1046=FACE_OUTER_BOUND('',#1566,.T.);
#1047=FACE_OUTER_BOUND('',#1567,.T.);
#1048=FACE_OUTER_BOUND('',#1568,.T.);
#1049=FACE_OUTER_BOUND('',#1570,.T.);
#1050=FACE_OUTER_BOUND('',#1571,.T.);
#1051=FACE_OUTER_BOUND('',#1573,.T.);
#1052=FACE_OUTER_BOUND('',#1574,.T.);
#1053=FACE_OUTER_BOUND('',#1575,.T.);
#1054=FACE_OUTER_BOUND('',#1576,.T.);
#1055=FACE_OUTER_BOUND('',#1577,.T.);
#1056=FACE_OUTER_BOUND('',#1578,.T.);
#1057=FACE_OUTER_BOUND('',#1579,.T.);
#1058=FACE_OUTER_BOUND('',#1580,.T.);
#1059=FACE_OUTER_BOUND('',#1581,.T.);
#1060=FACE_OUTER_BOUND('',#1582,.T.);
#1061=FACE_OUTER_BOUND('',#1583,.T.);
#1062=FACE_OUTER_BOUND('',#1584,.T.);
#1063=FACE_OUTER_BOUND('',#1585,.T.);
#1064=FACE_OUTER_BOUND('',#1586,.T.);
#1065=FACE_OUTER_BOUND('',#1587,.T.);
#1066=FACE_OUTER_BOUND('',#1588,.T.);
#1067=FACE_OUTER_BOUND('',#1589,.T.);
#1068=FACE_OUTER_BOUND('',#1590,.T.);
#1069=FACE_OUTER_BOUND('',#1591,.T.);
#1070=FACE_OUTER_BOUND('',#1592,.T.);
#1071=FACE_OUTER_BOUND('',#1593,.T.);
#1072=FACE_OUTER_BOUND('',#1594,.T.);
#1073=FACE_OUTER_BOUND('',#1595,.T.);
#1074=FACE_OUTER_BOUND('',#1596,.T.);
#1075=FACE_OUTER_BOUND('',#1597,.T.);
#1076=FACE_OUTER_BOUND('',#1598,.T.);
#1077=FACE_OUTER_BOUND('',#1599,.T.);
#1078=FACE_OUTER_BOUND('',#1600,.T.);
#1079=FACE_OUTER_BOUND('',#1601,.T.);
#1080=FACE_OUTER_BOUND('',#1602,.T.);
#1081=FACE_OUTER_BOUND('',#1603,.T.);
#1082=FACE_OUTER_BOUND('',#1604,.T.);
#1083=FACE_OUTER_BOUND('',#1605,.T.);
#1084=FACE_OUTER_BOUND('',#1606,.T.);
#1085=FACE_OUTER_BOUND('',#1608,.T.);
#1086=FACE_OUTER_BOUND('',#1609,.T.);
#1087=FACE_OUTER_BOUND('',#1610,.T.);
#1088=FACE_OUTER_BOUND('',#1611,.T.);
#1089=FACE_OUTER_BOUND('',#1612,.T.);
#1090=FACE_OUTER_BOUND('',#1613,.T.);
#1091=FACE_OUTER_BOUND('',#1615,.T.);
#1092=FACE_OUTER_BOUND('',#1616,.T.);
#1093=FACE_OUTER_BOUND('',#1617,.T.);
#1094=FACE_OUTER_BOUND('',#1618,.T.);
#1095=FACE_OUTER_BOUND('',#1619,.T.);
#1096=FACE_OUTER_BOUND('',#1620,.T.);
#1097=FACE_OUTER_BOUND('',#1621,.T.);
#1098=FACE_OUTER_BOUND('',#1622,.T.);
#1099=FACE_OUTER_BOUND('',#1623,.T.);
#1100=FACE_OUTER_BOUND('',#1624,.T.);
#1101=FACE_OUTER_BOUND('',#1625,.T.);
#1102=FACE_OUTER_BOUND('',#1626,.T.);
#1103=FACE_OUTER_BOUND('',#1627,.T.);
#1104=FACE_OUTER_BOUND('',#1628,.T.);
#1105=FACE_OUTER_BOUND('',#1629,.T.);
#1106=FACE_OUTER_BOUND('',#1630,.T.);
#1107=FACE_OUTER_BOUND('',#1632,.T.);
#1108=FACE_OUTER_BOUND('',#1633,.T.);
#1109=FACE_OUTER_BOUND('',#1634,.T.);
#1110=FACE_OUTER_BOUND('',#1635,.T.);
#1111=FACE_OUTER_BOUND('',#1637,.T.);
#1112=FACE_OUTER_BOUND('',#1638,.T.);
#1113=FACE_OUTER_BOUND('',#1639,.T.);
#1114=FACE_OUTER_BOUND('',#1640,.T.);
#1115=FACE_OUTER_BOUND('',#1641,.T.);
#1116=FACE_OUTER_BOUND('',#1642,.T.);
#1117=FACE_OUTER_BOUND('',#1644,.T.);
#1118=FACE_OUTER_BOUND('',#1645,.T.);
#1119=FACE_OUTER_BOUND('',#1646,.T.);
#1120=FACE_OUTER_BOUND('',#1648,.T.);
#1121=FACE_OUTER_BOUND('',#1649,.T.);
#1122=FACE_OUTER_BOUND('',#1650,.T.);
#1123=FACE_OUTER_BOUND('',#1652,.T.);
#1124=FACE_OUTER_BOUND('',#1653,.T.);
#1125=FACE_OUTER_BOUND('',#1654,.T.);
#1126=FACE_OUTER_BOUND('',#1656,.T.);
#1127=FACE_OUTER_BOUND('',#1657,.T.);
#1128=FACE_OUTER_BOUND('',#1658,.T.);
#1129=FACE_OUTER_BOUND('',#1659,.T.);
#1130=FACE_OUTER_BOUND('',#1660,.T.);
#1131=FACE_OUTER_BOUND('',#1661,.T.);
#1132=FACE_OUTER_BOUND('',#1662,.T.);
#1133=FACE_OUTER_BOUND('',#1663,.T.);
#1134=FACE_OUTER_BOUND('',#1664,.T.);
#1135=FACE_OUTER_BOUND('',#1665,.T.);
#1136=FACE_OUTER_BOUND('',#1666,.T.);
#1137=EDGE_LOOP('',(#4923,#4924,#4925,#4926,#4927));
#1138=EDGE_LOOP('',(#4928,#4929,#4930,#4931,#4932));
#1139=EDGE_LOOP('',(#4933,#4934,#4935,#4936,#4937));
#1140=EDGE_LOOP('',(#4938,#4939,#4940,#4941));
#1141=EDGE_LOOP('',(#4942));
#1142=EDGE_LOOP('',(#4943));
#1143=EDGE_LOOP('',(#4944,#4945,#4946,#4947));
#1144=EDGE_LOOP('',(#4948));
#1145=EDGE_LOOP('',(#4949));
#1146=EDGE_LOOP('',(#4950,#4951,#4952,#4953,#4954));
#1147=EDGE_LOOP('',(#4955,#4956,#4957,#4958,#4959));
#1148=EDGE_LOOP('',(#4960,#4961,#4962,#4963,#4964));
#1149=EDGE_LOOP('',(#4965,#4966,#4967,#4968,#4969));
#1150=EDGE_LOOP('',(#4970,#4971,#4972,#4973,#4974));
#1151=EDGE_LOOP('',(#4975,#4976,#4977,#4978));
#1152=EDGE_LOOP('',(#4979,#4980,#4981,#4982));
#1153=EDGE_LOOP('',(#4983,#4984,#4985,#4986));
#1154=EDGE_LOOP('',(#4987,#4988,#4989));
#1155=EDGE_LOOP('',(#4990,#4991,#4992,#4993,#4994,#4995,#4996));
#1156=EDGE_LOOP('',(#4997,#4998,#4999,#5000));
#1157=EDGE_LOOP('',(#5001,#5002,#5003,#5004,#5005,#5006));
#1158=EDGE_LOOP('',(#5007,#5008,#5009,#5010));
#1159=EDGE_LOOP('',(#5011,#5012,#5013));
#1160=EDGE_LOOP('',(#5014,#5015,#5016,#5017));
#1161=EDGE_LOOP('',(#5018,#5019,#5020,#5021));
#1162=EDGE_LOOP('',(#5022,#5023,#5024,#5025));
#1163=EDGE_LOOP('',(#5026,#5027,#5028,#5029,#5030,#5031,#5032));
#1164=EDGE_LOOP('',(#5033,#5034,#5035,#5036));
#1165=EDGE_LOOP('',(#5037,#5038,#5039,#5040,#5041,#5042));
#1166=EDGE_LOOP('',(#5043,#5044,#5045,#5046));
#1167=EDGE_LOOP('',(#5047,#5048,#5049,#5050));
#1168=EDGE_LOOP('',(#5051,#5052,#5053,#5054));
#1169=EDGE_LOOP('',(#5055,#5056,#5057));
#1170=EDGE_LOOP('',(#5058,#5059,#5060,#5061));
#1171=EDGE_LOOP('',(#5062,#5063,#5064));
#1172=EDGE_LOOP('',(#5065,#5066,#5067,#5068));
#1173=EDGE_LOOP('',(#5069,#5070,#5071));
#1174=EDGE_LOOP('',(#5072,#5073,#5074));
#1175=EDGE_LOOP('',(#5075,#5076,#5077,#5078));
#1176=EDGE_LOOP('',(#5079,#5080,#5081,#5082));
#1177=EDGE_LOOP('',(#5083));
#1178=EDGE_LOOP('',(#5084,#5085,#5086,#5087));
#1179=EDGE_LOOP('',(#5088,#5089,#5090,#5091,#5092,#5093,#5094,#5095,#5096,
#5097,#5098,#5099,#5100,#5101,#5102,#5103,#5104,#5105,#5106,#5107,#5108,
#5109,#5110,#5111,#5112,#5113,#5114,#5115,#5116,#5117));
#1180=EDGE_LOOP('',(#5118));
#1181=EDGE_LOOP('',(#5119));
#1182=EDGE_LOOP('',(#5120));
#1183=EDGE_LOOP('',(#5121));
#1184=EDGE_LOOP('',(#5122,#5123,#5124,#5125));
#1185=EDGE_LOOP('',(#5126,#5127,#5128,#5129));
#1186=EDGE_LOOP('',(#5130,#5131,#5132,#5133));
#1187=EDGE_LOOP('',(#5134,#5135,#5136));
#1188=EDGE_LOOP('',(#5137,#5138,#5139,#5140));
#1189=EDGE_LOOP('',(#5141,#5142,#5143));
#1190=EDGE_LOOP('',(#5144,#5145,#5146));
#1191=EDGE_LOOP('',(#5147,#5148,#5149,#5150));
#1192=EDGE_LOOP('',(#5151,#5152,#5153,#5154,#5155,#5156));
#1193=EDGE_LOOP('',(#5157));
#1194=EDGE_LOOP('',(#5158,#5159,#5160,#5161));
#1195=EDGE_LOOP('',(#5162,#5163,#5164,#5165));
#1196=EDGE_LOOP('',(#5166,#5167,#5168,#5169));
#1197=EDGE_LOOP('',(#5170,#5171,#5172));
#1198=EDGE_LOOP('',(#5173,#5174,#5175));
#1199=EDGE_LOOP('',(#5176,#5177,#5178,#5179));
#1200=EDGE_LOOP('',(#5180,#5181,#5182,#5183));
#1201=EDGE_LOOP('',(#5184,#5185,#5186,#5187));
#1202=EDGE_LOOP('',(#5188,#5189,#5190,#5191,#5192,#5193,#5194));
#1203=EDGE_LOOP('',(#5195));
#1204=EDGE_LOOP('',(#5196,#5197,#5198,#5199));
#1205=EDGE_LOOP('',(#5200,#5201,#5202));
#1206=EDGE_LOOP('',(#5203,#5204,#5205,#5206,#5207,#5208,#5209,#5210));
#1207=EDGE_LOOP('',(#5211));
#1208=EDGE_LOOP('',(#5212,#5213,#5214,#5215));
#1209=EDGE_LOOP('',(#5216,#5217,#5218));
#1210=EDGE_LOOP('',(#5219,#5220,#5221,#5222));
#1211=EDGE_LOOP('',(#5223,#5224,#5225,#5226));
#1212=EDGE_LOOP('',(#5227,#5228,#5229,#5230,#5231,#5232,#5233,#5234,#5235,
#5236,#5237,#5238,#5239,#5240,#5241,#5242,#5243,#5244,#5245,#5246,#5247,
#5248,#5249,#5250,#5251,#5252,#5253,#5254,#5255,#5256,#5257,#5258,#5259));
#1213=EDGE_LOOP('',(#5260,#5261,#5262,#5263,#5264));
#1214=EDGE_LOOP('',(#5265,#5266,#5267,#5268));
#1215=EDGE_LOOP('',(#5269,#5270,#5271,#5272));
#1216=EDGE_LOOP('',(#5273,#5274,#5275,#5276));
#1217=EDGE_LOOP('',(#5277,#5278,#5279,#5280,#5281,#5282,#5283,#5284));
#1218=EDGE_LOOP('',(#5285,#5286,#5287,#5288,#5289));
#1219=EDGE_LOOP('',(#5290,#5291,#5292,#5293));
#1220=EDGE_LOOP('',(#5294,#5295,#5296));
#1221=EDGE_LOOP('',(#5297,#5298,#5299,#5300));
#1222=EDGE_LOOP('',(#5301,#5302,#5303,#5304,#5305,#5306));
#1223=EDGE_LOOP('',(#5307,#5308,#5309));
#1224=EDGE_LOOP('',(#5310,#5311,#5312,#5313));
#1225=EDGE_LOOP('',(#5314,#5315,#5316));
#1226=EDGE_LOOP('',(#5317,#5318,#5319,#5320));
#1227=EDGE_LOOP('',(#5321,#5322,#5323,#5324));
#1228=EDGE_LOOP('',(#5325,#5326,#5327,#5328));
#1229=EDGE_LOOP('',(#5329,#5330,#5331,#5332));
#1230=EDGE_LOOP('',(#5333,#5334,#5335,#5336));
#1231=EDGE_LOOP('',(#5337,#5338,#5339,#5340));
#1232=EDGE_LOOP('',(#5341,#5342,#5343,#5344));
#1233=EDGE_LOOP('',(#5345,#5346,#5347,#5348));
#1234=EDGE_LOOP('',(#5349,#5350,#5351,#5352));
#1235=EDGE_LOOP('',(#5353,#5354,#5355));
#1236=EDGE_LOOP('',(#5356,#5357,#5358,#5359));
#1237=EDGE_LOOP('',(#5360,#5361,#5362,#5363));
#1238=EDGE_LOOP('',(#5364,#5365,#5366,#5367));
#1239=EDGE_LOOP('',(#5368,#5369,#5370,#5371));
#1240=EDGE_LOOP('',(#5372,#5373,#5374,#5375));
#1241=EDGE_LOOP('',(#5376,#5377,#5378,#5379));
#1242=EDGE_LOOP('',(#5380,#5381,#5382));
#1243=EDGE_LOOP('',(#5383,#5384,#5385,#5386));
#1244=EDGE_LOOP('',(#5387,#5388,#5389,#5390));
#1245=EDGE_LOOP('',(#5391,#5392,#5393,#5394));
#1246=EDGE_LOOP('',(#5395,#5396,#5397,#5398));
#1247=EDGE_LOOP('',(#5399,#5400,#5401,#5402));
#1248=EDGE_LOOP('',(#5403,#5404,#5405,#5406));
#1249=EDGE_LOOP('',(#5407,#5408,#5409,#5410));
#1250=EDGE_LOOP('',(#5411,#5412,#5413));
#1251=EDGE_LOOP('',(#5414,#5415,#5416,#5417));
#1252=EDGE_LOOP('',(#5418,#5419,#5420,#5421));
#1253=EDGE_LOOP('',(#5422,#5423,#5424));
#1254=EDGE_LOOP('',(#5425,#5426,#5427,#5428,#5429,#5430));
#1255=EDGE_LOOP('',(#5431,#5432,#5433,#5434));
#1256=EDGE_LOOP('',(#5435,#5436,#5437,#5438));
#1257=EDGE_LOOP('',(#5439,#5440,#5441,#5442));
#1258=EDGE_LOOP('',(#5443,#5444,#5445,#5446));
#1259=EDGE_LOOP('',(#5447,#5448,#5449));
#1260=EDGE_LOOP('',(#5450,#5451,#5452));
#1261=EDGE_LOOP('',(#5453,#5454,#5455,#5456));
#1262=EDGE_LOOP('',(#5457,#5458,#5459,#5460));
#1263=EDGE_LOOP('',(#5461,#5462,#5463,#5464));
#1264=EDGE_LOOP('',(#5465,#5466,#5467,#5468,#5469));
#1265=EDGE_LOOP('',(#5470));
#1266=EDGE_LOOP('',(#5471,#5472,#5473,#5474,#5475));
#1267=EDGE_LOOP('',(#5476,#5477,#5478,#5479,#5480));
#1268=EDGE_LOOP('',(#5481,#5482,#5483,#5484,#5485,#5486));
#1269=EDGE_LOOP('',(#5487,#5488,#5489));
#1270=EDGE_LOOP('',(#5490,#5491,#5492,#5493,#5494,#5495,#5496,#5497,#5498));
#1271=EDGE_LOOP('',(#5499,#5500,#5501,#5502));
#1272=EDGE_LOOP('',(#5503,#5504,#5505,#5506));
#1273=EDGE_LOOP('',(#5507,#5508,#5509,#5510));
#1274=EDGE_LOOP('',(#5511,#5512,#5513,#5514));
#1275=EDGE_LOOP('',(#5515,#5516,#5517,#5518));
#1276=EDGE_LOOP('',(#5519,#5520,#5521));
#1277=EDGE_LOOP('',(#5522,#5523,#5524,#5525,#5526,#5527));
#1278=EDGE_LOOP('',(#5528,#5529,#5530,#5531,#5532));
#1279=EDGE_LOOP('',(#5533,#5534,#5535,#5536,#5537,#5538,#5539,#5540));
#1280=EDGE_LOOP('',(#5541,#5542,#5543,#5544));
#1281=EDGE_LOOP('',(#5545,#5546,#5547));
#1282=EDGE_LOOP('',(#5548,#5549,#5550,#5551));
#1283=EDGE_LOOP('',(#5552,#5553,#5554,#5555,#5556));
#1284=EDGE_LOOP('',(#5557,#5558,#5559,#5560,#5561));
#1285=EDGE_LOOP('',(#5562,#5563,#5564,#5565,#5566));
#1286=EDGE_LOOP('',(#5567,#5568,#5569,#5570));
#1287=EDGE_LOOP('',(#5571,#5572,#5573));
#1288=EDGE_LOOP('',(#5574,#5575,#5576,#5577));
#1289=EDGE_LOOP('',(#5578,#5579,#5580));
#1290=EDGE_LOOP('',(#5581,#5582,#5583,#5584));
#1291=EDGE_LOOP('',(#5585,#5586,#5587,#5588,#5589,#5590));
#1292=EDGE_LOOP('',(#5591));
#1293=EDGE_LOOP('',(#5592,#5593,#5594,#5595));
#1294=EDGE_LOOP('',(#5596,#5597,#5598,#5599,#5600,#5601));
#1295=EDGE_LOOP('',(#5602,#5603,#5604,#5605));
#1296=EDGE_LOOP('',(#5606,#5607,#5608,#5609));
#1297=EDGE_LOOP('',(#5610,#5611,#5612,#5613));
#1298=EDGE_LOOP('',(#5614,#5615,#5616,#5617));
#1299=EDGE_LOOP('',(#5618,#5619,#5620,#5621));
#1300=EDGE_LOOP('',(#5622,#5623,#5624,#5625,#5626,#5627));
#1301=EDGE_LOOP('',(#5628,#5629,#5630,#5631));
#1302=EDGE_LOOP('',(#5632,#5633,#5634,#5635));
#1303=EDGE_LOOP('',(#5636,#5637,#5638,#5639));
#1304=EDGE_LOOP('',(#5640,#5641,#5642,#5643));
#1305=EDGE_LOOP('',(#5644,#5645,#5646));
#1306=EDGE_LOOP('',(#5647,#5648,#5649,#5650,#5651,#5652,#5653,#5654,#5655,
#5656));
#1307=EDGE_LOOP('',(#5657,#5658,#5659,#5660));
#1308=EDGE_LOOP('',(#5661,#5662,#5663));
#1309=EDGE_LOOP('',(#5664,#5665,#5666,#5667));
#1310=EDGE_LOOP('',(#5668,#5669,#5670,#5671));
#1311=EDGE_LOOP('',(#5672,#5673,#5674,#5675));
#1312=EDGE_LOOP('',(#5676,#5677,#5678,#5679));
#1313=EDGE_LOOP('',(#5680,#5681,#5682,#5683));
#1314=EDGE_LOOP('',(#5684,#5685,#5686,#5687));
#1315=EDGE_LOOP('',(#5688,#5689,#5690,#5691));
#1316=EDGE_LOOP('',(#5692,#5693,#5694));
#1317=EDGE_LOOP('',(#5695,#5696,#5697,#5698));
#1318=EDGE_LOOP('',(#5699,#5700,#5701));
#1319=EDGE_LOOP('',(#5702,#5703,#5704,#5705));
#1320=EDGE_LOOP('',(#5706));
#1321=EDGE_LOOP('',(#5707,#5708,#5709,#5710));
#1322=EDGE_LOOP('',(#5711,#5712,#5713,#5714));
#1323=EDGE_LOOP('',(#5715));
#1324=EDGE_LOOP('',(#5716,#5717,#5718,#5719));
#1325=EDGE_LOOP('',(#5720,#5721,#5722,#5723));
#1326=EDGE_LOOP('',(#5724,#5725,#5726,#5727));
#1327=EDGE_LOOP('',(#5728,#5729,#5730,#5731));
#1328=EDGE_LOOP('',(#5732,#5733,#5734,#5735));
#1329=EDGE_LOOP('',(#5736,#5737,#5738,#5739));
#1330=EDGE_LOOP('',(#5740,#5741,#5742,#5743));
#1331=EDGE_LOOP('',(#5744,#5745,#5746,#5747));
#1332=EDGE_LOOP('',(#5748,#5749,#5750));
#1333=EDGE_LOOP('',(#5751,#5752,#5753));
#1334=EDGE_LOOP('',(#5754,#5755,#5756,#5757));
#1335=EDGE_LOOP('',(#5758,#5759,#5760,#5761));
#1336=EDGE_LOOP('',(#5762,#5763,#5764,#5765));
#1337=EDGE_LOOP('',(#5766,#5767,#5768,#5769));
#1338=EDGE_LOOP('',(#5770,#5771,#5772,#5773));
#1339=EDGE_LOOP('',(#5774,#5775,#5776,#5777));
#1340=EDGE_LOOP('',(#5778,#5779,#5780));
#1341=EDGE_LOOP('',(#5781,#5782,#5783,#5784));
#1342=EDGE_LOOP('',(#5785,#5786,#5787,#5788,#5789,#5790));
#1343=EDGE_LOOP('',(#5791));
#1344=EDGE_LOOP('',(#5792,#5793,#5794,#5795));
#1345=EDGE_LOOP('',(#5796,#5797,#5798,#5799));
#1346=EDGE_LOOP('',(#5800,#5801,#5802,#5803));
#1347=EDGE_LOOP('',(#5804,#5805,#5806));
#1348=EDGE_LOOP('',(#5807,#5808,#5809));
#1349=EDGE_LOOP('',(#5810,#5811,#5812,#5813,#5814,#5815));
#1350=EDGE_LOOP('',(#5816,#5817,#5818,#5819,#5820,#5821));
#1351=EDGE_LOOP('',(#5822,#5823,#5824,#5825));
#1352=EDGE_LOOP('',(#5826,#5827,#5828,#5829));
#1353=EDGE_LOOP('',(#5830,#5831,#5832,#5833));
#1354=EDGE_LOOP('',(#5834,#5835,#5836,#5837));
#1355=EDGE_LOOP('',(#5838,#5839,#5840));
#1356=EDGE_LOOP('',(#5841,#5842,#5843,#5844));
#1357=EDGE_LOOP('',(#5845,#5846,#5847));
#1358=EDGE_LOOP('',(#5848,#5849,#5850,#5851));
#1359=EDGE_LOOP('',(#5852));
#1360=EDGE_LOOP('',(#5853,#5854,#5855,#5856));
#1361=EDGE_LOOP('',(#5857,#5858,#5859,#5860));
#1362=EDGE_LOOP('',(#5861,#5862,#5863,#5864));
#1363=EDGE_LOOP('',(#5865,#5866,#5867,#5868,#5869,#5870,#5871,#5872));
#1364=EDGE_LOOP('',(#5873,#5874,#5875,#5876));
#1365=EDGE_LOOP('',(#5877,#5878,#5879,#5880,#5881,#5882));
#1366=EDGE_LOOP('',(#5883));
#1367=EDGE_LOOP('',(#5884,#5885,#5886,#5887));
#1368=EDGE_LOOP('',(#5888,#5889,#5890,#5891,#5892));
#1369=EDGE_LOOP('',(#5893,#5894,#5895,#5896,#5897,#5898));
#1370=EDGE_LOOP('',(#5899,#5900,#5901,#5902));
#1371=EDGE_LOOP('',(#5903,#5904,#5905,#5906));
#1372=EDGE_LOOP('',(#5907,#5908,#5909));
#1373=EDGE_LOOP('',(#5910,#5911,#5912,#5913,#5914));
#1374=EDGE_LOOP('',(#5915,#5916,#5917));
#1375=EDGE_LOOP('',(#5918,#5919,#5920,#5921,#5922,#5923));
#1376=EDGE_LOOP('',(#5924,#5925,#5926,#5927));
#1377=EDGE_LOOP('',(#5928,#5929,#5930,#5931));
#1378=EDGE_LOOP('',(#5932,#5933,#5934,#5935));
#1379=EDGE_LOOP('',(#5936,#5937,#5938,#5939));
#1380=EDGE_LOOP('',(#5940,#5941,#5942,#5943,#5944));
#1381=EDGE_LOOP('',(#5945,#5946,#5947,#5948,#5949,#5950,#5951));
#1382=EDGE_LOOP('',(#5952,#5953,#5954,#5955));
#1383=EDGE_LOOP('',(#5956));
#1384=EDGE_LOOP('',(#5957,#5958,#5959,#5960));
#1385=EDGE_LOOP('',(#5961));
#1386=EDGE_LOOP('',(#5962,#5963,#5964,#5965,#5966,#5967));
#1387=EDGE_LOOP('',(#5968,#5969,#5970,#5971,#5972,#5973));
#1388=EDGE_LOOP('',(#5974,#5975,#5976,#5977,#5978));
#1389=EDGE_LOOP('',(#5979,#5980,#5981,#5982,#5983));
#1390=EDGE_LOOP('',(#5984,#5985,#5986,#5987,#5988));
#1391=EDGE_LOOP('',(#5989,#5990,#5991,#5992,#5993));
#1392=EDGE_LOOP('',(#5994,#5995,#5996,#5997,#5998,#5999));
#1393=EDGE_LOOP('',(#6000));
#1394=EDGE_LOOP('',(#6001,#6002,#6003,#6004));
#1395=EDGE_LOOP('',(#6005,#6006,#6007,#6008));
#1396=EDGE_LOOP('',(#6009,#6010,#6011,#6012));
#1397=EDGE_LOOP('',(#6013,#6014,#6015,#6016));
#1398=EDGE_LOOP('',(#6017,#6018,#6019,#6020));
#1399=EDGE_LOOP('',(#6021,#6022,#6023,#6024));
#1400=EDGE_LOOP('',(#6025,#6026,#6027,#6028));
#1401=EDGE_LOOP('',(#6029,#6030,#6031,#6032));
#1402=EDGE_LOOP('',(#6033,#6034,#6035,#6036));
#1403=EDGE_LOOP('',(#6037,#6038,#6039,#6040));
#1404=EDGE_LOOP('',(#6041,#6042,#6043,#6044));
#1405=EDGE_LOOP('',(#6045,#6046,#6047));
#1406=EDGE_LOOP('',(#6048,#6049,#6050,#6051,#6052,#6053,#6054));
#1407=EDGE_LOOP('',(#6055,#6056,#6057,#6058));
#1408=EDGE_LOOP('',(#6059,#6060,#6061,#6062,#6063,#6064));
#1409=EDGE_LOOP('',(#6065,#6066,#6067,#6068));
#1410=EDGE_LOOP('',(#6069,#6070,#6071));
#1411=EDGE_LOOP('',(#6072,#6073,#6074,#6075));
#1412=EDGE_LOOP('',(#6076,#6077,#6078,#6079));
#1413=EDGE_LOOP('',(#6080,#6081,#6082,#6083));
#1414=EDGE_LOOP('',(#6084,#6085,#6086,#6087,#6088,#6089,#6090));
#1415=EDGE_LOOP('',(#6091,#6092,#6093,#6094));
#1416=EDGE_LOOP('',(#6095,#6096,#6097,#6098,#6099,#6100));
#1417=EDGE_LOOP('',(#6101,#6102,#6103,#6104));
#1418=EDGE_LOOP('',(#6105,#6106,#6107,#6108));
#1419=EDGE_LOOP('',(#6109,#6110,#6111,#6112));
#1420=EDGE_LOOP('',(#6113,#6114,#6115));
#1421=EDGE_LOOP('',(#6116,#6117,#6118,#6119));
#1422=EDGE_LOOP('',(#6120,#6121,#6122));
#1423=EDGE_LOOP('',(#6123,#6124,#6125,#6126));
#1424=EDGE_LOOP('',(#6127,#6128,#6129));
#1425=EDGE_LOOP('',(#6130,#6131,#6132));
#1426=EDGE_LOOP('',(#6133,#6134,#6135,#6136));
#1427=EDGE_LOOP('',(#6137,#6138,#6139,#6140));
#1428=EDGE_LOOP('',(#6141));
#1429=EDGE_LOOP('',(#6142,#6143,#6144,#6145));
#1430=EDGE_LOOP('',(#6146,#6147,#6148,#6149,#6150,#6151,#6152,#6153,#6154,
#6155,#6156,#6157,#6158,#6159,#6160,#6161,#6162,#6163,#6164,#6165,#6166,
#6167,#6168,#6169,#6170,#6171,#6172,#6173,#6174,#6175));
#1431=EDGE_LOOP('',(#6176));
#1432=EDGE_LOOP('',(#6177));
#1433=EDGE_LOOP('',(#6178));
#1434=EDGE_LOOP('',(#6179));
#1435=EDGE_LOOP('',(#6180,#6181,#6182,#6183));
#1436=EDGE_LOOP('',(#6184,#6185,#6186,#6187));
#1437=EDGE_LOOP('',(#6188,#6189,#6190,#6191));
#1438=EDGE_LOOP('',(#6192,#6193,#6194));
#1439=EDGE_LOOP('',(#6195,#6196,#6197,#6198));
#1440=EDGE_LOOP('',(#6199,#6200,#6201));
#1441=EDGE_LOOP('',(#6202,#6203,#6204));
#1442=EDGE_LOOP('',(#6205,#6206,#6207,#6208));
#1443=EDGE_LOOP('',(#6209,#6210,#6211,#6212,#6213,#6214));
#1444=EDGE_LOOP('',(#6215,#6216,#6217,#6218));
#1445=EDGE_LOOP('',(#6219,#6220,#6221,#6222));
#1446=EDGE_LOOP('',(#6223,#6224,#6225,#6226));
#1447=EDGE_LOOP('',(#6227,#6228,#6229));
#1448=EDGE_LOOP('',(#6230,#6231,#6232));
#1449=EDGE_LOOP('',(#6233,#6234,#6235,#6236));
#1450=EDGE_LOOP('',(#6237,#6238,#6239,#6240));
#1451=EDGE_LOOP('',(#6241,#6242,#6243,#6244));
#1452=EDGE_LOOP('',(#6245,#6246,#6247,#6248,#6249,#6250,#6251));
#1453=EDGE_LOOP('',(#6252));
#1454=EDGE_LOOP('',(#6253,#6254,#6255,#6256));
#1455=EDGE_LOOP('',(#6257,#6258,#6259));
#1456=EDGE_LOOP('',(#6260,#6261,#6262,#6263,#6264,#6265,#6266,#6267));
#1457=EDGE_LOOP('',(#6268,#6269,#6270,#6271));
#1458=EDGE_LOOP('',(#6272,#6273,#6274));
#1459=EDGE_LOOP('',(#6275,#6276,#6277,#6278));
#1460=EDGE_LOOP('',(#6279,#6280,#6281,#6282));
#1461=EDGE_LOOP('',(#6283,#6284,#6285,#6286,#6287,#6288,#6289,#6290,#6291,
#6292,#6293,#6294,#6295,#6296,#6297,#6298,#6299,#6300,#6301,#6302,#6303,
#6304,#6305,#6306,#6307,#6308,#6309,#6310,#6311,#6312,#6313,#6314,#6315));
#1462=EDGE_LOOP('',(#6316,#6317,#6318,#6319,#6320));
#1463=EDGE_LOOP('',(#6321,#6322,#6323,#6324));
#1464=EDGE_LOOP('',(#6325,#6326,#6327,#6328));
#1465=EDGE_LOOP('',(#6329,#6330,#6331,#6332));
#1466=EDGE_LOOP('',(#6333,#6334,#6335,#6336,#6337,#6338,#6339,#6340));
#1467=EDGE_LOOP('',(#6341,#6342,#6343,#6344,#6345));
#1468=EDGE_LOOP('',(#6346,#6347,#6348,#6349));
#1469=EDGE_LOOP('',(#6350,#6351,#6352));
#1470=EDGE_LOOP('',(#6353,#6354,#6355,#6356));
#1471=EDGE_LOOP('',(#6357,#6358,#6359,#6360,#6361,#6362));
#1472=EDGE_LOOP('',(#6363,#6364,#6365));
#1473=EDGE_LOOP('',(#6366,#6367,#6368,#6369));
#1474=EDGE_LOOP('',(#6370,#6371,#6372));
#1475=EDGE_LOOP('',(#6373,#6374,#6375,#6376));
#1476=EDGE_LOOP('',(#6377,#6378,#6379,#6380));
#1477=EDGE_LOOP('',(#6381,#6382,#6383,#6384));
#1478=EDGE_LOOP('',(#6385,#6386,#6387,#6388));
#1479=EDGE_LOOP('',(#6389,#6390,#6391,#6392));
#1480=EDGE_LOOP('',(#6393,#6394,#6395,#6396));
#1481=EDGE_LOOP('',(#6397,#6398,#6399,#6400));
#1482=EDGE_LOOP('',(#6401,#6402,#6403,#6404));
#1483=EDGE_LOOP('',(#6405,#6406,#6407,#6408));
#1484=EDGE_LOOP('',(#6409,#6410,#6411));
#1485=EDGE_LOOP('',(#6412,#6413,#6414,#6415));
#1486=EDGE_LOOP('',(#6416,#6417,#6418,#6419));
#1487=EDGE_LOOP('',(#6420,#6421,#6422,#6423));
#1488=EDGE_LOOP('',(#6424,#6425,#6426,#6427));
#1489=EDGE_LOOP('',(#6428,#6429,#6430,#6431));
#1490=EDGE_LOOP('',(#6432,#6433,#6434,#6435));
#1491=EDGE_LOOP('',(#6436,#6437,#6438));
#1492=EDGE_LOOP('',(#6439,#6440,#6441,#6442));
#1493=EDGE_LOOP('',(#6443,#6444,#6445,#6446));
#1494=EDGE_LOOP('',(#6447,#6448,#6449,#6450));
#1495=EDGE_LOOP('',(#6451,#6452,#6453,#6454));
#1496=EDGE_LOOP('',(#6455,#6456,#6457,#6458));
#1497=EDGE_LOOP('',(#6459,#6460,#6461,#6462));
#1498=EDGE_LOOP('',(#6463,#6464,#6465,#6466));
#1499=EDGE_LOOP('',(#6467,#6468,#6469));
#1500=EDGE_LOOP('',(#6470,#6471,#6472,#6473));
#1501=EDGE_LOOP('',(#6474,#6475,#6476,#6477));
#1502=EDGE_LOOP('',(#6478,#6479,#6480));
#1503=EDGE_LOOP('',(#6481,#6482,#6483,#6484,#6485,#6486));
#1504=EDGE_LOOP('',(#6487,#6488,#6489,#6490));
#1505=EDGE_LOOP('',(#6491,#6492,#6493,#6494));
#1506=EDGE_LOOP('',(#6495,#6496,#6497,#6498));
#1507=EDGE_LOOP('',(#6499,#6500,#6501,#6502));
#1508=EDGE_LOOP('',(#6503,#6504,#6505));
#1509=EDGE_LOOP('',(#6506,#6507,#6508));
#1510=EDGE_LOOP('',(#6509,#6510,#6511,#6512));
#1511=EDGE_LOOP('',(#6513,#6514,#6515,#6516));
#1512=EDGE_LOOP('',(#6517,#6518,#6519,#6520));
#1513=EDGE_LOOP('',(#6521,#6522,#6523,#6524,#6525));
#1514=EDGE_LOOP('',(#6526));
#1515=EDGE_LOOP('',(#6527,#6528,#6529,#6530,#6531));
#1516=EDGE_LOOP('',(#6532,#6533,#6534,#6535,#6536));
#1517=EDGE_LOOP('',(#6537,#6538,#6539,#6540,#6541,#6542));
#1518=EDGE_LOOP('',(#6543,#6544,#6545));
#1519=EDGE_LOOP('',(#6546,#6547,#6548,#6549,#6550,#6551,#6552,#6553,#6554));
#1520=EDGE_LOOP('',(#6555,#6556,#6557,#6558));
#1521=EDGE_LOOP('',(#6559,#6560,#6561,#6562));
#1522=EDGE_LOOP('',(#6563,#6564,#6565,#6566));
#1523=EDGE_LOOP('',(#6567,#6568,#6569,#6570));
#1524=EDGE_LOOP('',(#6571,#6572,#6573,#6574));
#1525=EDGE_LOOP('',(#6575,#6576,#6577));
#1526=EDGE_LOOP('',(#6578,#6579,#6580,#6581,#6582,#6583));
#1527=EDGE_LOOP('',(#6584,#6585,#6586,#6587,#6588));
#1528=EDGE_LOOP('',(#6589,#6590,#6591,#6592,#6593,#6594,#6595,#6596));
#1529=EDGE_LOOP('',(#6597,#6598,#6599,#6600));
#1530=EDGE_LOOP('',(#6601,#6602,#6603));
#1531=EDGE_LOOP('',(#6604,#6605,#6606,#6607));
#1532=EDGE_LOOP('',(#6608,#6609,#6610,#6611,#6612));
#1533=EDGE_LOOP('',(#6613,#6614,#6615,#6616,#6617));
#1534=EDGE_LOOP('',(#6618,#6619,#6620,#6621,#6622));
#1535=EDGE_LOOP('',(#6623,#6624,#6625,#6626));
#1536=EDGE_LOOP('',(#6627,#6628,#6629));
#1537=EDGE_LOOP('',(#6630,#6631,#6632,#6633));
#1538=EDGE_LOOP('',(#6634,#6635,#6636));
#1539=EDGE_LOOP('',(#6637,#6638,#6639,#6640));
#1540=EDGE_LOOP('',(#6641,#6642,#6643,#6644,#6645,#6646));
#1541=EDGE_LOOP('',(#6647));
#1542=EDGE_LOOP('',(#6648,#6649,#6650,#6651));
#1543=EDGE_LOOP('',(#6652,#6653,#6654,#6655,#6656,#6657));
#1544=EDGE_LOOP('',(#6658,#6659,#6660,#6661));
#1545=EDGE_LOOP('',(#6662,#6663,#6664,#6665));
#1546=EDGE_LOOP('',(#6666,#6667,#6668,#6669));
#1547=EDGE_LOOP('',(#6670,#6671,#6672,#6673));
#1548=EDGE_LOOP('',(#6674,#6675,#6676,#6677));
#1549=EDGE_LOOP('',(#6678,#6679,#6680,#6681,#6682,#6683));
#1550=EDGE_LOOP('',(#6684,#6685,#6686,#6687));
#1551=EDGE_LOOP('',(#6688,#6689,#6690,#6691));
#1552=EDGE_LOOP('',(#6692,#6693,#6694,#6695));
#1553=EDGE_LOOP('',(#6696,#6697,#6698,#6699));
#1554=EDGE_LOOP('',(#6700,#6701,#6702));
#1555=EDGE_LOOP('',(#6703,#6704,#6705,#6706,#6707,#6708,#6709,#6710,#6711,
#6712));
#1556=EDGE_LOOP('',(#6713,#6714,#6715,#6716));
#1557=EDGE_LOOP('',(#6717,#6718,#6719));
#1558=EDGE_LOOP('',(#6720,#6721,#6722,#6723));
#1559=EDGE_LOOP('',(#6724,#6725,#6726,#6727));
#1560=EDGE_LOOP('',(#6728,#6729,#6730,#6731));
#1561=EDGE_LOOP('',(#6732,#6733,#6734,#6735));
#1562=EDGE_LOOP('',(#6736,#6737,#6738,#6739));
#1563=EDGE_LOOP('',(#6740,#6741,#6742,#6743));
#1564=EDGE_LOOP('',(#6744,#6745,#6746,#6747));
#1565=EDGE_LOOP('',(#6748,#6749,#6750));
#1566=EDGE_LOOP('',(#6751,#6752,#6753,#6754));
#1567=EDGE_LOOP('',(#6755,#6756,#6757));
#1568=EDGE_LOOP('',(#6758,#6759,#6760,#6761));
#1569=EDGE_LOOP('',(#6762));
#1570=EDGE_LOOP('',(#6763,#6764,#6765,#6766));
#1571=EDGE_LOOP('',(#6767,#6768,#6769,#6770));
#1572=EDGE_LOOP('',(#6771));
#1573=EDGE_LOOP('',(#6772,#6773,#6774,#6775));
#1574=EDGE_LOOP('',(#6776,#6777,#6778,#6779));
#1575=EDGE_LOOP('',(#6780,#6781,#6782,#6783));
#1576=EDGE_LOOP('',(#6784,#6785,#6786,#6787));
#1577=EDGE_LOOP('',(#6788,#6789,#6790,#6791));
#1578=EDGE_LOOP('',(#6792,#6793,#6794,#6795));
#1579=EDGE_LOOP('',(#6796,#6797,#6798,#6799));
#1580=EDGE_LOOP('',(#6800,#6801,#6802,#6803));
#1581=EDGE_LOOP('',(#6804,#6805,#6806));
#1582=EDGE_LOOP('',(#6807,#6808,#6809));
#1583=EDGE_LOOP('',(#6810,#6811,#6812,#6813));
#1584=EDGE_LOOP('',(#6814,#6815,#6816,#6817));
#1585=EDGE_LOOP('',(#6818,#6819,#6820,#6821));
#1586=EDGE_LOOP('',(#6822,#6823,#6824,#6825));
#1587=EDGE_LOOP('',(#6826,#6827,#6828,#6829));
#1588=EDGE_LOOP('',(#6830,#6831,#6832,#6833));
#1589=EDGE_LOOP('',(#6834,#6835,#6836));
#1590=EDGE_LOOP('',(#6837,#6838,#6839,#6840));
#1591=EDGE_LOOP('',(#6841,#6842,#6843,#6844,#6845,#6846));
#1592=EDGE_LOOP('',(#6847,#6848,#6849,#6850));
#1593=EDGE_LOOP('',(#6851,#6852,#6853,#6854));
#1594=EDGE_LOOP('',(#6855,#6856,#6857,#6858));
#1595=EDGE_LOOP('',(#6859,#6860,#6861));
#1596=EDGE_LOOP('',(#6862,#6863,#6864));
#1597=EDGE_LOOP('',(#6865,#6866,#6867,#6868,#6869,#6870));
#1598=EDGE_LOOP('',(#6871,#6872,#6873,#6874,#6875,#6876));
#1599=EDGE_LOOP('',(#6877,#6878,#6879,#6880));
#1600=EDGE_LOOP('',(#6881,#6882,#6883,#6884));
#1601=EDGE_LOOP('',(#6885,#6886,#6887,#6888));
#1602=EDGE_LOOP('',(#6889,#6890,#6891,#6892));
#1603=EDGE_LOOP('',(#6893,#6894,#6895));
#1604=EDGE_LOOP('',(#6896,#6897,#6898,#6899));
#1605=EDGE_LOOP('',(#6900,#6901,#6902));
#1606=EDGE_LOOP('',(#6903,#6904,#6905,#6906));
#1607=EDGE_LOOP('',(#6907));
#1608=EDGE_LOOP('',(#6908,#6909,#6910,#6911));
#1609=EDGE_LOOP('',(#6912,#6913,#6914,#6915));
#1610=EDGE_LOOP('',(#6916,#6917,#6918,#6919));
#1611=EDGE_LOOP('',(#6920,#6921,#6922,#6923,#6924,#6925,#6926,#6927));
#1612=EDGE_LOOP('',(#6928,#6929,#6930,#6931));
#1613=EDGE_LOOP('',(#6932,#6933,#6934,#6935,#6936,#6937));
#1614=EDGE_LOOP('',(#6938));
#1615=EDGE_LOOP('',(#6939,#6940,#6941,#6942));
#1616=EDGE_LOOP('',(#6943,#6944,#6945,#6946,#6947));
#1617=EDGE_LOOP('',(#6948,#6949,#6950,#6951,#6952,#6953));
#1618=EDGE_LOOP('',(#6954,#6955,#6956,#6957));
#1619=EDGE_LOOP('',(#6958,#6959,#6960,#6961));
#1620=EDGE_LOOP('',(#6962,#6963,#6964));
#1621=EDGE_LOOP('',(#6965,#6966,#6967,#6968,#6969));
#1622=EDGE_LOOP('',(#6970,#6971,#6972));
#1623=EDGE_LOOP('',(#6973,#6974,#6975,#6976,#6977,#6978));
#1624=EDGE_LOOP('',(#6979,#6980,#6981,#6982));
#1625=EDGE_LOOP('',(#6983,#6984,#6985,#6986));
#1626=EDGE_LOOP('',(#6987,#6988,#6989,#6990));
#1627=EDGE_LOOP('',(#6991,#6992,#6993,#6994));
#1628=EDGE_LOOP('',(#6995,#6996,#6997,#6998,#6999));
#1629=EDGE_LOOP('',(#7000,#7001,#7002,#7003,#7004,#7005,#7006));
#1630=EDGE_LOOP('',(#7007));
#1631=EDGE_LOOP('',(#7008));
#1632=EDGE_LOOP('',(#7009,#7010,#7011,#7012));
#1633=EDGE_LOOP('',(#7013,#7014,#7015,#7016));
#1634=EDGE_LOOP('',(#7017));
#1635=EDGE_LOOP('',(#7018));
#1636=EDGE_LOOP('',(#7019));
#1637=EDGE_LOOP('',(#7020,#7021,#7022,#7023));
#1638=EDGE_LOOP('',(#7024,#7025,#7026,#7027));
#1639=EDGE_LOOP('',(#7028));
#1640=EDGE_LOOP('',(#7029,#7030,#7031,#7032,#7033,#7034));
#1641=EDGE_LOOP('',(#7035,#7036,#7037,#7038,#7039,#7040));
#1642=EDGE_LOOP('',(#7041));
#1643=EDGE_LOOP('',(#7042));
#1644=EDGE_LOOP('',(#7043,#7044,#7045,#7046));
#1645=EDGE_LOOP('',(#7047,#7048,#7049,#7050));
#1646=EDGE_LOOP('',(#7051));
#1647=EDGE_LOOP('',(#7052));
#1648=EDGE_LOOP('',(#7053,#7054,#7055,#7056));
#1649=EDGE_LOOP('',(#7057,#7058,#7059,#7060));
#1650=EDGE_LOOP('',(#7061));
#1651=EDGE_LOOP('',(#7062));
#1652=EDGE_LOOP('',(#7063,#7064,#7065,#7066));
#1653=EDGE_LOOP('',(#7067,#7068,#7069,#7070));
#1654=EDGE_LOOP('',(#7071));
#1655=EDGE_LOOP('',(#7072));
#1656=EDGE_LOOP('',(#7073,#7074,#7075,#7076));
#1657=EDGE_LOOP('',(#7077,#7078,#7079,#7080));
#1658=EDGE_LOOP('',(#7081,#7082,#7083,#7084,#7085,#7086));
#1659=EDGE_LOOP('',(#7087,#7088,#7089,#7090));
#1660=EDGE_LOOP('',(#7091,#7092,#7093,#7094));
#1661=EDGE_LOOP('',(#7095,#7096,#7097,#7098));
#1662=EDGE_LOOP('',(#7099,#7100,#7101,#7102));
#1663=EDGE_LOOP('',(#7103,#7104,#7105,#7106));
#1664=EDGE_LOOP('',(#7107,#7108,#7109,#7110));
#1665=EDGE_LOOP('',(#7111,#7112,#7113,#7114));
#1666=EDGE_LOOP('',(#7115,#7116,#7117,#7118));
#1667=LINE('',#11169,#2205);
#1668=LINE('',#11177,#2206);
#1669=LINE('',#11185,#2207);
#1670=LINE('',#11193,#2208);
#1671=LINE('',#11202,#2209);
#1672=LINE('',#11211,#2210);
#1673=LINE('',#11219,#2211);
#1674=LINE('',#11227,#2212);
#1675=LINE('',#11233,#2213);
#1676=LINE('',#11237,#2214);
#1677=LINE('',#11244,#2215);
#1678=LINE('',#11247,#2216);
#1679=LINE('',#11251,#2217);
#1680=LINE('',#11254,#2218);
#1681=LINE('',#11258,#2219);
#1682=LINE('',#11261,#2220);
#1683=LINE('',#11266,#2221);
#1684=LINE('',#11268,#2222);
#1685=LINE('',#11270,#2223);
#1686=LINE('',#11272,#2224);
#1687=LINE('',#11275,#2225);
#1688=LINE('',#11278,#2226);
#1689=LINE('',#11282,#2227);
#1690=LINE('',#11284,#2228);
#1691=LINE('',#11286,#2229);
#1692=LINE('',#11287,#2230);
#1693=LINE('',#11290,#2231);
#1694=LINE('',#11291,#2232);
#1695=LINE('',#11330,#2233);
#1696=LINE('',#11333,#2234);
#1697=LINE('',#11336,#2235);
#1698=LINE('',#11339,#2236);
#1699=LINE('',#11341,#2237);
#1700=LINE('',#11342,#2238);
#1701=LINE('',#11345,#2239);
#1702=LINE('',#11347,#2240);
#1703=LINE('',#11349,#2241);
#1704=LINE('',#11353,#2242);
#1705=LINE('',#11354,#2243);
#1706=LINE('',#11357,#2244);
#1707=LINE('',#11361,#2245);
#1708=LINE('',#11363,#2246);
#1709=LINE('',#11365,#2247);
#1710=LINE('',#11366,#2248);
#1711=LINE('',#11368,#2249);
#1712=LINE('',#11374,#2250);
#1713=LINE('',#11377,#2251);
#1714=LINE('',#11382,#2252);
#1715=LINE('',#11385,#2253);
#1716=LINE('',#11392,#2254);
#1717=LINE('',#11395,#2255);
#1718=LINE('',#11401,#2256);
#1719=LINE('',#11404,#2257);
#1720=LINE('',#11411,#2258);
#1721=LINE('',#11414,#2259);
#1722=LINE('',#11417,#2260);
#1723=LINE('',#11418,#2261);
#1724=LINE('',#11423,#2262);
#1725=LINE('',#11427,#2263);
#1726=LINE('',#11429,#2264);
#1727=LINE('',#11431,#2265);
#1728=LINE('',#11433,#2266);
#1729=LINE('',#11435,#2267);
#1730=LINE('',#11437,#2268);
#1731=LINE('',#11441,#2269);
#1732=LINE('',#11445,#2270);
#1733=LINE('',#11449,#2271);
#1734=LINE('',#11451,#2272);
#1735=LINE('',#11453,#2273);
#1736=LINE('',#11457,#2274);
#1737=LINE('',#11461,#2275);
#1738=LINE('',#11464,#2276);
#1739=LINE('',#11466,#2277);
#1740=LINE('',#11467,#2278);
#1741=LINE('',#11481,#2279);
#1742=LINE('',#11488,#2280);
#1743=LINE('',#11495,#2281);
#1744=LINE('',#11498,#2282);
#1745=LINE('',#11507,#2283);
#1746=LINE('',#11511,#2284);
#1747=LINE('',#11513,#2285);
#1748=LINE('',#11515,#2286);
#1749=LINE('',#11516,#2287);
#1750=LINE('',#11519,#2288);
#1751=LINE('',#11525,#2289);
#1752=LINE('',#11528,#2290);
#1753=LINE('',#11533,#2291);
#1754=LINE('',#11536,#2292);
#1755=LINE('',#11543,#2293);
#1756=LINE('',#11547,#2294);
#1757=LINE('',#11548,#2295);
#1758=LINE('',#11551,#2296);
#1759=LINE('',#11555,#2297);
#1760=LINE('',#11559,#2298);
#1761=LINE('',#11561,#2299);
#1762=LINE('',#11562,#2300);
#1763=LINE('',#11568,#2301);
#1764=LINE('',#11571,#2302);
#1765=LINE('',#11578,#2303);
#1766=LINE('',#11582,#2304);
#1767=LINE('',#11584,#2305);
#1768=LINE('',#11588,#2306);
#1769=LINE('',#11589,#2307);
#1770=LINE('',#11592,#2308);
#1771=LINE('',#11595,#2309);
#1772=LINE('',#11601,#2310);
#1773=LINE('',#11602,#2311);
#1774=LINE('',#11604,#2312);
#1775=LINE('',#11605,#2313);
#1776=LINE('',#11610,#2314);
#1777=LINE('',#11614,#2315);
#1778=LINE('',#11618,#2316);
#1779=LINE('',#11620,#2317);
#1780=LINE('',#11622,#2318);
#1781=LINE('',#11626,#2319);
#1782=LINE('',#11630,#2320);
#1783=LINE('',#11634,#2321);
#1784=LINE('',#11636,#2322);
#1785=LINE('',#11638,#2323);
#1786=LINE('',#11640,#2324);
#1787=LINE('',#11642,#2325);
#1788=LINE('',#11646,#2326);
#1789=LINE('',#11650,#2327);
#1790=LINE('',#11652,#2328);
#1791=LINE('',#11654,#2329);
#1792=LINE('',#11658,#2330);
#1793=LINE('',#11660,#2331);
#1794=LINE('',#11661,#2332);
#1795=LINE('',#11673,#2333);
#1796=LINE('',#11691,#2334);
#1797=LINE('',#11693,#2335);
#1798=LINE('',#11696,#2336);
#1799=LINE('',#11697,#2337);
#1800=LINE('',#11699,#2338);
#1801=LINE('',#11701,#2339);
#1802=LINE('',#11703,#2340);
#1803=LINE('',#11704,#2341);
#1804=LINE('',#11707,#2342);
#1805=LINE('',#11712,#2343);
#1806=LINE('',#11713,#2344);
#1807=LINE('',#11718,#2345);
#1808=LINE('',#11722,#2346);
#1809=LINE('',#11723,#2347);
#1810=LINE('',#11739,#2348);
#1811=LINE('',#11747,#2349);
#1812=LINE('',#11763,#2350);
#1813=LINE('',#11769,#2351);
#1814=LINE('',#11771,#2352);
#1815=LINE('',#11778,#2353);
#1816=LINE('',#11794,#2354);
#1817=LINE('',#11802,#2355);
#1818=LINE('',#11808,#2356);
#1819=LINE('',#11809,#2357);
#1820=LINE('',#11811,#2358);
#1821=LINE('',#11813,#2359);
#1822=LINE('',#11817,#2360);
#1823=LINE('',#11821,#2361);
#1824=LINE('',#11822,#2362);
#1825=LINE('',#11832,#2363);
#1826=LINE('',#11837,#2364);
#1827=LINE('',#11838,#2365);
#1828=LINE('',#11881,#2366);
#1829=LINE('',#11883,#2367);
#1830=LINE('',#11885,#2368);
#1831=LINE('',#11960,#2369);
#1832=LINE('',#11962,#2370);
#1833=LINE('',#11965,#2371);
#1834=LINE('',#11969,#2372);
#1835=LINE('',#11972,#2373);
#1836=LINE('',#11975,#2374);
#1837=LINE('',#11987,#2375);
#1838=LINE('',#11999,#2376);
#1839=LINE('',#12002,#2377);
#1840=LINE('',#12007,#2378);
#1841=LINE('',#12015,#2379);
#1842=LINE('',#12024,#2380);
#1843=LINE('',#12025,#2381);
#1844=LINE('',#12030,#2382);
#1845=LINE('',#12033,#2383);
#1846=LINE('',#12038,#2384);
#1847=LINE('',#12042,#2385);
#1848=LINE('',#12044,#2386);
#1849=LINE('',#12045,#2387);
#1850=LINE('',#12048,#2388);
#1851=LINE('',#12050,#2389);
#1852=LINE('',#12052,#2390);
#1853=LINE('',#12054,#2391);
#1854=LINE('',#12056,#2392);
#1855=LINE('',#12057,#2393);
#1856=LINE('',#12095,#2394);
#1857=LINE('',#12101,#2395);
#1858=LINE('',#12106,#2396);
#1859=LINE('',#12110,#2397);
#1860=LINE('',#12114,#2398);
#1861=LINE('',#12118,#2399);
#1862=LINE('',#12122,#2400);
#1863=LINE('',#12196,#2401);
#1864=LINE('',#12279,#2402);
#1865=LINE('',#12295,#2403);
#1866=LINE('',#12299,#2404);
#1867=LINE('',#12302,#2405);
#1868=LINE('',#12306,#2406);
#1869=LINE('',#12309,#2407);
#1870=LINE('',#12314,#2408);
#1871=LINE('',#12316,#2409);
#1872=LINE('',#12318,#2410);
#1873=LINE('',#12324,#2411);
#1874=LINE('',#12325,#2412);
#1875=LINE('',#12335,#2413);
#1876=LINE('',#12351,#2414);
#1877=LINE('',#12359,#2415);
#1878=LINE('',#12367,#2416);
#1879=LINE('',#12375,#2417);
#1880=LINE('',#12379,#2418);
#1881=LINE('',#12382,#2419);
#1882=LINE('',#12385,#2420);
#1883=LINE('',#12390,#2421);
#1884=LINE('',#12399,#2422);
#1885=LINE('',#12407,#2423);
#1886=LINE('',#12420,#2424);
#1887=LINE('',#12422,#2425);
#1888=LINE('',#12426,#2426);
#1889=LINE('',#12433,#2427);
#1890=LINE('',#12436,#2428);
#1891=LINE('',#12441,#2429);
#1892=LINE('',#12442,#2430);
#1893=LINE('',#12446,#2431);
#1894=LINE('',#12459,#2432);
#1895=LINE('',#12463,#2433);
#1896=LINE('',#12466,#2434);
#1897=LINE('',#12525,#2435);
#1898=LINE('',#12531,#2436);
#1899=LINE('',#12532,#2437);
#1900=LINE('',#12535,#2438);
#1901=LINE('',#12537,#2439);
#1902=LINE('',#12538,#2440);
#1903=LINE('',#12541,#2441);
#1904=LINE('',#12547,#2442);
#1905=LINE('',#12550,#2443);
#1906=LINE('',#12558,#2444);
#1907=LINE('',#12560,#2445);
#1908=LINE('',#12567,#2446);
#1909=LINE('',#12572,#2447);
#1910=LINE('',#12577,#2448);
#1911=LINE('',#12586,#2449);
#1912=LINE('',#12596,#2450);
#1913=LINE('',#12600,#2451);
#1914=LINE('',#12619,#2452);
#1915=LINE('',#12622,#2453);
#1916=LINE('',#12625,#2454);
#1917=LINE('',#12630,#2455);
#1918=LINE('',#12640,#2456);
#1919=LINE('',#12655,#2457);
#1920=LINE('',#12658,#2458);
#1921=LINE('',#12660,#2459);
#1922=LINE('',#12661,#2460);
#1923=LINE('',#12663,#2461);
#1924=LINE('',#12665,#2462);
#1925=LINE('',#12666,#2463);
#1926=LINE('',#12671,#2464);
#1927=LINE('',#12676,#2465);
#1928=LINE('',#12680,#2466);
#1929=LINE('',#12682,#2467);
#1930=LINE('',#12684,#2468);
#1931=LINE('',#12686,#2469);
#1932=LINE('',#12688,#2470);
#1933=LINE('',#12690,#2471);
#1934=LINE('',#12695,#2472);
#1935=LINE('',#12696,#2473);
#1936=LINE('',#12698,#2474);
#1937=LINE('',#12700,#2475);
#1938=LINE('',#12710,#2476);
#1939=LINE('',#12713,#2477);
#1940=LINE('',#12717,#2478);
#1941=LINE('',#12720,#2479);
#1942=LINE('',#12724,#2480);
#1943=LINE('',#12727,#2481);
#1944=LINE('',#12732,#2482);
#1945=LINE('',#12734,#2483);
#1946=LINE('',#12736,#2484);
#1947=LINE('',#12738,#2485);
#1948=LINE('',#12741,#2486);
#1949=LINE('',#12744,#2487);
#1950=LINE('',#12748,#2488);
#1951=LINE('',#12750,#2489);
#1952=LINE('',#12752,#2490);
#1953=LINE('',#12753,#2491);
#1954=LINE('',#12756,#2492);
#1955=LINE('',#12757,#2493);
#1956=LINE('',#12796,#2494);
#1957=LINE('',#12799,#2495);
#1958=LINE('',#12802,#2496);
#1959=LINE('',#12805,#2497);
#1960=LINE('',#12807,#2498);
#1961=LINE('',#12808,#2499);
#1962=LINE('',#12811,#2500);
#1963=LINE('',#12813,#2501);
#1964=LINE('',#12815,#2502);
#1965=LINE('',#12819,#2503);
#1966=LINE('',#12820,#2504);
#1967=LINE('',#12823,#2505);
#1968=LINE('',#12827,#2506);
#1969=LINE('',#12829,#2507);
#1970=LINE('',#12831,#2508);
#1971=LINE('',#12832,#2509);
#1972=LINE('',#12834,#2510);
#1973=LINE('',#12840,#2511);
#1974=LINE('',#12843,#2512);
#1975=LINE('',#12848,#2513);
#1976=LINE('',#12851,#2514);
#1977=LINE('',#12858,#2515);
#1978=LINE('',#12861,#2516);
#1979=LINE('',#12867,#2517);
#1980=LINE('',#12870,#2518);
#1981=LINE('',#12877,#2519);
#1982=LINE('',#12880,#2520);
#1983=LINE('',#12883,#2521);
#1984=LINE('',#12884,#2522);
#1985=LINE('',#12889,#2523);
#1986=LINE('',#12893,#2524);
#1987=LINE('',#12895,#2525);
#1988=LINE('',#12897,#2526);
#1989=LINE('',#12899,#2527);
#1990=LINE('',#12901,#2528);
#1991=LINE('',#12903,#2529);
#1992=LINE('',#12907,#2530);
#1993=LINE('',#12911,#2531);
#1994=LINE('',#12915,#2532);
#1995=LINE('',#12917,#2533);
#1996=LINE('',#12919,#2534);
#1997=LINE('',#12923,#2535);
#1998=LINE('',#12927,#2536);
#1999=LINE('',#12930,#2537);
#2000=LINE('',#12932,#2538);
#2001=LINE('',#12933,#2539);
#2002=LINE('',#12947,#2540);
#2003=LINE('',#12954,#2541);
#2004=LINE('',#12961,#2542);
#2005=LINE('',#12964,#2543);
#2006=LINE('',#12973,#2544);
#2007=LINE('',#12977,#2545);
#2008=LINE('',#12979,#2546);
#2009=LINE('',#12981,#2547);
#2010=LINE('',#12982,#2548);
#2011=LINE('',#12985,#2549);
#2012=LINE('',#12991,#2550);
#2013=LINE('',#12994,#2551);
#2014=LINE('',#12999,#2552);
#2015=LINE('',#13002,#2553);
#2016=LINE('',#13009,#2554);
#2017=LINE('',#13013,#2555);
#2018=LINE('',#13014,#2556);
#2019=LINE('',#13017,#2557);
#2020=LINE('',#13021,#2558);
#2021=LINE('',#13025,#2559);
#2022=LINE('',#13027,#2560);
#2023=LINE('',#13028,#2561);
#2024=LINE('',#13036,#2562);
#2025=LINE('',#13039,#2563);
#2026=LINE('',#13046,#2564);
#2027=LINE('',#13050,#2565);
#2028=LINE('',#13052,#2566);
#2029=LINE('',#13056,#2567);
#2030=LINE('',#13057,#2568);
#2031=LINE('',#13060,#2569);
#2032=LINE('',#13063,#2570);
#2033=LINE('',#13069,#2571);
#2034=LINE('',#13070,#2572);
#2035=LINE('',#13072,#2573);
#2036=LINE('',#13073,#2574);
#2037=LINE('',#13078,#2575);
#2038=LINE('',#13082,#2576);
#2039=LINE('',#13086,#2577);
#2040=LINE('',#13088,#2578);
#2041=LINE('',#13090,#2579);
#2042=LINE('',#13094,#2580);
#2043=LINE('',#13098,#2581);
#2044=LINE('',#13102,#2582);
#2045=LINE('',#13104,#2583);
#2046=LINE('',#13106,#2584);
#2047=LINE('',#13108,#2585);
#2048=LINE('',#13110,#2586);
#2049=LINE('',#13114,#2587);
#2050=LINE('',#13118,#2588);
#2051=LINE('',#13120,#2589);
#2052=LINE('',#13122,#2590);
#2053=LINE('',#13126,#2591);
#2054=LINE('',#13128,#2592);
#2055=LINE('',#13129,#2593);
#2056=LINE('',#13141,#2594);
#2057=LINE('',#13159,#2595);
#2058=LINE('',#13161,#2596);
#2059=LINE('',#13164,#2597);
#2060=LINE('',#13165,#2598);
#2061=LINE('',#13167,#2599);
#2062=LINE('',#13169,#2600);
#2063=LINE('',#13171,#2601);
#2064=LINE('',#13172,#2602);
#2065=LINE('',#13175,#2603);
#2066=LINE('',#13180,#2604);
#2067=LINE('',#13181,#2605);
#2068=LINE('',#13186,#2606);
#2069=LINE('',#13190,#2607);
#2070=LINE('',#13191,#2608);
#2071=LINE('',#13207,#2609);
#2072=LINE('',#13215,#2610);
#2073=LINE('',#13231,#2611);
#2074=LINE('',#13237,#2612);
#2075=LINE('',#13239,#2613);
#2076=LINE('',#13246,#2614);
#2077=LINE('',#13262,#2615);
#2078=LINE('',#13270,#2616);
#2079=LINE('',#13276,#2617);
#2080=LINE('',#13277,#2618);
#2081=LINE('',#13279,#2619);
#2082=LINE('',#13281,#2620);
#2083=LINE('',#13285,#2621);
#2084=LINE('',#13289,#2622);
#2085=LINE('',#13290,#2623);
#2086=LINE('',#13300,#2624);
#2087=LINE('',#13305,#2625);
#2088=LINE('',#13306,#2626);
#2089=LINE('',#13349,#2627);
#2090=LINE('',#13351,#2628);
#2091=LINE('',#13353,#2629);
#2092=LINE('',#13428,#2630);
#2093=LINE('',#13430,#2631);
#2094=LINE('',#13433,#2632);
#2095=LINE('',#13437,#2633);
#2096=LINE('',#13440,#2634);
#2097=LINE('',#13445,#2635);
#2098=LINE('',#13457,#2636);
#2099=LINE('',#13469,#2637);
#2100=LINE('',#13472,#2638);
#2101=LINE('',#13477,#2639);
#2102=LINE('',#13485,#2640);
#2103=LINE('',#13494,#2641);
#2104=LINE('',#13495,#2642);
#2105=LINE('',#13500,#2643);
#2106=LINE('',#13503,#2644);
#2107=LINE('',#13508,#2645);
#2108=LINE('',#13512,#2646);
#2109=LINE('',#13514,#2647);
#2110=LINE('',#13515,#2648);
#2111=LINE('',#13518,#2649);
#2112=LINE('',#13520,#2650);
#2113=LINE('',#13522,#2651);
#2114=LINE('',#13524,#2652);
#2115=LINE('',#13526,#2653);
#2116=LINE('',#13527,#2654);
#2117=LINE('',#13565,#2655);
#2118=LINE('',#13571,#2656);
#2119=LINE('',#13576,#2657);
#2120=LINE('',#13580,#2658);
#2121=LINE('',#13584,#2659);
#2122=LINE('',#13590,#2660);
#2123=LINE('',#13594,#2661);
#2124=LINE('',#13668,#2662);
#2125=LINE('',#13751,#2663);
#2126=LINE('',#13767,#2664);
#2127=LINE('',#13771,#2665);
#2128=LINE('',#13774,#2666);
#2129=LINE('',#13778,#2667);
#2130=LINE('',#13781,#2668);
#2131=LINE('',#13786,#2669);
#2132=LINE('',#13788,#2670);
#2133=LINE('',#13790,#2671);
#2134=LINE('',#13796,#2672);
#2135=LINE('',#13797,#2673);
#2136=LINE('',#13807,#2674);
#2137=LINE('',#13823,#2675);
#2138=LINE('',#13831,#2676);
#2139=LINE('',#13839,#2677);
#2140=LINE('',#13847,#2678);
#2141=LINE('',#13851,#2679);
#2142=LINE('',#13856,#2680);
#2143=LINE('',#13859,#2681);
#2144=LINE('',#13866,#2682);
#2145=LINE('',#13875,#2683);
#2146=LINE('',#13883,#2684);
#2147=LINE('',#13896,#2685);
#2148=LINE('',#13898,#2686);
#2149=LINE('',#13902,#2687);
#2150=LINE('',#13909,#2688);
#2151=LINE('',#13912,#2689);
#2152=LINE('',#13917,#2690);
#2153=LINE('',#13918,#2691);
#2154=LINE('',#13922,#2692);
#2155=LINE('',#13935,#2693);
#2156=LINE('',#13939,#2694);
#2157=LINE('',#13942,#2695);
#2158=LINE('',#14001,#2696);
#2159=LINE('',#14007,#2697);
#2160=LINE('',#14008,#2698);
#2161=LINE('',#14011,#2699);
#2162=LINE('',#14013,#2700);
#2163=LINE('',#14014,#2701);
#2164=LINE('',#14017,#2702);
#2165=LINE('',#14023,#2703);
#2166=LINE('',#14026,#2704);
#2167=LINE('',#14034,#2705);
#2168=LINE('',#14036,#2706);
#2169=LINE('',#14043,#2707);
#2170=LINE('',#14048,#2708);
#2171=LINE('',#14053,#2709);
#2172=LINE('',#14062,#2710);
#2173=LINE('',#14072,#2711);
#2174=LINE('',#14076,#2712);
#2175=LINE('',#14097,#2713);
#2176=LINE('',#14100,#2714);
#2177=LINE('',#14103,#2715);
#2178=LINE('',#14108,#2716);
#2179=LINE('',#14118,#2717);
#2180=LINE('',#14133,#2718);
#2181=LINE('',#14136,#2719);
#2182=LINE('',#14138,#2720);
#2183=LINE('',#14139,#2721);
#2184=LINE('',#14141,#2722);
#2185=LINE('',#14143,#2723);
#2186=LINE('',#14144,#2724);
#2187=LINE('',#14153,#2725);
#2188=LINE('',#14156,#2726);
#2189=LINE('',#14165,#2727);
#2190=LINE('',#14168,#2728);
#2191=LINE('',#14172,#2729);
#2192=LINE('',#14174,#2730);
#2193=LINE('',#14181,#2731);
#2194=LINE('',#14183,#2732);
#2195=LINE('',#14190,#2733);
#2196=LINE('',#14192,#2734);
#2197=LINE('',#14199,#2735);
#2198=LINE('',#14201,#2736);
#2199=LINE('',#14208,#2737);
#2200=LINE('',#14210,#2738);
#2201=LINE('',#14215,#2739);
#2202=LINE('',#14216,#2740);
#2203=LINE('',#14218,#2741);
#2204=LINE('',#14220,#2742);
#2205=VECTOR('',#8647,2.25);
#2206=VECTOR('',#8656,2.25);
#2207=VECTOR('',#8665,2.25);
#2208=VECTOR('',#8674,2.25);
#2209=VECTOR('',#8685,2.25);
#2210=VECTOR('',#8696,2.24999999999999);
#2211=VECTOR('',#8705,2.25);
#2212=VECTOR('',#8714,2.25);
#2213=VECTOR('',#8721,2.1);
#2214=VECTOR('',#8726,2.1);
#2215=VECTOR('',#8733,10.);
#2216=VECTOR('',#8736,10.);
#2217=VECTOR('',#8739,10.);
#2218=VECTOR('',#8742,10.);
#2219=VECTOR('',#8747,10.);
#2220=VECTOR('',#8750,10.);
#2221=VECTOR('',#8757,10.);
#2222=VECTOR('',#8758,10.);
#2223=VECTOR('',#8759,10.);
#2224=VECTOR('',#8760,10.);
#2225=VECTOR('',#8763,10.);
#2226=VECTOR('',#8766,10.);
#2227=VECTOR('',#8771,10.);
#2228=VECTOR('',#8772,10.);
#2229=VECTOR('',#8773,10.);
#2230=VECTOR('',#8774,10.);
#2231=VECTOR('',#8777,10.);
#2232=VECTOR('',#8778,10.);
#2233=VECTOR('',#8787,10.);
#2234=VECTOR('',#8790,10.);
#2235=VECTOR('',#8793,10.);
#2236=VECTOR('',#8796,10.);
#2237=VECTOR('',#8799,10.);
#2238=VECTOR('',#8800,10.);
#2239=VECTOR('',#8803,10.);
#2240=VECTOR('',#8804,10.);
#2241=VECTOR('',#8805,10.);
#2242=VECTOR('',#8808,10.);
#2243=VECTOR('',#8809,10.);
#2244=VECTOR('',#8812,10.);
#2245=VECTOR('',#8817,10.);
#2246=VECTOR('',#8818,10.);
#2247=VECTOR('',#8819,10.);
#2248=VECTOR('',#8820,10.);
#2249=VECTOR('',#8823,10.);
#2250=VECTOR('',#8828,10.);
#2251=VECTOR('',#8831,10.);
#2252=VECTOR('',#8836,10.);
#2253=VECTOR('',#8839,10.);
#2254=VECTOR('',#8848,10.);
#2255=VECTOR('',#8851,10.);
#2256=VECTOR('',#8860,10.);
#2257=VECTOR('',#8863,10.);
#2258=VECTOR('',#8874,10.);
#2259=VECTOR('',#8877,10.);
#2260=VECTOR('',#8880,10.);
#2261=VECTOR('',#8881,10.);
#2262=VECTOR('',#8886,10.);
#2263=VECTOR('',#8891,10.);
#2264=VECTOR('',#8892,10.);
#2265=VECTOR('',#8893,10.);
#2266=VECTOR('',#8894,10.);
#2267=VECTOR('',#8895,10.);
#2268=VECTOR('',#8896,10.);
#2269=VECTOR('',#8899,10.);
#2270=VECTOR('',#8902,10.);
#2271=VECTOR('',#8905,10.);
#2272=VECTOR('',#8906,10.);
#2273=VECTOR('',#8907,10.);
#2274=VECTOR('',#8910,10.);
#2275=VECTOR('',#8913,10.);
#2276=VECTOR('',#8916,10.);
#2277=VECTOR('',#8917,10.);
#2278=VECTOR('',#8918,10.);
#2279=VECTOR('',#8933,10.);
#2280=VECTOR('',#8942,10.);
#2281=VECTOR('',#8951,10.);
#2282=VECTOR('',#8954,10.);
#2283=VECTOR('',#8967,10.);
#2284=VECTOR('',#8972,10.);
#2285=VECTOR('',#8973,10.);
#2286=VECTOR('',#8974,10.);
#2287=VECTOR('',#8975,10.);
#2288=VECTOR('',#8978,10.);
#2289=VECTOR('',#8985,10.);
#2290=VECTOR('',#8988,10.);
#2291=VECTOR('',#8993,10.);
#2292=VECTOR('',#8996,10.);
#2293=VECTOR('',#9007,10.);
#2294=VECTOR('',#9012,10.);
#2295=VECTOR('',#9013,10.);
#2296=VECTOR('',#9016,10.);
#2297=VECTOR('',#9021,10.);
#2298=VECTOR('',#9024,10.);
#2299=VECTOR('',#9025,10.);
#2300=VECTOR('',#9026,10.);
#2301=VECTOR('',#9031,10.);
#2302=VECTOR('',#9034,10.);
#2303=VECTOR('',#9043,10.);
#2304=VECTOR('',#9046,10.);
#2305=VECTOR('',#9047,10.);
#2306=VECTOR('',#9050,10.);
#2307=VECTOR('',#9051,10.);
#2308=VECTOR('',#9054,10.);
#2309=VECTOR('',#9057,10.);
#2310=VECTOR('',#9066,10.);
#2311=VECTOR('',#9067,10.);
#2312=VECTOR('',#9070,10.);
#2313=VECTOR('',#9071,10.);
#2314=VECTOR('',#9076,10.);
#2315=VECTOR('',#9079,10.);
#2316=VECTOR('',#9082,10.);
#2317=VECTOR('',#9083,10.);
#2318=VECTOR('',#9084,10.);
#2319=VECTOR('',#9087,10.);
#2320=VECTOR('',#9090,10.);
#2321=VECTOR('',#9093,10.);
#2322=VECTOR('',#9094,10.);
#2323=VECTOR('',#9095,10.);
#2324=VECTOR('',#9096,10.);
#2325=VECTOR('',#9097,10.);
#2326=VECTOR('',#9100,10.);
#2327=VECTOR('',#9103,10.);
#2328=VECTOR('',#9104,10.);
#2329=VECTOR('',#9105,10.);
#2330=VECTOR('',#9108,10.);
#2331=VECTOR('',#9109,10.);
#2332=VECTOR('',#9110,10.);
#2333=VECTOR('',#9113,10.);
#2334=VECTOR('',#9122,10.);
#2335=VECTOR('',#9125,10.);
#2336=VECTOR('',#9128,10.);
#2337=VECTOR('',#9129,10.);
#2338=VECTOR('',#9130,10.);
#2339=VECTOR('',#9131,10.);
#2340=VECTOR('',#9132,10.);
#2341=VECTOR('',#9133,10.);
#2342=VECTOR('',#9136,10.);
#2343=VECTOR('',#9143,10.);
#2344=VECTOR('',#9144,10.);
#2345=VECTOR('',#9151,10.);
#2346=VECTOR('',#9156,10.);
#2347=VECTOR('',#9157,10.);
#2348=VECTOR('',#9184,10.);
#2349=VECTOR('',#9195,10.);
#2350=VECTOR('',#9204,10.);
#2351=VECTOR('',#9209,10.);
#2352=VECTOR('',#9212,10.);
#2353=VECTOR('',#9223,10.);
#2354=VECTOR('',#9232,10.);
#2355=VECTOR('',#9243,10.);
#2356=VECTOR('',#9254,10.);
#2357=VECTOR('',#9255,10.);
#2358=VECTOR('',#9258,10.);
#2359=VECTOR('',#9261,10.);
#2360=VECTOR('',#9266,10.);
#2361=VECTOR('',#9271,10.);
#2362=VECTOR('',#9272,10.);
#2363=VECTOR('',#9287,10.);
#2364=VECTOR('',#9292,10.);
#2365=VECTOR('',#9293,10.);
#2366=VECTOR('',#9300,10.);
#2367=VECTOR('',#9303,10.);
#2368=VECTOR('',#9306,10.);
#2369=VECTOR('',#9329,10.);
#2370=VECTOR('',#9332,10.);
#2371=VECTOR('',#9335,10.);
#2372=VECTOR('',#9340,10.);
#2373=VECTOR('',#9343,10.);
#2374=VECTOR('',#9346,10.);
#2375=VECTOR('',#9351,10.);
#2376=VECTOR('',#9354,10.);
#2377=VECTOR('',#9357,10.);
#2378=VECTOR('',#9366,10.);
#2379=VECTOR('',#9377,10.);
#2380=VECTOR('',#9388,10.);
#2381=VECTOR('',#9389,10.);
#2382=VECTOR('',#9394,10.);
#2383=VECTOR('',#9397,10.);
#2384=VECTOR('',#9404,10.);
#2385=VECTOR('',#9409,10.);
#2386=VECTOR('',#9410,10.);
#2387=VECTOR('',#9411,10.);
#2388=VECTOR('',#9414,10.);
#2389=VECTOR('',#9415,10.);
#2390=VECTOR('',#9416,10.);
#2391=VECTOR('',#9417,10.);
#2392=VECTOR('',#9418,10.);
#2393=VECTOR('',#9419,10.);
#2394=VECTOR('',#9448,10.);
#2395=VECTOR('',#9457,10.);
#2396=VECTOR('',#9464,10.);
#2397=VECTOR('',#9469,10.);
#2398=VECTOR('',#9472,10.);
#2399=VECTOR('',#9477,10.);
#2400=VECTOR('',#9482,10.);
#2401=VECTOR('',#9487,10.);
#2402=VECTOR('',#9494,10.);
#2403=VECTOR('',#9503,10.);
#2404=VECTOR('',#9508,10.);
#2405=VECTOR('',#9511,10.);
#2406=VECTOR('',#9516,10.);
#2407=VECTOR('',#9521,10.);
#2408=VECTOR('',#9528,10.);
#2409=VECTOR('',#9529,10.);
#2410=VECTOR('',#9530,10.);
#2411=VECTOR('',#9535,10.);
#2412=VECTOR('',#9536,10.);
#2413=VECTOR('',#9551,10.);
#2414=VECTOR('',#9560,10.);
#2415=VECTOR('',#9571,10.);
#2416=VECTOR('',#9582,10.);
#2417=VECTOR('',#9593,10.);
#2418=VECTOR('',#9600,10.);
#2419=VECTOR('',#9603,10.);
#2420=VECTOR('',#9608,10.);
#2421=VECTOR('',#9613,10.);
#2422=VECTOR('',#9626,10.);
#2423=VECTOR('',#9637,10.);
#2424=VECTOR('',#9642,10.);
#2425=VECTOR('',#9645,10.);
#2426=VECTOR('',#9650,10.);
#2427=VECTOR('',#9661,10.);
#2428=VECTOR('',#9666,10.);
#2429=VECTOR('',#9673,10.);
#2430=VECTOR('',#9674,10.);
#2431=VECTOR('',#9677,10.);
#2432=VECTOR('',#9678,10.);
#2433=VECTOR('',#9683,10.);
#2434=VECTOR('',#9686,10.);
#2435=VECTOR('',#9689,10.);
#2436=VECTOR('',#9696,10.);
#2437=VECTOR('',#9697,10.);
#2438=VECTOR('',#9700,10.);
#2439=VECTOR('',#9701,10.);
#2440=VECTOR('',#9702,10.);
#2441=VECTOR('',#9705,10.);
#2442=VECTOR('',#9712,10.);
#2443=VECTOR('',#9715,10.);
#2444=VECTOR('',#9728,10.);
#2445=VECTOR('',#9729,10.);
#2446=VECTOR('',#9732,10.);
#2447=VECTOR('',#9739,10.);
#2448=VECTOR('',#9748,10.);
#2449=VECTOR('',#9765,10.);
#2450=VECTOR('',#9778,10.);
#2451=VECTOR('',#9785,10.);
#2452=VECTOR('',#9794,10.);
#2453=VECTOR('',#9799,10.);
#2454=VECTOR('',#9802,10.);
#2455=VECTOR('',#9809,10.);
#2456=VECTOR('',#9824,10.);
#2457=VECTOR('',#9835,10.);
#2458=VECTOR('',#9840,10.);
#2459=VECTOR('',#9843,10.);
#2460=VECTOR('',#9844,10.);
#2461=VECTOR('',#9847,10.);
#2462=VECTOR('',#9850,10.);
#2463=VECTOR('',#9851,10.);
#2464=VECTOR('',#9858,2.05);
#2465=VECTOR('',#9865,2.05);
#2466=VECTOR('',#9872,1.99999999999999);
#2467=VECTOR('',#9875,2.);
#2468=VECTOR('',#9878,2.1);
#2469=VECTOR('',#9881,2.1);
#2470=VECTOR('',#9884,2.1);
#2471=VECTOR('',#9887,2.1);
#2472=VECTOR('',#9896,10.);
#2473=VECTOR('',#9897,10.);
#2474=VECTOR('',#9900,10.);
#2475=VECTOR('',#9903,10.);
#2476=VECTOR('',#9916,10.);
#2477=VECTOR('',#9919,10.);
#2478=VECTOR('',#9922,10.);
#2479=VECTOR('',#9925,10.);
#2480=VECTOR('',#9930,10.);
#2481=VECTOR('',#9933,10.);
#2482=VECTOR('',#9940,10.);
#2483=VECTOR('',#9941,10.);
#2484=VECTOR('',#9942,10.);
#2485=VECTOR('',#9943,10.);
#2486=VECTOR('',#9946,10.);
#2487=VECTOR('',#9949,10.);
#2488=VECTOR('',#9954,10.);
#2489=VECTOR('',#9955,10.);
#2490=VECTOR('',#9956,10.);
#2491=VECTOR('',#9957,10.);
#2492=VECTOR('',#9960,10.);
#2493=VECTOR('',#9961,10.);
#2494=VECTOR('',#9970,10.);
#2495=VECTOR('',#9973,10.);
#2496=VECTOR('',#9976,10.);
#2497=VECTOR('',#9979,10.);
#2498=VECTOR('',#9982,10.);
#2499=VECTOR('',#9983,10.);
#2500=VECTOR('',#9986,10.);
#2501=VECTOR('',#9987,10.);
#2502=VECTOR('',#9988,10.);
#2503=VECTOR('',#9991,10.);
#2504=VECTOR('',#9992,10.);
#2505=VECTOR('',#9995,10.);
#2506=VECTOR('',#10000,10.);
#2507=VECTOR('',#10001,10.);
#2508=VECTOR('',#10002,10.);
#2509=VECTOR('',#10003,10.);
#2510=VECTOR('',#10006,10.);
#2511=VECTOR('',#10011,10.);
#2512=VECTOR('',#10014,10.);
#2513=VECTOR('',#10019,10.);
#2514=VECTOR('',#10022,10.);
#2515=VECTOR('',#10031,10.);
#2516=VECTOR('',#10034,10.);
#2517=VECTOR('',#10043,10.);
#2518=VECTOR('',#10046,10.);
#2519=VECTOR('',#10057,10.);
#2520=VECTOR('',#10060,10.);
#2521=VECTOR('',#10063,10.);
#2522=VECTOR('',#10064,10.);
#2523=VECTOR('',#10069,10.);
#2524=VECTOR('',#10074,10.);
#2525=VECTOR('',#10075,10.);
#2526=VECTOR('',#10076,10.);
#2527=VECTOR('',#10077,10.);
#2528=VECTOR('',#10078,10.);
#2529=VECTOR('',#10079,10.);
#2530=VECTOR('',#10082,10.);
#2531=VECTOR('',#10085,10.);
#2532=VECTOR('',#10088,10.);
#2533=VECTOR('',#10089,10.);
#2534=VECTOR('',#10090,10.);
#2535=VECTOR('',#10093,10.);
#2536=VECTOR('',#10096,10.);
#2537=VECTOR('',#10099,10.);
#2538=VECTOR('',#10100,10.);
#2539=VECTOR('',#10101,10.);
#2540=VECTOR('',#10116,10.);
#2541=VECTOR('',#10125,10.);
#2542=VECTOR('',#10134,10.);
#2543=VECTOR('',#10137,10.);
#2544=VECTOR('',#10150,10.);
#2545=VECTOR('',#10155,10.);
#2546=VECTOR('',#10156,10.);
#2547=VECTOR('',#10157,10.);
#2548=VECTOR('',#10158,10.);
#2549=VECTOR('',#10161,10.);
#2550=VECTOR('',#10168,10.);
#2551=VECTOR('',#10171,10.);
#2552=VECTOR('',#10176,10.);
#2553=VECTOR('',#10179,10.);
#2554=VECTOR('',#10190,10.);
#2555=VECTOR('',#10195,10.);
#2556=VECTOR('',#10196,10.);
#2557=VECTOR('',#10199,10.);
#2558=VECTOR('',#10204,10.);
#2559=VECTOR('',#10207,10.);
#2560=VECTOR('',#10208,10.);
#2561=VECTOR('',#10209,10.);
#2562=VECTOR('',#10216,10.);
#2563=VECTOR('',#10219,10.);
#2564=VECTOR('',#10228,10.);
#2565=VECTOR('',#10231,10.);
#2566=VECTOR('',#10232,10.);
#2567=VECTOR('',#10235,10.);
#2568=VECTOR('',#10236,10.);
#2569=VECTOR('',#10239,10.);
#2570=VECTOR('',#10242,10.);
#2571=VECTOR('',#10251,10.);
#2572=VECTOR('',#10252,10.);
#2573=VECTOR('',#10255,10.);
#2574=VECTOR('',#10256,10.);
#2575=VECTOR('',#10261,10.);
#2576=VECTOR('',#10264,10.);
#2577=VECTOR('',#10267,10.);
#2578=VECTOR('',#10268,10.);
#2579=VECTOR('',#10269,10.);
#2580=VECTOR('',#10272,10.);
#2581=VECTOR('',#10275,10.);
#2582=VECTOR('',#10278,10.);
#2583=VECTOR('',#10279,10.);
#2584=VECTOR('',#10280,10.);
#2585=VECTOR('',#10281,10.);
#2586=VECTOR('',#10282,10.);
#2587=VECTOR('',#10285,10.);
#2588=VECTOR('',#10288,10.);
#2589=VECTOR('',#10289,10.);
#2590=VECTOR('',#10290,10.);
#2591=VECTOR('',#10293,10.);
#2592=VECTOR('',#10294,10.);
#2593=VECTOR('',#10295,10.);
#2594=VECTOR('',#10298,10.);
#2595=VECTOR('',#10307,10.);
#2596=VECTOR('',#10310,10.);
#2597=VECTOR('',#10313,10.);
#2598=VECTOR('',#10314,10.);
#2599=VECTOR('',#10315,10.);
#2600=VECTOR('',#10316,10.);
#2601=VECTOR('',#10317,10.);
#2602=VECTOR('',#10318,10.);
#2603=VECTOR('',#10321,10.);
#2604=VECTOR('',#10328,10.);
#2605=VECTOR('',#10329,10.);
#2606=VECTOR('',#10336,10.);
#2607=VECTOR('',#10341,10.);
#2608=VECTOR('',#10342,10.);
#2609=VECTOR('',#10369,10.);
#2610=VECTOR('',#10380,10.);
#2611=VECTOR('',#10389,10.);
#2612=VECTOR('',#10394,10.);
#2613=VECTOR('',#10397,10.);
#2614=VECTOR('',#10408,10.);
#2615=VECTOR('',#10417,10.);
#2616=VECTOR('',#10428,10.);
#2617=VECTOR('',#10439,10.);
#2618=VECTOR('',#10440,10.);
#2619=VECTOR('',#10443,10.);
#2620=VECTOR('',#10446,10.);
#2621=VECTOR('',#10451,10.);
#2622=VECTOR('',#10456,10.);
#2623=VECTOR('',#10457,10.);
#2624=VECTOR('',#10472,10.);
#2625=VECTOR('',#10477,10.);
#2626=VECTOR('',#10478,10.);
#2627=VECTOR('',#10485,10.);
#2628=VECTOR('',#10488,10.);
#2629=VECTOR('',#10491,10.);
#2630=VECTOR('',#10514,10.);
#2631=VECTOR('',#10517,10.);
#2632=VECTOR('',#10520,10.);
#2633=VECTOR('',#10525,10.);
#2634=VECTOR('',#10528,10.);
#2635=VECTOR('',#10533,10.);
#2636=VECTOR('',#10538,10.);
#2637=VECTOR('',#10541,10.);
#2638=VECTOR('',#10544,10.);
#2639=VECTOR('',#10553,10.);
#2640=VECTOR('',#10564,10.);
#2641=VECTOR('',#10575,10.);
#2642=VECTOR('',#10576,10.);
#2643=VECTOR('',#10581,10.);
#2644=VECTOR('',#10584,10.);
#2645=VECTOR('',#10591,10.);
#2646=VECTOR('',#10596,10.);
#2647=VECTOR('',#10597,10.);
#2648=VECTOR('',#10598,10.);
#2649=VECTOR('',#10601,10.);
#2650=VECTOR('',#10602,10.);
#2651=VECTOR('',#10603,10.);
#2652=VECTOR('',#10604,10.);
#2653=VECTOR('',#10605,10.);
#2654=VECTOR('',#10606,10.);
#2655=VECTOR('',#10635,10.);
#2656=VECTOR('',#10644,10.);
#2657=VECTOR('',#10651,10.);
#2658=VECTOR('',#10656,10.);
#2659=VECTOR('',#10659,10.);
#2660=VECTOR('',#10666,10.);
#2661=VECTOR('',#10671,10.);
#2662=VECTOR('',#10676,10.);
#2663=VECTOR('',#10683,10.);
#2664=VECTOR('',#10692,10.);
#2665=VECTOR('',#10697,10.);
#2666=VECTOR('',#10700,10.);
#2667=VECTOR('',#10705,10.);
#2668=VECTOR('',#10710,10.);
#2669=VECTOR('',#10717,10.);
#2670=VECTOR('',#10718,10.);
#2671=VECTOR('',#10719,10.);
#2672=VECTOR('',#10724,10.);
#2673=VECTOR('',#10725,10.);
#2674=VECTOR('',#10740,10.);
#2675=VECTOR('',#10749,10.);
#2676=VECTOR('',#10760,10.);
#2677=VECTOR('',#10771,10.);
#2678=VECTOR('',#10782,10.);
#2679=VECTOR('',#10789,10.);
#2680=VECTOR('',#10794,10.);
#2681=VECTOR('',#10799,10.);
#2682=VECTOR('',#10806,10.);
#2683=VECTOR('',#10819,10.);
#2684=VECTOR('',#10830,10.);
#2685=VECTOR('',#10835,10.);
#2686=VECTOR('',#10838,10.);
#2687=VECTOR('',#10843,10.);
#2688=VECTOR('',#10854,10.);
#2689=VECTOR('',#10859,10.);
#2690=VECTOR('',#10866,10.);
#2691=VECTOR('',#10867,10.);
#2692=VECTOR('',#10870,10.);
#2693=VECTOR('',#10871,10.);
#2694=VECTOR('',#10876,10.);
#2695=VECTOR('',#10879,10.);
#2696=VECTOR('',#10882,10.);
#2697=VECTOR('',#10889,10.);
#2698=VECTOR('',#10890,10.);
#2699=VECTOR('',#10893,10.);
#2700=VECTOR('',#10894,10.);
#2701=VECTOR('',#10895,10.);
#2702=VECTOR('',#10898,10.);
#2703=VECTOR('',#10905,10.);
#2704=VECTOR('',#10908,10.);
#2705=VECTOR('',#10921,10.);
#2706=VECTOR('',#10922,10.);
#2707=VECTOR('',#10925,10.);
#2708=VECTOR('',#10932,10.);
#2709=VECTOR('',#10941,10.);
#2710=VECTOR('',#10958,10.);
#2711=VECTOR('',#10971,10.);
#2712=VECTOR('',#10978,10.);
#2713=VECTOR('',#10989,10.);
#2714=VECTOR('',#10994,10.);
#2715=VECTOR('',#10997,10.);
#2716=VECTOR('',#11004,10.);
#2717=VECTOR('',#11019,10.);
#2718=VECTOR('',#11030,10.);
#2719=VECTOR('',#11035,10.);
#2720=VECTOR('',#11038,10.);
#2721=VECTOR('',#11039,10.);
#2722=VECTOR('',#11042,10.);
#2723=VECTOR('',#11045,10.);
#2724=VECTOR('',#11046,10.);
#2725=VECTOR('',#11059,2.4);
#2726=VECTOR('',#11062,2.05);
#2727=VECTOR('',#11075,2.4);
#2728=VECTOR('',#11078,2.05);
#2729=VECTOR('',#11085,1.99999999999999);
#2730=VECTOR('',#11088,2.);
#2731=VECTOR('',#11097,2.4);
#2732=VECTOR('',#11100,2.1);
#2733=VECTOR('',#11109,2.4);
#2734=VECTOR('',#11112,2.1);
#2735=VECTOR('',#11121,2.4);
#2736=VECTOR('',#11124,2.1);
#2737=VECTOR('',#11133,2.4);
#2738=VECTOR('',#11136,2.1);
#2739=VECTOR('',#11145,10.);
#2740=VECTOR('',#11146,10.);
#2741=VECTOR('',#11149,10.);
#2742=VECTOR('',#11152,10.);
#2743=CIRCLE('',#7649,2.4);
#2744=CIRCLE('',#7650,2.1);
#2745=CIRCLE('',#7651,2.1);
#2746=CIRCLE('',#7653,2.4);
#2747=CIRCLE('',#7654,2.1);
#2748=CIRCLE('',#7655,2.1);
#2749=CIRCLE('',#7657,2.4);
#2750=CIRCLE('',#7658,2.1);
#2751=CIRCLE('',#7659,2.1);
#2752=CIRCLE('',#7661,2.4);
#2753=CIRCLE('',#7662,2.1);
#2754=CIRCLE('',#7664,2.05);
#2755=CIRCLE('',#7666,2.4);
#2756=CIRCLE('',#7667,2.1);
#2757=CIRCLE('',#7669,2.05);
#2758=CIRCLE('',#7671,2.4);
#2759=CIRCLE('',#7672,2.1);
#2760=CIRCLE('',#7673,2.1);
#2761=CIRCLE('',#7675,2.4);
#2762=CIRCLE('',#7676,2.1);
#2763=CIRCLE('',#7677,2.1);
#2764=CIRCLE('',#7679,2.4);
#2765=CIRCLE('',#7680,2.1);
#2766=CIRCLE('',#7681,2.1);
#2767=CIRCLE('',#7683,2.1);
#2768=CIRCLE('',#7685,2.1);
#2769=CIRCLE('',#7687,1.);
#2770=CIRCLE('',#7690,0.999999999999996);
#2771=CIRCLE('',#7695,0.999999999999992);
#2772=CIRCLE('',#7697,1.);
#2773=CIRCLE('',#7702,0.800000000000001);
#2774=CIRCLE('',#7706,1.);
#2775=CIRCLE('',#7711,2.);
#2776=CIRCLE('',#7713,0.800000000000001);
#2777=CIRCLE('',#7717,1.00000000000001);
#2778=CIRCLE('',#7718,1.00000000000001);
#2779=CIRCLE('',#7720,0.999999999999999);
#2780=CIRCLE('',#7721,1.00000000000001);
#2781=CIRCLE('',#7723,1.);
#2782=CIRCLE('',#7725,0.999999999999992);
#2783=CIRCLE('',#7726,1.00000000000001);
#2784=CIRCLE('',#7728,1.);
#2785=CIRCLE('',#7730,1.);
#2786=CIRCLE('',#7731,1.00000000000001);
#2787=CIRCLE('',#7733,1.);
#2788=CIRCLE('',#7735,1.);
#2789=CIRCLE('',#7737,1.00000000000004);
#2790=CIRCLE('',#7739,1.99999999999999);
#2791=CIRCLE('',#7741,1.);
#2792=CIRCLE('',#7743,2.2);
#2793=CIRCLE('',#7744,2.2);
#2794=CIRCLE('',#7745,0.3);
#2795=CIRCLE('',#7746,0.300000000000003);
#2796=CIRCLE('',#7747,2.20000000000003);
#2797=CIRCLE('',#7748,2.20000000000001);
#2798=CIRCLE('',#7749,2.1);
#2799=CIRCLE('',#7750,2.1);
#2800=CIRCLE('',#7751,2.1);
#2801=CIRCLE('',#7752,2.1);
#2802=CIRCLE('',#7755,1.);
#2803=CIRCLE('',#7756,1.00000000000001);
#2804=CIRCLE('',#7758,0.999999999999996);
#2805=CIRCLE('',#7759,1.);
#2806=CIRCLE('',#7761,1.);
#2807=CIRCLE('',#7763,0.999999999999996);
#2808=CIRCLE('',#7764,1.);
#2809=CIRCLE('',#7766,1.);
#2810=CIRCLE('',#7767,0.999999999999995);
#2811=CIRCLE('',#7769,0.999999999999995);
#2812=CIRCLE('',#7771,0.999999999999996);
#2813=CIRCLE('',#7774,0.999999999999996);
#2814=CIRCLE('',#7776,1.00000000000001);
#2815=CIRCLE('',#7777,0.999999999999996);
#2816=CIRCLE('',#7779,1.);
#2817=CIRCLE('',#7782,0.999999999999995);
#2818=CIRCLE('',#7784,0.999999999999995);
#2819=CIRCLE('',#7786,1.00000000000001);
#2820=CIRCLE('',#7789,1.);
#2821=CIRCLE('',#7791,1.);
#2822=CIRCLE('',#7794,0.999999999999996);
#2823=CIRCLE('',#7796,0.999999999999998);
#2824=CIRCLE('',#7797,0.999999999999995);
#2825=CIRCLE('',#7799,1.);
#2826=CIRCLE('',#7800,1.);
#2827=CIRCLE('',#7802,1.);
#2828=CIRCLE('',#7804,0.999999999999995);
#2829=CIRCLE('',#7805,0.999999999999985);
#2830=CIRCLE('',#7809,2.20000000000001);
#2831=CIRCLE('',#7810,2.20000000000003);
#2832=CIRCLE('',#7811,0.300000000000003);
#2833=CIRCLE('',#7812,0.3);
#2834=CIRCLE('',#7813,2.2);
#2835=CIRCLE('',#7814,2.2);
#2836=CIRCLE('',#7815,2.);
#2837=CIRCLE('',#7816,2.);
#2838=CIRCLE('',#7817,2.);
#2839=CIRCLE('',#7826,1.00000000000001);
#2840=CIRCLE('',#7828,0.999999999999996);
#2841=CIRCLE('',#7830,1.);
#2842=CIRCLE('',#7832,0.999999999999996);
#2843=CIRCLE('',#7835,1.00000000000001);
#2844=CIRCLE('',#7836,1.);
#2845=CIRCLE('',#7839,1.00000000000001);
#2846=CIRCLE('',#7843,1.00000000000001);
#2847=CIRCLE('',#7844,1.20000000000001);
#2848=CIRCLE('',#7846,0.999999999999979);
#2849=CIRCLE('',#7848,1.);
#2850=CIRCLE('',#7849,1.20000000000003);
#2851=CIRCLE('',#7851,1.);
#2852=CIRCLE('',#7852,0.999999999999979);
#2853=CIRCLE('',#7853,1.3);
#2854=CIRCLE('',#7855,1.00000000000001);
#2855=CIRCLE('',#7857,1.00000000000001);
#2856=CIRCLE('',#7858,1.);
#2857=CIRCLE('',#7860,1.);
#2858=CIRCLE('',#7862,1.00000000000001);
#2859=CIRCLE('',#7863,1.);
#2860=CIRCLE('',#7864,1.);
#2861=CIRCLE('',#7865,1.3);
#2862=CIRCLE('',#7867,1.);
#2863=CIRCLE('',#7869,0.999999999999979);
#2864=CIRCLE('',#7870,1.20000000000003);
#2865=CIRCLE('',#7872,1.00000000000001);
#2866=CIRCLE('',#7874,1.20000000000001);
#2867=CIRCLE('',#7876,1.);
#2868=CIRCLE('',#7882,0.999999999999999);
#2869=CIRCLE('',#7885,1.);
#2870=CIRCLE('',#7887,1.);
#2871=CIRCLE('',#7888,1.00000000000001);
#2872=CIRCLE('',#7889,1.00000000000001);
#2873=CIRCLE('',#7892,1.00000000000001);
#2874=CIRCLE('',#7896,1.);
#2875=CIRCLE('',#7903,0.800000000000018);
#2876=CIRCLE('',#7906,0.800000000000031);
#2877=CIRCLE('',#7911,0.8);
#2878=CIRCLE('',#7913,1.);
#2879=CIRCLE('',#7915,0.8);
#2880=CIRCLE('',#7918,0.999999999999996);
#2881=CIRCLE('',#7920,1.);
#2882=CIRCLE('',#7921,0.999999999999995);
#2883=CIRCLE('',#7923,1.99999999999999);
#2884=CIRCLE('',#7924,1.99999999999999);
#2885=CIRCLE('',#7927,0.999999999999999);
#2886=CIRCLE('',#7929,1.);
#2887=CIRCLE('',#7930,1.00000000000001);
#2888=CIRCLE('',#7932,1.);
#2889=CIRCLE('',#7934,1.);
#2890=CIRCLE('',#7935,1.00000000000001);
#2891=CIRCLE('',#7937,1.);
#2892=CIRCLE('',#7939,0.8);
#2893=CIRCLE('',#7945,0.800000000000001);
#2894=CIRCLE('',#7946,0.799999999999983);
#2895=CIRCLE('',#7952,1.);
#2896=CIRCLE('',#7954,0.8);
#2897=CIRCLE('',#7955,0.800000000000001);
#2898=CIRCLE('',#7957,0.800000000000001);
#2899=CIRCLE('',#7959,0.800000000000001);
#2900=CIRCLE('',#7961,0.800000000000001);
#2901=CIRCLE('',#7963,0.800000000000001);
#2902=CIRCLE('',#7965,1.8);
#2903=CIRCLE('',#7966,0.2);
#2904=CIRCLE('',#7968,0.800000000000001);
#2905=CIRCLE('',#7971,0.8);
#2906=CIRCLE('',#7972,0.800000000000001);
#2907=CIRCLE('',#7973,1.);
#2908=CIRCLE('',#7975,0.999999999999996);
#2909=CIRCLE('',#7977,1.);
#2910=CIRCLE('',#7979,1.);
#2911=CIRCLE('',#7981,1.);
#2912=CIRCLE('',#7985,0.999999999999999);
#2913=CIRCLE('',#7987,1.);
#2914=CIRCLE('',#7989,2.);
#2915=CIRCLE('',#7990,2.);
#2916=CIRCLE('',#7992,1.);
#2917=CIRCLE('',#7994,1.);
#2918=CIRCLE('',#7995,1.);
#2919=CIRCLE('',#7997,1.);
#2920=CIRCLE('',#7998,1.);
#2921=CIRCLE('',#7999,1.3);
#2922=CIRCLE('',#8001,1.);
#2923=CIRCLE('',#8003,1.);
#2924=CIRCLE('',#8004,1.2);
#2925=CIRCLE('',#8006,1.);
#2926=CIRCLE('',#8008,1.);
#2927=CIRCLE('',#8009,1.2);
#2928=CIRCLE('',#8011,1.);
#2929=CIRCLE('',#8013,1.);
#2930=CIRCLE('',#8014,1.);
#2931=CIRCLE('',#8016,1.);
#2932=CIRCLE('',#8018,1.);
#2933=CIRCLE('',#8021,1.);
#2934=CIRCLE('',#8024,1.);
#2935=CIRCLE('',#8025,1.);
#2936=CIRCLE('',#8027,1.);
#2937=CIRCLE('',#8028,1.2);
#2938=CIRCLE('',#8030,1.);
#2939=CIRCLE('',#8032,1.);
#2940=CIRCLE('',#8033,1.2);
#2941=CIRCLE('',#8035,1.);
#2942=CIRCLE('',#8036,1.3);
#2943=CIRCLE('',#8038,1.);
#2944=CIRCLE('',#8040,1.);
#2945=CIRCLE('',#8042,1.);
#2946=CIRCLE('',#8044,1.);
#2947=CIRCLE('',#8046,1.);
#2948=CIRCLE('',#8049,0.999999999999996);
#2949=CIRCLE('',#8054,0.800000000000001);
#2950=CIRCLE('',#8056,0.999999999999996);
#2951=CIRCLE('',#8058,1.);
#2952=CIRCLE('',#8061,0.999999999999996);
#2953=CIRCLE('',#8063,1.);
#2954=CIRCLE('',#8064,0.999999999999996);
#2955=CIRCLE('',#8066,1.);
#2956=CIRCLE('',#8068,1.);
#2957=CIRCLE('',#8069,1.);
#2958=CIRCLE('',#8072,1.);
#2959=CIRCLE('',#8073,2.);
#2960=CIRCLE('',#8076,1.);
#2961=CIRCLE('',#8080,0.999999999999999);
#2962=CIRCLE('',#8082,0.999999999999995);
#2963=CIRCLE('',#8084,1.);
#2964=CIRCLE('',#8087,2.);
#2965=CIRCLE('',#8089,1.);
#2966=CIRCLE('',#8090,1.);
#2967=CIRCLE('',#8092,1.);
#2968=CIRCLE('',#8094,1.);
#2969=CIRCLE('',#8097,1.);
#2970=CIRCLE('',#8105,0.999999999999996);
#2971=CIRCLE('',#8107,1.);
#2972=CIRCLE('',#8109,1.00000000000001);
#2973=CIRCLE('',#8110,1.);
#2974=CIRCLE('',#8111,1.);
#2975=CIRCLE('',#8114,1.);
#2976=CIRCLE('',#8115,1.);
#2977=CIRCLE('',#8116,1.);
#2978=CIRCLE('',#8126,2.05);
#2979=CIRCLE('',#8129,2.05);
#2980=CIRCLE('',#8148,1.);
#2981=CIRCLE('',#8151,0.999999999999996);
#2982=CIRCLE('',#8156,0.999999999999992);
#2983=CIRCLE('',#8158,1.);
#2984=CIRCLE('',#8163,0.800000000000001);
#2985=CIRCLE('',#8167,1.);
#2986=CIRCLE('',#8172,2.);
#2987=CIRCLE('',#8174,0.800000000000001);
#2988=CIRCLE('',#8178,1.00000000000001);
#2989=CIRCLE('',#8179,1.00000000000001);
#2990=CIRCLE('',#8181,0.999999999999999);
#2991=CIRCLE('',#8182,1.00000000000001);
#2992=CIRCLE('',#8184,1.);
#2993=CIRCLE('',#8186,0.999999999999992);
#2994=CIRCLE('',#8187,1.00000000000001);
#2995=CIRCLE('',#8189,1.);
#2996=CIRCLE('',#8191,1.);
#2997=CIRCLE('',#8192,1.00000000000001);
#2998=CIRCLE('',#8194,1.);
#2999=CIRCLE('',#8196,1.);
#3000=CIRCLE('',#8198,1.00000000000004);
#3001=CIRCLE('',#8200,1.99999999999999);
#3002=CIRCLE('',#8202,1.);
#3003=CIRCLE('',#8204,2.2);
#3004=CIRCLE('',#8205,2.2);
#3005=CIRCLE('',#8206,0.3);
#3006=CIRCLE('',#8207,0.300000000000003);
#3007=CIRCLE('',#8208,2.20000000000003);
#3008=CIRCLE('',#8209,2.20000000000001);
#3009=CIRCLE('',#8210,2.1);
#3010=CIRCLE('',#8211,2.1);
#3011=CIRCLE('',#8212,2.1);
#3012=CIRCLE('',#8213,2.1);
#3013=CIRCLE('',#8216,1.);
#3014=CIRCLE('',#8217,1.00000000000001);
#3015=CIRCLE('',#8219,0.999999999999996);
#3016=CIRCLE('',#8220,1.);
#3017=CIRCLE('',#8222,1.);
#3018=CIRCLE('',#8224,0.999999999999996);
#3019=CIRCLE('',#8225,1.);
#3020=CIRCLE('',#8227,1.);
#3021=CIRCLE('',#8228,0.999999999999995);
#3022=CIRCLE('',#8230,0.999999999999995);
#3023=CIRCLE('',#8232,0.999999999999996);
#3024=CIRCLE('',#8235,0.999999999999996);
#3025=CIRCLE('',#8237,1.00000000000001);
#3026=CIRCLE('',#8238,0.999999999999996);
#3027=CIRCLE('',#8240,1.);
#3028=CIRCLE('',#8243,0.999999999999995);
#3029=CIRCLE('',#8245,0.999999999999995);
#3030=CIRCLE('',#8247,1.00000000000001);
#3031=CIRCLE('',#8250,1.);
#3032=CIRCLE('',#8252,1.);
#3033=CIRCLE('',#8253,2.4);
#3034=CIRCLE('',#8256,0.999999999999996);
#3035=CIRCLE('',#8258,0.999999999999998);
#3036=CIRCLE('',#8259,0.999999999999995);
#3037=CIRCLE('',#8261,1.);
#3038=CIRCLE('',#8262,1.);
#3039=CIRCLE('',#8264,1.);
#3040=CIRCLE('',#8266,0.999999999999995);
#3041=CIRCLE('',#8267,0.999999999999985);
#3042=CIRCLE('',#8271,2.20000000000001);
#3043=CIRCLE('',#8272,2.20000000000003);
#3044=CIRCLE('',#8273,0.300000000000003);
#3045=CIRCLE('',#8274,0.3);
#3046=CIRCLE('',#8275,2.2);
#3047=CIRCLE('',#8276,2.2);
#3048=CIRCLE('',#8277,2.);
#3049=CIRCLE('',#8278,2.);
#3050=CIRCLE('',#8279,2.);
#3051=CIRCLE('',#8288,1.00000000000001);
#3052=CIRCLE('',#8290,0.999999999999996);
#3053=CIRCLE('',#8292,1.);
#3054=CIRCLE('',#8294,0.999999999999996);
#3055=CIRCLE('',#8297,1.00000000000001);
#3056=CIRCLE('',#8298,1.);
#3057=CIRCLE('',#8301,1.00000000000001);
#3058=CIRCLE('',#8305,1.00000000000001);
#3059=CIRCLE('',#8306,1.20000000000001);
#3060=CIRCLE('',#8308,0.999999999999979);
#3061=CIRCLE('',#8310,1.);
#3062=CIRCLE('',#8311,1.20000000000003);
#3063=CIRCLE('',#8313,1.);
#3064=CIRCLE('',#8314,0.999999999999979);
#3065=CIRCLE('',#8315,1.3);
#3066=CIRCLE('',#8317,1.00000000000001);
#3067=CIRCLE('',#8319,1.00000000000001);
#3068=CIRCLE('',#8320,1.);
#3069=CIRCLE('',#8322,1.);
#3070=CIRCLE('',#8324,1.00000000000001);
#3071=CIRCLE('',#8325,1.);
#3072=CIRCLE('',#8326,1.);
#3073=CIRCLE('',#8327,1.3);
#3074=CIRCLE('',#8329,1.);
#3075=CIRCLE('',#8331,0.999999999999979);
#3076=CIRCLE('',#8332,1.20000000000003);
#3077=CIRCLE('',#8334,1.00000000000001);
#3078=CIRCLE('',#8336,1.20000000000001);
#3079=CIRCLE('',#8338,1.);
#3080=CIRCLE('',#8344,0.999999999999999);
#3081=CIRCLE('',#8347,1.);
#3082=CIRCLE('',#8349,1.);
#3083=CIRCLE('',#8350,1.00000000000001);
#3084=CIRCLE('',#8351,1.00000000000001);
#3085=CIRCLE('',#8354,1.00000000000001);
#3086=CIRCLE('',#8358,1.);
#3087=CIRCLE('',#8365,0.800000000000018);
#3088=CIRCLE('',#8368,0.800000000000031);
#3089=CIRCLE('',#8373,0.8);
#3090=CIRCLE('',#8375,1.);
#3091=CIRCLE('',#8376,2.4);
#3092=CIRCLE('',#8378,0.8);
#3093=CIRCLE('',#8381,0.999999999999996);
#3094=CIRCLE('',#8383,1.);
#3095=CIRCLE('',#8384,0.999999999999995);
#3096=CIRCLE('',#8386,1.99999999999999);
#3097=CIRCLE('',#8387,1.99999999999999);
#3098=CIRCLE('',#8390,0.999999999999999);
#3099=CIRCLE('',#8392,1.);
#3100=CIRCLE('',#8393,1.00000000000001);
#3101=CIRCLE('',#8395,1.);
#3102=CIRCLE('',#8397,1.);
#3103=CIRCLE('',#8398,1.00000000000001);
#3104=CIRCLE('',#8400,1.);
#3105=CIRCLE('',#8402,0.8);
#3106=CIRCLE('',#8408,0.800000000000001);
#3107=CIRCLE('',#8409,0.799999999999983);
#3108=CIRCLE('',#8415,1.);
#3109=CIRCLE('',#8417,0.8);
#3110=CIRCLE('',#8418,0.800000000000001);
#3111=CIRCLE('',#8420,0.800000000000001);
#3112=CIRCLE('',#8422,0.800000000000001);
#3113=CIRCLE('',#8424,0.800000000000001);
#3114=CIRCLE('',#8426,0.800000000000001);
#3115=CIRCLE('',#8428,1.8);
#3116=CIRCLE('',#8429,0.2);
#3117=CIRCLE('',#8430,2.4);
#3118=CIRCLE('',#8432,0.800000000000001);
#3119=CIRCLE('',#8435,0.8);
#3120=CIRCLE('',#8436,0.800000000000001);
#3121=CIRCLE('',#8437,1.);
#3122=CIRCLE('',#8439,0.999999999999996);
#3123=CIRCLE('',#8441,1.);
#3124=CIRCLE('',#8443,1.);
#3125=CIRCLE('',#8445,1.);
#3126=CIRCLE('',#8449,0.999999999999999);
#3127=CIRCLE('',#8451,1.);
#3128=CIRCLE('',#8453,2.);
#3129=CIRCLE('',#8454,2.);
#3130=CIRCLE('',#8456,1.);
#3131=CIRCLE('',#8458,1.);
#3132=CIRCLE('',#8459,1.);
#3133=CIRCLE('',#8461,1.);
#3134=CIRCLE('',#8462,1.);
#3135=CIRCLE('',#8463,1.3);
#3136=CIRCLE('',#8465,1.);
#3137=CIRCLE('',#8467,1.);
#3138=CIRCLE('',#8468,1.2);
#3139=CIRCLE('',#8470,1.);
#3140=CIRCLE('',#8472,1.);
#3141=CIRCLE('',#8473,1.2);
#3142=CIRCLE('',#8475,1.);
#3143=CIRCLE('',#8477,1.);
#3144=CIRCLE('',#8478,1.);
#3145=CIRCLE('',#8480,1.);
#3146=CIRCLE('',#8482,1.);
#3147=CIRCLE('',#8484,2.4);
#3148=CIRCLE('',#8486,1.);
#3149=CIRCLE('',#8488,2.4);
#3150=CIRCLE('',#8490,1.);
#3151=CIRCLE('',#8491,1.);
#3152=CIRCLE('',#8493,1.);
#3153=CIRCLE('',#8494,1.2);
#3154=CIRCLE('',#8496,1.);
#3155=CIRCLE('',#8498,1.);
#3156=CIRCLE('',#8499,1.2);
#3157=CIRCLE('',#8501,1.);
#3158=CIRCLE('',#8502,1.3);
#3159=CIRCLE('',#8504,1.);
#3160=CIRCLE('',#8506,1.);
#3161=CIRCLE('',#8508,1.);
#3162=CIRCLE('',#8510,1.);
#3163=CIRCLE('',#8512,1.);
#3164=CIRCLE('',#8515,0.999999999999996);
#3165=CIRCLE('',#8520,0.800000000000001);
#3166=CIRCLE('',#8522,0.999999999999996);
#3167=CIRCLE('',#8524,1.);
#3168=CIRCLE('',#8527,0.999999999999996);
#3169=CIRCLE('',#8529,1.);
#3170=CIRCLE('',#8530,0.999999999999996);
#3171=CIRCLE('',#8532,1.);
#3172=CIRCLE('',#8534,1.);
#3173=CIRCLE('',#8535,1.);
#3174=CIRCLE('',#8538,1.);
#3175=CIRCLE('',#8539,2.);
#3176=CIRCLE('',#8542,1.);
#3177=CIRCLE('',#8546,0.999999999999999);
#3178=CIRCLE('',#8548,0.999999999999995);
#3179=CIRCLE('',#8550,1.);
#3180=CIRCLE('',#8553,2.);
#3181=CIRCLE('',#8555,1.);
#3182=CIRCLE('',#8556,1.);
#3183=CIRCLE('',#8558,1.);
#3184=CIRCLE('',#8560,1.);
#3185=CIRCLE('',#8563,1.);
#3186=CIRCLE('',#8565,2.4);
#3187=CIRCLE('',#8572,0.999999999999996);
#3188=CIRCLE('',#8574,1.);
#3189=CIRCLE('',#8576,1.00000000000001);
#3190=CIRCLE('',#8577,1.);
#3191=CIRCLE('',#8578,1.);
#3192=CIRCLE('',#8581,1.);
#3193=CIRCLE('',#8582,1.);
#3194=CIRCLE('',#8583,1.);
#3195=CIRCLE('',#8593,2.4);
#3196=CIRCLE('',#8594,2.05);
#3197=CIRCLE('',#8597,2.05);
#3198=CIRCLE('',#8600,2.4);
#3199=CIRCLE('',#8601,2.05);
#3200=CIRCLE('',#8604,2.05);
#3201=CIRCLE('',#8609,2.4);
#3202=CIRCLE('',#8610,2.1);
#3203=CIRCLE('',#8614,2.4);
#3204=CIRCLE('',#8615,2.1);
#3205=CIRCLE('',#8619,2.4);
#3206=CIRCLE('',#8620,2.1);
#3207=CIRCLE('',#8624,2.4);
#3208=CIRCLE('',#8625,2.1);
#3209=VERTEX_POINT('',#11166);
#3210=VERTEX_POINT('',#11168);
#3211=VERTEX_POINT('',#11170);
#3212=VERTEX_POINT('',#11174);
#3213=VERTEX_POINT('',#11176);
#3214=VERTEX_POINT('',#11178);
#3215=VERTEX_POINT('',#11182);
#3216=VERTEX_POINT('',#11184);
#3217=VERTEX_POINT('',#11186);
#3218=VERTEX_POINT('',#11190);
#3219=VERTEX_POINT('',#11192);
#3220=VERTEX_POINT('',#11196);
#3221=VERTEX_POINT('',#11199);
#3222=VERTEX_POINT('',#11201);
#3223=VERTEX_POINT('',#11205);
#3224=VERTEX_POINT('',#11208);
#3225=VERTEX_POINT('',#11210);
#3226=VERTEX_POINT('',#11212);
#3227=VERTEX_POINT('',#11216);
#3228=VERTEX_POINT('',#11218);
#3229=VERTEX_POINT('',#11220);
#3230=VERTEX_POINT('',#11224);
#3231=VERTEX_POINT('',#11226);
#3232=VERTEX_POINT('',#11228);
#3233=VERTEX_POINT('',#11232);
#3234=VERTEX_POINT('',#11236);
#3235=VERTEX_POINT('',#11240);
#3236=VERTEX_POINT('',#11241);
#3237=VERTEX_POINT('',#11243);
#3238=VERTEX_POINT('',#11245);
#3239=VERTEX_POINT('',#11249);
#3240=VERTEX_POINT('',#11250);
#3241=VERTEX_POINT('',#11253);
#3242=VERTEX_POINT('',#11257);
#3243=VERTEX_POINT('',#11259);
#3244=VERTEX_POINT('',#11265);
#3245=VERTEX_POINT('',#11267);
#3246=VERTEX_POINT('',#11269);
#3247=VERTEX_POINT('',#11271);
#3248=VERTEX_POINT('',#11273);
#3249=VERTEX_POINT('',#11277);
#3250=VERTEX_POINT('',#11281);
#3251=VERTEX_POINT('',#11283);
#3252=VERTEX_POINT('',#11285);
#3253=VERTEX_POINT('',#11289);
#3254=VERTEX_POINT('',#11322);
#3255=VERTEX_POINT('',#11323);
#3256=VERTEX_POINT('',#11325);
#3257=VERTEX_POINT('',#11329);
#3258=VERTEX_POINT('',#11331);
#3259=VERTEX_POINT('',#11335);
#3260=VERTEX_POINT('',#11337);
#3261=VERTEX_POINT('',#11344);
#3262=VERTEX_POINT('',#11346);
#3263=VERTEX_POINT('',#11348);
#3264=VERTEX_POINT('',#11350);
#3265=VERTEX_POINT('',#11352);
#3266=VERTEX_POINT('',#11356);
#3267=VERTEX_POINT('',#11360);
#3268=VERTEX_POINT('',#11362);
#3269=VERTEX_POINT('',#11364);
#3270=VERTEX_POINT('',#11370);
#3271=VERTEX_POINT('',#11371);
#3272=VERTEX_POINT('',#11373);
#3273=VERTEX_POINT('',#11375);
#3274=VERTEX_POINT('',#11379);
#3275=VERTEX_POINT('',#11381);
#3276=VERTEX_POINT('',#11383);
#3277=VERTEX_POINT('',#11389);
#3278=VERTEX_POINT('',#11391);
#3279=VERTEX_POINT('',#11393);
#3280=VERTEX_POINT('',#11399);
#3281=VERTEX_POINT('',#11402);
#3282=VERTEX_POINT('',#11410);
#3283=VERTEX_POINT('',#11412);
#3284=VERTEX_POINT('',#11416);
#3285=VERTEX_POINT('',#11419);
#3286=VERTEX_POINT('',#11422);
#3287=VERTEX_POINT('',#11426);
#3288=VERTEX_POINT('',#11428);
#3289=VERTEX_POINT('',#11430);
#3290=VERTEX_POINT('',#11432);
#3291=VERTEX_POINT('',#11434);
#3292=VERTEX_POINT('',#11436);
#3293=VERTEX_POINT('',#11438);
#3294=VERTEX_POINT('',#11440);
#3295=VERTEX_POINT('',#11442);
#3296=VERTEX_POINT('',#11444);
#3297=VERTEX_POINT('',#11446);
#3298=VERTEX_POINT('',#11448);
#3299=VERTEX_POINT('',#11450);
#3300=VERTEX_POINT('',#11452);
#3301=VERTEX_POINT('',#11454);
#3302=VERTEX_POINT('',#11456);
#3303=VERTEX_POINT('',#11458);
#3304=VERTEX_POINT('',#11460);
#3305=VERTEX_POINT('',#11463);
#3306=VERTEX_POINT('',#11465);
#3307=VERTEX_POINT('',#11468);
#3308=VERTEX_POINT('',#11470);
#3309=VERTEX_POINT('',#11472);
#3310=VERTEX_POINT('',#11474);
#3311=VERTEX_POINT('',#11478);
#3312=VERTEX_POINT('',#11480);
#3313=VERTEX_POINT('',#11484);
#3314=VERTEX_POINT('',#11486);
#3315=VERTEX_POINT('',#11492);
#3316=VERTEX_POINT('',#11494);
#3317=VERTEX_POINT('',#11496);
#3318=VERTEX_POINT('',#11500);
#3319=VERTEX_POINT('',#11506);
#3320=VERTEX_POINT('',#11510);
#3321=VERTEX_POINT('',#11512);
#3322=VERTEX_POINT('',#11514);
#3323=VERTEX_POINT('',#11518);
#3324=VERTEX_POINT('',#11522);
#3325=VERTEX_POINT('',#11524);
#3326=VERTEX_POINT('',#11526);
#3327=VERTEX_POINT('',#11530);
#3328=VERTEX_POINT('',#11532);
#3329=VERTEX_POINT('',#11534);
#3330=VERTEX_POINT('',#11542);
#3331=VERTEX_POINT('',#11546);
#3332=VERTEX_POINT('',#11550);
#3333=VERTEX_POINT('',#11554);
#3334=VERTEX_POINT('',#11556);
#3335=VERTEX_POINT('',#11558);
#3336=VERTEX_POINT('',#11560);
#3337=VERTEX_POINT('',#11564);
#3338=VERTEX_POINT('',#11565);
#3339=VERTEX_POINT('',#11567);
#3340=VERTEX_POINT('',#11569);
#3341=VERTEX_POINT('',#11573);
#3342=VERTEX_POINT('',#11577);
#3343=VERTEX_POINT('',#11579);
#3344=VERTEX_POINT('',#11581);
#3345=VERTEX_POINT('',#11583);
#3346=VERTEX_POINT('',#11585);
#3347=VERTEX_POINT('',#11587);
#3348=VERTEX_POINT('',#11591);
#3349=VERTEX_POINT('',#11593);
#3350=VERTEX_POINT('',#11597);
#3351=VERTEX_POINT('',#11607);
#3352=VERTEX_POINT('',#11609);
#3353=VERTEX_POINT('',#11611);
#3354=VERTEX_POINT('',#11613);
#3355=VERTEX_POINT('',#11615);
#3356=VERTEX_POINT('',#11617);
#3357=VERTEX_POINT('',#11619);
#3358=VERTEX_POINT('',#11621);
#3359=VERTEX_POINT('',#11623);
#3360=VERTEX_POINT('',#11625);
#3361=VERTEX_POINT('',#11627);
#3362=VERTEX_POINT('',#11629);
#3363=VERTEX_POINT('',#11631);
#3364=VERTEX_POINT('',#11633);
#3365=VERTEX_POINT('',#11635);
#3366=VERTEX_POINT('',#11637);
#3367=VERTEX_POINT('',#11639);
#3368=VERTEX_POINT('',#11641);
#3369=VERTEX_POINT('',#11643);
#3370=VERTEX_POINT('',#11645);
#3371=VERTEX_POINT('',#11647);
#3372=VERTEX_POINT('',#11649);
#3373=VERTEX_POINT('',#11651);
#3374=VERTEX_POINT('',#11653);
#3375=VERTEX_POINT('',#11655);
#3376=VERTEX_POINT('',#11657);
#3377=VERTEX_POINT('',#11659);
#3378=VERTEX_POINT('',#11687);
#3379=VERTEX_POINT('',#11688);
#3380=VERTEX_POINT('',#11690);
#3381=VERTEX_POINT('',#11695);
#3382=VERTEX_POINT('',#11698);
#3383=VERTEX_POINT('',#11700);
#3384=VERTEX_POINT('',#11702);
#3385=VERTEX_POINT('',#11706);
#3386=VERTEX_POINT('',#11710);
#3387=VERTEX_POINT('',#11717);
#3388=VERTEX_POINT('',#11721);
#3389=VERTEX_POINT('',#11733);
#3390=VERTEX_POINT('',#11737);
#3391=VERTEX_POINT('',#11741);
#3392=VERTEX_POINT('',#11745);
#3393=VERTEX_POINT('',#11757);
#3394=VERTEX_POINT('',#11761);
#3395=VERTEX_POINT('',#11765);
#3396=VERTEX_POINT('',#11766);
#3397=VERTEX_POINT('',#11768);
#3398=VERTEX_POINT('',#11775);
#3399=VERTEX_POINT('',#11788);
#3400=VERTEX_POINT('',#11792);
#3401=VERTEX_POINT('',#11796);
#3402=VERTEX_POINT('',#11800);
#3403=VERTEX_POINT('',#11816);
#3404=VERTEX_POINT('',#11820);
#3405=VERTEX_POINT('',#11826);
#3406=VERTEX_POINT('',#11828);
#3407=VERTEX_POINT('',#11834);
#3408=VERTEX_POINT('',#11835);
#3409=VERTEX_POINT('',#11872);
#3410=VERTEX_POINT('',#11873);
#3411=VERTEX_POINT('',#11880);
#3412=VERTEX_POINT('',#11921);
#3413=VERTEX_POINT('',#11922);
#3414=VERTEX_POINT('',#11956);
#3415=VERTEX_POINT('',#11964);
#3416=VERTEX_POINT('',#11968);
#3417=VERTEX_POINT('',#11970);
#3418=VERTEX_POINT('',#11974);
#3419=VERTEX_POINT('',#11976);
#3420=VERTEX_POINT('',#11989);
#3421=VERTEX_POINT('',#11998);
#3422=VERTEX_POINT('',#12000);
#3423=VERTEX_POINT('',#12008);
#3424=VERTEX_POINT('',#12013);
#3425=VERTEX_POINT('',#12017);
#3426=VERTEX_POINT('',#12021);
#3427=VERTEX_POINT('',#12022);
#3428=VERTEX_POINT('',#12027);
#3429=VERTEX_POINT('',#12028);
#3430=VERTEX_POINT('',#12031);
#3431=VERTEX_POINT('',#12037);
#3432=VERTEX_POINT('',#12041);
#3433=VERTEX_POINT('',#12043);
#3434=VERTEX_POINT('',#12047);
#3435=VERTEX_POINT('',#12049);
#3436=VERTEX_POINT('',#12051);
#3437=VERTEX_POINT('',#12053);
#3438=VERTEX_POINT('',#12055);
#3439=VERTEX_POINT('',#12078);
#3440=VERTEX_POINT('',#12091);
#3441=VERTEX_POINT('',#12093);
#3442=VERTEX_POINT('',#12099);
#3443=VERTEX_POINT('',#12105);
#3444=VERTEX_POINT('',#12109);
#3445=VERTEX_POINT('',#12111);
#3446=VERTEX_POINT('',#12113);
#3447=VERTEX_POINT('',#12117);
#3448=VERTEX_POINT('',#12121);
#3449=VERTEX_POINT('',#12170);
#3450=VERTEX_POINT('',#12193);
#3451=VERTEX_POINT('',#12195);
#3452=VERTEX_POINT('',#12250);
#3453=VERTEX_POINT('',#12251);
#3454=VERTEX_POINT('',#12278);
#3455=VERTEX_POINT('',#12282);
#3456=VERTEX_POINT('',#12287);
#3457=VERTEX_POINT('',#12294);
#3458=VERTEX_POINT('',#12298);
#3459=VERTEX_POINT('',#12300);
#3460=VERTEX_POINT('',#12304);
#3461=VERTEX_POINT('',#12313);
#3462=VERTEX_POINT('',#12315);
#3463=VERTEX_POINT('',#12317);
#3464=VERTEX_POINT('',#12319);
#3465=VERTEX_POINT('',#12321);
#3466=VERTEX_POINT('',#12323);
#3467=VERTEX_POINT('',#12329);
#3468=VERTEX_POINT('',#12333);
#3469=VERTEX_POINT('',#12345);
#3470=VERTEX_POINT('',#12349);
#3471=VERTEX_POINT('',#12353);
#3472=VERTEX_POINT('',#12357);
#3473=VERTEX_POINT('',#12361);
#3474=VERTEX_POINT('',#12365);
#3475=VERTEX_POINT('',#12369);
#3476=VERTEX_POINT('',#12373);
#3477=VERTEX_POINT('',#12381);
#3478=VERTEX_POINT('',#12387);
#3479=VERTEX_POINT('',#12389);
#3480=VERTEX_POINT('',#12393);
#3481=VERTEX_POINT('',#12397);
#3482=VERTEX_POINT('',#12401);
#3483=VERTEX_POINT('',#12405);
#3484=VERTEX_POINT('',#12419);
#3485=VERTEX_POINT('',#12424);
#3486=VERTEX_POINT('',#12432);
#3487=VERTEX_POINT('',#12440);
#3488=VERTEX_POINT('',#12444);
#3489=VERTEX_POINT('',#12445);
#3490=VERTEX_POINT('',#12447);
#3491=VERTEX_POINT('',#12458);
#3492=VERTEX_POINT('',#12462);
#3493=VERTEX_POINT('',#12464);
#3494=VERTEX_POINT('',#12524);
#3495=VERTEX_POINT('',#12528);
#3496=VERTEX_POINT('',#12530);
#3497=VERTEX_POINT('',#12534);
#3498=VERTEX_POINT('',#12536);
#3499=VERTEX_POINT('',#12540);
#3500=VERTEX_POINT('',#12544);
#3501=VERTEX_POINT('',#12546);
#3502=VERTEX_POINT('',#12548);
#3503=VERTEX_POINT('',#12554);
#3504=VERTEX_POINT('',#12559);
#3505=VERTEX_POINT('',#12566);
#3506=VERTEX_POINT('',#12568);
#3507=VERTEX_POINT('',#12587);
#3508=VERTEX_POINT('',#12590);
#3509=VERTEX_POINT('',#12594);
#3510=VERTEX_POINT('',#12602);
#3511=VERTEX_POINT('',#12618);
#3512=VERTEX_POINT('',#12623);
#3513=VERTEX_POINT('',#12628);
#3514=VERTEX_POINT('',#12634);
#3515=VERTEX_POINT('',#12636);
#3516=VERTEX_POINT('',#12642);
#3517=VERTEX_POINT('',#12643);
#3518=VERTEX_POINT('',#12654);
#3519=VERTEX_POINT('',#12670);
#3520=VERTEX_POINT('',#12675);
#3521=VERTEX_POINT('',#12706);
#3522=VERTEX_POINT('',#12707);
#3523=VERTEX_POINT('',#12709);
#3524=VERTEX_POINT('',#12711);
#3525=VERTEX_POINT('',#12715);
#3526=VERTEX_POINT('',#12716);
#3527=VERTEX_POINT('',#12719);
#3528=VERTEX_POINT('',#12723);
#3529=VERTEX_POINT('',#12725);
#3530=VERTEX_POINT('',#12731);
#3531=VERTEX_POINT('',#12733);
#3532=VERTEX_POINT('',#12735);
#3533=VERTEX_POINT('',#12737);
#3534=VERTEX_POINT('',#12739);
#3535=VERTEX_POINT('',#12743);
#3536=VERTEX_POINT('',#12747);
#3537=VERTEX_POINT('',#12749);
#3538=VERTEX_POINT('',#12751);
#3539=VERTEX_POINT('',#12755);
#3540=VERTEX_POINT('',#12788);
#3541=VERTEX_POINT('',#12789);
#3542=VERTEX_POINT('',#12791);
#3543=VERTEX_POINT('',#12795);
#3544=VERTEX_POINT('',#12797);
#3545=VERTEX_POINT('',#12801);
#3546=VERTEX_POINT('',#12803);
#3547=VERTEX_POINT('',#12810);
#3548=VERTEX_POINT('',#12812);
#3549=VERTEX_POINT('',#12814);
#3550=VERTEX_POINT('',#12816);
#3551=VERTEX_POINT('',#12818);
#3552=VERTEX_POINT('',#12822);
#3553=VERTEX_POINT('',#12826);
#3554=VERTEX_POINT('',#12828);
#3555=VERTEX_POINT('',#12830);
#3556=VERTEX_POINT('',#12836);
#3557=VERTEX_POINT('',#12837);
#3558=VERTEX_POINT('',#12839);
#3559=VERTEX_POINT('',#12841);
#3560=VERTEX_POINT('',#12845);
#3561=VERTEX_POINT('',#12847);
#3562=VERTEX_POINT('',#12849);
#3563=VERTEX_POINT('',#12855);
#3564=VERTEX_POINT('',#12857);
#3565=VERTEX_POINT('',#12859);
#3566=VERTEX_POINT('',#12865);
#3567=VERTEX_POINT('',#12868);
#3568=VERTEX_POINT('',#12876);
#3569=VERTEX_POINT('',#12878);
#3570=VERTEX_POINT('',#12882);
#3571=VERTEX_POINT('',#12885);
#3572=VERTEX_POINT('',#12888);
#3573=VERTEX_POINT('',#12892);
#3574=VERTEX_POINT('',#12894);
#3575=VERTEX_POINT('',#12896);
#3576=VERTEX_POINT('',#12898);
#3577=VERTEX_POINT('',#12900);
#3578=VERTEX_POINT('',#12902);
#3579=VERTEX_POINT('',#12904);
#3580=VERTEX_POINT('',#12906);
#3581=VERTEX_POINT('',#12908);
#3582=VERTEX_POINT('',#12910);
#3583=VERTEX_POINT('',#12912);
#3584=VERTEX_POINT('',#12914);
#3585=VERTEX_POINT('',#12916);
#3586=VERTEX_POINT('',#12918);
#3587=VERTEX_POINT('',#12920);
#3588=VERTEX_POINT('',#12922);
#3589=VERTEX_POINT('',#12924);
#3590=VERTEX_POINT('',#12926);
#3591=VERTEX_POINT('',#12929);
#3592=VERTEX_POINT('',#12931);
#3593=VERTEX_POINT('',#12934);
#3594=VERTEX_POINT('',#12936);
#3595=VERTEX_POINT('',#12938);
#3596=VERTEX_POINT('',#12940);
#3597=VERTEX_POINT('',#12944);
#3598=VERTEX_POINT('',#12946);
#3599=VERTEX_POINT('',#12950);
#3600=VERTEX_POINT('',#12952);
#3601=VERTEX_POINT('',#12958);
#3602=VERTEX_POINT('',#12960);
#3603=VERTEX_POINT('',#12962);
#3604=VERTEX_POINT('',#12966);
#3605=VERTEX_POINT('',#12972);
#3606=VERTEX_POINT('',#12976);
#3607=VERTEX_POINT('',#12978);
#3608=VERTEX_POINT('',#12980);
#3609=VERTEX_POINT('',#12984);
#3610=VERTEX_POINT('',#12988);
#3611=VERTEX_POINT('',#12990);
#3612=VERTEX_POINT('',#12992);
#3613=VERTEX_POINT('',#12996);
#3614=VERTEX_POINT('',#12998);
#3615=VERTEX_POINT('',#13000);
#3616=VERTEX_POINT('',#13008);
#3617=VERTEX_POINT('',#13012);
#3618=VERTEX_POINT('',#13016);
#3619=VERTEX_POINT('',#13020);
#3620=VERTEX_POINT('',#13022);
#3621=VERTEX_POINT('',#13024);
#3622=VERTEX_POINT('',#13026);
#3623=VERTEX_POINT('',#13029);
#3624=VERTEX_POINT('',#13032);
#3625=VERTEX_POINT('',#13033);
#3626=VERTEX_POINT('',#13035);
#3627=VERTEX_POINT('',#13037);
#3628=VERTEX_POINT('',#13041);
#3629=VERTEX_POINT('',#13045);
#3630=VERTEX_POINT('',#13047);
#3631=VERTEX_POINT('',#13049);
#3632=VERTEX_POINT('',#13051);
#3633=VERTEX_POINT('',#13053);
#3634=VERTEX_POINT('',#13055);
#3635=VERTEX_POINT('',#13059);
#3636=VERTEX_POINT('',#13061);
#3637=VERTEX_POINT('',#13065);
#3638=VERTEX_POINT('',#13075);
#3639=VERTEX_POINT('',#13077);
#3640=VERTEX_POINT('',#13079);
#3641=VERTEX_POINT('',#13081);
#3642=VERTEX_POINT('',#13083);
#3643=VERTEX_POINT('',#13085);
#3644=VERTEX_POINT('',#13087);
#3645=VERTEX_POINT('',#13089);
#3646=VERTEX_POINT('',#13091);
#3647=VERTEX_POINT('',#13093);
#3648=VERTEX_POINT('',#13095);
#3649=VERTEX_POINT('',#13097);
#3650=VERTEX_POINT('',#13099);
#3651=VERTEX_POINT('',#13101);
#3652=VERTEX_POINT('',#13103);
#3653=VERTEX_POINT('',#13105);
#3654=VERTEX_POINT('',#13107);
#3655=VERTEX_POINT('',#13109);
#3656=VERTEX_POINT('',#13111);
#3657=VERTEX_POINT('',#13113);
#3658=VERTEX_POINT('',#13115);
#3659=VERTEX_POINT('',#13117);
#3660=VERTEX_POINT('',#13119);
#3661=VERTEX_POINT('',#13121);
#3662=VERTEX_POINT('',#13123);
#3663=VERTEX_POINT('',#13125);
#3664=VERTEX_POINT('',#13127);
#3665=VERTEX_POINT('',#13155);
#3666=VERTEX_POINT('',#13156);
#3667=VERTEX_POINT('',#13158);
#3668=VERTEX_POINT('',#13163);
#3669=VERTEX_POINT('',#13166);
#3670=VERTEX_POINT('',#13168);
#3671=VERTEX_POINT('',#13170);
#3672=VERTEX_POINT('',#13174);
#3673=VERTEX_POINT('',#13178);
#3674=VERTEX_POINT('',#13185);
#3675=VERTEX_POINT('',#13189);
#3676=VERTEX_POINT('',#13201);
#3677=VERTEX_POINT('',#13205);
#3678=VERTEX_POINT('',#13209);
#3679=VERTEX_POINT('',#13213);
#3680=VERTEX_POINT('',#13225);
#3681=VERTEX_POINT('',#13229);
#3682=VERTEX_POINT('',#13233);
#3683=VERTEX_POINT('',#13234);
#3684=VERTEX_POINT('',#13236);
#3685=VERTEX_POINT('',#13243);
#3686=VERTEX_POINT('',#13256);
#3687=VERTEX_POINT('',#13260);
#3688=VERTEX_POINT('',#13264);
#3689=VERTEX_POINT('',#13268);
#3690=VERTEX_POINT('',#13284);
#3691=VERTEX_POINT('',#13288);
#3692=VERTEX_POINT('',#13294);
#3693=VERTEX_POINT('',#13296);
#3694=VERTEX_POINT('',#13302);
#3695=VERTEX_POINT('',#13303);
#3696=VERTEX_POINT('',#13340);
#3697=VERTEX_POINT('',#13341);
#3698=VERTEX_POINT('',#13348);
#3699=VERTEX_POINT('',#13389);
#3700=VERTEX_POINT('',#13390);
#3701=VERTEX_POINT('',#13424);
#3702=VERTEX_POINT('',#13432);
#3703=VERTEX_POINT('',#13436);
#3704=VERTEX_POINT('',#13438);
#3705=VERTEX_POINT('',#13441);
#3706=VERTEX_POINT('',#13444);
#3707=VERTEX_POINT('',#13446);
#3708=VERTEX_POINT('',#13459);
#3709=VERTEX_POINT('',#13468);
#3710=VERTEX_POINT('',#13470);
#3711=VERTEX_POINT('',#13478);
#3712=VERTEX_POINT('',#13483);
#3713=VERTEX_POINT('',#13487);
#3714=VERTEX_POINT('',#13491);
#3715=VERTEX_POINT('',#13492);
#3716=VERTEX_POINT('',#13497);
#3717=VERTEX_POINT('',#13498);
#3718=VERTEX_POINT('',#13501);
#3719=VERTEX_POINT('',#13507);
#3720=VERTEX_POINT('',#13511);
#3721=VERTEX_POINT('',#13513);
#3722=VERTEX_POINT('',#13517);
#3723=VERTEX_POINT('',#13519);
#3724=VERTEX_POINT('',#13521);
#3725=VERTEX_POINT('',#13523);
#3726=VERTEX_POINT('',#13525);
#3727=VERTEX_POINT('',#13548);
#3728=VERTEX_POINT('',#13561);
#3729=VERTEX_POINT('',#13563);
#3730=VERTEX_POINT('',#13569);
#3731=VERTEX_POINT('',#13575);
#3732=VERTEX_POINT('',#13579);
#3733=VERTEX_POINT('',#13581);
#3734=VERTEX_POINT('',#13583);
#3735=VERTEX_POINT('',#13586);
#3736=VERTEX_POINT('',#13589);
#3737=VERTEX_POINT('',#13593);
#3738=VERTEX_POINT('',#13642);
#3739=VERTEX_POINT('',#13665);
#3740=VERTEX_POINT('',#13667);
#3741=VERTEX_POINT('',#13722);
#3742=VERTEX_POINT('',#13723);
#3743=VERTEX_POINT('',#13750);
#3744=VERTEX_POINT('',#13754);
#3745=VERTEX_POINT('',#13759);
#3746=VERTEX_POINT('',#13766);
#3747=VERTEX_POINT('',#13770);
#3748=VERTEX_POINT('',#13772);
#3749=VERTEX_POINT('',#13776);
#3750=VERTEX_POINT('',#13785);
#3751=VERTEX_POINT('',#13787);
#3752=VERTEX_POINT('',#13789);
#3753=VERTEX_POINT('',#13791);
#3754=VERTEX_POINT('',#13793);
#3755=VERTEX_POINT('',#13795);
#3756=VERTEX_POINT('',#13801);
#3757=VERTEX_POINT('',#13805);
#3758=VERTEX_POINT('',#13817);
#3759=VERTEX_POINT('',#13821);
#3760=VERTEX_POINT('',#13825);
#3761=VERTEX_POINT('',#13829);
#3762=VERTEX_POINT('',#13833);
#3763=VERTEX_POINT('',#13837);
#3764=VERTEX_POINT('',#13841);
#3765=VERTEX_POINT('',#13845);
#3766=VERTEX_POINT('',#13852);
#3767=VERTEX_POINT('',#13855);
#3768=VERTEX_POINT('',#13860);
#3769=VERTEX_POINT('',#13863);
#3770=VERTEX_POINT('',#13865);
#3771=VERTEX_POINT('',#13869);
#3772=VERTEX_POINT('',#13873);
#3773=VERTEX_POINT('',#13877);
#3774=VERTEX_POINT('',#13881);
#3775=VERTEX_POINT('',#13895);
#3776=VERTEX_POINT('',#13900);
#3777=VERTEX_POINT('',#13908);
#3778=VERTEX_POINT('',#13916);
#3779=VERTEX_POINT('',#13920);
#3780=VERTEX_POINT('',#13921);
#3781=VERTEX_POINT('',#13923);
#3782=VERTEX_POINT('',#13934);
#3783=VERTEX_POINT('',#13938);
#3784=VERTEX_POINT('',#13940);
#3785=VERTEX_POINT('',#14000);
#3786=VERTEX_POINT('',#14004);
#3787=VERTEX_POINT('',#14006);
#3788=VERTEX_POINT('',#14010);
#3789=VERTEX_POINT('',#14012);
#3790=VERTEX_POINT('',#14016);
#3791=VERTEX_POINT('',#14020);
#3792=VERTEX_POINT('',#14022);
#3793=VERTEX_POINT('',#14024);
#3794=VERTEX_POINT('',#14030);
#3795=VERTEX_POINT('',#14035);
#3796=VERTEX_POINT('',#14042);
#3797=VERTEX_POINT('',#14044);
#3798=VERTEX_POINT('',#14063);
#3799=VERTEX_POINT('',#14066);
#3800=VERTEX_POINT('',#14070);
#3801=VERTEX_POINT('',#14078);
#3802=VERTEX_POINT('',#14093);
#3803=VERTEX_POINT('',#14096);
#3804=VERTEX_POINT('',#14101);
#3805=VERTEX_POINT('',#14106);
#3806=VERTEX_POINT('',#14112);
#3807=VERTEX_POINT('',#14114);
#3808=VERTEX_POINT('',#14120);
#3809=VERTEX_POINT('',#14121);
#3810=VERTEX_POINT('',#14132);
#3811=VERTEX_POINT('',#14148);
#3812=VERTEX_POINT('',#14150);
#3813=VERTEX_POINT('',#14155);
#3814=VERTEX_POINT('',#14160);
#3815=VERTEX_POINT('',#14162);
#3816=VERTEX_POINT('',#14167);
#3817=VERTEX_POINT('',#14176);
#3818=VERTEX_POINT('',#14178);
#3819=VERTEX_POINT('',#14185);
#3820=VERTEX_POINT('',#14187);
#3821=VERTEX_POINT('',#14194);
#3822=VERTEX_POINT('',#14196);
#3823=VERTEX_POINT('',#14203);
#3824=VERTEX_POINT('',#14205);
#3825=EDGE_CURVE('',#3209,#3209,#2743,.T.);
#3826=EDGE_CURVE('',#3209,#3210,#1667,.T.);
#3827=EDGE_CURVE('',#3210,#3211,#2744,.T.);
#3828=EDGE_CURVE('',#3211,#3210,#2745,.T.);
#3829=EDGE_CURVE('',#3212,#3212,#2746,.T.);
#3830=EDGE_CURVE('',#3212,#3213,#1668,.T.);
#3831=EDGE_CURVE('',#3213,#3214,#2747,.T.);
#3832=EDGE_CURVE('',#3214,#3213,#2748,.T.);
#3833=EDGE_CURVE('',#3215,#3215,#2749,.T.);
#3834=EDGE_CURVE('',#3215,#3216,#1669,.T.);
#3835=EDGE_CURVE('',#3216,#3217,#2750,.T.);
#3836=EDGE_CURVE('',#3217,#3216,#2751,.T.);
#3837=EDGE_CURVE('',#3218,#3218,#2752,.T.);
#3838=EDGE_CURVE('',#3218,#3219,#1670,.T.);
#3839=EDGE_CURVE('',#3219,#3219,#2753,.T.);
#3840=EDGE_CURVE('',#3220,#3220,#2754,.T.);
#3841=EDGE_CURVE('',#3221,#3221,#2755,.T.);
#3842=EDGE_CURVE('',#3221,#3222,#1671,.T.);
#3843=EDGE_CURVE('',#3222,#3222,#2756,.T.);
#3844=EDGE_CURVE('',#3223,#3223,#2757,.T.);
#3845=EDGE_CURVE('',#3224,#3224,#2758,.T.);
#3846=EDGE_CURVE('',#3224,#3225,#1672,.T.);
#3847=EDGE_CURVE('',#3225,#3226,#2759,.T.);
#3848=EDGE_CURVE('',#3226,#3225,#2760,.T.);
#3849=EDGE_CURVE('',#3227,#3227,#2761,.T.);
#3850=EDGE_CURVE('',#3227,#3228,#1673,.T.);
#3851=EDGE_CURVE('',#3228,#3229,#2762,.T.);
#3852=EDGE_CURVE('',#3229,#3228,#2763,.T.);
#3853=EDGE_CURVE('',#3230,#3230,#2764,.T.);
#3854=EDGE_CURVE('',#3230,#3231,#1674,.T.);
#3855=EDGE_CURVE('',#3231,#3232,#2765,.T.);
#3856=EDGE_CURVE('',#3232,#3231,#2766,.T.);
#3857=EDGE_CURVE('',#3226,#3233,#1675,.T.);
#3858=EDGE_CURVE('',#3233,#3233,#2767,.T.);
#3859=EDGE_CURVE('',#3217,#3234,#1676,.T.);
#3860=EDGE_CURVE('',#3234,#3234,#2768,.T.);
#3861=EDGE_CURVE('',#3235,#3236,#2769,.T.);
#3862=EDGE_CURVE('',#3236,#3237,#1677,.T.);
#3863=EDGE_CURVE('',#3237,#3238,#191,.F.);
#3864=EDGE_CURVE('',#3238,#3235,#1678,.T.);
#3865=EDGE_CURVE('',#3239,#3240,#1679,.T.);
#3866=EDGE_CURVE('',#3240,#3235,#2770,.T.);
#3867=EDGE_CURVE('',#3235,#3241,#1680,.T.);
#3868=EDGE_CURVE('',#3241,#3239,#192,.T.);
#3869=EDGE_CURVE('',#3241,#3242,#1681,.T.);
#3870=EDGE_CURVE('',#3242,#3243,#193,.F.);
#3871=EDGE_CURVE('',#3243,#3239,#1682,.T.);
#3872=EDGE_CURVE('',#3240,#3236,#2771,.T.);
#3873=EDGE_CURVE('',#3244,#3236,#1683,.T.);
#3874=EDGE_CURVE('',#3245,#3244,#1684,.T.);
#3875=EDGE_CURVE('',#3246,#3245,#1685,.T.);
#3876=EDGE_CURVE('',#3247,#3246,#1686,.T.);
#3877=EDGE_CURVE('',#3248,#3247,#2772,.F.);
#3878=EDGE_CURVE('',#3237,#3248,#1687,.T.);
#3879=EDGE_CURVE('',#3240,#3249,#1688,.T.);
#3880=EDGE_CURVE('',#3244,#3249,#194,.T.);
#3881=EDGE_CURVE('',#3239,#3250,#1689,.T.);
#3882=EDGE_CURVE('',#3251,#3250,#1690,.T.);
#3883=EDGE_CURVE('',#3252,#3251,#1691,.T.);
#3884=EDGE_CURVE('',#3249,#3252,#1692,.T.);
#3885=EDGE_CURVE('',#3243,#3253,#1693,.T.);
#3886=EDGE_CURVE('',#3250,#3253,#1694,.T.);
#3887=EDGE_CURVE('',#3254,#3255,#2773,.T.);
#3888=EDGE_CURVE('',#3255,#3256,#195,.T.);
#3889=EDGE_CURVE('',#3256,#3254,#196,.T.);
#3890=EDGE_CURVE('',#3255,#3257,#1695,.T.);
#3891=EDGE_CURVE('',#3257,#3258,#2774,.F.);
#3892=EDGE_CURVE('',#3258,#3256,#1696,.T.);
#3893=EDGE_CURVE('',#3256,#3259,#1697,.T.);
#3894=EDGE_CURVE('',#3259,#3260,#197,.T.);
#3895=EDGE_CURVE('',#3260,#3254,#1698,.T.);
#3896=EDGE_CURVE('',#3259,#3238,#1699,.T.);
#3897=EDGE_CURVE('',#3237,#3260,#1700,.T.);
#3898=EDGE_CURVE('',#3261,#3255,#1701,.T.);
#3899=EDGE_CURVE('',#3262,#3261,#1702,.T.);
#3900=EDGE_CURVE('',#3263,#3262,#1703,.T.);
#3901=EDGE_CURVE('',#3264,#3263,#2775,.T.);
#3902=EDGE_CURVE('',#3265,#3264,#1704,.T.);
#3903=EDGE_CURVE('',#3257,#3265,#1705,.T.);
#3904=EDGE_CURVE('',#3254,#3266,#1706,.T.);
#3905=EDGE_CURVE('',#3266,#3261,#2776,.T.);
#3906=EDGE_CURVE('',#3260,#3267,#1707,.T.);
#3907=EDGE_CURVE('',#3268,#3267,#1708,.T.);
#3908=EDGE_CURVE('',#3268,#3269,#1709,.T.);
#3909=EDGE_CURVE('',#3266,#3269,#1710,.T.);
#3910=EDGE_CURVE('',#3267,#3248,#1711,.T.);
#3911=EDGE_CURVE('',#3270,#3271,#2777,.T.);
#3912=EDGE_CURVE('',#3271,#3272,#1712,.T.);
#3913=EDGE_CURVE('',#3272,#3273,#2778,.T.);
#3914=EDGE_CURVE('',#3273,#3270,#1713,.T.);
#3915=EDGE_CURVE('',#3274,#3272,#2779,.T.);
#3916=EDGE_CURVE('',#3272,#3275,#1714,.T.);
#3917=EDGE_CURVE('',#3275,#3276,#2780,.T.);
#3918=EDGE_CURVE('',#3276,#3274,#1715,.T.);
#3919=EDGE_CURVE('',#3274,#3273,#2781,.T.);
#3920=EDGE_CURVE('',#3277,#3275,#2782,.T.);
#3921=EDGE_CURVE('',#3275,#3278,#1716,.T.);
#3922=EDGE_CURVE('',#3278,#3279,#2783,.T.);
#3923=EDGE_CURVE('',#3279,#3277,#1717,.T.);
#3924=EDGE_CURVE('',#3277,#3276,#2784,.T.);
#3925=EDGE_CURVE('',#3280,#3278,#2785,.T.);
#3926=EDGE_CURVE('',#3278,#3271,#1718,.T.);
#3927=EDGE_CURVE('',#3271,#3281,#2786,.T.);
#3928=EDGE_CURVE('',#3281,#3280,#1719,.T.);
#3929=EDGE_CURVE('',#3280,#3279,#2787,.T.);
#3930=EDGE_CURVE('',#3270,#3281,#2788,.T.);
#3931=EDGE_CURVE('',#3277,#3282,#1720,.T.);
#3932=EDGE_CURVE('',#3282,#3283,#2789,.T.);
#3933=EDGE_CURVE('',#3283,#3276,#1721,.T.);
#3934=EDGE_CURVE('',#3284,#3279,#1722,.T.);
#3935=EDGE_CURVE('',#3284,#3282,#1723,.T.);
#3936=EDGE_CURVE('',#3285,#3285,#2790,.T.);
#3937=EDGE_CURVE('',#3280,#3286,#1724,.T.);
#3938=EDGE_CURVE('',#3284,#3286,#2791,.T.);
#3939=EDGE_CURVE('',#3258,#3287,#1725,.T.);
#3940=EDGE_CURVE('',#3288,#3287,#1726,.T.);
#3941=EDGE_CURVE('',#3289,#3288,#1727,.T.);
#3942=EDGE_CURVE('',#3290,#3289,#1728,.T.);
#3943=EDGE_CURVE('',#3291,#3290,#1729,.T.);
#3944=EDGE_CURVE('',#3292,#3291,#1730,.T.);
#3945=EDGE_CURVE('',#3293,#3292,#2792,.T.);
#3946=EDGE_CURVE('',#3294,#3293,#1731,.T.);
#3947=EDGE_CURVE('',#3295,#3294,#2793,.T.);
#3948=EDGE_CURVE('',#3296,#3295,#1732,.T.);
#3949=EDGE_CURVE('',#3297,#3296,#2794,.T.);
#3950=EDGE_CURVE('',#3298,#3297,#1733,.T.);
#3951=EDGE_CURVE('',#3299,#3298,#1734,.T.);
#3952=EDGE_CURVE('',#3300,#3299,#1735,.T.);
#3953=EDGE_CURVE('',#3301,#3300,#2795,.T.);
#3954=EDGE_CURVE('',#3302,#3301,#1736,.T.);
#3955=EDGE_CURVE('',#3303,#3302,#2796,.T.);
#3956=EDGE_CURVE('',#3304,#3303,#1737,.T.);
#3957=EDGE_CURVE('',#3286,#3304,#2797,.T.);
#3958=EDGE_CURVE('',#3305,#3281,#1738,.T.);
#3959=EDGE_CURVE('',#3306,#3305,#1739,.T.);
#3960=EDGE_CURVE('',#3242,#3306,#1740,.T.);
#3961=EDGE_CURVE('',#3307,#3307,#2798,.T.);
#3962=EDGE_CURVE('',#3308,#3308,#2799,.T.);
#3963=EDGE_CURVE('',#3309,#3309,#2800,.T.);
#3964=EDGE_CURVE('',#3310,#3310,#2801,.T.);
#3965=EDGE_CURVE('',#3288,#3311,#2802,.T.);
#3966=EDGE_CURVE('',#3311,#3312,#1741,.T.);
#3967=EDGE_CURVE('',#3312,#3289,#2803,.T.);
#3968=EDGE_CURVE('',#3313,#3288,#2804,.T.);
#3969=EDGE_CURVE('',#3287,#3314,#2805,.F.);
#3970=EDGE_CURVE('',#3314,#3313,#1742,.T.);
#3971=EDGE_CURVE('',#3313,#3311,#2806,.T.);
#3972=EDGE_CURVE('',#3315,#3312,#2807,.T.);
#3973=EDGE_CURVE('',#3312,#3316,#1743,.T.);
#3974=EDGE_CURVE('',#3316,#3317,#2808,.T.);
#3975=EDGE_CURVE('',#3317,#3315,#1744,.T.);
#3976=EDGE_CURVE('',#3316,#3318,#2809,.T.);
#3977=EDGE_CURVE('',#3318,#3317,#2810,.T.);
#3978=EDGE_CURVE('',#3315,#3289,#2811,.T.);
#3979=EDGE_CURVE('',#3315,#3319,#1745,.T.);
#3980=EDGE_CURVE('',#3319,#3290,#2812,.T.);
#3981=EDGE_CURVE('',#3320,#3317,#1746,.T.);
#3982=EDGE_CURVE('',#3321,#3320,#1747,.T.);
#3983=EDGE_CURVE('',#3322,#3321,#1748,.T.);
#3984=EDGE_CURVE('',#3319,#3322,#1749,.T.);
#3985=EDGE_CURVE('',#3270,#3323,#1750,.T.);
#3986=EDGE_CURVE('',#3323,#3305,#2813,.T.);
#3987=EDGE_CURVE('',#3324,#3323,#2814,.T.);
#3988=EDGE_CURVE('',#3323,#3325,#1751,.T.);
#3989=EDGE_CURVE('',#3325,#3326,#2815,.T.);
#3990=EDGE_CURVE('',#3326,#3324,#1752,.T.);
#3991=EDGE_CURVE('',#3327,#3325,#2816,.T.);
#3992=EDGE_CURVE('',#3325,#3328,#1753,.T.);
#3993=EDGE_CURVE('',#3328,#3329,#198,.F.);
#3994=EDGE_CURVE('',#3329,#3327,#1754,.T.);
#3995=EDGE_CURVE('',#3327,#3326,#2817,.T.);
#3996=EDGE_CURVE('',#3324,#3305,#2818,.T.);
#3997=EDGE_CURVE('',#3324,#3330,#1755,.T.);
#3998=EDGE_CURVE('',#3330,#3306,#2819,.F.);
#3999=EDGE_CURVE('',#3331,#3326,#1756,.T.);
#4000=EDGE_CURVE('',#3330,#3331,#1757,.T.);
#4001=EDGE_CURVE('',#3327,#3332,#1758,.T.);
#4002=EDGE_CURVE('',#3332,#3331,#2820,.F.);
#4003=EDGE_CURVE('',#3333,#3329,#1759,.T.);
#4004=EDGE_CURVE('',#3334,#3333,#2821,.F.);
#4005=EDGE_CURVE('',#3335,#3334,#1760,.T.);
#4006=EDGE_CURVE('',#3336,#3335,#1761,.T.);
#4007=EDGE_CURVE('',#3332,#3336,#1762,.T.);
#4008=EDGE_CURVE('',#3337,#3338,#199,.F.);
#4009=EDGE_CURVE('',#3338,#3339,#1763,.T.);
#4010=EDGE_CURVE('',#3339,#3340,#2822,.T.);
#4011=EDGE_CURVE('',#3340,#3337,#1764,.T.);
#4012=EDGE_CURVE('',#3339,#3341,#2823,.T.);
#4013=EDGE_CURVE('',#3341,#3340,#2824,.T.);
#4014=EDGE_CURVE('',#3342,#3338,#1765,.T.);
#4015=EDGE_CURVE('',#3342,#3343,#2825,.T.);
#4016=EDGE_CURVE('',#3344,#3343,#1766,.T.);
#4017=EDGE_CURVE('',#3344,#3345,#1767,.T.);
#4018=EDGE_CURVE('',#3346,#3345,#2826,.F.);
#4019=EDGE_CURVE('',#3346,#3347,#1768,.T.);
#4020=EDGE_CURVE('',#3339,#3347,#1769,.T.);
#4021=EDGE_CURVE('',#3274,#3348,#1770,.T.);
#4022=EDGE_CURVE('',#3348,#3349,#2827,.T.);
#4023=EDGE_CURVE('',#3349,#3273,#1771,.T.);
#4024=EDGE_CURVE('',#3348,#3350,#2828,.T.);
#4025=EDGE_CURVE('',#3350,#3349,#2829,.T.);
#4026=EDGE_CURVE('',#3350,#3329,#1772,.T.);
#4027=EDGE_CURVE('',#3328,#3349,#1773,.T.);
#4028=EDGE_CURVE('',#3341,#3350,#1774,.T.);
#4029=EDGE_CURVE('',#3348,#3340,#1775,.T.);
#4030=EDGE_CURVE('',#3351,#3283,#2830,.T.);
#4031=EDGE_CURVE('',#3352,#3351,#1776,.T.);
#4032=EDGE_CURVE('',#3353,#3352,#2831,.T.);
#4033=EDGE_CURVE('',#3354,#3353,#1777,.T.);
#4034=EDGE_CURVE('',#3355,#3354,#2832,.T.);
#4035=EDGE_CURVE('',#3356,#3355,#1778,.T.);
#4036=EDGE_CURVE('',#3357,#3356,#1779,.T.);
#4037=EDGE_CURVE('',#3358,#3357,#1780,.T.);
#4038=EDGE_CURVE('',#3359,#3358,#2833,.T.);
#4039=EDGE_CURVE('',#3360,#3359,#1781,.T.);
#4040=EDGE_CURVE('',#3361,#3360,#2834,.T.);
#4041=EDGE_CURVE('',#3362,#3361,#1782,.T.);
#4042=EDGE_CURVE('',#3363,#3362,#2835,.T.);
#4043=EDGE_CURVE('',#3364,#3363,#1783,.T.);
#4044=EDGE_CURVE('',#3365,#3364,#1784,.T.);
#4045=EDGE_CURVE('',#3366,#3365,#1785,.T.);
#4046=EDGE_CURVE('',#3367,#3366,#1786,.T.);
#4047=EDGE_CURVE('',#3368,#3367,#1787,.T.);
#4048=EDGE_CURVE('',#3369,#3368,#2836,.T.);
#4049=EDGE_CURVE('',#3370,#3369,#1788,.T.);
#4050=EDGE_CURVE('',#3371,#3370,#2837,.T.);
#4051=EDGE_CURVE('',#3372,#3371,#1789,.T.);
#4052=EDGE_CURVE('',#3373,#3372,#1790,.T.);
#4053=EDGE_CURVE('',#3374,#3373,#1791,.T.);
#4054=EDGE_CURVE('',#3375,#3374,#2838,.T.);
#4055=EDGE_CURVE('',#3376,#3375,#1792,.T.);
#4056=EDGE_CURVE('',#3377,#3376,#1793,.T.);
#4057=EDGE_CURVE('',#3337,#3377,#1794,.T.);
#4058=EDGE_CURVE('',#3347,#3334,#65,.F.);
#4059=EDGE_CURVE('',#3333,#3341,#1795,.T.);
#4060=EDGE_CURVE('',#3346,#3335,#66,.F.);
#4061=EDGE_CURVE('',#3378,#3379,#200,.F.);
#4062=EDGE_CURVE('',#3379,#3380,#1796,.T.);
#4063=EDGE_CURVE('',#3380,#3253,#201,.F.);
#4064=EDGE_CURVE('',#3253,#3378,#1797,.T.);
#4065=EDGE_CURVE('',#3380,#3381,#1798,.T.);
#4066=EDGE_CURVE('',#3379,#3344,#1799,.T.);
#4067=EDGE_CURVE('',#3382,#3343,#1800,.T.);
#4068=EDGE_CURVE('',#3383,#3382,#1801,.T.);
#4069=EDGE_CURVE('',#3383,#3384,#1802,.T.);
#4070=EDGE_CURVE('',#3381,#3384,#1803,.T.);
#4071=EDGE_CURVE('',#3345,#3385,#1804,.T.);
#4072=EDGE_CURVE('',#3385,#3336,#2839,.T.);
#4073=EDGE_CURVE('',#3386,#3385,#2840,.T.);
#4074=EDGE_CURVE('',#3385,#3379,#1805,.T.);
#4075=EDGE_CURVE('',#3378,#3386,#1806,.T.);
#4076=EDGE_CURVE('',#3386,#3336,#2841,.T.);
#4077=EDGE_CURVE('',#3386,#3387,#1807,.T.);
#4078=EDGE_CURVE('',#3387,#3332,#2842,.F.);
#4079=EDGE_CURVE('',#3388,#3243,#1808,.T.);
#4080=EDGE_CURVE('',#3387,#3388,#1809,.T.);
#4081=EDGE_CURVE('',#3388,#3330,#2843,.F.);
#4082=EDGE_CURVE('',#3306,#3388,#2844,.F.);
#4083=EDGE_CURVE('',#3331,#3387,#2845,.F.);
#4084=EDGE_CURVE('',#3389,#3351,#2846,.T.);
#4085=EDGE_CURVE('',#3282,#3389,#2847,.T.);
#4086=EDGE_CURVE('',#3390,#3352,#2848,.T.);
#4087=EDGE_CURVE('',#3389,#3390,#1810,.T.);
#4088=EDGE_CURVE('',#3391,#3353,#2849,.T.);
#4089=EDGE_CURVE('',#3390,#3391,#2850,.T.);
#4090=EDGE_CURVE('',#3392,#3354,#2851,.T.);
#4091=EDGE_CURVE('',#3391,#3392,#1811,.T.);
#4092=EDGE_CURVE('',#3393,#3355,#2852,.T.);
#4093=EDGE_CURVE('',#3392,#3393,#2853,.T.);
#4094=EDGE_CURVE('',#3394,#3356,#2854,.T.);
#4095=EDGE_CURVE('',#3393,#3394,#1812,.T.);
#4096=EDGE_CURVE('',#3395,#3396,#2855,.T.);
#4097=EDGE_CURVE('',#3396,#3397,#1813,.T.);
#4098=EDGE_CURVE('',#3397,#3394,#2856,.T.);
#4099=EDGE_CURVE('',#3394,#3395,#1814,.T.);
#4100=EDGE_CURVE('',#3397,#3356,#2857,.T.);
#4101=EDGE_CURVE('',#3398,#3300,#2858,.T.);
#4102=EDGE_CURVE('',#3299,#3395,#2859,.T.);
#4103=EDGE_CURVE('',#3395,#3398,#1815,.T.);
#4104=EDGE_CURVE('',#3399,#3301,#2860,.T.);
#4105=EDGE_CURVE('',#3398,#3399,#2861,.T.);
#4106=EDGE_CURVE('',#3400,#3302,#2862,.T.);
#4107=EDGE_CURVE('',#3399,#3400,#1816,.T.);
#4108=EDGE_CURVE('',#3401,#3303,#2863,.T.);
#4109=EDGE_CURVE('',#3400,#3401,#2864,.T.);
#4110=EDGE_CURVE('',#3402,#3304,#2865,.T.);
#4111=EDGE_CURVE('',#3401,#3402,#1817,.T.);
#4112=EDGE_CURVE('',#3402,#3284,#2866,.T.);
#4113=EDGE_CURVE('',#3299,#3396,#2867,.T.);
#4114=EDGE_CURVE('',#3400,#3391,#1818,.T.);
#4115=EDGE_CURVE('',#3399,#3392,#1819,.T.);
#4116=EDGE_CURVE('',#3401,#3390,#1820,.T.);
#4117=EDGE_CURVE('',#3402,#3389,#1821,.T.);
#4118=EDGE_CURVE('',#3397,#3403,#1822,.T.);
#4119=EDGE_CURVE('',#3403,#3357,#2868,.T.);
#4120=EDGE_CURVE('',#3404,#3396,#1823,.T.);
#4121=EDGE_CURVE('',#3403,#3404,#1824,.T.);
#4122=EDGE_CURVE('',#3298,#3404,#2869,.F.);
#4123=EDGE_CURVE('',#3382,#3405,#2870,.F.);
#4124=EDGE_CURVE('',#3406,#3382,#2871,.F.);
#4125=EDGE_CURVE('',#3405,#3406,#2872,.F.);
#4126=EDGE_CURVE('',#3342,#3406,#1825,.T.);
#4127=EDGE_CURVE('',#3407,#3408,#2873,.T.);
#4128=EDGE_CURVE('',#3408,#3405,#1826,.T.);
#4129=EDGE_CURVE('',#3406,#3407,#1827,.T.);
#4130=EDGE_CURVE('',#3407,#3377,#202,.T.);
#4131=EDGE_CURVE('',#3377,#3408,#203,.T.);
#4132=EDGE_CURVE('',#3409,#3410,#67,.F.);
#4133=EDGE_CURVE('',#3409,#3411,#1828,.T.);
#4134=EDGE_CURVE('',#3383,#3411,#2874,.T.);
#4135=EDGE_CURVE('',#3405,#3410,#1829,.T.);
#4136=EDGE_CURVE('',#3407,#3338,#1830,.T.);
#4137=EDGE_CURVE('',#3381,#3250,#204,.T.);
#4138=EDGE_CURVE('',#3384,#3251,#205,.F.);
#4139=EDGE_CURVE('',#3412,#3413,#2875,.T.);
#4140=EDGE_CURVE('',#3413,#3252,#206,.T.);
#4141=EDGE_CURVE('',#3252,#3412,#207,.T.);
#4142=EDGE_CURVE('',#3414,#3244,#2876,.T.);
#4143=EDGE_CURVE('',#3249,#3414,#208,.T.);
#4144=EDGE_CURVE('',#3413,#3414,#1831,.T.);
#4145=EDGE_CURVE('',#3384,#3412,#1832,.T.);
#4146=EDGE_CURVE('',#3414,#3415,#1833,.T.);
#4147=EDGE_CURVE('',#3415,#3245,#2877,.F.);
#4148=EDGE_CURVE('',#3416,#3413,#1834,.T.);
#4149=EDGE_CURVE('',#3416,#3417,#2878,.T.);
#4150=EDGE_CURVE('',#3415,#3417,#1835,.T.);
#4151=EDGE_CURVE('',#3412,#3418,#1836,.T.);
#4152=EDGE_CURVE('',#3418,#3419,#2879,.F.);
#4153=EDGE_CURVE('',#3419,#3416,#68,.T.);
#4154=EDGE_CURVE('',#3418,#3411,#1837,.T.);
#4155=EDGE_CURVE('',#3420,#3417,#69,.F.);
#4156=EDGE_CURVE('',#3419,#3421,#1838,.T.);
#4157=EDGE_CURVE('',#3421,#3422,#2880,.T.);
#4158=EDGE_CURVE('',#3422,#3420,#1839,.T.);
#4159=EDGE_CURVE('',#3421,#3376,#2881,.T.);
#4160=EDGE_CURVE('',#3376,#3422,#2882,.T.);
#4161=EDGE_CURVE('',#3421,#3408,#1840,.T.);
#4162=EDGE_CURVE('',#3409,#3423,#2883,.T.);
#4163=EDGE_CURVE('',#3423,#3410,#2884,.T.);
#4164=EDGE_CURVE('',#3375,#3424,#2885,.T.);
#4165=EDGE_CURVE('',#3424,#3422,#1841,.T.);
#4166=EDGE_CURVE('',#3374,#3425,#2886,.T.);
#4167=EDGE_CURVE('',#3424,#3425,#2887,.T.);
#4168=EDGE_CURVE('',#3426,#3427,#2888,.T.);
#4169=EDGE_CURVE('',#3427,#3424,#1842,.T.);
#4170=EDGE_CURVE('',#3425,#3426,#1843,.T.);
#4171=EDGE_CURVE('',#3428,#3429,#2889,.T.);
#4172=EDGE_CURVE('',#3428,#3427,#1844,.T.);
#4173=EDGE_CURVE('',#3427,#3430,#2890,.T.);
#4174=EDGE_CURVE('',#3430,#3429,#1845,.T.);
#4175=EDGE_CURVE('',#3426,#3430,#2891,.T.);
#4176=EDGE_CURVE('',#3428,#3431,#1846,.T.);
#4177=EDGE_CURVE('',#3420,#3431,#2892,.F.);
#4178=EDGE_CURVE('',#3432,#3429,#1847,.T.);
#4179=EDGE_CURVE('',#3433,#3432,#1848,.T.);
#4180=EDGE_CURVE('',#3431,#3433,#1849,.T.);
#4181=EDGE_CURVE('',#3434,#3430,#1850,.T.);
#4182=EDGE_CURVE('',#3434,#3435,#1851,.T.);
#4183=EDGE_CURVE('',#3435,#3436,#1852,.T.);
#4184=EDGE_CURVE('',#3437,#3436,#1853,.T.);
#4185=EDGE_CURVE('',#3438,#3437,#1854,.T.);
#4186=EDGE_CURVE('',#3432,#3438,#1855,.T.);
#4187=EDGE_CURVE('',#3438,#3247,#70,.F.);
#4188=EDGE_CURVE('',#3246,#3432,#209,.T.);
#4189=EDGE_CURVE('',#3433,#3415,#2893,.F.);
#4190=EDGE_CURVE('',#3245,#3433,#2894,.F.);
#4191=EDGE_CURVE('',#3437,#3267,#210,.F.);
#4192=EDGE_CURVE('',#3268,#3439,#71,.T.);
#4193=EDGE_CURVE('',#3439,#3436,#2895,.T.);
#4194=EDGE_CURVE('',#3440,#3266,#2896,.T.);
#4195=EDGE_CURVE('',#3269,#3441,#2897,.T.);
#4196=EDGE_CURVE('',#3441,#3440,#1856,.T.);
#4197=EDGE_CURVE('',#3440,#3261,#2898,.T.);
#4198=EDGE_CURVE('',#3442,#3269,#2899,.T.);
#4199=EDGE_CURVE('',#3439,#3442,#1857,.T.);
#4200=EDGE_CURVE('',#3442,#3441,#2900,.T.);
#4201=EDGE_CURVE('',#3440,#3443,#1858,.T.);
#4202=EDGE_CURVE('',#3262,#3443,#2901,.T.);
#4203=EDGE_CURVE('',#3444,#3441,#1859,.T.);
#4204=EDGE_CURVE('',#3445,#3444,#2902,.T.);
#4205=EDGE_CURVE('',#3446,#3445,#1860,.T.);
#4206=EDGE_CURVE('',#3443,#3446,#2903,.T.);
#4207=EDGE_CURVE('',#3442,#3447,#1861,.T.);
#4208=EDGE_CURVE('',#3447,#3444,#2904,.T.);
#4209=EDGE_CURVE('',#3448,#3435,#1862,.T.);
#4210=EDGE_CURVE('',#3447,#3448,#72,.T.);
#4211=EDGE_CURVE('',#3449,#3448,#73,.T.);
#4212=EDGE_CURVE('',#3449,#3444,#74,.T.);
#4213=EDGE_CURVE('',#3445,#3450,#2905,.T.);
#4214=EDGE_CURVE('',#3450,#3451,#1863,.T.);
#4215=EDGE_CURVE('',#3451,#3446,#2906,.T.);
#4216=EDGE_CURVE('',#3451,#3262,#2907,.T.);
#4217=EDGE_CURVE('',#3452,#3453,#75,.F.);
#4218=EDGE_CURVE('',#3453,#3450,#76,.T.);
#4219=EDGE_CURVE('',#3445,#3452,#77,.T.);
#4220=EDGE_CURVE('',#3451,#3454,#1864,.T.);
#4221=EDGE_CURVE('',#3263,#3454,#2908,.T.);
#4222=EDGE_CURVE('',#3455,#3449,#78,.T.);
#4223=EDGE_CURVE('',#3455,#3456,#2909,.T.);
#4224=EDGE_CURVE('',#3452,#3456,#79,.T.);
#4225=EDGE_CURVE('',#3426,#3457,#1865,.T.);
#4226=EDGE_CURVE('',#3434,#3457,#2910,.T.);
#4227=EDGE_CURVE('',#3455,#3458,#1866,.T.);
#4228=EDGE_CURVE('',#3458,#3459,#2911,.T.);
#4229=EDGE_CURVE('',#3459,#3456,#1867,.T.);
#4230=EDGE_CURVE('',#3373,#3460,#211,.T.);
#4231=EDGE_CURVE('',#3460,#3425,#1868,.T.);
#4232=EDGE_CURVE('',#3372,#3458,#2912,.T.);
#4233=EDGE_CURVE('',#3458,#3460,#1869,.T.);
#4234=EDGE_CURVE('',#3372,#3459,#2913,.T.);
#4235=EDGE_CURVE('',#3461,#3459,#1870,.T.);
#4236=EDGE_CURVE('',#3462,#3461,#1871,.T.);
#4237=EDGE_CURVE('',#3463,#3462,#1872,.T.);
#4238=EDGE_CURVE('',#3463,#3464,#2914,.T.);
#4239=EDGE_CURVE('',#3464,#3465,#2915,.T.);
#4240=EDGE_CURVE('',#3466,#3465,#1873,.T.);
#4241=EDGE_CURVE('',#3466,#3453,#1874,.T.);
#4242=EDGE_CURVE('',#3461,#3371,#2916,.T.);
#4243=EDGE_CURVE('',#3404,#3467,#2917,.F.);
#4244=EDGE_CURVE('',#3467,#3298,#2918,.F.);
#4245=EDGE_CURVE('',#3297,#3468,#2919,.T.);
#4246=EDGE_CURVE('',#3468,#3467,#1875,.T.);
#4247=EDGE_CURVE('',#3296,#3469,#2920,.T.);
#4248=EDGE_CURVE('',#3469,#3468,#2921,.T.);
#4249=EDGE_CURVE('',#3295,#3470,#2922,.T.);
#4250=EDGE_CURVE('',#3470,#3469,#1876,.T.);
#4251=EDGE_CURVE('',#3294,#3471,#2923,.T.);
#4252=EDGE_CURVE('',#3471,#3470,#2924,.T.);
#4253=EDGE_CURVE('',#3293,#3472,#2925,.T.);
#4254=EDGE_CURVE('',#3472,#3471,#1877,.T.);
#4255=EDGE_CURVE('',#3292,#3473,#2926,.T.);
#4256=EDGE_CURVE('',#3473,#3472,#2927,.T.);
#4257=EDGE_CURVE('',#3291,#3474,#2928,.T.);
#4258=EDGE_CURVE('',#3474,#3473,#1878,.T.);
#4259=EDGE_CURVE('',#3291,#3475,#2929,.T.);
#4260=EDGE_CURVE('',#3475,#3474,#2930,.T.);
#4261=EDGE_CURVE('',#3476,#3403,#2931,.T.);
#4262=EDGE_CURVE('',#3467,#3476,#1879,.T.);
#4263=EDGE_CURVE('',#3476,#3357,#2932,.T.);
#4264=EDGE_CURVE('',#3398,#3393,#1880,.T.);
#4265=EDGE_CURVE('',#3476,#3477,#1881,.T.);
#4266=EDGE_CURVE('',#3358,#3477,#2933,.T.);
#4267=EDGE_CURVE('',#3468,#3477,#1882,.T.);
#4268=EDGE_CURVE('',#3363,#3478,#2934,.T.);
#4269=EDGE_CURVE('',#3478,#3479,#1883,.T.);
#4270=EDGE_CURVE('',#3479,#3364,#2935,.T.);
#4271=EDGE_CURVE('',#3362,#3480,#2936,.T.);
#4272=EDGE_CURVE('',#3480,#3478,#2937,.T.);
#4273=EDGE_CURVE('',#3361,#3481,#2938,.T.);
#4274=EDGE_CURVE('',#3481,#3480,#1884,.T.);
#4275=EDGE_CURVE('',#3360,#3482,#2939,.T.);
#4276=EDGE_CURVE('',#3482,#3481,#2940,.T.);
#4277=EDGE_CURVE('',#3359,#3483,#2941,.T.);
#4278=EDGE_CURVE('',#3483,#3482,#1885,.T.);
#4279=EDGE_CURVE('',#3477,#3483,#2942,.T.);
#4280=EDGE_CURVE('',#3475,#3484,#1886,.T.);
#4281=EDGE_CURVE('',#3484,#3479,#2943,.T.);
#4282=EDGE_CURVE('',#3479,#3474,#1887,.T.);
#4283=EDGE_CURVE('',#3290,#3485,#2944,.T.);
#4284=EDGE_CURVE('',#3485,#3475,#1888,.T.);
#4285=EDGE_CURVE('',#3484,#3364,#2945,.T.);
#4286=EDGE_CURVE('',#3319,#3485,#2946,.T.);
#4287=EDGE_CURVE('',#3484,#3486,#1889,.T.);
#4288=EDGE_CURVE('',#3365,#3486,#2947,.T.);
#4289=EDGE_CURVE('',#3486,#3485,#1890,.T.);
#4290=EDGE_CURVE('',#3322,#3486,#2948,.T.);
#4291=EDGE_CURVE('',#3487,#3311,#1891,.T.);
#4292=EDGE_CURVE('',#3316,#3487,#1892,.T.);
#4293=EDGE_CURVE('',#3488,#3489,#1893,.T.);
#4294=EDGE_CURVE('',#3489,#3490,#80,.F.);
#4295=EDGE_CURVE('',#3490,#3491,#1894,.T.);
#4296=EDGE_CURVE('',#3491,#3488,#212,.T.);
#4297=EDGE_CURVE('',#3491,#3492,#1895,.T.);
#4298=EDGE_CURVE('',#3492,#3493,#2949,.T.);
#4299=EDGE_CURVE('',#3493,#3488,#1896,.T.);
#4300=EDGE_CURVE('',#3492,#3367,#81,.T.);
#4301=EDGE_CURVE('',#3367,#3493,#82,.T.);
#4302=EDGE_CURVE('',#3492,#3494,#1897,.T.);
#4303=EDGE_CURVE('',#3494,#3368,#2950,.T.);
#4304=EDGE_CURVE('',#3490,#3495,#2951,.T.);
#4305=EDGE_CURVE('',#3496,#3495,#1898,.T.);
#4306=EDGE_CURVE('',#3494,#3496,#1899,.T.);
#4307=EDGE_CURVE('',#3497,#3493,#1900,.T.);
#4308=EDGE_CURVE('',#3498,#3497,#1901,.T.);
#4309=EDGE_CURVE('',#3498,#3488,#1902,.T.);
#4310=EDGE_CURVE('',#3313,#3499,#1903,.T.);
#4311=EDGE_CURVE('',#3499,#3487,#2952,.T.);
#4312=EDGE_CURVE('',#3500,#3499,#2953,.T.);
#4313=EDGE_CURVE('',#3499,#3501,#1904,.T.);
#4314=EDGE_CURVE('',#3501,#3502,#2954,.T.);
#4315=EDGE_CURVE('',#3502,#3500,#1905,.T.);
#4316=EDGE_CURVE('',#3500,#3487,#2955,.T.);
#4317=EDGE_CURVE('',#3503,#3502,#2956,.T.);
#4318=EDGE_CURVE('',#3501,#3503,#2957,.T.);
#4319=EDGE_CURVE('',#3489,#3502,#1906,.T.);
#4320=EDGE_CURVE('',#3503,#3504,#1907,.T.);
#4321=EDGE_CURVE('',#3504,#3495,#83,.F.);
#4322=EDGE_CURVE('',#3314,#3505,#1908,.T.);
#4323=EDGE_CURVE('',#3506,#3505,#2958,.F.);
#4324=EDGE_CURVE('',#3501,#3506,#2959,.T.);
#4325=EDGE_CURVE('',#3500,#3318,#1909,.T.);
#4326=EDGE_CURVE('',#3497,#3321,#2960,.T.);
#4327=EDGE_CURVE('',#3320,#3498,#213,.T.);
#4328=EDGE_CURVE('',#3318,#3498,#1910,.T.);
#4329=EDGE_CURVE('',#3366,#3497,#2961,.T.);
#4330=EDGE_CURVE('',#3366,#3321,#2962,.T.);
#4331=EDGE_CURVE('',#3365,#3322,#2963,.T.);
#4332=EDGE_CURVE('',#3473,#3478,#1911,.T.);
#4333=EDGE_CURVE('',#3507,#3507,#2964,.T.);
#4334=EDGE_CURVE('',#3508,#3369,#2965,.T.);
#4335=EDGE_CURVE('',#3494,#3508,#2966,.T.);
#4336=EDGE_CURVE('',#3509,#3370,#2967,.T.);
#4337=EDGE_CURVE('',#3508,#3509,#1912,.T.);
#4338=EDGE_CURVE('',#3509,#3461,#2968,.T.);
#4339=EDGE_CURVE('',#3457,#3460,#1913,.T.);
#4340=EDGE_CURVE('',#3510,#3506,#84,.T.);
#4341=EDGE_CURVE('',#3510,#3503,#2969,.T.);
#4342=EDGE_CURVE('',#3510,#3511,#1914,.T.);
#4343=EDGE_CURVE('',#3504,#3511,#214,.T.);
#4344=EDGE_CURVE('',#3505,#3265,#1915,.T.);
#4345=EDGE_CURVE('',#3265,#3512,#215,.F.);
#4346=EDGE_CURVE('',#3512,#3510,#1916,.T.);
#4347=EDGE_CURVE('',#3264,#3513,#2970,.T.);
#4348=EDGE_CURVE('',#3513,#3512,#1917,.T.);
#4349=EDGE_CURVE('',#3454,#3513,#2971,.T.);
#4350=EDGE_CURVE('',#3496,#3514,#2972,.F.);
#4351=EDGE_CURVE('',#3515,#3496,#2973,.F.);
#4352=EDGE_CURVE('',#3514,#3515,#2974,.F.);
#4353=EDGE_CURVE('',#3511,#3515,#1918,.T.);
#4354=EDGE_CURVE('',#3516,#3517,#2975,.F.);
#4355=EDGE_CURVE('',#3462,#3516,#2976,.F.);
#4356=EDGE_CURVE('',#3517,#3462,#2977,.F.);
#4357=EDGE_CURVE('',#3463,#3465,#85,.F.);
#4358=EDGE_CURVE('',#3516,#3518,#1919,.T.);
#4359=EDGE_CURVE('',#3518,#3466,#216,.T.);
#4360=EDGE_CURVE('',#3509,#3517,#1920,.T.);
#4361=EDGE_CURVE('',#3515,#3516,#1921,.T.);
#4362=EDGE_CURVE('',#3517,#3514,#1922,.T.);
#4363=EDGE_CURVE('',#3514,#3508,#1923,.T.);
#4364=EDGE_CURVE('',#3454,#3466,#1924,.T.);
#4365=EDGE_CURVE('',#3518,#3513,#1925,.T.);
#4366=EDGE_CURVE('',#3220,#3519,#1926,.T.);
#4367=EDGE_CURVE('',#3519,#3519,#2978,.T.);
#4368=EDGE_CURVE('',#3223,#3520,#1927,.T.);
#4369=EDGE_CURVE('',#3520,#3520,#2979,.T.);
#4370=EDGE_CURVE('',#3423,#3285,#1928,.T.);
#4371=EDGE_CURVE('',#3464,#3507,#1929,.T.);
#4372=EDGE_CURVE('',#3211,#3310,#1930,.T.);
#4373=EDGE_CURVE('',#3229,#3309,#1931,.T.);
#4374=EDGE_CURVE('',#3214,#3308,#1932,.T.);
#4375=EDGE_CURVE('',#3232,#3307,#1933,.T.);
#4376=EDGE_CURVE('',#3472,#3480,#1934,.T.);
#4377=EDGE_CURVE('',#3471,#3481,#1935,.T.);
#4378=EDGE_CURVE('',#3470,#3482,#1936,.T.);
#4379=EDGE_CURVE('',#3469,#3483,#1937,.T.);
#4380=EDGE_CURVE('',#3521,#3522,#2980,.T.);
#4381=EDGE_CURVE('',#3522,#3523,#1938,.T.);
#4382=EDGE_CURVE('',#3523,#3524,#217,.F.);
#4383=EDGE_CURVE('',#3524,#3521,#1939,.T.);
#4384=EDGE_CURVE('',#3525,#3526,#1940,.T.);
#4385=EDGE_CURVE('',#3526,#3521,#2981,.T.);
#4386=EDGE_CURVE('',#3521,#3527,#1941,.T.);
#4387=EDGE_CURVE('',#3527,#3525,#218,.T.);
#4388=EDGE_CURVE('',#3527,#3528,#1942,.T.);
#4389=EDGE_CURVE('',#3528,#3529,#219,.F.);
#4390=EDGE_CURVE('',#3529,#3525,#1943,.T.);
#4391=EDGE_CURVE('',#3526,#3522,#2982,.T.);
#4392=EDGE_CURVE('',#3530,#3522,#1944,.T.);
#4393=EDGE_CURVE('',#3531,#3530,#1945,.T.);
#4394=EDGE_CURVE('',#3532,#3531,#1946,.T.);
#4395=EDGE_CURVE('',#3533,#3532,#1947,.T.);
#4396=EDGE_CURVE('',#3534,#3533,#2983,.F.);
#4397=EDGE_CURVE('',#3523,#3534,#1948,.T.);
#4398=EDGE_CURVE('',#3526,#3535,#1949,.T.);
#4399=EDGE_CURVE('',#3530,#3535,#220,.T.);
#4400=EDGE_CURVE('',#3525,#3536,#1950,.T.);
#4401=EDGE_CURVE('',#3537,#3536,#1951,.T.);
#4402=EDGE_CURVE('',#3538,#3537,#1952,.T.);
#4403=EDGE_CURVE('',#3535,#3538,#1953,.T.);
#4404=EDGE_CURVE('',#3529,#3539,#1954,.T.);
#4405=EDGE_CURVE('',#3536,#3539,#1955,.T.);
#4406=EDGE_CURVE('',#3540,#3541,#2984,.T.);
#4407=EDGE_CURVE('',#3541,#3542,#221,.T.);
#4408=EDGE_CURVE('',#3542,#3540,#222,.T.);
#4409=EDGE_CURVE('',#3541,#3543,#1956,.T.);
#4410=EDGE_CURVE('',#3543,#3544,#2985,.F.);
#4411=EDGE_CURVE('',#3544,#3542,#1957,.T.);
#4412=EDGE_CURVE('',#3542,#3545,#1958,.T.);
#4413=EDGE_CURVE('',#3545,#3546,#223,.T.);
#4414=EDGE_CURVE('',#3546,#3540,#1959,.T.);
#4415=EDGE_CURVE('',#3545,#3524,#1960,.T.);
#4416=EDGE_CURVE('',#3523,#3546,#1961,.T.);
#4417=EDGE_CURVE('',#3547,#3541,#1962,.T.);
#4418=EDGE_CURVE('',#3548,#3547,#1963,.T.);
#4419=EDGE_CURVE('',#3549,#3548,#1964,.T.);
#4420=EDGE_CURVE('',#3550,#3549,#2986,.T.);
#4421=EDGE_CURVE('',#3551,#3550,#1965,.T.);
#4422=EDGE_CURVE('',#3543,#3551,#1966,.T.);
#4423=EDGE_CURVE('',#3540,#3552,#1967,.T.);
#4424=EDGE_CURVE('',#3552,#3547,#2987,.T.);
#4425=EDGE_CURVE('',#3546,#3553,#1968,.T.);
#4426=EDGE_CURVE('',#3554,#3553,#1969,.T.);
#4427=EDGE_CURVE('',#3554,#3555,#1970,.T.);
#4428=EDGE_CURVE('',#3552,#3555,#1971,.T.);
#4429=EDGE_CURVE('',#3553,#3534,#1972,.T.);
#4430=EDGE_CURVE('',#3556,#3557,#2988,.T.);
#4431=EDGE_CURVE('',#3557,#3558,#1973,.T.);
#4432=EDGE_CURVE('',#3558,#3559,#2989,.T.);
#4433=EDGE_CURVE('',#3559,#3556,#1974,.T.);
#4434=EDGE_CURVE('',#3560,#3558,#2990,.T.);
#4435=EDGE_CURVE('',#3558,#3561,#1975,.T.);
#4436=EDGE_CURVE('',#3561,#3562,#2991,.T.);
#4437=EDGE_CURVE('',#3562,#3560,#1976,.T.);
#4438=EDGE_CURVE('',#3560,#3559,#2992,.T.);
#4439=EDGE_CURVE('',#3563,#3561,#2993,.T.);
#4440=EDGE_CURVE('',#3561,#3564,#1977,.T.);
#4441=EDGE_CURVE('',#3564,#3565,#2994,.T.);
#4442=EDGE_CURVE('',#3565,#3563,#1978,.T.);
#4443=EDGE_CURVE('',#3563,#3562,#2995,.T.);
#4444=EDGE_CURVE('',#3566,#3564,#2996,.T.);
#4445=EDGE_CURVE('',#3564,#3557,#1979,.T.);
#4446=EDGE_CURVE('',#3557,#3567,#2997,.T.);
#4447=EDGE_CURVE('',#3567,#3566,#1980,.T.);
#4448=EDGE_CURVE('',#3566,#3565,#2998,.T.);
#4449=EDGE_CURVE('',#3556,#3567,#2999,.T.);
#4450=EDGE_CURVE('',#3563,#3568,#1981,.T.);
#4451=EDGE_CURVE('',#3568,#3569,#3000,.T.);
#4452=EDGE_CURVE('',#3569,#3562,#1982,.T.);
#4453=EDGE_CURVE('',#3570,#3565,#1983,.T.);
#4454=EDGE_CURVE('',#3570,#3568,#1984,.T.);
#4455=EDGE_CURVE('',#3571,#3571,#3001,.T.);
#4456=EDGE_CURVE('',#3566,#3572,#1985,.T.);
#4457=EDGE_CURVE('',#3570,#3572,#3002,.T.);
#4458=EDGE_CURVE('',#3544,#3573,#1986,.T.);
#4459=EDGE_CURVE('',#3574,#3573,#1987,.T.);
#4460=EDGE_CURVE('',#3575,#3574,#1988,.T.);
#4461=EDGE_CURVE('',#3576,#3575,#1989,.T.);
#4462=EDGE_CURVE('',#3577,#3576,#1990,.T.);
#4463=EDGE_CURVE('',#3578,#3577,#1991,.T.);
#4464=EDGE_CURVE('',#3579,#3578,#3003,.T.);
#4465=EDGE_CURVE('',#3580,#3579,#1992,.T.);
#4466=EDGE_CURVE('',#3581,#3580,#3004,.T.);
#4467=EDGE_CURVE('',#3582,#3581,#1993,.T.);
#4468=EDGE_CURVE('',#3583,#3582,#3005,.T.);
#4469=EDGE_CURVE('',#3584,#3583,#1994,.T.);
#4470=EDGE_CURVE('',#3585,#3584,#1995,.T.);
#4471=EDGE_CURVE('',#3586,#3585,#1996,.T.);
#4472=EDGE_CURVE('',#3587,#3586,#3006,.T.);
#4473=EDGE_CURVE('',#3588,#3587,#1997,.T.);
#4474=EDGE_CURVE('',#3589,#3588,#3007,.T.);
#4475=EDGE_CURVE('',#3590,#3589,#1998,.T.);
#4476=EDGE_CURVE('',#3572,#3590,#3008,.T.);
#4477=EDGE_CURVE('',#3591,#3567,#1999,.T.);
#4478=EDGE_CURVE('',#3592,#3591,#2000,.T.);
#4479=EDGE_CURVE('',#3528,#3592,#2001,.T.);
#4480=EDGE_CURVE('',#3593,#3593,#3009,.T.);
#4481=EDGE_CURVE('',#3594,#3594,#3010,.T.);
#4482=EDGE_CURVE('',#3595,#3595,#3011,.T.);
#4483=EDGE_CURVE('',#3596,#3596,#3012,.T.);
#4484=EDGE_CURVE('',#3574,#3597,#3013,.T.);
#4485=EDGE_CURVE('',#3597,#3598,#2002,.T.);
#4486=EDGE_CURVE('',#3598,#3575,#3014,.T.);
#4487=EDGE_CURVE('',#3599,#3574,#3015,.T.);
#4488=EDGE_CURVE('',#3573,#3600,#3016,.F.);
#4489=EDGE_CURVE('',#3600,#3599,#2003,.T.);
#4490=EDGE_CURVE('',#3599,#3597,#3017,.T.);
#4491=EDGE_CURVE('',#3601,#3598,#3018,.T.);
#4492=EDGE_CURVE('',#3598,#3602,#2004,.T.);
#4493=EDGE_CURVE('',#3602,#3603,#3019,.T.);
#4494=EDGE_CURVE('',#3603,#3601,#2005,.T.);
#4495=EDGE_CURVE('',#3602,#3604,#3020,.T.);
#4496=EDGE_CURVE('',#3604,#3603,#3021,.T.);
#4497=EDGE_CURVE('',#3601,#3575,#3022,.T.);
#4498=EDGE_CURVE('',#3601,#3605,#2006,.T.);
#4499=EDGE_CURVE('',#3605,#3576,#3023,.T.);
#4500=EDGE_CURVE('',#3606,#3603,#2007,.T.);
#4501=EDGE_CURVE('',#3607,#3606,#2008,.T.);
#4502=EDGE_CURVE('',#3608,#3607,#2009,.T.);
#4503=EDGE_CURVE('',#3605,#3608,#2010,.T.);
#4504=EDGE_CURVE('',#3556,#3609,#2011,.T.);
#4505=EDGE_CURVE('',#3609,#3591,#3024,.T.);
#4506=EDGE_CURVE('',#3610,#3609,#3025,.T.);
#4507=EDGE_CURVE('',#3609,#3611,#2012,.T.);
#4508=EDGE_CURVE('',#3611,#3612,#3026,.T.);
#4509=EDGE_CURVE('',#3612,#3610,#2013,.T.);
#4510=EDGE_CURVE('',#3613,#3611,#3027,.T.);
#4511=EDGE_CURVE('',#3611,#3614,#2014,.T.);
#4512=EDGE_CURVE('',#3614,#3615,#224,.F.);
#4513=EDGE_CURVE('',#3615,#3613,#2015,.T.);
#4514=EDGE_CURVE('',#3613,#3612,#3028,.T.);
#4515=EDGE_CURVE('',#3610,#3591,#3029,.T.);
#4516=EDGE_CURVE('',#3610,#3616,#2016,.T.);
#4517=EDGE_CURVE('',#3616,#3592,#3030,.F.);
#4518=EDGE_CURVE('',#3617,#3612,#2017,.T.);
#4519=EDGE_CURVE('',#3616,#3617,#2018,.T.);
#4520=EDGE_CURVE('',#3613,#3618,#2019,.T.);
#4521=EDGE_CURVE('',#3618,#3617,#3031,.F.);
#4522=EDGE_CURVE('',#3619,#3615,#2020,.T.);
#4523=EDGE_CURVE('',#3620,#3619,#3032,.F.);
#4524=EDGE_CURVE('',#3621,#3620,#2021,.T.);
#4525=EDGE_CURVE('',#3622,#3621,#2022,.T.);
#4526=EDGE_CURVE('',#3618,#3622,#2023,.T.);
#4527=EDGE_CURVE('',#3623,#3623,#3033,.T.);
#4528=EDGE_CURVE('',#3624,#3625,#225,.F.);
#4529=EDGE_CURVE('',#3625,#3626,#2024,.T.);
#4530=EDGE_CURVE('',#3626,#3627,#3034,.T.);
#4531=EDGE_CURVE('',#3627,#3624,#2025,.T.);
#4532=EDGE_CURVE('',#3626,#3628,#3035,.T.);
#4533=EDGE_CURVE('',#3628,#3627,#3036,.T.);
#4534=EDGE_CURVE('',#3629,#3625,#2026,.T.);
#4535=EDGE_CURVE('',#3629,#3630,#3037,.T.);
#4536=EDGE_CURVE('',#3631,#3630,#2027,.T.);
#4537=EDGE_CURVE('',#3631,#3632,#2028,.T.);
#4538=EDGE_CURVE('',#3633,#3632,#3038,.F.);
#4539=EDGE_CURVE('',#3633,#3634,#2029,.T.);
#4540=EDGE_CURVE('',#3626,#3634,#2030,.T.);
#4541=EDGE_CURVE('',#3560,#3635,#2031,.T.);
#4542=EDGE_CURVE('',#3635,#3636,#3039,.T.);
#4543=EDGE_CURVE('',#3636,#3559,#2032,.T.);
#4544=EDGE_CURVE('',#3635,#3637,#3040,.T.);
#4545=EDGE_CURVE('',#3637,#3636,#3041,.T.);
#4546=EDGE_CURVE('',#3637,#3615,#2033,.T.);
#4547=EDGE_CURVE('',#3614,#3636,#2034,.T.);
#4548=EDGE_CURVE('',#3628,#3637,#2035,.T.);
#4549=EDGE_CURVE('',#3635,#3627,#2036,.T.);
#4550=EDGE_CURVE('',#3638,#3569,#3042,.T.);
#4551=EDGE_CURVE('',#3639,#3638,#2037,.T.);
#4552=EDGE_CURVE('',#3640,#3639,#3043,.T.);
#4553=EDGE_CURVE('',#3641,#3640,#2038,.T.);
#4554=EDGE_CURVE('',#3642,#3641,#3044,.T.);
#4555=EDGE_CURVE('',#3643,#3642,#2039,.T.);
#4556=EDGE_CURVE('',#3644,#3643,#2040,.T.);
#4557=EDGE_CURVE('',#3645,#3644,#2041,.T.);
#4558=EDGE_CURVE('',#3646,#3645,#3045,.T.);
#4559=EDGE_CURVE('',#3647,#3646,#2042,.T.);
#4560=EDGE_CURVE('',#3648,#3647,#3046,.T.);
#4561=EDGE_CURVE('',#3649,#3648,#2043,.T.);
#4562=EDGE_CURVE('',#3650,#3649,#3047,.T.);
#4563=EDGE_CURVE('',#3651,#3650,#2044,.T.);
#4564=EDGE_CURVE('',#3652,#3651,#2045,.T.);
#4565=EDGE_CURVE('',#3653,#3652,#2046,.T.);
#4566=EDGE_CURVE('',#3654,#3653,#2047,.T.);
#4567=EDGE_CURVE('',#3655,#3654,#2048,.T.);
#4568=EDGE_CURVE('',#3656,#3655,#3048,.T.);
#4569=EDGE_CURVE('',#3657,#3656,#2049,.T.);
#4570=EDGE_CURVE('',#3658,#3657,#3049,.T.);
#4571=EDGE_CURVE('',#3659,#3658,#2050,.T.);
#4572=EDGE_CURVE('',#3660,#3659,#2051,.T.);
#4573=EDGE_CURVE('',#3661,#3660,#2052,.T.);
#4574=EDGE_CURVE('',#3662,#3661,#3050,.T.);
#4575=EDGE_CURVE('',#3663,#3662,#2053,.T.);
#4576=EDGE_CURVE('',#3664,#3663,#2054,.T.);
#4577=EDGE_CURVE('',#3624,#3664,#2055,.T.);
#4578=EDGE_CURVE('',#3634,#3620,#86,.F.);
#4579=EDGE_CURVE('',#3619,#3628,#2056,.T.);
#4580=EDGE_CURVE('',#3633,#3621,#87,.F.);
#4581=EDGE_CURVE('',#3665,#3666,#226,.F.);
#4582=EDGE_CURVE('',#3666,#3667,#2057,.T.);
#4583=EDGE_CURVE('',#3667,#3539,#227,.F.);
#4584=EDGE_CURVE('',#3539,#3665,#2058,.T.);
#4585=EDGE_CURVE('',#3667,#3668,#2059,.T.);
#4586=EDGE_CURVE('',#3666,#3631,#2060,.T.);
#4587=EDGE_CURVE('',#3669,#3630,#2061,.T.);
#4588=EDGE_CURVE('',#3670,#3669,#2062,.T.);
#4589=EDGE_CURVE('',#3670,#3671,#2063,.T.);
#4590=EDGE_CURVE('',#3668,#3671,#2064,.T.);
#4591=EDGE_CURVE('',#3632,#3672,#2065,.T.);
#4592=EDGE_CURVE('',#3672,#3622,#3051,.T.);
#4593=EDGE_CURVE('',#3673,#3672,#3052,.T.);
#4594=EDGE_CURVE('',#3672,#3666,#2066,.T.);
#4595=EDGE_CURVE('',#3665,#3673,#2067,.T.);
#4596=EDGE_CURVE('',#3673,#3622,#3053,.T.);
#4597=EDGE_CURVE('',#3673,#3674,#2068,.T.);
#4598=EDGE_CURVE('',#3674,#3618,#3054,.F.);
#4599=EDGE_CURVE('',#3675,#3529,#2069,.T.);
#4600=EDGE_CURVE('',#3674,#3675,#2070,.T.);
#4601=EDGE_CURVE('',#3675,#3616,#3055,.F.);
#4602=EDGE_CURVE('',#3592,#3675,#3056,.F.);
#4603=EDGE_CURVE('',#3617,#3674,#3057,.F.);
#4604=EDGE_CURVE('',#3676,#3638,#3058,.T.);
#4605=EDGE_CURVE('',#3568,#3676,#3059,.T.);
#4606=EDGE_CURVE('',#3677,#3639,#3060,.T.);
#4607=EDGE_CURVE('',#3676,#3677,#2071,.T.);
#4608=EDGE_CURVE('',#3678,#3640,#3061,.T.);
#4609=EDGE_CURVE('',#3677,#3678,#3062,.T.);
#4610=EDGE_CURVE('',#3679,#3641,#3063,.T.);
#4611=EDGE_CURVE('',#3678,#3679,#2072,.T.);
#4612=EDGE_CURVE('',#3680,#3642,#3064,.T.);
#4613=EDGE_CURVE('',#3679,#3680,#3065,.T.);
#4614=EDGE_CURVE('',#3681,#3643,#3066,.T.);
#4615=EDGE_CURVE('',#3680,#3681,#2073,.T.);
#4616=EDGE_CURVE('',#3682,#3683,#3067,.T.);
#4617=EDGE_CURVE('',#3683,#3684,#2074,.T.);
#4618=EDGE_CURVE('',#3684,#3681,#3068,.T.);
#4619=EDGE_CURVE('',#3681,#3682,#2075,.T.);
#4620=EDGE_CURVE('',#3684,#3643,#3069,.T.);
#4621=EDGE_CURVE('',#3685,#3586,#3070,.T.);
#4622=EDGE_CURVE('',#3585,#3682,#3071,.T.);
#4623=EDGE_CURVE('',#3682,#3685,#2076,.T.);
#4624=EDGE_CURVE('',#3686,#3587,#3072,.T.);
#4625=EDGE_CURVE('',#3685,#3686,#3073,.T.);
#4626=EDGE_CURVE('',#3687,#3588,#3074,.T.);
#4627=EDGE_CURVE('',#3686,#3687,#2077,.T.);
#4628=EDGE_CURVE('',#3688,#3589,#3075,.T.);
#4629=EDGE_CURVE('',#3687,#3688,#3076,.T.);
#4630=EDGE_CURVE('',#3689,#3590,#3077,.T.);
#4631=EDGE_CURVE('',#3688,#3689,#2078,.T.);
#4632=EDGE_CURVE('',#3689,#3570,#3078,.T.);
#4633=EDGE_CURVE('',#3585,#3683,#3079,.T.);
#4634=EDGE_CURVE('',#3687,#3678,#2079,.T.);
#4635=EDGE_CURVE('',#3686,#3679,#2080,.T.);
#4636=EDGE_CURVE('',#3688,#3677,#2081,.T.);
#4637=EDGE_CURVE('',#3689,#3676,#2082,.T.);
#4638=EDGE_CURVE('',#3684,#3690,#2083,.T.);
#4639=EDGE_CURVE('',#3690,#3644,#3080,.T.);
#4640=EDGE_CURVE('',#3691,#3683,#2084,.T.);
#4641=EDGE_CURVE('',#3690,#3691,#2085,.T.);
#4642=EDGE_CURVE('',#3584,#3691,#3081,.F.);
#4643=EDGE_CURVE('',#3669,#3692,#3082,.F.);
#4644=EDGE_CURVE('',#3693,#3669,#3083,.F.);
#4645=EDGE_CURVE('',#3692,#3693,#3084,.F.);
#4646=EDGE_CURVE('',#3629,#3693,#2086,.T.);
#4647=EDGE_CURVE('',#3694,#3695,#3085,.T.);
#4648=EDGE_CURVE('',#3695,#3692,#2087,.T.);
#4649=EDGE_CURVE('',#3693,#3694,#2088,.T.);
#4650=EDGE_CURVE('',#3694,#3664,#228,.T.);
#4651=EDGE_CURVE('',#3664,#3695,#229,.T.);
#4652=EDGE_CURVE('',#3696,#3697,#88,.F.);
#4653=EDGE_CURVE('',#3696,#3698,#2089,.T.);
#4654=EDGE_CURVE('',#3670,#3698,#3086,.T.);
#4655=EDGE_CURVE('',#3692,#3697,#2090,.T.);
#4656=EDGE_CURVE('',#3694,#3625,#2091,.T.);
#4657=EDGE_CURVE('',#3668,#3536,#230,.T.);
#4658=EDGE_CURVE('',#3671,#3537,#231,.F.);
#4659=EDGE_CURVE('',#3699,#3700,#3087,.T.);
#4660=EDGE_CURVE('',#3700,#3538,#232,.T.);
#4661=EDGE_CURVE('',#3538,#3699,#233,.T.);
#4662=EDGE_CURVE('',#3701,#3530,#3088,.T.);
#4663=EDGE_CURVE('',#3535,#3701,#234,.T.);
#4664=EDGE_CURVE('',#3700,#3701,#2092,.T.);
#4665=EDGE_CURVE('',#3671,#3699,#2093,.T.);
#4666=EDGE_CURVE('',#3701,#3702,#2094,.T.);
#4667=EDGE_CURVE('',#3702,#3531,#3089,.F.);
#4668=EDGE_CURVE('',#3703,#3700,#2095,.T.);
#4669=EDGE_CURVE('',#3703,#3704,#3090,.T.);
#4670=EDGE_CURVE('',#3702,#3704,#2096,.T.);
#4671=EDGE_CURVE('',#3705,#3705,#3091,.T.);
#4672=EDGE_CURVE('',#3699,#3706,#2097,.T.);
#4673=EDGE_CURVE('',#3706,#3707,#3092,.F.);
#4674=EDGE_CURVE('',#3707,#3703,#89,.T.);
#4675=EDGE_CURVE('',#3706,#3698,#2098,.T.);
#4676=EDGE_CURVE('',#3708,#3704,#90,.F.);
#4677=EDGE_CURVE('',#3707,#3709,#2099,.T.);
#4678=EDGE_CURVE('',#3709,#3710,#3093,.T.);
#4679=EDGE_CURVE('',#3710,#3708,#2100,.T.);
#4680=EDGE_CURVE('',#3709,#3663,#3094,.T.);
#4681=EDGE_CURVE('',#3663,#3710,#3095,.T.);
#4682=EDGE_CURVE('',#3709,#3695,#2101,.T.);
#4683=EDGE_CURVE('',#3696,#3711,#3096,.T.);
#4684=EDGE_CURVE('',#3711,#3697,#3097,.T.);
#4685=EDGE_CURVE('',#3662,#3712,#3098,.T.);
#4686=EDGE_CURVE('',#3712,#3710,#2102,.T.);
#4687=EDGE_CURVE('',#3661,#3713,#3099,.T.);
#4688=EDGE_CURVE('',#3712,#3713,#3100,.T.);
#4689=EDGE_CURVE('',#3714,#3715,#3101,.T.);
#4690=EDGE_CURVE('',#3715,#3712,#2103,.T.);
#4691=EDGE_CURVE('',#3713,#3714,#2104,.T.);
#4692=EDGE_CURVE('',#3716,#3717,#3102,.T.);
#4693=EDGE_CURVE('',#3716,#3715,#2105,.T.);
#4694=EDGE_CURVE('',#3715,#3718,#3103,.T.);
#4695=EDGE_CURVE('',#3718,#3717,#2106,.T.);
#4696=EDGE_CURVE('',#3714,#3718,#3104,.T.);
#4697=EDGE_CURVE('',#3716,#3719,#2107,.T.);
#4698=EDGE_CURVE('',#3708,#3719,#3105,.F.);
#4699=EDGE_CURVE('',#3720,#3717,#2108,.T.);
#4700=EDGE_CURVE('',#3721,#3720,#2109,.T.);
#4701=EDGE_CURVE('',#3719,#3721,#2110,.T.);
#4702=EDGE_CURVE('',#3722,#3718,#2111,.T.);
#4703=EDGE_CURVE('',#3722,#3723,#2112,.T.);
#4704=EDGE_CURVE('',#3723,#3724,#2113,.T.);
#4705=EDGE_CURVE('',#3725,#3724,#2114,.T.);
#4706=EDGE_CURVE('',#3726,#3725,#2115,.T.);
#4707=EDGE_CURVE('',#3720,#3726,#2116,.T.);
#4708=EDGE_CURVE('',#3726,#3533,#91,.F.);
#4709=EDGE_CURVE('',#3532,#3720,#235,.T.);
#4710=EDGE_CURVE('',#3721,#3702,#3106,.F.);
#4711=EDGE_CURVE('',#3531,#3721,#3107,.F.);
#4712=EDGE_CURVE('',#3725,#3553,#236,.F.);
#4713=EDGE_CURVE('',#3554,#3727,#92,.T.);
#4714=EDGE_CURVE('',#3727,#3724,#3108,.T.);
#4715=EDGE_CURVE('',#3728,#3552,#3109,.T.);
#4716=EDGE_CURVE('',#3555,#3729,#3110,.T.);
#4717=EDGE_CURVE('',#3729,#3728,#2117,.T.);
#4718=EDGE_CURVE('',#3728,#3547,#3111,.T.);
#4719=EDGE_CURVE('',#3730,#3555,#3112,.T.);
#4720=EDGE_CURVE('',#3727,#3730,#2118,.T.);
#4721=EDGE_CURVE('',#3730,#3729,#3113,.T.);
#4722=EDGE_CURVE('',#3728,#3731,#2119,.T.);
#4723=EDGE_CURVE('',#3548,#3731,#3114,.T.);
#4724=EDGE_CURVE('',#3732,#3729,#2120,.T.);
#4725=EDGE_CURVE('',#3733,#3732,#3115,.T.);
#4726=EDGE_CURVE('',#3734,#3733,#2121,.T.);
#4727=EDGE_CURVE('',#3731,#3734,#3116,.T.);
#4728=EDGE_CURVE('',#3735,#3735,#3117,.T.);
#4729=EDGE_CURVE('',#3730,#3736,#2122,.T.);
#4730=EDGE_CURVE('',#3736,#3732,#3118,.T.);
#4731=EDGE_CURVE('',#3737,#3723,#2123,.T.);
#4732=EDGE_CURVE('',#3736,#3737,#93,.T.);
#4733=EDGE_CURVE('',#3738,#3737,#94,.T.);
#4734=EDGE_CURVE('',#3738,#3732,#95,.T.);
#4735=EDGE_CURVE('',#3733,#3739,#3119,.T.);
#4736=EDGE_CURVE('',#3739,#3740,#2124,.T.);
#4737=EDGE_CURVE('',#3740,#3734,#3120,.T.);
#4738=EDGE_CURVE('',#3740,#3548,#3121,.T.);
#4739=EDGE_CURVE('',#3741,#3742,#96,.F.);
#4740=EDGE_CURVE('',#3742,#3739,#97,.T.);
#4741=EDGE_CURVE('',#3733,#3741,#98,.T.);
#4742=EDGE_CURVE('',#3740,#3743,#2125,.T.);
#4743=EDGE_CURVE('',#3549,#3743,#3122,.T.);
#4744=EDGE_CURVE('',#3744,#3738,#99,.T.);
#4745=EDGE_CURVE('',#3744,#3745,#3123,.T.);
#4746=EDGE_CURVE('',#3741,#3745,#100,.T.);
#4747=EDGE_CURVE('',#3714,#3746,#2126,.T.);
#4748=EDGE_CURVE('',#3722,#3746,#3124,.T.);
#4749=EDGE_CURVE('',#3744,#3747,#2127,.T.);
#4750=EDGE_CURVE('',#3747,#3748,#3125,.T.);
#4751=EDGE_CURVE('',#3748,#3745,#2128,.T.);
#4752=EDGE_CURVE('',#3660,#3749,#237,.T.);
#4753=EDGE_CURVE('',#3749,#3713,#2129,.T.);
#4754=EDGE_CURVE('',#3659,#3747,#3126,.T.);
#4755=EDGE_CURVE('',#3747,#3749,#2130,.T.);
#4756=EDGE_CURVE('',#3659,#3748,#3127,.T.);
#4757=EDGE_CURVE('',#3750,#3748,#2131,.T.);
#4758=EDGE_CURVE('',#3751,#3750,#2132,.T.);
#4759=EDGE_CURVE('',#3752,#3751,#2133,.T.);
#4760=EDGE_CURVE('',#3752,#3753,#3128,.T.);
#4761=EDGE_CURVE('',#3753,#3754,#3129,.T.);
#4762=EDGE_CURVE('',#3755,#3754,#2134,.T.);
#4763=EDGE_CURVE('',#3755,#3742,#2135,.T.);
#4764=EDGE_CURVE('',#3750,#3658,#3130,.T.);
#4765=EDGE_CURVE('',#3691,#3756,#3131,.F.);
#4766=EDGE_CURVE('',#3756,#3584,#3132,.F.);
#4767=EDGE_CURVE('',#3583,#3757,#3133,.T.);
#4768=EDGE_CURVE('',#3757,#3756,#2136,.T.);
#4769=EDGE_CURVE('',#3582,#3758,#3134,.T.);
#4770=EDGE_CURVE('',#3758,#3757,#3135,.T.);
#4771=EDGE_CURVE('',#3581,#3759,#3136,.T.);
#4772=EDGE_CURVE('',#3759,#3758,#2137,.T.);
#4773=EDGE_CURVE('',#3580,#3760,#3137,.T.);
#4774=EDGE_CURVE('',#3760,#3759,#3138,.T.);
#4775=EDGE_CURVE('',#3579,#3761,#3139,.T.);
#4776=EDGE_CURVE('',#3761,#3760,#2138,.T.);
#4777=EDGE_CURVE('',#3578,#3762,#3140,.T.);
#4778=EDGE_CURVE('',#3762,#3761,#3141,.T.);
#4779=EDGE_CURVE('',#3577,#3763,#3142,.T.);
#4780=EDGE_CURVE('',#3763,#3762,#2139,.T.);
#4781=EDGE_CURVE('',#3577,#3764,#3143,.T.);
#4782=EDGE_CURVE('',#3764,#3763,#3144,.T.);
#4783=EDGE_CURVE('',#3765,#3690,#3145,.T.);
#4784=EDGE_CURVE('',#3756,#3765,#2140,.T.);
#4785=EDGE_CURVE('',#3765,#3644,#3146,.T.);
#4786=EDGE_CURVE('',#3685,#3680,#2141,.T.);
#4787=EDGE_CURVE('',#3766,#3766,#3147,.T.);
#4788=EDGE_CURVE('',#3765,#3767,#2142,.T.);
#4789=EDGE_CURVE('',#3645,#3767,#3148,.T.);
#4790=EDGE_CURVE('',#3757,#3767,#2143,.T.);
#4791=EDGE_CURVE('',#3768,#3768,#3149,.T.);
#4792=EDGE_CURVE('',#3650,#3769,#3150,.T.);
#4793=EDGE_CURVE('',#3769,#3770,#2144,.T.);
#4794=EDGE_CURVE('',#3770,#3651,#3151,.T.);
#4795=EDGE_CURVE('',#3649,#3771,#3152,.T.);
#4796=EDGE_CURVE('',#3771,#3769,#3153,.T.);
#4797=EDGE_CURVE('',#3648,#3772,#3154,.T.);
#4798=EDGE_CURVE('',#3772,#3771,#2145,.T.);
#4799=EDGE_CURVE('',#3647,#3773,#3155,.T.);
#4800=EDGE_CURVE('',#3773,#3772,#3156,.T.);
#4801=EDGE_CURVE('',#3646,#3774,#3157,.T.);
#4802=EDGE_CURVE('',#3774,#3773,#2146,.T.);
#4803=EDGE_CURVE('',#3767,#3774,#3158,.T.);
#4804=EDGE_CURVE('',#3764,#3775,#2147,.T.);
#4805=EDGE_CURVE('',#3775,#3770,#3159,.T.);
#4806=EDGE_CURVE('',#3770,#3763,#2148,.T.);
#4807=EDGE_CURVE('',#3576,#3776,#3160,.T.);
#4808=EDGE_CURVE('',#3776,#3764,#2149,.T.);
#4809=EDGE_CURVE('',#3775,#3651,#3161,.T.);
#4810=EDGE_CURVE('',#3605,#3776,#3162,.T.);
#4811=EDGE_CURVE('',#3775,#3777,#2150,.T.);
#4812=EDGE_CURVE('',#3652,#3777,#3163,.T.);
#4813=EDGE_CURVE('',#3777,#3776,#2151,.T.);
#4814=EDGE_CURVE('',#3608,#3777,#3164,.T.);
#4815=EDGE_CURVE('',#3778,#3597,#2152,.T.);
#4816=EDGE_CURVE('',#3602,#3778,#2153,.T.);
#4817=EDGE_CURVE('',#3779,#3780,#2154,.T.);
#4818=EDGE_CURVE('',#3780,#3781,#101,.F.);
#4819=EDGE_CURVE('',#3781,#3782,#2155,.T.);
#4820=EDGE_CURVE('',#3782,#3779,#238,.T.);
#4821=EDGE_CURVE('',#3782,#3783,#2156,.T.);
#4822=EDGE_CURVE('',#3783,#3784,#3165,.T.);
#4823=EDGE_CURVE('',#3784,#3779,#2157,.T.);
#4824=EDGE_CURVE('',#3783,#3654,#102,.T.);
#4825=EDGE_CURVE('',#3654,#3784,#103,.T.);
#4826=EDGE_CURVE('',#3783,#3785,#2158,.T.);
#4827=EDGE_CURVE('',#3785,#3655,#3166,.T.);
#4828=EDGE_CURVE('',#3781,#3786,#3167,.T.);
#4829=EDGE_CURVE('',#3787,#3786,#2159,.T.);
#4830=EDGE_CURVE('',#3785,#3787,#2160,.T.);
#4831=EDGE_CURVE('',#3788,#3784,#2161,.T.);
#4832=EDGE_CURVE('',#3789,#3788,#2162,.T.);
#4833=EDGE_CURVE('',#3789,#3779,#2163,.T.);
#4834=EDGE_CURVE('',#3599,#3790,#2164,.T.);
#4835=EDGE_CURVE('',#3790,#3778,#3168,.T.);
#4836=EDGE_CURVE('',#3791,#3790,#3169,.T.);
#4837=EDGE_CURVE('',#3790,#3792,#2165,.T.);
#4838=EDGE_CURVE('',#3792,#3793,#3170,.T.);
#4839=EDGE_CURVE('',#3793,#3791,#2166,.T.);
#4840=EDGE_CURVE('',#3791,#3778,#3171,.T.);
#4841=EDGE_CURVE('',#3794,#3793,#3172,.T.);
#4842=EDGE_CURVE('',#3792,#3794,#3173,.T.);
#4843=EDGE_CURVE('',#3780,#3793,#2167,.T.);
#4844=EDGE_CURVE('',#3794,#3795,#2168,.T.);
#4845=EDGE_CURVE('',#3795,#3786,#104,.F.);
#4846=EDGE_CURVE('',#3600,#3796,#2169,.T.);
#4847=EDGE_CURVE('',#3797,#3796,#3174,.F.);
#4848=EDGE_CURVE('',#3792,#3797,#3175,.T.);
#4849=EDGE_CURVE('',#3791,#3604,#2170,.T.);
#4850=EDGE_CURVE('',#3788,#3607,#3176,.T.);
#4851=EDGE_CURVE('',#3606,#3789,#239,.T.);
#4852=EDGE_CURVE('',#3604,#3789,#2171,.T.);
#4853=EDGE_CURVE('',#3653,#3788,#3177,.T.);
#4854=EDGE_CURVE('',#3653,#3607,#3178,.T.);
#4855=EDGE_CURVE('',#3652,#3608,#3179,.T.);
#4856=EDGE_CURVE('',#3762,#3769,#2172,.T.);
#4857=EDGE_CURVE('',#3798,#3798,#3180,.T.);
#4858=EDGE_CURVE('',#3799,#3656,#3181,.T.);
#4859=EDGE_CURVE('',#3785,#3799,#3182,.T.);
#4860=EDGE_CURVE('',#3800,#3657,#3183,.T.);
#4861=EDGE_CURVE('',#3799,#3800,#2173,.T.);
#4862=EDGE_CURVE('',#3800,#3750,#3184,.T.);
#4863=EDGE_CURVE('',#3746,#3749,#2174,.T.);
#4864=EDGE_CURVE('',#3801,#3797,#105,.T.);
#4865=EDGE_CURVE('',#3801,#3794,#3185,.T.);
#4866=EDGE_CURVE('',#3802,#3802,#3186,.T.);
#4867=EDGE_CURVE('',#3801,#3803,#2175,.T.);
#4868=EDGE_CURVE('',#3795,#3803,#240,.T.);
#4869=EDGE_CURVE('',#3796,#3551,#2176,.T.);
#4870=EDGE_CURVE('',#3551,#3804,#241,.F.);
#4871=EDGE_CURVE('',#3804,#3801,#2177,.T.);
#4872=EDGE_CURVE('',#3550,#3805,#3187,.T.);
#4873=EDGE_CURVE('',#3805,#3804,#2178,.T.);
#4874=EDGE_CURVE('',#3743,#3805,#3188,.T.);
#4875=EDGE_CURVE('',#3787,#3806,#3189,.F.);
#4876=EDGE_CURVE('',#3807,#3787,#3190,.F.);
#4877=EDGE_CURVE('',#3806,#3807,#3191,.F.);
#4878=EDGE_CURVE('',#3803,#3807,#2179,.T.);
#4879=EDGE_CURVE('',#3808,#3809,#3192,.F.);
#4880=EDGE_CURVE('',#3751,#3808,#3193,.F.);
#4881=EDGE_CURVE('',#3809,#3751,#3194,.F.);
#4882=EDGE_CURVE('',#3752,#3754,#106,.F.);
#4883=EDGE_CURVE('',#3808,#3810,#2180,.T.);
#4884=EDGE_CURVE('',#3810,#3755,#242,.T.);
#4885=EDGE_CURVE('',#3800,#3809,#2181,.T.);
#4886=EDGE_CURVE('',#3807,#3808,#2182,.T.);
#4887=EDGE_CURVE('',#3809,#3806,#2183,.T.);
#4888=EDGE_CURVE('',#3806,#3799,#2184,.T.);
#4889=EDGE_CURVE('',#3743,#3755,#2185,.T.);
#4890=EDGE_CURVE('',#3810,#3805,#2186,.T.);
#4891=EDGE_CURVE('',#3811,#3811,#3195,.T.);
#4892=EDGE_CURVE('',#3812,#3812,#3196,.T.);
#4893=EDGE_CURVE('',#3768,#3811,#2187,.T.);
#4894=EDGE_CURVE('',#3812,#3813,#2188,.T.);
#4895=EDGE_CURVE('',#3813,#3813,#3197,.T.);
#4896=EDGE_CURVE('',#3814,#3814,#3198,.T.);
#4897=EDGE_CURVE('',#3815,#3815,#3199,.T.);
#4898=EDGE_CURVE('',#3766,#3814,#2189,.T.);
#4899=EDGE_CURVE('',#3815,#3816,#2190,.T.);
#4900=EDGE_CURVE('',#3816,#3816,#3200,.T.);
#4901=EDGE_CURVE('',#3711,#3571,#2191,.T.);
#4902=EDGE_CURVE('',#3753,#3798,#2192,.T.);
#4903=EDGE_CURVE('',#3817,#3817,#3201,.T.);
#4904=EDGE_CURVE('',#3818,#3818,#3202,.T.);
#4905=EDGE_CURVE('',#3623,#3817,#2193,.T.);
#4906=EDGE_CURVE('',#3818,#3596,#2194,.T.);
#4907=EDGE_CURVE('',#3819,#3819,#3203,.T.);
#4908=EDGE_CURVE('',#3820,#3820,#3204,.T.);
#4909=EDGE_CURVE('',#3735,#3819,#2195,.T.);
#4910=EDGE_CURVE('',#3820,#3595,#2196,.T.);
#4911=EDGE_CURVE('',#3821,#3821,#3205,.T.);
#4912=EDGE_CURVE('',#3822,#3822,#3206,.T.);
#4913=EDGE_CURVE('',#3802,#3821,#2197,.T.);
#4914=EDGE_CURVE('',#3822,#3594,#2198,.T.);
#4915=EDGE_CURVE('',#3823,#3823,#3207,.T.);
#4916=EDGE_CURVE('',#3824,#3824,#3208,.T.);
#4917=EDGE_CURVE('',#3705,#3823,#2199,.T.);
#4918=EDGE_CURVE('',#3824,#3593,#2200,.T.);
#4919=EDGE_CURVE('',#3761,#3771,#2201,.T.);
#4920=EDGE_CURVE('',#3760,#3772,#2202,.T.);
#4921=EDGE_CURVE('',#3759,#3773,#2203,.T.);
#4922=EDGE_CURVE('',#3758,#3774,#2204,.T.);
#4923=ORIENTED_EDGE('',*,*,#3825,.F.);
#4924=ORIENTED_EDGE('',*,*,#3826,.T.);
#4925=ORIENTED_EDGE('',*,*,#3827,.T.);
#4926=ORIENTED_EDGE('',*,*,#3828,.T.);
#4927=ORIENTED_EDGE('',*,*,#3826,.F.);
#4928=ORIENTED_EDGE('',*,*,#3829,.F.);
#4929=ORIENTED_EDGE('',*,*,#3830,.T.);
#4930=ORIENTED_EDGE('',*,*,#3831,.T.);
#4931=ORIENTED_EDGE('',*,*,#3832,.T.);
#4932=ORIENTED_EDGE('',*,*,#3830,.F.);
#4933=ORIENTED_EDGE('',*,*,#3833,.F.);
#4934=ORIENTED_EDGE('',*,*,#3834,.T.);
#4935=ORIENTED_EDGE('',*,*,#3835,.T.);
#4936=ORIENTED_EDGE('',*,*,#3836,.T.);
#4937=ORIENTED_EDGE('',*,*,#3834,.F.);
#4938=ORIENTED_EDGE('',*,*,#3837,.F.);
#4939=ORIENTED_EDGE('',*,*,#3838,.T.);
#4940=ORIENTED_EDGE('',*,*,#3839,.T.);
#4941=ORIENTED_EDGE('',*,*,#3838,.F.);
#4942=ORIENTED_EDGE('',*,*,#3839,.F.);
#4943=ORIENTED_EDGE('',*,*,#3840,.T.);
#4944=ORIENTED_EDGE('',*,*,#3841,.F.);
#4945=ORIENTED_EDGE('',*,*,#3842,.T.);
#4946=ORIENTED_EDGE('',*,*,#3843,.T.);
#4947=ORIENTED_EDGE('',*,*,#3842,.F.);
#4948=ORIENTED_EDGE('',*,*,#3843,.F.);
#4949=ORIENTED_EDGE('',*,*,#3844,.T.);
#4950=ORIENTED_EDGE('',*,*,#3845,.F.);
#4951=ORIENTED_EDGE('',*,*,#3846,.T.);
#4952=ORIENTED_EDGE('',*,*,#3847,.T.);
#4953=ORIENTED_EDGE('',*,*,#3848,.T.);
#4954=ORIENTED_EDGE('',*,*,#3846,.F.);
#4955=ORIENTED_EDGE('',*,*,#3849,.F.);
#4956=ORIENTED_EDGE('',*,*,#3850,.T.);
#4957=ORIENTED_EDGE('',*,*,#3851,.T.);
#4958=ORIENTED_EDGE('',*,*,#3852,.T.);
#4959=ORIENTED_EDGE('',*,*,#3850,.F.);
#4960=ORIENTED_EDGE('',*,*,#3853,.F.);
#4961=ORIENTED_EDGE('',*,*,#3854,.T.);
#4962=ORIENTED_EDGE('',*,*,#3855,.T.);
#4963=ORIENTED_EDGE('',*,*,#3856,.T.);
#4964=ORIENTED_EDGE('',*,*,#3854,.F.);
#4965=ORIENTED_EDGE('',*,*,#3848,.F.);
#4966=ORIENTED_EDGE('',*,*,#3857,.T.);
#4967=ORIENTED_EDGE('',*,*,#3858,.F.);
#4968=ORIENTED_EDGE('',*,*,#3857,.F.);
#4969=ORIENTED_EDGE('',*,*,#3847,.F.);
#4970=ORIENTED_EDGE('',*,*,#3836,.F.);
#4971=ORIENTED_EDGE('',*,*,#3859,.T.);
#4972=ORIENTED_EDGE('',*,*,#3860,.F.);
#4973=ORIENTED_EDGE('',*,*,#3859,.F.);
#4974=ORIENTED_EDGE('',*,*,#3835,.F.);
#4975=ORIENTED_EDGE('',*,*,#3861,.T.);
#4976=ORIENTED_EDGE('',*,*,#3862,.T.);
#4977=ORIENTED_EDGE('',*,*,#3863,.T.);
#4978=ORIENTED_EDGE('',*,*,#3864,.T.);
#4979=ORIENTED_EDGE('',*,*,#3865,.T.);
#4980=ORIENTED_EDGE('',*,*,#3866,.T.);
#4981=ORIENTED_EDGE('',*,*,#3867,.T.);
#4982=ORIENTED_EDGE('',*,*,#3868,.T.);
#4983=ORIENTED_EDGE('',*,*,#3869,.T.);
#4984=ORIENTED_EDGE('',*,*,#3870,.T.);
#4985=ORIENTED_EDGE('',*,*,#3871,.T.);
#4986=ORIENTED_EDGE('',*,*,#3868,.F.);
#4987=ORIENTED_EDGE('',*,*,#3866,.F.);
#4988=ORIENTED_EDGE('',*,*,#3872,.T.);
#4989=ORIENTED_EDGE('',*,*,#3861,.F.);
#4990=ORIENTED_EDGE('',*,*,#3862,.F.);
#4991=ORIENTED_EDGE('',*,*,#3873,.F.);
#4992=ORIENTED_EDGE('',*,*,#3874,.F.);
#4993=ORIENTED_EDGE('',*,*,#3875,.F.);
#4994=ORIENTED_EDGE('',*,*,#3876,.F.);
#4995=ORIENTED_EDGE('',*,*,#3877,.F.);
#4996=ORIENTED_EDGE('',*,*,#3878,.F.);
#4997=ORIENTED_EDGE('',*,*,#3872,.F.);
#4998=ORIENTED_EDGE('',*,*,#3879,.T.);
#4999=ORIENTED_EDGE('',*,*,#3880,.F.);
#5000=ORIENTED_EDGE('',*,*,#3873,.T.);
#5001=ORIENTED_EDGE('',*,*,#3865,.F.);
#5002=ORIENTED_EDGE('',*,*,#3881,.T.);
#5003=ORIENTED_EDGE('',*,*,#3882,.F.);
#5004=ORIENTED_EDGE('',*,*,#3883,.F.);
#5005=ORIENTED_EDGE('',*,*,#3884,.F.);
#5006=ORIENTED_EDGE('',*,*,#3879,.F.);
#5007=ORIENTED_EDGE('',*,*,#3871,.F.);
#5008=ORIENTED_EDGE('',*,*,#3885,.T.);
#5009=ORIENTED_EDGE('',*,*,#3886,.F.);
#5010=ORIENTED_EDGE('',*,*,#3881,.F.);
#5011=ORIENTED_EDGE('',*,*,#3887,.T.);
#5012=ORIENTED_EDGE('',*,*,#3888,.T.);
#5013=ORIENTED_EDGE('',*,*,#3889,.T.);
#5014=ORIENTED_EDGE('',*,*,#3888,.F.);
#5015=ORIENTED_EDGE('',*,*,#3890,.T.);
#5016=ORIENTED_EDGE('',*,*,#3891,.T.);
#5017=ORIENTED_EDGE('',*,*,#3892,.T.);
#5018=ORIENTED_EDGE('',*,*,#3889,.F.);
#5019=ORIENTED_EDGE('',*,*,#3893,.T.);
#5020=ORIENTED_EDGE('',*,*,#3894,.T.);
#5021=ORIENTED_EDGE('',*,*,#3895,.T.);
#5022=ORIENTED_EDGE('',*,*,#3896,.T.);
#5023=ORIENTED_EDGE('',*,*,#3863,.F.);
#5024=ORIENTED_EDGE('',*,*,#3897,.T.);
#5025=ORIENTED_EDGE('',*,*,#3894,.F.);
#5026=ORIENTED_EDGE('',*,*,#3890,.F.);
#5027=ORIENTED_EDGE('',*,*,#3898,.F.);
#5028=ORIENTED_EDGE('',*,*,#3899,.F.);
#5029=ORIENTED_EDGE('',*,*,#3900,.F.);
#5030=ORIENTED_EDGE('',*,*,#3901,.F.);
#5031=ORIENTED_EDGE('',*,*,#3902,.F.);
#5032=ORIENTED_EDGE('',*,*,#3903,.F.);
#5033=ORIENTED_EDGE('',*,*,#3887,.F.);
#5034=ORIENTED_EDGE('',*,*,#3904,.T.);
#5035=ORIENTED_EDGE('',*,*,#3905,.T.);
#5036=ORIENTED_EDGE('',*,*,#3898,.T.);
#5037=ORIENTED_EDGE('',*,*,#3895,.F.);
#5038=ORIENTED_EDGE('',*,*,#3906,.T.);
#5039=ORIENTED_EDGE('',*,*,#3907,.F.);
#5040=ORIENTED_EDGE('',*,*,#3908,.T.);
#5041=ORIENTED_EDGE('',*,*,#3909,.F.);
#5042=ORIENTED_EDGE('',*,*,#3904,.F.);
#5043=ORIENTED_EDGE('',*,*,#3897,.F.);
#5044=ORIENTED_EDGE('',*,*,#3878,.T.);
#5045=ORIENTED_EDGE('',*,*,#3910,.F.);
#5046=ORIENTED_EDGE('',*,*,#3906,.F.);
#5047=ORIENTED_EDGE('',*,*,#3911,.T.);
#5048=ORIENTED_EDGE('',*,*,#3912,.T.);
#5049=ORIENTED_EDGE('',*,*,#3913,.T.);
#5050=ORIENTED_EDGE('',*,*,#3914,.T.);
#5051=ORIENTED_EDGE('',*,*,#3915,.T.);
#5052=ORIENTED_EDGE('',*,*,#3916,.T.);
#5053=ORIENTED_EDGE('',*,*,#3917,.T.);
#5054=ORIENTED_EDGE('',*,*,#3918,.T.);
#5055=ORIENTED_EDGE('',*,*,#3915,.F.);
#5056=ORIENTED_EDGE('',*,*,#3919,.T.);
#5057=ORIENTED_EDGE('',*,*,#3913,.F.);
#5058=ORIENTED_EDGE('',*,*,#3920,.T.);
#5059=ORIENTED_EDGE('',*,*,#3921,.T.);
#5060=ORIENTED_EDGE('',*,*,#3922,.T.);
#5061=ORIENTED_EDGE('',*,*,#3923,.T.);
#5062=ORIENTED_EDGE('',*,*,#3920,.F.);
#5063=ORIENTED_EDGE('',*,*,#3924,.T.);
#5064=ORIENTED_EDGE('',*,*,#3917,.F.);
#5065=ORIENTED_EDGE('',*,*,#3925,.T.);
#5066=ORIENTED_EDGE('',*,*,#3926,.T.);
#5067=ORIENTED_EDGE('',*,*,#3927,.T.);
#5068=ORIENTED_EDGE('',*,*,#3928,.T.);
#5069=ORIENTED_EDGE('',*,*,#3925,.F.);
#5070=ORIENTED_EDGE('',*,*,#3929,.T.);
#5071=ORIENTED_EDGE('',*,*,#3922,.F.);
#5072=ORIENTED_EDGE('',*,*,#3911,.F.);
#5073=ORIENTED_EDGE('',*,*,#3930,.T.);
#5074=ORIENTED_EDGE('',*,*,#3927,.F.);
#5075=ORIENTED_EDGE('',*,*,#3924,.F.);
#5076=ORIENTED_EDGE('',*,*,#3931,.T.);
#5077=ORIENTED_EDGE('',*,*,#3932,.T.);
#5078=ORIENTED_EDGE('',*,*,#3933,.T.);
#5079=ORIENTED_EDGE('',*,*,#3923,.F.);
#5080=ORIENTED_EDGE('',*,*,#3934,.F.);
#5081=ORIENTED_EDGE('',*,*,#3935,.T.);
#5082=ORIENTED_EDGE('',*,*,#3931,.F.);
#5083=ORIENTED_EDGE('',*,*,#3936,.T.);
#5084=ORIENTED_EDGE('',*,*,#3929,.F.);
#5085=ORIENTED_EDGE('',*,*,#3937,.T.);
#5086=ORIENTED_EDGE('',*,*,#3938,.F.);
#5087=ORIENTED_EDGE('',*,*,#3934,.T.);
#5088=ORIENTED_EDGE('',*,*,#3896,.F.);
#5089=ORIENTED_EDGE('',*,*,#3893,.F.);
#5090=ORIENTED_EDGE('',*,*,#3892,.F.);
#5091=ORIENTED_EDGE('',*,*,#3939,.T.);
#5092=ORIENTED_EDGE('',*,*,#3940,.F.);
#5093=ORIENTED_EDGE('',*,*,#3941,.F.);
#5094=ORIENTED_EDGE('',*,*,#3942,.F.);
#5095=ORIENTED_EDGE('',*,*,#3943,.F.);
#5096=ORIENTED_EDGE('',*,*,#3944,.F.);
#5097=ORIENTED_EDGE('',*,*,#3945,.F.);
#5098=ORIENTED_EDGE('',*,*,#3946,.F.);
#5099=ORIENTED_EDGE('',*,*,#3947,.F.);
#5100=ORIENTED_EDGE('',*,*,#3948,.F.);
#5101=ORIENTED_EDGE('',*,*,#3949,.F.);
#5102=ORIENTED_EDGE('',*,*,#3950,.F.);
#5103=ORIENTED_EDGE('',*,*,#3951,.F.);
#5104=ORIENTED_EDGE('',*,*,#3952,.F.);
#5105=ORIENTED_EDGE('',*,*,#3953,.F.);
#5106=ORIENTED_EDGE('',*,*,#3954,.F.);
#5107=ORIENTED_EDGE('',*,*,#3955,.F.);
#5108=ORIENTED_EDGE('',*,*,#3956,.F.);
#5109=ORIENTED_EDGE('',*,*,#3957,.F.);
#5110=ORIENTED_EDGE('',*,*,#3937,.F.);
#5111=ORIENTED_EDGE('',*,*,#3928,.F.);
#5112=ORIENTED_EDGE('',*,*,#3958,.F.);
#5113=ORIENTED_EDGE('',*,*,#3959,.F.);
#5114=ORIENTED_EDGE('',*,*,#3960,.F.);
#5115=ORIENTED_EDGE('',*,*,#3869,.F.);
#5116=ORIENTED_EDGE('',*,*,#3867,.F.);
#5117=ORIENTED_EDGE('',*,*,#3864,.F.);
#5118=ORIENTED_EDGE('',*,*,#3961,.T.);
#5119=ORIENTED_EDGE('',*,*,#3962,.T.);
#5120=ORIENTED_EDGE('',*,*,#3963,.T.);
#5121=ORIENTED_EDGE('',*,*,#3964,.T.);
#5122=ORIENTED_EDGE('',*,*,#3912,.F.);
#5123=ORIENTED_EDGE('',*,*,#3926,.F.);
#5124=ORIENTED_EDGE('',*,*,#3921,.F.);
#5125=ORIENTED_EDGE('',*,*,#3916,.F.);
#5126=ORIENTED_EDGE('',*,*,#3965,.T.);
#5127=ORIENTED_EDGE('',*,*,#3966,.T.);
#5128=ORIENTED_EDGE('',*,*,#3967,.T.);
#5129=ORIENTED_EDGE('',*,*,#3941,.T.);
#5130=ORIENTED_EDGE('',*,*,#3968,.T.);
#5131=ORIENTED_EDGE('',*,*,#3940,.T.);
#5132=ORIENTED_EDGE('',*,*,#3969,.T.);
#5133=ORIENTED_EDGE('',*,*,#3970,.T.);
#5134=ORIENTED_EDGE('',*,*,#3968,.F.);
#5135=ORIENTED_EDGE('',*,*,#3971,.T.);
#5136=ORIENTED_EDGE('',*,*,#3965,.F.);
#5137=ORIENTED_EDGE('',*,*,#3972,.T.);
#5138=ORIENTED_EDGE('',*,*,#3973,.T.);
#5139=ORIENTED_EDGE('',*,*,#3974,.T.);
#5140=ORIENTED_EDGE('',*,*,#3975,.T.);
#5141=ORIENTED_EDGE('',*,*,#3974,.F.);
#5142=ORIENTED_EDGE('',*,*,#3976,.T.);
#5143=ORIENTED_EDGE('',*,*,#3977,.T.);
#5144=ORIENTED_EDGE('',*,*,#3972,.F.);
#5145=ORIENTED_EDGE('',*,*,#3978,.T.);
#5146=ORIENTED_EDGE('',*,*,#3967,.F.);
#5147=ORIENTED_EDGE('',*,*,#3978,.F.);
#5148=ORIENTED_EDGE('',*,*,#3979,.T.);
#5149=ORIENTED_EDGE('',*,*,#3980,.T.);
#5150=ORIENTED_EDGE('',*,*,#3942,.T.);
#5151=ORIENTED_EDGE('',*,*,#3975,.F.);
#5152=ORIENTED_EDGE('',*,*,#3981,.F.);
#5153=ORIENTED_EDGE('',*,*,#3982,.F.);
#5154=ORIENTED_EDGE('',*,*,#3983,.F.);
#5155=ORIENTED_EDGE('',*,*,#3984,.F.);
#5156=ORIENTED_EDGE('',*,*,#3979,.F.);
#5157=ORIENTED_EDGE('',*,*,#3833,.T.);
#5158=ORIENTED_EDGE('',*,*,#3930,.F.);
#5159=ORIENTED_EDGE('',*,*,#3985,.T.);
#5160=ORIENTED_EDGE('',*,*,#3986,.T.);
#5161=ORIENTED_EDGE('',*,*,#3958,.T.);
#5162=ORIENTED_EDGE('',*,*,#3987,.T.);
#5163=ORIENTED_EDGE('',*,*,#3988,.T.);
#5164=ORIENTED_EDGE('',*,*,#3989,.T.);
#5165=ORIENTED_EDGE('',*,*,#3990,.T.);
#5166=ORIENTED_EDGE('',*,*,#3991,.T.);
#5167=ORIENTED_EDGE('',*,*,#3992,.T.);
#5168=ORIENTED_EDGE('',*,*,#3993,.T.);
#5169=ORIENTED_EDGE('',*,*,#3994,.T.);
#5170=ORIENTED_EDGE('',*,*,#3991,.F.);
#5171=ORIENTED_EDGE('',*,*,#3995,.T.);
#5172=ORIENTED_EDGE('',*,*,#3989,.F.);
#5173=ORIENTED_EDGE('',*,*,#3987,.F.);
#5174=ORIENTED_EDGE('',*,*,#3996,.T.);
#5175=ORIENTED_EDGE('',*,*,#3986,.F.);
#5176=ORIENTED_EDGE('',*,*,#3996,.F.);
#5177=ORIENTED_EDGE('',*,*,#3997,.T.);
#5178=ORIENTED_EDGE('',*,*,#3998,.T.);
#5179=ORIENTED_EDGE('',*,*,#3959,.T.);
#5180=ORIENTED_EDGE('',*,*,#3990,.F.);
#5181=ORIENTED_EDGE('',*,*,#3999,.F.);
#5182=ORIENTED_EDGE('',*,*,#4000,.F.);
#5183=ORIENTED_EDGE('',*,*,#3997,.F.);
#5184=ORIENTED_EDGE('',*,*,#3995,.F.);
#5185=ORIENTED_EDGE('',*,*,#4001,.T.);
#5186=ORIENTED_EDGE('',*,*,#4002,.T.);
#5187=ORIENTED_EDGE('',*,*,#3999,.T.);
#5188=ORIENTED_EDGE('',*,*,#3994,.F.);
#5189=ORIENTED_EDGE('',*,*,#4003,.F.);
#5190=ORIENTED_EDGE('',*,*,#4004,.F.);
#5191=ORIENTED_EDGE('',*,*,#4005,.F.);
#5192=ORIENTED_EDGE('',*,*,#4006,.F.);
#5193=ORIENTED_EDGE('',*,*,#4007,.F.);
#5194=ORIENTED_EDGE('',*,*,#4001,.F.);
#5195=ORIENTED_EDGE('',*,*,#3825,.T.);
#5196=ORIENTED_EDGE('',*,*,#4008,.T.);
#5197=ORIENTED_EDGE('',*,*,#4009,.T.);
#5198=ORIENTED_EDGE('',*,*,#4010,.T.);
#5199=ORIENTED_EDGE('',*,*,#4011,.T.);
#5200=ORIENTED_EDGE('',*,*,#4010,.F.);
#5201=ORIENTED_EDGE('',*,*,#4012,.T.);
#5202=ORIENTED_EDGE('',*,*,#4013,.T.);
#5203=ORIENTED_EDGE('',*,*,#4009,.F.);
#5204=ORIENTED_EDGE('',*,*,#4014,.F.);
#5205=ORIENTED_EDGE('',*,*,#4015,.T.);
#5206=ORIENTED_EDGE('',*,*,#4016,.F.);
#5207=ORIENTED_EDGE('',*,*,#4017,.T.);
#5208=ORIENTED_EDGE('',*,*,#4018,.F.);
#5209=ORIENTED_EDGE('',*,*,#4019,.T.);
#5210=ORIENTED_EDGE('',*,*,#4020,.F.);
#5211=ORIENTED_EDGE('',*,*,#3858,.T.);
#5212=ORIENTED_EDGE('',*,*,#3919,.F.);
#5213=ORIENTED_EDGE('',*,*,#4021,.T.);
#5214=ORIENTED_EDGE('',*,*,#4022,.T.);
#5215=ORIENTED_EDGE('',*,*,#4023,.T.);
#5216=ORIENTED_EDGE('',*,*,#4022,.F.);
#5217=ORIENTED_EDGE('',*,*,#4024,.T.);
#5218=ORIENTED_EDGE('',*,*,#4025,.T.);
#5219=ORIENTED_EDGE('',*,*,#4025,.F.);
#5220=ORIENTED_EDGE('',*,*,#4026,.T.);
#5221=ORIENTED_EDGE('',*,*,#3993,.F.);
#5222=ORIENTED_EDGE('',*,*,#4027,.T.);
#5223=ORIENTED_EDGE('',*,*,#4013,.F.);
#5224=ORIENTED_EDGE('',*,*,#4028,.T.);
#5225=ORIENTED_EDGE('',*,*,#4024,.F.);
#5226=ORIENTED_EDGE('',*,*,#4029,.T.);
#5227=ORIENTED_EDGE('',*,*,#3918,.F.);
#5228=ORIENTED_EDGE('',*,*,#3933,.F.);
#5229=ORIENTED_EDGE('',*,*,#4030,.F.);
#5230=ORIENTED_EDGE('',*,*,#4031,.F.);
#5231=ORIENTED_EDGE('',*,*,#4032,.F.);
#5232=ORIENTED_EDGE('',*,*,#4033,.F.);
#5233=ORIENTED_EDGE('',*,*,#4034,.F.);
#5234=ORIENTED_EDGE('',*,*,#4035,.F.);
#5235=ORIENTED_EDGE('',*,*,#4036,.F.);
#5236=ORIENTED_EDGE('',*,*,#4037,.F.);
#5237=ORIENTED_EDGE('',*,*,#4038,.F.);
#5238=ORIENTED_EDGE('',*,*,#4039,.F.);
#5239=ORIENTED_EDGE('',*,*,#4040,.F.);
#5240=ORIENTED_EDGE('',*,*,#4041,.F.);
#5241=ORIENTED_EDGE('',*,*,#4042,.F.);
#5242=ORIENTED_EDGE('',*,*,#4043,.F.);
#5243=ORIENTED_EDGE('',*,*,#4044,.F.);
#5244=ORIENTED_EDGE('',*,*,#4045,.F.);
#5245=ORIENTED_EDGE('',*,*,#4046,.F.);
#5246=ORIENTED_EDGE('',*,*,#4047,.F.);
#5247=ORIENTED_EDGE('',*,*,#4048,.F.);
#5248=ORIENTED_EDGE('',*,*,#4049,.F.);
#5249=ORIENTED_EDGE('',*,*,#4050,.F.);
#5250=ORIENTED_EDGE('',*,*,#4051,.F.);
#5251=ORIENTED_EDGE('',*,*,#4052,.F.);
#5252=ORIENTED_EDGE('',*,*,#4053,.F.);
#5253=ORIENTED_EDGE('',*,*,#4054,.F.);
#5254=ORIENTED_EDGE('',*,*,#4055,.F.);
#5255=ORIENTED_EDGE('',*,*,#4056,.F.);
#5256=ORIENTED_EDGE('',*,*,#4057,.F.);
#5257=ORIENTED_EDGE('',*,*,#4011,.F.);
#5258=ORIENTED_EDGE('',*,*,#4029,.F.);
#5259=ORIENTED_EDGE('',*,*,#4021,.F.);
#5260=ORIENTED_EDGE('',*,*,#4012,.F.);
#5261=ORIENTED_EDGE('',*,*,#4020,.T.);
#5262=ORIENTED_EDGE('',*,*,#4058,.T.);
#5263=ORIENTED_EDGE('',*,*,#4004,.T.);
#5264=ORIENTED_EDGE('',*,*,#4059,.T.);
#5265=ORIENTED_EDGE('',*,*,#4026,.F.);
#5266=ORIENTED_EDGE('',*,*,#4028,.F.);
#5267=ORIENTED_EDGE('',*,*,#4059,.F.);
#5268=ORIENTED_EDGE('',*,*,#4003,.T.);
#5269=ORIENTED_EDGE('',*,*,#4060,.T.);
#5270=ORIENTED_EDGE('',*,*,#4005,.T.);
#5271=ORIENTED_EDGE('',*,*,#4058,.F.);
#5272=ORIENTED_EDGE('',*,*,#4019,.F.);
#5273=ORIENTED_EDGE('',*,*,#4061,.T.);
#5274=ORIENTED_EDGE('',*,*,#4062,.T.);
#5275=ORIENTED_EDGE('',*,*,#4063,.T.);
#5276=ORIENTED_EDGE('',*,*,#4064,.T.);
#5277=ORIENTED_EDGE('',*,*,#4065,.F.);
#5278=ORIENTED_EDGE('',*,*,#4062,.F.);
#5279=ORIENTED_EDGE('',*,*,#4066,.T.);
#5280=ORIENTED_EDGE('',*,*,#4016,.T.);
#5281=ORIENTED_EDGE('',*,*,#4067,.F.);
#5282=ORIENTED_EDGE('',*,*,#4068,.F.);
#5283=ORIENTED_EDGE('',*,*,#4069,.T.);
#5284=ORIENTED_EDGE('',*,*,#4070,.F.);
#5285=ORIENTED_EDGE('',*,*,#4018,.T.);
#5286=ORIENTED_EDGE('',*,*,#4071,.T.);
#5287=ORIENTED_EDGE('',*,*,#4072,.T.);
#5288=ORIENTED_EDGE('',*,*,#4006,.T.);
#5289=ORIENTED_EDGE('',*,*,#4060,.F.);
#5290=ORIENTED_EDGE('',*,*,#4073,.T.);
#5291=ORIENTED_EDGE('',*,*,#4074,.T.);
#5292=ORIENTED_EDGE('',*,*,#4061,.F.);
#5293=ORIENTED_EDGE('',*,*,#4075,.T.);
#5294=ORIENTED_EDGE('',*,*,#4073,.F.);
#5295=ORIENTED_EDGE('',*,*,#4076,.T.);
#5296=ORIENTED_EDGE('',*,*,#4072,.F.);
#5297=ORIENTED_EDGE('',*,*,#4076,.F.);
#5298=ORIENTED_EDGE('',*,*,#4077,.T.);
#5299=ORIENTED_EDGE('',*,*,#4078,.T.);
#5300=ORIENTED_EDGE('',*,*,#4007,.T.);
#5301=ORIENTED_EDGE('',*,*,#4064,.F.);
#5302=ORIENTED_EDGE('',*,*,#3885,.F.);
#5303=ORIENTED_EDGE('',*,*,#4079,.F.);
#5304=ORIENTED_EDGE('',*,*,#4080,.F.);
#5305=ORIENTED_EDGE('',*,*,#4077,.F.);
#5306=ORIENTED_EDGE('',*,*,#4075,.F.);
#5307=ORIENTED_EDGE('',*,*,#4081,.F.);
#5308=ORIENTED_EDGE('',*,*,#4082,.F.);
#5309=ORIENTED_EDGE('',*,*,#3998,.F.);
#5310=ORIENTED_EDGE('',*,*,#3960,.T.);
#5311=ORIENTED_EDGE('',*,*,#4082,.T.);
#5312=ORIENTED_EDGE('',*,*,#4079,.T.);
#5313=ORIENTED_EDGE('',*,*,#3870,.F.);
#5314=ORIENTED_EDGE('',*,*,#4078,.F.);
#5315=ORIENTED_EDGE('',*,*,#4083,.F.);
#5316=ORIENTED_EDGE('',*,*,#4002,.F.);
#5317=ORIENTED_EDGE('',*,*,#4083,.T.);
#5318=ORIENTED_EDGE('',*,*,#4080,.T.);
#5319=ORIENTED_EDGE('',*,*,#4081,.T.);
#5320=ORIENTED_EDGE('',*,*,#4000,.T.);
#5321=ORIENTED_EDGE('',*,*,#4071,.F.);
#5322=ORIENTED_EDGE('',*,*,#4017,.F.);
#5323=ORIENTED_EDGE('',*,*,#4066,.F.);
#5324=ORIENTED_EDGE('',*,*,#4074,.F.);
#5325=ORIENTED_EDGE('',*,*,#4084,.T.);
#5326=ORIENTED_EDGE('',*,*,#4030,.T.);
#5327=ORIENTED_EDGE('',*,*,#3932,.F.);
#5328=ORIENTED_EDGE('',*,*,#4085,.T.);
#5329=ORIENTED_EDGE('',*,*,#4086,.T.);
#5330=ORIENTED_EDGE('',*,*,#4031,.T.);
#5331=ORIENTED_EDGE('',*,*,#4084,.F.);
#5332=ORIENTED_EDGE('',*,*,#4087,.T.);
#5333=ORIENTED_EDGE('',*,*,#4088,.T.);
#5334=ORIENTED_EDGE('',*,*,#4032,.T.);
#5335=ORIENTED_EDGE('',*,*,#4086,.F.);
#5336=ORIENTED_EDGE('',*,*,#4089,.T.);
#5337=ORIENTED_EDGE('',*,*,#4090,.T.);
#5338=ORIENTED_EDGE('',*,*,#4033,.T.);
#5339=ORIENTED_EDGE('',*,*,#4088,.F.);
#5340=ORIENTED_EDGE('',*,*,#4091,.T.);
#5341=ORIENTED_EDGE('',*,*,#4092,.T.);
#5342=ORIENTED_EDGE('',*,*,#4034,.T.);
#5343=ORIENTED_EDGE('',*,*,#4090,.F.);
#5344=ORIENTED_EDGE('',*,*,#4093,.T.);
#5345=ORIENTED_EDGE('',*,*,#4094,.T.);
#5346=ORIENTED_EDGE('',*,*,#4035,.T.);
#5347=ORIENTED_EDGE('',*,*,#4092,.F.);
#5348=ORIENTED_EDGE('',*,*,#4095,.T.);
#5349=ORIENTED_EDGE('',*,*,#4096,.T.);
#5350=ORIENTED_EDGE('',*,*,#4097,.T.);
#5351=ORIENTED_EDGE('',*,*,#4098,.T.);
#5352=ORIENTED_EDGE('',*,*,#4099,.T.);
#5353=ORIENTED_EDGE('',*,*,#4098,.F.);
#5354=ORIENTED_EDGE('',*,*,#4100,.T.);
#5355=ORIENTED_EDGE('',*,*,#4094,.F.);
#5356=ORIENTED_EDGE('',*,*,#4101,.T.);
#5357=ORIENTED_EDGE('',*,*,#3952,.T.);
#5358=ORIENTED_EDGE('',*,*,#4102,.T.);
#5359=ORIENTED_EDGE('',*,*,#4103,.T.);
#5360=ORIENTED_EDGE('',*,*,#4104,.T.);
#5361=ORIENTED_EDGE('',*,*,#3953,.T.);
#5362=ORIENTED_EDGE('',*,*,#4101,.F.);
#5363=ORIENTED_EDGE('',*,*,#4105,.T.);
#5364=ORIENTED_EDGE('',*,*,#4106,.T.);
#5365=ORIENTED_EDGE('',*,*,#3954,.T.);
#5366=ORIENTED_EDGE('',*,*,#4104,.F.);
#5367=ORIENTED_EDGE('',*,*,#4107,.T.);
#5368=ORIENTED_EDGE('',*,*,#4108,.T.);
#5369=ORIENTED_EDGE('',*,*,#3955,.T.);
#5370=ORIENTED_EDGE('',*,*,#4106,.F.);
#5371=ORIENTED_EDGE('',*,*,#4109,.T.);
#5372=ORIENTED_EDGE('',*,*,#4110,.T.);
#5373=ORIENTED_EDGE('',*,*,#3956,.T.);
#5374=ORIENTED_EDGE('',*,*,#4108,.F.);
#5375=ORIENTED_EDGE('',*,*,#4111,.T.);
#5376=ORIENTED_EDGE('',*,*,#3938,.T.);
#5377=ORIENTED_EDGE('',*,*,#3957,.T.);
#5378=ORIENTED_EDGE('',*,*,#4110,.F.);
#5379=ORIENTED_EDGE('',*,*,#4112,.T.);
#5380=ORIENTED_EDGE('',*,*,#4102,.F.);
#5381=ORIENTED_EDGE('',*,*,#4113,.T.);
#5382=ORIENTED_EDGE('',*,*,#4096,.F.);
#5383=ORIENTED_EDGE('',*,*,#4091,.F.);
#5384=ORIENTED_EDGE('',*,*,#4114,.F.);
#5385=ORIENTED_EDGE('',*,*,#4107,.F.);
#5386=ORIENTED_EDGE('',*,*,#4115,.T.);
#5387=ORIENTED_EDGE('',*,*,#4089,.F.);
#5388=ORIENTED_EDGE('',*,*,#4116,.F.);
#5389=ORIENTED_EDGE('',*,*,#4109,.F.);
#5390=ORIENTED_EDGE('',*,*,#4114,.T.);
#5391=ORIENTED_EDGE('',*,*,#4087,.F.);
#5392=ORIENTED_EDGE('',*,*,#4117,.F.);
#5393=ORIENTED_EDGE('',*,*,#4111,.F.);
#5394=ORIENTED_EDGE('',*,*,#4116,.T.);
#5395=ORIENTED_EDGE('',*,*,#4085,.F.);
#5396=ORIENTED_EDGE('',*,*,#3935,.F.);
#5397=ORIENTED_EDGE('',*,*,#4112,.F.);
#5398=ORIENTED_EDGE('',*,*,#4117,.T.);
#5399=ORIENTED_EDGE('',*,*,#4100,.F.);
#5400=ORIENTED_EDGE('',*,*,#4118,.T.);
#5401=ORIENTED_EDGE('',*,*,#4119,.T.);
#5402=ORIENTED_EDGE('',*,*,#4036,.T.);
#5403=ORIENTED_EDGE('',*,*,#4097,.F.);
#5404=ORIENTED_EDGE('',*,*,#4120,.F.);
#5405=ORIENTED_EDGE('',*,*,#4121,.F.);
#5406=ORIENTED_EDGE('',*,*,#4118,.F.);
#5407=ORIENTED_EDGE('',*,*,#4113,.F.);
#5408=ORIENTED_EDGE('',*,*,#3951,.T.);
#5409=ORIENTED_EDGE('',*,*,#4122,.T.);
#5410=ORIENTED_EDGE('',*,*,#4120,.T.);
#5411=ORIENTED_EDGE('',*,*,#4123,.F.);
#5412=ORIENTED_EDGE('',*,*,#4124,.F.);
#5413=ORIENTED_EDGE('',*,*,#4125,.F.);
#5414=ORIENTED_EDGE('',*,*,#4015,.F.);
#5415=ORIENTED_EDGE('',*,*,#4126,.T.);
#5416=ORIENTED_EDGE('',*,*,#4124,.T.);
#5417=ORIENTED_EDGE('',*,*,#4067,.T.);
#5418=ORIENTED_EDGE('',*,*,#4127,.T.);
#5419=ORIENTED_EDGE('',*,*,#4128,.T.);
#5420=ORIENTED_EDGE('',*,*,#4125,.T.);
#5421=ORIENTED_EDGE('',*,*,#4129,.T.);
#5422=ORIENTED_EDGE('',*,*,#4127,.F.);
#5423=ORIENTED_EDGE('',*,*,#4130,.T.);
#5424=ORIENTED_EDGE('',*,*,#4131,.T.);
#5425=ORIENTED_EDGE('',*,*,#4132,.F.);
#5426=ORIENTED_EDGE('',*,*,#4133,.T.);
#5427=ORIENTED_EDGE('',*,*,#4134,.F.);
#5428=ORIENTED_EDGE('',*,*,#4068,.T.);
#5429=ORIENTED_EDGE('',*,*,#4123,.T.);
#5430=ORIENTED_EDGE('',*,*,#4135,.T.);
#5431=ORIENTED_EDGE('',*,*,#4130,.F.);
#5432=ORIENTED_EDGE('',*,*,#4136,.T.);
#5433=ORIENTED_EDGE('',*,*,#4008,.F.);
#5434=ORIENTED_EDGE('',*,*,#4057,.T.);
#5435=ORIENTED_EDGE('',*,*,#4129,.F.);
#5436=ORIENTED_EDGE('',*,*,#4126,.F.);
#5437=ORIENTED_EDGE('',*,*,#4014,.T.);
#5438=ORIENTED_EDGE('',*,*,#4136,.F.);
#5439=ORIENTED_EDGE('',*,*,#3886,.T.);
#5440=ORIENTED_EDGE('',*,*,#4063,.F.);
#5441=ORIENTED_EDGE('',*,*,#4065,.T.);
#5442=ORIENTED_EDGE('',*,*,#4137,.T.);
#5443=ORIENTED_EDGE('',*,*,#4070,.T.);
#5444=ORIENTED_EDGE('',*,*,#4138,.T.);
#5445=ORIENTED_EDGE('',*,*,#3882,.T.);
#5446=ORIENTED_EDGE('',*,*,#4137,.F.);
#5447=ORIENTED_EDGE('',*,*,#4139,.T.);
#5448=ORIENTED_EDGE('',*,*,#4140,.T.);
#5449=ORIENTED_EDGE('',*,*,#4141,.T.);
#5450=ORIENTED_EDGE('',*,*,#4142,.T.);
#5451=ORIENTED_EDGE('',*,*,#3880,.T.);
#5452=ORIENTED_EDGE('',*,*,#4143,.T.);
#5453=ORIENTED_EDGE('',*,*,#4140,.F.);
#5454=ORIENTED_EDGE('',*,*,#4144,.T.);
#5455=ORIENTED_EDGE('',*,*,#4143,.F.);
#5456=ORIENTED_EDGE('',*,*,#3884,.T.);
#5457=ORIENTED_EDGE('',*,*,#4141,.F.);
#5458=ORIENTED_EDGE('',*,*,#3883,.T.);
#5459=ORIENTED_EDGE('',*,*,#4138,.F.);
#5460=ORIENTED_EDGE('',*,*,#4145,.T.);
#5461=ORIENTED_EDGE('',*,*,#4142,.F.);
#5462=ORIENTED_EDGE('',*,*,#4146,.T.);
#5463=ORIENTED_EDGE('',*,*,#4147,.T.);
#5464=ORIENTED_EDGE('',*,*,#3874,.T.);
#5465=ORIENTED_EDGE('',*,*,#4144,.F.);
#5466=ORIENTED_EDGE('',*,*,#4148,.F.);
#5467=ORIENTED_EDGE('',*,*,#4149,.T.);
#5468=ORIENTED_EDGE('',*,*,#4150,.F.);
#5469=ORIENTED_EDGE('',*,*,#4146,.F.);
#5470=ORIENTED_EDGE('',*,*,#3853,.T.);
#5471=ORIENTED_EDGE('',*,*,#4139,.F.);
#5472=ORIENTED_EDGE('',*,*,#4151,.T.);
#5473=ORIENTED_EDGE('',*,*,#4152,.T.);
#5474=ORIENTED_EDGE('',*,*,#4153,.T.);
#5475=ORIENTED_EDGE('',*,*,#4148,.T.);
#5476=ORIENTED_EDGE('',*,*,#4134,.T.);
#5477=ORIENTED_EDGE('',*,*,#4154,.F.);
#5478=ORIENTED_EDGE('',*,*,#4151,.F.);
#5479=ORIENTED_EDGE('',*,*,#4145,.F.);
#5480=ORIENTED_EDGE('',*,*,#4069,.F.);
#5481=ORIENTED_EDGE('',*,*,#4155,.T.);
#5482=ORIENTED_EDGE('',*,*,#4149,.F.);
#5483=ORIENTED_EDGE('',*,*,#4153,.F.);
#5484=ORIENTED_EDGE('',*,*,#4156,.T.);
#5485=ORIENTED_EDGE('',*,*,#4157,.T.);
#5486=ORIENTED_EDGE('',*,*,#4158,.T.);
#5487=ORIENTED_EDGE('',*,*,#4157,.F.);
#5488=ORIENTED_EDGE('',*,*,#4159,.T.);
#5489=ORIENTED_EDGE('',*,*,#4160,.T.);
#5490=ORIENTED_EDGE('',*,*,#4128,.F.);
#5491=ORIENTED_EDGE('',*,*,#4161,.F.);
#5492=ORIENTED_EDGE('',*,*,#4156,.F.);
#5493=ORIENTED_EDGE('',*,*,#4152,.F.);
#5494=ORIENTED_EDGE('',*,*,#4154,.T.);
#5495=ORIENTED_EDGE('',*,*,#4133,.F.);
#5496=ORIENTED_EDGE('',*,*,#4162,.T.);
#5497=ORIENTED_EDGE('',*,*,#4163,.T.);
#5498=ORIENTED_EDGE('',*,*,#4135,.F.);
#5499=ORIENTED_EDGE('',*,*,#4131,.F.);
#5500=ORIENTED_EDGE('',*,*,#4056,.T.);
#5501=ORIENTED_EDGE('',*,*,#4159,.F.);
#5502=ORIENTED_EDGE('',*,*,#4161,.T.);
#5503=ORIENTED_EDGE('',*,*,#4160,.F.);
#5504=ORIENTED_EDGE('',*,*,#4055,.T.);
#5505=ORIENTED_EDGE('',*,*,#4164,.T.);
#5506=ORIENTED_EDGE('',*,*,#4165,.T.);
#5507=ORIENTED_EDGE('',*,*,#4164,.F.);
#5508=ORIENTED_EDGE('',*,*,#4054,.T.);
#5509=ORIENTED_EDGE('',*,*,#4166,.T.);
#5510=ORIENTED_EDGE('',*,*,#4167,.F.);
#5511=ORIENTED_EDGE('',*,*,#4168,.T.);
#5512=ORIENTED_EDGE('',*,*,#4169,.T.);
#5513=ORIENTED_EDGE('',*,*,#4167,.T.);
#5514=ORIENTED_EDGE('',*,*,#4170,.T.);
#5515=ORIENTED_EDGE('',*,*,#4171,.F.);
#5516=ORIENTED_EDGE('',*,*,#4172,.T.);
#5517=ORIENTED_EDGE('',*,*,#4173,.T.);
#5518=ORIENTED_EDGE('',*,*,#4174,.T.);
#5519=ORIENTED_EDGE('',*,*,#4173,.F.);
#5520=ORIENTED_EDGE('',*,*,#4168,.F.);
#5521=ORIENTED_EDGE('',*,*,#4175,.T.);
#5522=ORIENTED_EDGE('',*,*,#4158,.F.);
#5523=ORIENTED_EDGE('',*,*,#4165,.F.);
#5524=ORIENTED_EDGE('',*,*,#4169,.F.);
#5525=ORIENTED_EDGE('',*,*,#4172,.F.);
#5526=ORIENTED_EDGE('',*,*,#4176,.T.);
#5527=ORIENTED_EDGE('',*,*,#4177,.F.);
#5528=ORIENTED_EDGE('',*,*,#4171,.T.);
#5529=ORIENTED_EDGE('',*,*,#4178,.F.);
#5530=ORIENTED_EDGE('',*,*,#4179,.F.);
#5531=ORIENTED_EDGE('',*,*,#4180,.F.);
#5532=ORIENTED_EDGE('',*,*,#4176,.F.);
#5533=ORIENTED_EDGE('',*,*,#4174,.F.);
#5534=ORIENTED_EDGE('',*,*,#4181,.F.);
#5535=ORIENTED_EDGE('',*,*,#4182,.T.);
#5536=ORIENTED_EDGE('',*,*,#4183,.T.);
#5537=ORIENTED_EDGE('',*,*,#4184,.F.);
#5538=ORIENTED_EDGE('',*,*,#4185,.F.);
#5539=ORIENTED_EDGE('',*,*,#4186,.F.);
#5540=ORIENTED_EDGE('',*,*,#4178,.T.);
#5541=ORIENTED_EDGE('',*,*,#4186,.T.);
#5542=ORIENTED_EDGE('',*,*,#4187,.T.);
#5543=ORIENTED_EDGE('',*,*,#3876,.T.);
#5544=ORIENTED_EDGE('',*,*,#4188,.T.);
#5545=ORIENTED_EDGE('',*,*,#4189,.F.);
#5546=ORIENTED_EDGE('',*,*,#4190,.F.);
#5547=ORIENTED_EDGE('',*,*,#4147,.F.);
#5548=ORIENTED_EDGE('',*,*,#3875,.T.);
#5549=ORIENTED_EDGE('',*,*,#4190,.T.);
#5550=ORIENTED_EDGE('',*,*,#4179,.T.);
#5551=ORIENTED_EDGE('',*,*,#4188,.F.);
#5552=ORIENTED_EDGE('',*,*,#4177,.T.);
#5553=ORIENTED_EDGE('',*,*,#4180,.T.);
#5554=ORIENTED_EDGE('',*,*,#4189,.T.);
#5555=ORIENTED_EDGE('',*,*,#4150,.T.);
#5556=ORIENTED_EDGE('',*,*,#4155,.F.);
#5557=ORIENTED_EDGE('',*,*,#4191,.T.);
#5558=ORIENTED_EDGE('',*,*,#3910,.T.);
#5559=ORIENTED_EDGE('',*,*,#3877,.T.);
#5560=ORIENTED_EDGE('',*,*,#4187,.F.);
#5561=ORIENTED_EDGE('',*,*,#4185,.T.);
#5562=ORIENTED_EDGE('',*,*,#4192,.F.);
#5563=ORIENTED_EDGE('',*,*,#3907,.T.);
#5564=ORIENTED_EDGE('',*,*,#4191,.F.);
#5565=ORIENTED_EDGE('',*,*,#4184,.T.);
#5566=ORIENTED_EDGE('',*,*,#4193,.F.);
#5567=ORIENTED_EDGE('',*,*,#4194,.T.);
#5568=ORIENTED_EDGE('',*,*,#3909,.T.);
#5569=ORIENTED_EDGE('',*,*,#4195,.T.);
#5570=ORIENTED_EDGE('',*,*,#4196,.T.);
#5571=ORIENTED_EDGE('',*,*,#4194,.F.);
#5572=ORIENTED_EDGE('',*,*,#4197,.T.);
#5573=ORIENTED_EDGE('',*,*,#3905,.F.);
#5574=ORIENTED_EDGE('',*,*,#4198,.T.);
#5575=ORIENTED_EDGE('',*,*,#3908,.F.);
#5576=ORIENTED_EDGE('',*,*,#4192,.T.);
#5577=ORIENTED_EDGE('',*,*,#4199,.T.);
#5578=ORIENTED_EDGE('',*,*,#4198,.F.);
#5579=ORIENTED_EDGE('',*,*,#4200,.T.);
#5580=ORIENTED_EDGE('',*,*,#4195,.F.);
#5581=ORIENTED_EDGE('',*,*,#4197,.F.);
#5582=ORIENTED_EDGE('',*,*,#4201,.T.);
#5583=ORIENTED_EDGE('',*,*,#4202,.F.);
#5584=ORIENTED_EDGE('',*,*,#3899,.T.);
#5585=ORIENTED_EDGE('',*,*,#4196,.F.);
#5586=ORIENTED_EDGE('',*,*,#4203,.F.);
#5587=ORIENTED_EDGE('',*,*,#4204,.F.);
#5588=ORIENTED_EDGE('',*,*,#4205,.F.);
#5589=ORIENTED_EDGE('',*,*,#4206,.F.);
#5590=ORIENTED_EDGE('',*,*,#4201,.F.);
#5591=ORIENTED_EDGE('',*,*,#3849,.T.);
#5592=ORIENTED_EDGE('',*,*,#4200,.F.);
#5593=ORIENTED_EDGE('',*,*,#4207,.T.);
#5594=ORIENTED_EDGE('',*,*,#4208,.T.);
#5595=ORIENTED_EDGE('',*,*,#4203,.T.);
#5596=ORIENTED_EDGE('',*,*,#4199,.F.);
#5597=ORIENTED_EDGE('',*,*,#4193,.T.);
#5598=ORIENTED_EDGE('',*,*,#4183,.F.);
#5599=ORIENTED_EDGE('',*,*,#4209,.F.);
#5600=ORIENTED_EDGE('',*,*,#4210,.F.);
#5601=ORIENTED_EDGE('',*,*,#4207,.F.);
#5602=ORIENTED_EDGE('',*,*,#4211,.F.);
#5603=ORIENTED_EDGE('',*,*,#4212,.T.);
#5604=ORIENTED_EDGE('',*,*,#4208,.F.);
#5605=ORIENTED_EDGE('',*,*,#4210,.T.);
#5606=ORIENTED_EDGE('',*,*,#4213,.T.);
#5607=ORIENTED_EDGE('',*,*,#4214,.T.);
#5608=ORIENTED_EDGE('',*,*,#4215,.T.);
#5609=ORIENTED_EDGE('',*,*,#4205,.T.);
#5610=ORIENTED_EDGE('',*,*,#4202,.T.);
#5611=ORIENTED_EDGE('',*,*,#4206,.T.);
#5612=ORIENTED_EDGE('',*,*,#4215,.F.);
#5613=ORIENTED_EDGE('',*,*,#4216,.T.);
#5614=ORIENTED_EDGE('',*,*,#4217,.T.);
#5615=ORIENTED_EDGE('',*,*,#4218,.T.);
#5616=ORIENTED_EDGE('',*,*,#4213,.F.);
#5617=ORIENTED_EDGE('',*,*,#4219,.T.);
#5618=ORIENTED_EDGE('',*,*,#4216,.F.);
#5619=ORIENTED_EDGE('',*,*,#4220,.T.);
#5620=ORIENTED_EDGE('',*,*,#4221,.F.);
#5621=ORIENTED_EDGE('',*,*,#3900,.T.);
#5622=ORIENTED_EDGE('',*,*,#4222,.F.);
#5623=ORIENTED_EDGE('',*,*,#4223,.T.);
#5624=ORIENTED_EDGE('',*,*,#4224,.F.);
#5625=ORIENTED_EDGE('',*,*,#4219,.F.);
#5626=ORIENTED_EDGE('',*,*,#4204,.T.);
#5627=ORIENTED_EDGE('',*,*,#4212,.F.);
#5628=ORIENTED_EDGE('',*,*,#4175,.F.);
#5629=ORIENTED_EDGE('',*,*,#4225,.T.);
#5630=ORIENTED_EDGE('',*,*,#4226,.F.);
#5631=ORIENTED_EDGE('',*,*,#4181,.T.);
#5632=ORIENTED_EDGE('',*,*,#4223,.F.);
#5633=ORIENTED_EDGE('',*,*,#4227,.T.);
#5634=ORIENTED_EDGE('',*,*,#4228,.T.);
#5635=ORIENTED_EDGE('',*,*,#4229,.T.);
#5636=ORIENTED_EDGE('',*,*,#4166,.F.);
#5637=ORIENTED_EDGE('',*,*,#4053,.T.);
#5638=ORIENTED_EDGE('',*,*,#4230,.T.);
#5639=ORIENTED_EDGE('',*,*,#4231,.T.);
#5640=ORIENTED_EDGE('',*,*,#4052,.T.);
#5641=ORIENTED_EDGE('',*,*,#4232,.T.);
#5642=ORIENTED_EDGE('',*,*,#4233,.T.);
#5643=ORIENTED_EDGE('',*,*,#4230,.F.);
#5644=ORIENTED_EDGE('',*,*,#4232,.F.);
#5645=ORIENTED_EDGE('',*,*,#4234,.T.);
#5646=ORIENTED_EDGE('',*,*,#4228,.F.);
#5647=ORIENTED_EDGE('',*,*,#4229,.F.);
#5648=ORIENTED_EDGE('',*,*,#4235,.F.);
#5649=ORIENTED_EDGE('',*,*,#4236,.F.);
#5650=ORIENTED_EDGE('',*,*,#4237,.F.);
#5651=ORIENTED_EDGE('',*,*,#4238,.T.);
#5652=ORIENTED_EDGE('',*,*,#4239,.T.);
#5653=ORIENTED_EDGE('',*,*,#4240,.F.);
#5654=ORIENTED_EDGE('',*,*,#4241,.T.);
#5655=ORIENTED_EDGE('',*,*,#4217,.F.);
#5656=ORIENTED_EDGE('',*,*,#4224,.T.);
#5657=ORIENTED_EDGE('',*,*,#4234,.F.);
#5658=ORIENTED_EDGE('',*,*,#4051,.T.);
#5659=ORIENTED_EDGE('',*,*,#4242,.F.);
#5660=ORIENTED_EDGE('',*,*,#4235,.T.);
#5661=ORIENTED_EDGE('',*,*,#4243,.F.);
#5662=ORIENTED_EDGE('',*,*,#4122,.F.);
#5663=ORIENTED_EDGE('',*,*,#4244,.F.);
#5664=ORIENTED_EDGE('',*,*,#4245,.T.);
#5665=ORIENTED_EDGE('',*,*,#4246,.T.);
#5666=ORIENTED_EDGE('',*,*,#4244,.T.);
#5667=ORIENTED_EDGE('',*,*,#3950,.T.);
#5668=ORIENTED_EDGE('',*,*,#4247,.T.);
#5669=ORIENTED_EDGE('',*,*,#4248,.T.);
#5670=ORIENTED_EDGE('',*,*,#4245,.F.);
#5671=ORIENTED_EDGE('',*,*,#3949,.T.);
#5672=ORIENTED_EDGE('',*,*,#4249,.T.);
#5673=ORIENTED_EDGE('',*,*,#4250,.T.);
#5674=ORIENTED_EDGE('',*,*,#4247,.F.);
#5675=ORIENTED_EDGE('',*,*,#3948,.T.);
#5676=ORIENTED_EDGE('',*,*,#4251,.T.);
#5677=ORIENTED_EDGE('',*,*,#4252,.T.);
#5678=ORIENTED_EDGE('',*,*,#4249,.F.);
#5679=ORIENTED_EDGE('',*,*,#3947,.T.);
#5680=ORIENTED_EDGE('',*,*,#4253,.T.);
#5681=ORIENTED_EDGE('',*,*,#4254,.T.);
#5682=ORIENTED_EDGE('',*,*,#4251,.F.);
#5683=ORIENTED_EDGE('',*,*,#3946,.T.);
#5684=ORIENTED_EDGE('',*,*,#4255,.T.);
#5685=ORIENTED_EDGE('',*,*,#4256,.T.);
#5686=ORIENTED_EDGE('',*,*,#4253,.F.);
#5687=ORIENTED_EDGE('',*,*,#3945,.T.);
#5688=ORIENTED_EDGE('',*,*,#4257,.T.);
#5689=ORIENTED_EDGE('',*,*,#4258,.T.);
#5690=ORIENTED_EDGE('',*,*,#4255,.F.);
#5691=ORIENTED_EDGE('',*,*,#3944,.T.);
#5692=ORIENTED_EDGE('',*,*,#4257,.F.);
#5693=ORIENTED_EDGE('',*,*,#4259,.T.);
#5694=ORIENTED_EDGE('',*,*,#4260,.T.);
#5695=ORIENTED_EDGE('',*,*,#4261,.T.);
#5696=ORIENTED_EDGE('',*,*,#4121,.T.);
#5697=ORIENTED_EDGE('',*,*,#4243,.T.);
#5698=ORIENTED_EDGE('',*,*,#4262,.T.);
#5699=ORIENTED_EDGE('',*,*,#4261,.F.);
#5700=ORIENTED_EDGE('',*,*,#4263,.T.);
#5701=ORIENTED_EDGE('',*,*,#4119,.F.);
#5702=ORIENTED_EDGE('',*,*,#4095,.F.);
#5703=ORIENTED_EDGE('',*,*,#4264,.F.);
#5704=ORIENTED_EDGE('',*,*,#4103,.F.);
#5705=ORIENTED_EDGE('',*,*,#4099,.F.);
#5706=ORIENTED_EDGE('',*,*,#3841,.T.);
#5707=ORIENTED_EDGE('',*,*,#4263,.F.);
#5708=ORIENTED_EDGE('',*,*,#4265,.T.);
#5709=ORIENTED_EDGE('',*,*,#4266,.F.);
#5710=ORIENTED_EDGE('',*,*,#4037,.T.);
#5711=ORIENTED_EDGE('',*,*,#4262,.F.);
#5712=ORIENTED_EDGE('',*,*,#4246,.F.);
#5713=ORIENTED_EDGE('',*,*,#4267,.T.);
#5714=ORIENTED_EDGE('',*,*,#4265,.F.);
#5715=ORIENTED_EDGE('',*,*,#3837,.T.);
#5716=ORIENTED_EDGE('',*,*,#4268,.T.);
#5717=ORIENTED_EDGE('',*,*,#4269,.T.);
#5718=ORIENTED_EDGE('',*,*,#4270,.T.);
#5719=ORIENTED_EDGE('',*,*,#4043,.T.);
#5720=ORIENTED_EDGE('',*,*,#4271,.T.);
#5721=ORIENTED_EDGE('',*,*,#4272,.T.);
#5722=ORIENTED_EDGE('',*,*,#4268,.F.);
#5723=ORIENTED_EDGE('',*,*,#4042,.T.);
#5724=ORIENTED_EDGE('',*,*,#4273,.T.);
#5725=ORIENTED_EDGE('',*,*,#4274,.T.);
#5726=ORIENTED_EDGE('',*,*,#4271,.F.);
#5727=ORIENTED_EDGE('',*,*,#4041,.T.);
#5728=ORIENTED_EDGE('',*,*,#4275,.T.);
#5729=ORIENTED_EDGE('',*,*,#4276,.T.);
#5730=ORIENTED_EDGE('',*,*,#4273,.F.);
#5731=ORIENTED_EDGE('',*,*,#4040,.T.);
#5732=ORIENTED_EDGE('',*,*,#4277,.T.);
#5733=ORIENTED_EDGE('',*,*,#4278,.T.);
#5734=ORIENTED_EDGE('',*,*,#4275,.F.);
#5735=ORIENTED_EDGE('',*,*,#4039,.T.);
#5736=ORIENTED_EDGE('',*,*,#4266,.T.);
#5737=ORIENTED_EDGE('',*,*,#4279,.T.);
#5738=ORIENTED_EDGE('',*,*,#4277,.F.);
#5739=ORIENTED_EDGE('',*,*,#4038,.T.);
#5740=ORIENTED_EDGE('',*,*,#4260,.F.);
#5741=ORIENTED_EDGE('',*,*,#4280,.T.);
#5742=ORIENTED_EDGE('',*,*,#4281,.T.);
#5743=ORIENTED_EDGE('',*,*,#4282,.T.);
#5744=ORIENTED_EDGE('',*,*,#4259,.F.);
#5745=ORIENTED_EDGE('',*,*,#3943,.T.);
#5746=ORIENTED_EDGE('',*,*,#4283,.T.);
#5747=ORIENTED_EDGE('',*,*,#4284,.T.);
#5748=ORIENTED_EDGE('',*,*,#4281,.F.);
#5749=ORIENTED_EDGE('',*,*,#4285,.T.);
#5750=ORIENTED_EDGE('',*,*,#4270,.F.);
#5751=ORIENTED_EDGE('',*,*,#3980,.F.);
#5752=ORIENTED_EDGE('',*,*,#4286,.T.);
#5753=ORIENTED_EDGE('',*,*,#4283,.F.);
#5754=ORIENTED_EDGE('',*,*,#4285,.F.);
#5755=ORIENTED_EDGE('',*,*,#4287,.T.);
#5756=ORIENTED_EDGE('',*,*,#4288,.F.);
#5757=ORIENTED_EDGE('',*,*,#4044,.T.);
#5758=ORIENTED_EDGE('',*,*,#4280,.F.);
#5759=ORIENTED_EDGE('',*,*,#4284,.F.);
#5760=ORIENTED_EDGE('',*,*,#4289,.F.);
#5761=ORIENTED_EDGE('',*,*,#4287,.F.);
#5762=ORIENTED_EDGE('',*,*,#4286,.F.);
#5763=ORIENTED_EDGE('',*,*,#3984,.T.);
#5764=ORIENTED_EDGE('',*,*,#4290,.T.);
#5765=ORIENTED_EDGE('',*,*,#4289,.T.);
#5766=ORIENTED_EDGE('',*,*,#3966,.F.);
#5767=ORIENTED_EDGE('',*,*,#4291,.F.);
#5768=ORIENTED_EDGE('',*,*,#4292,.F.);
#5769=ORIENTED_EDGE('',*,*,#3973,.F.);
#5770=ORIENTED_EDGE('',*,*,#4293,.T.);
#5771=ORIENTED_EDGE('',*,*,#4294,.T.);
#5772=ORIENTED_EDGE('',*,*,#4295,.T.);
#5773=ORIENTED_EDGE('',*,*,#4296,.T.);
#5774=ORIENTED_EDGE('',*,*,#4297,.T.);
#5775=ORIENTED_EDGE('',*,*,#4298,.T.);
#5776=ORIENTED_EDGE('',*,*,#4299,.T.);
#5777=ORIENTED_EDGE('',*,*,#4296,.F.);
#5778=ORIENTED_EDGE('',*,*,#4298,.F.);
#5779=ORIENTED_EDGE('',*,*,#4300,.T.);
#5780=ORIENTED_EDGE('',*,*,#4301,.T.);
#5781=ORIENTED_EDGE('',*,*,#4300,.F.);
#5782=ORIENTED_EDGE('',*,*,#4302,.T.);
#5783=ORIENTED_EDGE('',*,*,#4303,.T.);
#5784=ORIENTED_EDGE('',*,*,#4047,.T.);
#5785=ORIENTED_EDGE('',*,*,#4297,.F.);
#5786=ORIENTED_EDGE('',*,*,#4295,.F.);
#5787=ORIENTED_EDGE('',*,*,#4304,.T.);
#5788=ORIENTED_EDGE('',*,*,#4305,.F.);
#5789=ORIENTED_EDGE('',*,*,#4306,.F.);
#5790=ORIENTED_EDGE('',*,*,#4302,.F.);
#5791=ORIENTED_EDGE('',*,*,#3860,.T.);
#5792=ORIENTED_EDGE('',*,*,#4299,.F.);
#5793=ORIENTED_EDGE('',*,*,#4307,.F.);
#5794=ORIENTED_EDGE('',*,*,#4308,.F.);
#5795=ORIENTED_EDGE('',*,*,#4309,.T.);
#5796=ORIENTED_EDGE('',*,*,#3971,.F.);
#5797=ORIENTED_EDGE('',*,*,#4310,.T.);
#5798=ORIENTED_EDGE('',*,*,#4311,.T.);
#5799=ORIENTED_EDGE('',*,*,#4291,.T.);
#5800=ORIENTED_EDGE('',*,*,#4312,.T.);
#5801=ORIENTED_EDGE('',*,*,#4313,.T.);
#5802=ORIENTED_EDGE('',*,*,#4314,.T.);
#5803=ORIENTED_EDGE('',*,*,#4315,.T.);
#5804=ORIENTED_EDGE('',*,*,#4312,.F.);
#5805=ORIENTED_EDGE('',*,*,#4316,.T.);
#5806=ORIENTED_EDGE('',*,*,#4311,.F.);
#5807=ORIENTED_EDGE('',*,*,#4317,.T.);
#5808=ORIENTED_EDGE('',*,*,#4314,.F.);
#5809=ORIENTED_EDGE('',*,*,#4318,.T.);
#5810=ORIENTED_EDGE('',*,*,#4319,.T.);
#5811=ORIENTED_EDGE('',*,*,#4317,.F.);
#5812=ORIENTED_EDGE('',*,*,#4320,.T.);
#5813=ORIENTED_EDGE('',*,*,#4321,.T.);
#5814=ORIENTED_EDGE('',*,*,#4304,.F.);
#5815=ORIENTED_EDGE('',*,*,#4294,.F.);
#5816=ORIENTED_EDGE('',*,*,#3970,.F.);
#5817=ORIENTED_EDGE('',*,*,#4322,.T.);
#5818=ORIENTED_EDGE('',*,*,#4323,.F.);
#5819=ORIENTED_EDGE('',*,*,#4324,.F.);
#5820=ORIENTED_EDGE('',*,*,#4313,.F.);
#5821=ORIENTED_EDGE('',*,*,#4310,.F.);
#5822=ORIENTED_EDGE('',*,*,#3976,.F.);
#5823=ORIENTED_EDGE('',*,*,#4292,.T.);
#5824=ORIENTED_EDGE('',*,*,#4316,.F.);
#5825=ORIENTED_EDGE('',*,*,#4325,.T.);
#5826=ORIENTED_EDGE('',*,*,#4308,.T.);
#5827=ORIENTED_EDGE('',*,*,#4326,.T.);
#5828=ORIENTED_EDGE('',*,*,#3982,.T.);
#5829=ORIENTED_EDGE('',*,*,#4327,.T.);
#5830=ORIENTED_EDGE('',*,*,#3977,.F.);
#5831=ORIENTED_EDGE('',*,*,#4328,.T.);
#5832=ORIENTED_EDGE('',*,*,#4327,.F.);
#5833=ORIENTED_EDGE('',*,*,#3981,.T.);
#5834=ORIENTED_EDGE('',*,*,#4301,.F.);
#5835=ORIENTED_EDGE('',*,*,#4046,.T.);
#5836=ORIENTED_EDGE('',*,*,#4329,.T.);
#5837=ORIENTED_EDGE('',*,*,#4307,.T.);
#5838=ORIENTED_EDGE('',*,*,#4329,.F.);
#5839=ORIENTED_EDGE('',*,*,#4330,.T.);
#5840=ORIENTED_EDGE('',*,*,#4326,.F.);
#5841=ORIENTED_EDGE('',*,*,#4330,.F.);
#5842=ORIENTED_EDGE('',*,*,#4045,.T.);
#5843=ORIENTED_EDGE('',*,*,#4331,.T.);
#5844=ORIENTED_EDGE('',*,*,#3983,.T.);
#5845=ORIENTED_EDGE('',*,*,#4331,.F.);
#5846=ORIENTED_EDGE('',*,*,#4288,.T.);
#5847=ORIENTED_EDGE('',*,*,#4290,.F.);
#5848=ORIENTED_EDGE('',*,*,#4258,.F.);
#5849=ORIENTED_EDGE('',*,*,#4282,.F.);
#5850=ORIENTED_EDGE('',*,*,#4269,.F.);
#5851=ORIENTED_EDGE('',*,*,#4332,.F.);
#5852=ORIENTED_EDGE('',*,*,#4333,.T.);
#5853=ORIENTED_EDGE('',*,*,#4334,.T.);
#5854=ORIENTED_EDGE('',*,*,#4048,.T.);
#5855=ORIENTED_EDGE('',*,*,#4303,.F.);
#5856=ORIENTED_EDGE('',*,*,#4335,.T.);
#5857=ORIENTED_EDGE('',*,*,#4336,.T.);
#5858=ORIENTED_EDGE('',*,*,#4049,.T.);
#5859=ORIENTED_EDGE('',*,*,#4334,.F.);
#5860=ORIENTED_EDGE('',*,*,#4337,.T.);
#5861=ORIENTED_EDGE('',*,*,#4242,.T.);
#5862=ORIENTED_EDGE('',*,*,#4050,.T.);
#5863=ORIENTED_EDGE('',*,*,#4336,.F.);
#5864=ORIENTED_EDGE('',*,*,#4338,.T.);
#5865=ORIENTED_EDGE('',*,*,#4209,.T.);
#5866=ORIENTED_EDGE('',*,*,#4182,.F.);
#5867=ORIENTED_EDGE('',*,*,#4226,.T.);
#5868=ORIENTED_EDGE('',*,*,#4339,.T.);
#5869=ORIENTED_EDGE('',*,*,#4233,.F.);
#5870=ORIENTED_EDGE('',*,*,#4227,.F.);
#5871=ORIENTED_EDGE('',*,*,#4222,.T.);
#5872=ORIENTED_EDGE('',*,*,#4211,.T.);
#5873=ORIENTED_EDGE('',*,*,#4318,.F.);
#5874=ORIENTED_EDGE('',*,*,#4324,.T.);
#5875=ORIENTED_EDGE('',*,*,#4340,.F.);
#5876=ORIENTED_EDGE('',*,*,#4341,.T.);
#5877=ORIENTED_EDGE('',*,*,#4293,.F.);
#5878=ORIENTED_EDGE('',*,*,#4309,.F.);
#5879=ORIENTED_EDGE('',*,*,#4328,.F.);
#5880=ORIENTED_EDGE('',*,*,#4325,.F.);
#5881=ORIENTED_EDGE('',*,*,#4315,.F.);
#5882=ORIENTED_EDGE('',*,*,#4319,.F.);
#5883=ORIENTED_EDGE('',*,*,#3829,.T.);
#5884=ORIENTED_EDGE('',*,*,#4320,.F.);
#5885=ORIENTED_EDGE('',*,*,#4341,.F.);
#5886=ORIENTED_EDGE('',*,*,#4342,.T.);
#5887=ORIENTED_EDGE('',*,*,#4343,.F.);
#5888=ORIENTED_EDGE('',*,*,#4323,.T.);
#5889=ORIENTED_EDGE('',*,*,#4344,.T.);
#5890=ORIENTED_EDGE('',*,*,#4345,.T.);
#5891=ORIENTED_EDGE('',*,*,#4346,.T.);
#5892=ORIENTED_EDGE('',*,*,#4340,.T.);
#5893=ORIENTED_EDGE('',*,*,#4344,.F.);
#5894=ORIENTED_EDGE('',*,*,#4322,.F.);
#5895=ORIENTED_EDGE('',*,*,#3969,.F.);
#5896=ORIENTED_EDGE('',*,*,#3939,.F.);
#5897=ORIENTED_EDGE('',*,*,#3891,.F.);
#5898=ORIENTED_EDGE('',*,*,#3903,.T.);
#5899=ORIENTED_EDGE('',*,*,#4347,.T.);
#5900=ORIENTED_EDGE('',*,*,#4348,.T.);
#5901=ORIENTED_EDGE('',*,*,#4345,.F.);
#5902=ORIENTED_EDGE('',*,*,#3902,.T.);
#5903=ORIENTED_EDGE('',*,*,#4221,.T.);
#5904=ORIENTED_EDGE('',*,*,#4349,.T.);
#5905=ORIENTED_EDGE('',*,*,#4347,.F.);
#5906=ORIENTED_EDGE('',*,*,#3901,.T.);
#5907=ORIENTED_EDGE('',*,*,#4350,.F.);
#5908=ORIENTED_EDGE('',*,*,#4351,.F.);
#5909=ORIENTED_EDGE('',*,*,#4352,.F.);
#5910=ORIENTED_EDGE('',*,*,#4353,.T.);
#5911=ORIENTED_EDGE('',*,*,#4351,.T.);
#5912=ORIENTED_EDGE('',*,*,#4305,.T.);
#5913=ORIENTED_EDGE('',*,*,#4321,.F.);
#5914=ORIENTED_EDGE('',*,*,#4343,.T.);
#5915=ORIENTED_EDGE('',*,*,#4354,.F.);
#5916=ORIENTED_EDGE('',*,*,#4355,.F.);
#5917=ORIENTED_EDGE('',*,*,#4356,.F.);
#5918=ORIENTED_EDGE('',*,*,#4357,.F.);
#5919=ORIENTED_EDGE('',*,*,#4237,.T.);
#5920=ORIENTED_EDGE('',*,*,#4355,.T.);
#5921=ORIENTED_EDGE('',*,*,#4358,.T.);
#5922=ORIENTED_EDGE('',*,*,#4359,.T.);
#5923=ORIENTED_EDGE('',*,*,#4240,.T.);
#5924=ORIENTED_EDGE('',*,*,#4338,.F.);
#5925=ORIENTED_EDGE('',*,*,#4360,.T.);
#5926=ORIENTED_EDGE('',*,*,#4356,.T.);
#5927=ORIENTED_EDGE('',*,*,#4236,.T.);
#5928=ORIENTED_EDGE('',*,*,#4352,.T.);
#5929=ORIENTED_EDGE('',*,*,#4361,.T.);
#5930=ORIENTED_EDGE('',*,*,#4354,.T.);
#5931=ORIENTED_EDGE('',*,*,#4362,.T.);
#5932=ORIENTED_EDGE('',*,*,#4335,.F.);
#5933=ORIENTED_EDGE('',*,*,#4306,.T.);
#5934=ORIENTED_EDGE('',*,*,#4350,.T.);
#5935=ORIENTED_EDGE('',*,*,#4363,.T.);
#5936=ORIENTED_EDGE('',*,*,#4349,.F.);
#5937=ORIENTED_EDGE('',*,*,#4364,.T.);
#5938=ORIENTED_EDGE('',*,*,#4359,.F.);
#5939=ORIENTED_EDGE('',*,*,#4365,.T.);
#5940=ORIENTED_EDGE('',*,*,#4218,.F.);
#5941=ORIENTED_EDGE('',*,*,#4241,.F.);
#5942=ORIENTED_EDGE('',*,*,#4364,.F.);
#5943=ORIENTED_EDGE('',*,*,#4220,.F.);
#5944=ORIENTED_EDGE('',*,*,#4214,.F.);
#5945=ORIENTED_EDGE('',*,*,#4348,.F.);
#5946=ORIENTED_EDGE('',*,*,#4365,.F.);
#5947=ORIENTED_EDGE('',*,*,#4358,.F.);
#5948=ORIENTED_EDGE('',*,*,#4361,.F.);
#5949=ORIENTED_EDGE('',*,*,#4353,.F.);
#5950=ORIENTED_EDGE('',*,*,#4342,.F.);
#5951=ORIENTED_EDGE('',*,*,#4346,.F.);
#5952=ORIENTED_EDGE('',*,*,#3840,.F.);
#5953=ORIENTED_EDGE('',*,*,#4366,.T.);
#5954=ORIENTED_EDGE('',*,*,#4367,.T.);
#5955=ORIENTED_EDGE('',*,*,#4366,.F.);
#5956=ORIENTED_EDGE('',*,*,#4367,.F.);
#5957=ORIENTED_EDGE('',*,*,#3844,.F.);
#5958=ORIENTED_EDGE('',*,*,#4368,.T.);
#5959=ORIENTED_EDGE('',*,*,#4369,.T.);
#5960=ORIENTED_EDGE('',*,*,#4368,.F.);
#5961=ORIENTED_EDGE('',*,*,#4369,.F.);
#5962=ORIENTED_EDGE('',*,*,#4162,.F.);
#5963=ORIENTED_EDGE('',*,*,#4132,.T.);
#5964=ORIENTED_EDGE('',*,*,#4163,.F.);
#5965=ORIENTED_EDGE('',*,*,#4370,.T.);
#5966=ORIENTED_EDGE('',*,*,#3936,.F.);
#5967=ORIENTED_EDGE('',*,*,#4370,.F.);
#5968=ORIENTED_EDGE('',*,*,#4238,.F.);
#5969=ORIENTED_EDGE('',*,*,#4357,.T.);
#5970=ORIENTED_EDGE('',*,*,#4239,.F.);
#5971=ORIENTED_EDGE('',*,*,#4371,.T.);
#5972=ORIENTED_EDGE('',*,*,#4333,.F.);
#5973=ORIENTED_EDGE('',*,*,#4371,.F.);
#5974=ORIENTED_EDGE('',*,*,#3828,.F.);
#5975=ORIENTED_EDGE('',*,*,#4372,.T.);
#5976=ORIENTED_EDGE('',*,*,#3964,.F.);
#5977=ORIENTED_EDGE('',*,*,#4372,.F.);
#5978=ORIENTED_EDGE('',*,*,#3827,.F.);
#5979=ORIENTED_EDGE('',*,*,#3852,.F.);
#5980=ORIENTED_EDGE('',*,*,#4373,.T.);
#5981=ORIENTED_EDGE('',*,*,#3963,.F.);
#5982=ORIENTED_EDGE('',*,*,#4373,.F.);
#5983=ORIENTED_EDGE('',*,*,#3851,.F.);
#5984=ORIENTED_EDGE('',*,*,#3832,.F.);
#5985=ORIENTED_EDGE('',*,*,#4374,.T.);
#5986=ORIENTED_EDGE('',*,*,#3962,.F.);
#5987=ORIENTED_EDGE('',*,*,#4374,.F.);
#5988=ORIENTED_EDGE('',*,*,#3831,.F.);
#5989=ORIENTED_EDGE('',*,*,#3856,.F.);
#5990=ORIENTED_EDGE('',*,*,#4375,.T.);
#5991=ORIENTED_EDGE('',*,*,#3961,.F.);
#5992=ORIENTED_EDGE('',*,*,#4375,.F.);
#5993=ORIENTED_EDGE('',*,*,#3855,.F.);
#5994=ORIENTED_EDGE('',*,*,#3914,.F.);
#5995=ORIENTED_EDGE('',*,*,#4023,.F.);
#5996=ORIENTED_EDGE('',*,*,#4027,.F.);
#5997=ORIENTED_EDGE('',*,*,#3992,.F.);
#5998=ORIENTED_EDGE('',*,*,#3988,.F.);
#5999=ORIENTED_EDGE('',*,*,#3985,.F.);
#6000=ORIENTED_EDGE('',*,*,#3845,.T.);
#6001=ORIENTED_EDGE('',*,*,#4170,.F.);
#6002=ORIENTED_EDGE('',*,*,#4231,.F.);
#6003=ORIENTED_EDGE('',*,*,#4339,.F.);
#6004=ORIENTED_EDGE('',*,*,#4225,.F.);
#6005=ORIENTED_EDGE('',*,*,#4337,.F.);
#6006=ORIENTED_EDGE('',*,*,#4363,.F.);
#6007=ORIENTED_EDGE('',*,*,#4362,.F.);
#6008=ORIENTED_EDGE('',*,*,#4360,.F.);
#6009=ORIENTED_EDGE('',*,*,#4254,.F.);
#6010=ORIENTED_EDGE('',*,*,#4376,.T.);
#6011=ORIENTED_EDGE('',*,*,#4274,.F.);
#6012=ORIENTED_EDGE('',*,*,#4377,.F.);
#6013=ORIENTED_EDGE('',*,*,#4252,.F.);
#6014=ORIENTED_EDGE('',*,*,#4377,.T.);
#6015=ORIENTED_EDGE('',*,*,#4276,.F.);
#6016=ORIENTED_EDGE('',*,*,#4378,.F.);
#6017=ORIENTED_EDGE('',*,*,#4250,.F.);
#6018=ORIENTED_EDGE('',*,*,#4378,.T.);
#6019=ORIENTED_EDGE('',*,*,#4278,.F.);
#6020=ORIENTED_EDGE('',*,*,#4379,.F.);
#6021=ORIENTED_EDGE('',*,*,#4248,.F.);
#6022=ORIENTED_EDGE('',*,*,#4379,.T.);
#6023=ORIENTED_EDGE('',*,*,#4279,.F.);
#6024=ORIENTED_EDGE('',*,*,#4267,.F.);
#6025=ORIENTED_EDGE('',*,*,#4093,.F.);
#6026=ORIENTED_EDGE('',*,*,#4115,.F.);
#6027=ORIENTED_EDGE('',*,*,#4105,.F.);
#6028=ORIENTED_EDGE('',*,*,#4264,.T.);
#6029=ORIENTED_EDGE('',*,*,#4256,.F.);
#6030=ORIENTED_EDGE('',*,*,#4332,.T.);
#6031=ORIENTED_EDGE('',*,*,#4272,.F.);
#6032=ORIENTED_EDGE('',*,*,#4376,.F.);
#6033=ORIENTED_EDGE('',*,*,#4380,.T.);
#6034=ORIENTED_EDGE('',*,*,#4381,.T.);
#6035=ORIENTED_EDGE('',*,*,#4382,.T.);
#6036=ORIENTED_EDGE('',*,*,#4383,.T.);
#6037=ORIENTED_EDGE('',*,*,#4384,.T.);
#6038=ORIENTED_EDGE('',*,*,#4385,.T.);
#6039=ORIENTED_EDGE('',*,*,#4386,.T.);
#6040=ORIENTED_EDGE('',*,*,#4387,.T.);
#6041=ORIENTED_EDGE('',*,*,#4388,.T.);
#6042=ORIENTED_EDGE('',*,*,#4389,.T.);
#6043=ORIENTED_EDGE('',*,*,#4390,.T.);
#6044=ORIENTED_EDGE('',*,*,#4387,.F.);
#6045=ORIENTED_EDGE('',*,*,#4385,.F.);
#6046=ORIENTED_EDGE('',*,*,#4391,.T.);
#6047=ORIENTED_EDGE('',*,*,#4380,.F.);
#6048=ORIENTED_EDGE('',*,*,#4381,.F.);
#6049=ORIENTED_EDGE('',*,*,#4392,.F.);
#6050=ORIENTED_EDGE('',*,*,#4393,.F.);
#6051=ORIENTED_EDGE('',*,*,#4394,.F.);
#6052=ORIENTED_EDGE('',*,*,#4395,.F.);
#6053=ORIENTED_EDGE('',*,*,#4396,.F.);
#6054=ORIENTED_EDGE('',*,*,#4397,.F.);
#6055=ORIENTED_EDGE('',*,*,#4391,.F.);
#6056=ORIENTED_EDGE('',*,*,#4398,.T.);
#6057=ORIENTED_EDGE('',*,*,#4399,.F.);
#6058=ORIENTED_EDGE('',*,*,#4392,.T.);
#6059=ORIENTED_EDGE('',*,*,#4384,.F.);
#6060=ORIENTED_EDGE('',*,*,#4400,.T.);
#6061=ORIENTED_EDGE('',*,*,#4401,.F.);
#6062=ORIENTED_EDGE('',*,*,#4402,.F.);
#6063=ORIENTED_EDGE('',*,*,#4403,.F.);
#6064=ORIENTED_EDGE('',*,*,#4398,.F.);
#6065=ORIENTED_EDGE('',*,*,#4390,.F.);
#6066=ORIENTED_EDGE('',*,*,#4404,.T.);
#6067=ORIENTED_EDGE('',*,*,#4405,.F.);
#6068=ORIENTED_EDGE('',*,*,#4400,.F.);
#6069=ORIENTED_EDGE('',*,*,#4406,.T.);
#6070=ORIENTED_EDGE('',*,*,#4407,.T.);
#6071=ORIENTED_EDGE('',*,*,#4408,.T.);
#6072=ORIENTED_EDGE('',*,*,#4407,.F.);
#6073=ORIENTED_EDGE('',*,*,#4409,.T.);
#6074=ORIENTED_EDGE('',*,*,#4410,.T.);
#6075=ORIENTED_EDGE('',*,*,#4411,.T.);
#6076=ORIENTED_EDGE('',*,*,#4408,.F.);
#6077=ORIENTED_EDGE('',*,*,#4412,.T.);
#6078=ORIENTED_EDGE('',*,*,#4413,.T.);
#6079=ORIENTED_EDGE('',*,*,#4414,.T.);
#6080=ORIENTED_EDGE('',*,*,#4415,.T.);
#6081=ORIENTED_EDGE('',*,*,#4382,.F.);
#6082=ORIENTED_EDGE('',*,*,#4416,.T.);
#6083=ORIENTED_EDGE('',*,*,#4413,.F.);
#6084=ORIENTED_EDGE('',*,*,#4409,.F.);
#6085=ORIENTED_EDGE('',*,*,#4417,.F.);
#6086=ORIENTED_EDGE('',*,*,#4418,.F.);
#6087=ORIENTED_EDGE('',*,*,#4419,.F.);
#6088=ORIENTED_EDGE('',*,*,#4420,.F.);
#6089=ORIENTED_EDGE('',*,*,#4421,.F.);
#6090=ORIENTED_EDGE('',*,*,#4422,.F.);
#6091=ORIENTED_EDGE('',*,*,#4406,.F.);
#6092=ORIENTED_EDGE('',*,*,#4423,.T.);
#6093=ORIENTED_EDGE('',*,*,#4424,.T.);
#6094=ORIENTED_EDGE('',*,*,#4417,.T.);
#6095=ORIENTED_EDGE('',*,*,#4414,.F.);
#6096=ORIENTED_EDGE('',*,*,#4425,.T.);
#6097=ORIENTED_EDGE('',*,*,#4426,.F.);
#6098=ORIENTED_EDGE('',*,*,#4427,.T.);
#6099=ORIENTED_EDGE('',*,*,#4428,.F.);
#6100=ORIENTED_EDGE('',*,*,#4423,.F.);
#6101=ORIENTED_EDGE('',*,*,#4416,.F.);
#6102=ORIENTED_EDGE('',*,*,#4397,.T.);
#6103=ORIENTED_EDGE('',*,*,#4429,.F.);
#6104=ORIENTED_EDGE('',*,*,#4425,.F.);
#6105=ORIENTED_EDGE('',*,*,#4430,.T.);
#6106=ORIENTED_EDGE('',*,*,#4431,.T.);
#6107=ORIENTED_EDGE('',*,*,#4432,.T.);
#6108=ORIENTED_EDGE('',*,*,#4433,.T.);
#6109=ORIENTED_EDGE('',*,*,#4434,.T.);
#6110=ORIENTED_EDGE('',*,*,#4435,.T.);
#6111=ORIENTED_EDGE('',*,*,#4436,.T.);
#6112=ORIENTED_EDGE('',*,*,#4437,.T.);
#6113=ORIENTED_EDGE('',*,*,#4434,.F.);
#6114=ORIENTED_EDGE('',*,*,#4438,.T.);
#6115=ORIENTED_EDGE('',*,*,#4432,.F.);
#6116=ORIENTED_EDGE('',*,*,#4439,.T.);
#6117=ORIENTED_EDGE('',*,*,#4440,.T.);
#6118=ORIENTED_EDGE('',*,*,#4441,.T.);
#6119=ORIENTED_EDGE('',*,*,#4442,.T.);
#6120=ORIENTED_EDGE('',*,*,#4439,.F.);
#6121=ORIENTED_EDGE('',*,*,#4443,.T.);
#6122=ORIENTED_EDGE('',*,*,#4436,.F.);
#6123=ORIENTED_EDGE('',*,*,#4444,.T.);
#6124=ORIENTED_EDGE('',*,*,#4445,.T.);
#6125=ORIENTED_EDGE('',*,*,#4446,.T.);
#6126=ORIENTED_EDGE('',*,*,#4447,.T.);
#6127=ORIENTED_EDGE('',*,*,#4444,.F.);
#6128=ORIENTED_EDGE('',*,*,#4448,.T.);
#6129=ORIENTED_EDGE('',*,*,#4441,.F.);
#6130=ORIENTED_EDGE('',*,*,#4430,.F.);
#6131=ORIENTED_EDGE('',*,*,#4449,.T.);
#6132=ORIENTED_EDGE('',*,*,#4446,.F.);
#6133=ORIENTED_EDGE('',*,*,#4443,.F.);
#6134=ORIENTED_EDGE('',*,*,#4450,.T.);
#6135=ORIENTED_EDGE('',*,*,#4451,.T.);
#6136=ORIENTED_EDGE('',*,*,#4452,.T.);
#6137=ORIENTED_EDGE('',*,*,#4442,.F.);
#6138=ORIENTED_EDGE('',*,*,#4453,.F.);
#6139=ORIENTED_EDGE('',*,*,#4454,.T.);
#6140=ORIENTED_EDGE('',*,*,#4450,.F.);
#6141=ORIENTED_EDGE('',*,*,#4455,.T.);
#6142=ORIENTED_EDGE('',*,*,#4448,.F.);
#6143=ORIENTED_EDGE('',*,*,#4456,.T.);
#6144=ORIENTED_EDGE('',*,*,#4457,.F.);
#6145=ORIENTED_EDGE('',*,*,#4453,.T.);
#6146=ORIENTED_EDGE('',*,*,#4415,.F.);
#6147=ORIENTED_EDGE('',*,*,#4412,.F.);
#6148=ORIENTED_EDGE('',*,*,#4411,.F.);
#6149=ORIENTED_EDGE('',*,*,#4458,.T.);
#6150=ORIENTED_EDGE('',*,*,#4459,.F.);
#6151=ORIENTED_EDGE('',*,*,#4460,.F.);
#6152=ORIENTED_EDGE('',*,*,#4461,.F.);
#6153=ORIENTED_EDGE('',*,*,#4462,.F.);
#6154=ORIENTED_EDGE('',*,*,#4463,.F.);
#6155=ORIENTED_EDGE('',*,*,#4464,.F.);
#6156=ORIENTED_EDGE('',*,*,#4465,.F.);
#6157=ORIENTED_EDGE('',*,*,#4466,.F.);
#6158=ORIENTED_EDGE('',*,*,#4467,.F.);
#6159=ORIENTED_EDGE('',*,*,#4468,.F.);
#6160=ORIENTED_EDGE('',*,*,#4469,.F.);
#6161=ORIENTED_EDGE('',*,*,#4470,.F.);
#6162=ORIENTED_EDGE('',*,*,#4471,.F.);
#6163=ORIENTED_EDGE('',*,*,#4472,.F.);
#6164=ORIENTED_EDGE('',*,*,#4473,.F.);
#6165=ORIENTED_EDGE('',*,*,#4474,.F.);
#6166=ORIENTED_EDGE('',*,*,#4475,.F.);
#6167=ORIENTED_EDGE('',*,*,#4476,.F.);
#6168=ORIENTED_EDGE('',*,*,#4456,.F.);
#6169=ORIENTED_EDGE('',*,*,#4447,.F.);
#6170=ORIENTED_EDGE('',*,*,#4477,.F.);
#6171=ORIENTED_EDGE('',*,*,#4478,.F.);
#6172=ORIENTED_EDGE('',*,*,#4479,.F.);
#6173=ORIENTED_EDGE('',*,*,#4388,.F.);
#6174=ORIENTED_EDGE('',*,*,#4386,.F.);
#6175=ORIENTED_EDGE('',*,*,#4383,.F.);
#6176=ORIENTED_EDGE('',*,*,#4480,.T.);
#6177=ORIENTED_EDGE('',*,*,#4481,.T.);
#6178=ORIENTED_EDGE('',*,*,#4482,.T.);
#6179=ORIENTED_EDGE('',*,*,#4483,.T.);
#6180=ORIENTED_EDGE('',*,*,#4431,.F.);
#6181=ORIENTED_EDGE('',*,*,#4445,.F.);
#6182=ORIENTED_EDGE('',*,*,#4440,.F.);
#6183=ORIENTED_EDGE('',*,*,#4435,.F.);
#6184=ORIENTED_EDGE('',*,*,#4484,.T.);
#6185=ORIENTED_EDGE('',*,*,#4485,.T.);
#6186=ORIENTED_EDGE('',*,*,#4486,.T.);
#6187=ORIENTED_EDGE('',*,*,#4460,.T.);
#6188=ORIENTED_EDGE('',*,*,#4487,.T.);
#6189=ORIENTED_EDGE('',*,*,#4459,.T.);
#6190=ORIENTED_EDGE('',*,*,#4488,.T.);
#6191=ORIENTED_EDGE('',*,*,#4489,.T.);
#6192=ORIENTED_EDGE('',*,*,#4487,.F.);
#6193=ORIENTED_EDGE('',*,*,#4490,.T.);
#6194=ORIENTED_EDGE('',*,*,#4484,.F.);
#6195=ORIENTED_EDGE('',*,*,#4491,.T.);
#6196=ORIENTED_EDGE('',*,*,#4492,.T.);
#6197=ORIENTED_EDGE('',*,*,#4493,.T.);
#6198=ORIENTED_EDGE('',*,*,#4494,.T.);
#6199=ORIENTED_EDGE('',*,*,#4493,.F.);
#6200=ORIENTED_EDGE('',*,*,#4495,.T.);
#6201=ORIENTED_EDGE('',*,*,#4496,.T.);
#6202=ORIENTED_EDGE('',*,*,#4491,.F.);
#6203=ORIENTED_EDGE('',*,*,#4497,.T.);
#6204=ORIENTED_EDGE('',*,*,#4486,.F.);
#6205=ORIENTED_EDGE('',*,*,#4497,.F.);
#6206=ORIENTED_EDGE('',*,*,#4498,.T.);
#6207=ORIENTED_EDGE('',*,*,#4499,.T.);
#6208=ORIENTED_EDGE('',*,*,#4461,.T.);
#6209=ORIENTED_EDGE('',*,*,#4494,.F.);
#6210=ORIENTED_EDGE('',*,*,#4500,.F.);
#6211=ORIENTED_EDGE('',*,*,#4501,.F.);
#6212=ORIENTED_EDGE('',*,*,#4502,.F.);
#6213=ORIENTED_EDGE('',*,*,#4503,.F.);
#6214=ORIENTED_EDGE('',*,*,#4498,.F.);
#6215=ORIENTED_EDGE('',*,*,#4449,.F.);
#6216=ORIENTED_EDGE('',*,*,#4504,.T.);
#6217=ORIENTED_EDGE('',*,*,#4505,.T.);
#6218=ORIENTED_EDGE('',*,*,#4477,.T.);
#6219=ORIENTED_EDGE('',*,*,#4506,.T.);
#6220=ORIENTED_EDGE('',*,*,#4507,.T.);
#6221=ORIENTED_EDGE('',*,*,#4508,.T.);
#6222=ORIENTED_EDGE('',*,*,#4509,.T.);
#6223=ORIENTED_EDGE('',*,*,#4510,.T.);
#6224=ORIENTED_EDGE('',*,*,#4511,.T.);
#6225=ORIENTED_EDGE('',*,*,#4512,.T.);
#6226=ORIENTED_EDGE('',*,*,#4513,.T.);
#6227=ORIENTED_EDGE('',*,*,#4510,.F.);
#6228=ORIENTED_EDGE('',*,*,#4514,.T.);
#6229=ORIENTED_EDGE('',*,*,#4508,.F.);
#6230=ORIENTED_EDGE('',*,*,#4506,.F.);
#6231=ORIENTED_EDGE('',*,*,#4515,.T.);
#6232=ORIENTED_EDGE('',*,*,#4505,.F.);
#6233=ORIENTED_EDGE('',*,*,#4515,.F.);
#6234=ORIENTED_EDGE('',*,*,#4516,.T.);
#6235=ORIENTED_EDGE('',*,*,#4517,.T.);
#6236=ORIENTED_EDGE('',*,*,#4478,.T.);
#6237=ORIENTED_EDGE('',*,*,#4509,.F.);
#6238=ORIENTED_EDGE('',*,*,#4518,.F.);
#6239=ORIENTED_EDGE('',*,*,#4519,.F.);
#6240=ORIENTED_EDGE('',*,*,#4516,.F.);
#6241=ORIENTED_EDGE('',*,*,#4514,.F.);
#6242=ORIENTED_EDGE('',*,*,#4520,.T.);
#6243=ORIENTED_EDGE('',*,*,#4521,.T.);
#6244=ORIENTED_EDGE('',*,*,#4518,.T.);
#6245=ORIENTED_EDGE('',*,*,#4513,.F.);
#6246=ORIENTED_EDGE('',*,*,#4522,.F.);
#6247=ORIENTED_EDGE('',*,*,#4523,.F.);
#6248=ORIENTED_EDGE('',*,*,#4524,.F.);
#6249=ORIENTED_EDGE('',*,*,#4525,.F.);
#6250=ORIENTED_EDGE('',*,*,#4526,.F.);
#6251=ORIENTED_EDGE('',*,*,#4520,.F.);
#6252=ORIENTED_EDGE('',*,*,#4527,.T.);
#6253=ORIENTED_EDGE('',*,*,#4528,.T.);
#6254=ORIENTED_EDGE('',*,*,#4529,.T.);
#6255=ORIENTED_EDGE('',*,*,#4530,.T.);
#6256=ORIENTED_EDGE('',*,*,#4531,.T.);
#6257=ORIENTED_EDGE('',*,*,#4530,.F.);
#6258=ORIENTED_EDGE('',*,*,#4532,.T.);
#6259=ORIENTED_EDGE('',*,*,#4533,.T.);
#6260=ORIENTED_EDGE('',*,*,#4529,.F.);
#6261=ORIENTED_EDGE('',*,*,#4534,.F.);
#6262=ORIENTED_EDGE('',*,*,#4535,.T.);
#6263=ORIENTED_EDGE('',*,*,#4536,.F.);
#6264=ORIENTED_EDGE('',*,*,#4537,.T.);
#6265=ORIENTED_EDGE('',*,*,#4538,.F.);
#6266=ORIENTED_EDGE('',*,*,#4539,.T.);
#6267=ORIENTED_EDGE('',*,*,#4540,.F.);
#6268=ORIENTED_EDGE('',*,*,#4438,.F.);
#6269=ORIENTED_EDGE('',*,*,#4541,.T.);
#6270=ORIENTED_EDGE('',*,*,#4542,.T.);
#6271=ORIENTED_EDGE('',*,*,#4543,.T.);
#6272=ORIENTED_EDGE('',*,*,#4542,.F.);
#6273=ORIENTED_EDGE('',*,*,#4544,.T.);
#6274=ORIENTED_EDGE('',*,*,#4545,.T.);
#6275=ORIENTED_EDGE('',*,*,#4545,.F.);
#6276=ORIENTED_EDGE('',*,*,#4546,.T.);
#6277=ORIENTED_EDGE('',*,*,#4512,.F.);
#6278=ORIENTED_EDGE('',*,*,#4547,.T.);
#6279=ORIENTED_EDGE('',*,*,#4533,.F.);
#6280=ORIENTED_EDGE('',*,*,#4548,.T.);
#6281=ORIENTED_EDGE('',*,*,#4544,.F.);
#6282=ORIENTED_EDGE('',*,*,#4549,.T.);
#6283=ORIENTED_EDGE('',*,*,#4437,.F.);
#6284=ORIENTED_EDGE('',*,*,#4452,.F.);
#6285=ORIENTED_EDGE('',*,*,#4550,.F.);
#6286=ORIENTED_EDGE('',*,*,#4551,.F.);
#6287=ORIENTED_EDGE('',*,*,#4552,.F.);
#6288=ORIENTED_EDGE('',*,*,#4553,.F.);
#6289=ORIENTED_EDGE('',*,*,#4554,.F.);
#6290=ORIENTED_EDGE('',*,*,#4555,.F.);
#6291=ORIENTED_EDGE('',*,*,#4556,.F.);
#6292=ORIENTED_EDGE('',*,*,#4557,.F.);
#6293=ORIENTED_EDGE('',*,*,#4558,.F.);
#6294=ORIENTED_EDGE('',*,*,#4559,.F.);
#6295=ORIENTED_EDGE('',*,*,#4560,.F.);
#6296=ORIENTED_EDGE('',*,*,#4561,.F.);
#6297=ORIENTED_EDGE('',*,*,#4562,.F.);
#6298=ORIENTED_EDGE('',*,*,#4563,.F.);
#6299=ORIENTED_EDGE('',*,*,#4564,.F.);
#6300=ORIENTED_EDGE('',*,*,#4565,.F.);
#6301=ORIENTED_EDGE('',*,*,#4566,.F.);
#6302=ORIENTED_EDGE('',*,*,#4567,.F.);
#6303=ORIENTED_EDGE('',*,*,#4568,.F.);
#6304=ORIENTED_EDGE('',*,*,#4569,.F.);
#6305=ORIENTED_EDGE('',*,*,#4570,.F.);
#6306=ORIENTED_EDGE('',*,*,#4571,.F.);
#6307=ORIENTED_EDGE('',*,*,#4572,.F.);
#6308=ORIENTED_EDGE('',*,*,#4573,.F.);
#6309=ORIENTED_EDGE('',*,*,#4574,.F.);
#6310=ORIENTED_EDGE('',*,*,#4575,.F.);
#6311=ORIENTED_EDGE('',*,*,#4576,.F.);
#6312=ORIENTED_EDGE('',*,*,#4577,.F.);
#6313=ORIENTED_EDGE('',*,*,#4531,.F.);
#6314=ORIENTED_EDGE('',*,*,#4549,.F.);
#6315=ORIENTED_EDGE('',*,*,#4541,.F.);
#6316=ORIENTED_EDGE('',*,*,#4532,.F.);
#6317=ORIENTED_EDGE('',*,*,#4540,.T.);
#6318=ORIENTED_EDGE('',*,*,#4578,.T.);
#6319=ORIENTED_EDGE('',*,*,#4523,.T.);
#6320=ORIENTED_EDGE('',*,*,#4579,.T.);
#6321=ORIENTED_EDGE('',*,*,#4546,.F.);
#6322=ORIENTED_EDGE('',*,*,#4548,.F.);
#6323=ORIENTED_EDGE('',*,*,#4579,.F.);
#6324=ORIENTED_EDGE('',*,*,#4522,.T.);
#6325=ORIENTED_EDGE('',*,*,#4580,.T.);
#6326=ORIENTED_EDGE('',*,*,#4524,.T.);
#6327=ORIENTED_EDGE('',*,*,#4578,.F.);
#6328=ORIENTED_EDGE('',*,*,#4539,.F.);
#6329=ORIENTED_EDGE('',*,*,#4581,.T.);
#6330=ORIENTED_EDGE('',*,*,#4582,.T.);
#6331=ORIENTED_EDGE('',*,*,#4583,.T.);
#6332=ORIENTED_EDGE('',*,*,#4584,.T.);
#6333=ORIENTED_EDGE('',*,*,#4585,.F.);
#6334=ORIENTED_EDGE('',*,*,#4582,.F.);
#6335=ORIENTED_EDGE('',*,*,#4586,.T.);
#6336=ORIENTED_EDGE('',*,*,#4536,.T.);
#6337=ORIENTED_EDGE('',*,*,#4587,.F.);
#6338=ORIENTED_EDGE('',*,*,#4588,.F.);
#6339=ORIENTED_EDGE('',*,*,#4589,.T.);
#6340=ORIENTED_EDGE('',*,*,#4590,.F.);
#6341=ORIENTED_EDGE('',*,*,#4538,.T.);
#6342=ORIENTED_EDGE('',*,*,#4591,.T.);
#6343=ORIENTED_EDGE('',*,*,#4592,.T.);
#6344=ORIENTED_EDGE('',*,*,#4525,.T.);
#6345=ORIENTED_EDGE('',*,*,#4580,.F.);
#6346=ORIENTED_EDGE('',*,*,#4593,.T.);
#6347=ORIENTED_EDGE('',*,*,#4594,.T.);
#6348=ORIENTED_EDGE('',*,*,#4581,.F.);
#6349=ORIENTED_EDGE('',*,*,#4595,.T.);
#6350=ORIENTED_EDGE('',*,*,#4593,.F.);
#6351=ORIENTED_EDGE('',*,*,#4596,.T.);
#6352=ORIENTED_EDGE('',*,*,#4592,.F.);
#6353=ORIENTED_EDGE('',*,*,#4596,.F.);
#6354=ORIENTED_EDGE('',*,*,#4597,.T.);
#6355=ORIENTED_EDGE('',*,*,#4598,.T.);
#6356=ORIENTED_EDGE('',*,*,#4526,.T.);
#6357=ORIENTED_EDGE('',*,*,#4584,.F.);
#6358=ORIENTED_EDGE('',*,*,#4404,.F.);
#6359=ORIENTED_EDGE('',*,*,#4599,.F.);
#6360=ORIENTED_EDGE('',*,*,#4600,.F.);
#6361=ORIENTED_EDGE('',*,*,#4597,.F.);
#6362=ORIENTED_EDGE('',*,*,#4595,.F.);
#6363=ORIENTED_EDGE('',*,*,#4601,.F.);
#6364=ORIENTED_EDGE('',*,*,#4602,.F.);
#6365=ORIENTED_EDGE('',*,*,#4517,.F.);
#6366=ORIENTED_EDGE('',*,*,#4479,.T.);
#6367=ORIENTED_EDGE('',*,*,#4602,.T.);
#6368=ORIENTED_EDGE('',*,*,#4599,.T.);
#6369=ORIENTED_EDGE('',*,*,#4389,.F.);
#6370=ORIENTED_EDGE('',*,*,#4598,.F.);
#6371=ORIENTED_EDGE('',*,*,#4603,.F.);
#6372=ORIENTED_EDGE('',*,*,#4521,.F.);
#6373=ORIENTED_EDGE('',*,*,#4603,.T.);
#6374=ORIENTED_EDGE('',*,*,#4600,.T.);
#6375=ORIENTED_EDGE('',*,*,#4601,.T.);
#6376=ORIENTED_EDGE('',*,*,#4519,.T.);
#6377=ORIENTED_EDGE('',*,*,#4591,.F.);
#6378=ORIENTED_EDGE('',*,*,#4537,.F.);
#6379=ORIENTED_EDGE('',*,*,#4586,.F.);
#6380=ORIENTED_EDGE('',*,*,#4594,.F.);
#6381=ORIENTED_EDGE('',*,*,#4604,.T.);
#6382=ORIENTED_EDGE('',*,*,#4550,.T.);
#6383=ORIENTED_EDGE('',*,*,#4451,.F.);
#6384=ORIENTED_EDGE('',*,*,#4605,.T.);
#6385=ORIENTED_EDGE('',*,*,#4606,.T.);
#6386=ORIENTED_EDGE('',*,*,#4551,.T.);
#6387=ORIENTED_EDGE('',*,*,#4604,.F.);
#6388=ORIENTED_EDGE('',*,*,#4607,.T.);
#6389=ORIENTED_EDGE('',*,*,#4608,.T.);
#6390=ORIENTED_EDGE('',*,*,#4552,.T.);
#6391=ORIENTED_EDGE('',*,*,#4606,.F.);
#6392=ORIENTED_EDGE('',*,*,#4609,.T.);
#6393=ORIENTED_EDGE('',*,*,#4610,.T.);
#6394=ORIENTED_EDGE('',*,*,#4553,.T.);
#6395=ORIENTED_EDGE('',*,*,#4608,.F.);
#6396=ORIENTED_EDGE('',*,*,#4611,.T.);
#6397=ORIENTED_EDGE('',*,*,#4612,.T.);
#6398=ORIENTED_EDGE('',*,*,#4554,.T.);
#6399=ORIENTED_EDGE('',*,*,#4610,.F.);
#6400=ORIENTED_EDGE('',*,*,#4613,.T.);
#6401=ORIENTED_EDGE('',*,*,#4614,.T.);
#6402=ORIENTED_EDGE('',*,*,#4555,.T.);
#6403=ORIENTED_EDGE('',*,*,#4612,.F.);
#6404=ORIENTED_EDGE('',*,*,#4615,.T.);
#6405=ORIENTED_EDGE('',*,*,#4616,.T.);
#6406=ORIENTED_EDGE('',*,*,#4617,.T.);
#6407=ORIENTED_EDGE('',*,*,#4618,.T.);
#6408=ORIENTED_EDGE('',*,*,#4619,.T.);
#6409=ORIENTED_EDGE('',*,*,#4618,.F.);
#6410=ORIENTED_EDGE('',*,*,#4620,.T.);
#6411=ORIENTED_EDGE('',*,*,#4614,.F.);
#6412=ORIENTED_EDGE('',*,*,#4621,.T.);
#6413=ORIENTED_EDGE('',*,*,#4471,.T.);
#6414=ORIENTED_EDGE('',*,*,#4622,.T.);
#6415=ORIENTED_EDGE('',*,*,#4623,.T.);
#6416=ORIENTED_EDGE('',*,*,#4624,.T.);
#6417=ORIENTED_EDGE('',*,*,#4472,.T.);
#6418=ORIENTED_EDGE('',*,*,#4621,.F.);
#6419=ORIENTED_EDGE('',*,*,#4625,.T.);
#6420=ORIENTED_EDGE('',*,*,#4626,.T.);
#6421=ORIENTED_EDGE('',*,*,#4473,.T.);
#6422=ORIENTED_EDGE('',*,*,#4624,.F.);
#6423=ORIENTED_EDGE('',*,*,#4627,.T.);
#6424=ORIENTED_EDGE('',*,*,#4628,.T.);
#6425=ORIENTED_EDGE('',*,*,#4474,.T.);
#6426=ORIENTED_EDGE('',*,*,#4626,.F.);
#6427=ORIENTED_EDGE('',*,*,#4629,.T.);
#6428=ORIENTED_EDGE('',*,*,#4630,.T.);
#6429=ORIENTED_EDGE('',*,*,#4475,.T.);
#6430=ORIENTED_EDGE('',*,*,#4628,.F.);
#6431=ORIENTED_EDGE('',*,*,#4631,.T.);
#6432=ORIENTED_EDGE('',*,*,#4457,.T.);
#6433=ORIENTED_EDGE('',*,*,#4476,.T.);
#6434=ORIENTED_EDGE('',*,*,#4630,.F.);
#6435=ORIENTED_EDGE('',*,*,#4632,.T.);
#6436=ORIENTED_EDGE('',*,*,#4622,.F.);
#6437=ORIENTED_EDGE('',*,*,#4633,.T.);
#6438=ORIENTED_EDGE('',*,*,#4616,.F.);
#6439=ORIENTED_EDGE('',*,*,#4611,.F.);
#6440=ORIENTED_EDGE('',*,*,#4634,.F.);
#6441=ORIENTED_EDGE('',*,*,#4627,.F.);
#6442=ORIENTED_EDGE('',*,*,#4635,.T.);
#6443=ORIENTED_EDGE('',*,*,#4609,.F.);
#6444=ORIENTED_EDGE('',*,*,#4636,.F.);
#6445=ORIENTED_EDGE('',*,*,#4629,.F.);
#6446=ORIENTED_EDGE('',*,*,#4634,.T.);
#6447=ORIENTED_EDGE('',*,*,#4607,.F.);
#6448=ORIENTED_EDGE('',*,*,#4637,.F.);
#6449=ORIENTED_EDGE('',*,*,#4631,.F.);
#6450=ORIENTED_EDGE('',*,*,#4636,.T.);
#6451=ORIENTED_EDGE('',*,*,#4605,.F.);
#6452=ORIENTED_EDGE('',*,*,#4454,.F.);
#6453=ORIENTED_EDGE('',*,*,#4632,.F.);
#6454=ORIENTED_EDGE('',*,*,#4637,.T.);
#6455=ORIENTED_EDGE('',*,*,#4620,.F.);
#6456=ORIENTED_EDGE('',*,*,#4638,.T.);
#6457=ORIENTED_EDGE('',*,*,#4639,.T.);
#6458=ORIENTED_EDGE('',*,*,#4556,.T.);
#6459=ORIENTED_EDGE('',*,*,#4617,.F.);
#6460=ORIENTED_EDGE('',*,*,#4640,.F.);
#6461=ORIENTED_EDGE('',*,*,#4641,.F.);
#6462=ORIENTED_EDGE('',*,*,#4638,.F.);
#6463=ORIENTED_EDGE('',*,*,#4633,.F.);
#6464=ORIENTED_EDGE('',*,*,#4470,.T.);
#6465=ORIENTED_EDGE('',*,*,#4642,.T.);
#6466=ORIENTED_EDGE('',*,*,#4640,.T.);
#6467=ORIENTED_EDGE('',*,*,#4643,.F.);
#6468=ORIENTED_EDGE('',*,*,#4644,.F.);
#6469=ORIENTED_EDGE('',*,*,#4645,.F.);
#6470=ORIENTED_EDGE('',*,*,#4535,.F.);
#6471=ORIENTED_EDGE('',*,*,#4646,.T.);
#6472=ORIENTED_EDGE('',*,*,#4644,.T.);
#6473=ORIENTED_EDGE('',*,*,#4587,.T.);
#6474=ORIENTED_EDGE('',*,*,#4647,.T.);
#6475=ORIENTED_EDGE('',*,*,#4648,.T.);
#6476=ORIENTED_EDGE('',*,*,#4645,.T.);
#6477=ORIENTED_EDGE('',*,*,#4649,.T.);
#6478=ORIENTED_EDGE('',*,*,#4647,.F.);
#6479=ORIENTED_EDGE('',*,*,#4650,.T.);
#6480=ORIENTED_EDGE('',*,*,#4651,.T.);
#6481=ORIENTED_EDGE('',*,*,#4652,.F.);
#6482=ORIENTED_EDGE('',*,*,#4653,.T.);
#6483=ORIENTED_EDGE('',*,*,#4654,.F.);
#6484=ORIENTED_EDGE('',*,*,#4588,.T.);
#6485=ORIENTED_EDGE('',*,*,#4643,.T.);
#6486=ORIENTED_EDGE('',*,*,#4655,.T.);
#6487=ORIENTED_EDGE('',*,*,#4650,.F.);
#6488=ORIENTED_EDGE('',*,*,#4656,.T.);
#6489=ORIENTED_EDGE('',*,*,#4528,.F.);
#6490=ORIENTED_EDGE('',*,*,#4577,.T.);
#6491=ORIENTED_EDGE('',*,*,#4649,.F.);
#6492=ORIENTED_EDGE('',*,*,#4646,.F.);
#6493=ORIENTED_EDGE('',*,*,#4534,.T.);
#6494=ORIENTED_EDGE('',*,*,#4656,.F.);
#6495=ORIENTED_EDGE('',*,*,#4405,.T.);
#6496=ORIENTED_EDGE('',*,*,#4583,.F.);
#6497=ORIENTED_EDGE('',*,*,#4585,.T.);
#6498=ORIENTED_EDGE('',*,*,#4657,.T.);
#6499=ORIENTED_EDGE('',*,*,#4590,.T.);
#6500=ORIENTED_EDGE('',*,*,#4658,.T.);
#6501=ORIENTED_EDGE('',*,*,#4401,.T.);
#6502=ORIENTED_EDGE('',*,*,#4657,.F.);
#6503=ORIENTED_EDGE('',*,*,#4659,.T.);
#6504=ORIENTED_EDGE('',*,*,#4660,.T.);
#6505=ORIENTED_EDGE('',*,*,#4661,.T.);
#6506=ORIENTED_EDGE('',*,*,#4662,.T.);
#6507=ORIENTED_EDGE('',*,*,#4399,.T.);
#6508=ORIENTED_EDGE('',*,*,#4663,.T.);
#6509=ORIENTED_EDGE('',*,*,#4660,.F.);
#6510=ORIENTED_EDGE('',*,*,#4664,.T.);
#6511=ORIENTED_EDGE('',*,*,#4663,.F.);
#6512=ORIENTED_EDGE('',*,*,#4403,.T.);
#6513=ORIENTED_EDGE('',*,*,#4661,.F.);
#6514=ORIENTED_EDGE('',*,*,#4402,.T.);
#6515=ORIENTED_EDGE('',*,*,#4658,.F.);
#6516=ORIENTED_EDGE('',*,*,#4665,.T.);
#6517=ORIENTED_EDGE('',*,*,#4662,.F.);
#6518=ORIENTED_EDGE('',*,*,#4666,.T.);
#6519=ORIENTED_EDGE('',*,*,#4667,.T.);
#6520=ORIENTED_EDGE('',*,*,#4393,.T.);
#6521=ORIENTED_EDGE('',*,*,#4664,.F.);
#6522=ORIENTED_EDGE('',*,*,#4668,.F.);
#6523=ORIENTED_EDGE('',*,*,#4669,.T.);
#6524=ORIENTED_EDGE('',*,*,#4670,.F.);
#6525=ORIENTED_EDGE('',*,*,#4666,.F.);
#6526=ORIENTED_EDGE('',*,*,#4671,.T.);
#6527=ORIENTED_EDGE('',*,*,#4659,.F.);
#6528=ORIENTED_EDGE('',*,*,#4672,.T.);
#6529=ORIENTED_EDGE('',*,*,#4673,.T.);
#6530=ORIENTED_EDGE('',*,*,#4674,.T.);
#6531=ORIENTED_EDGE('',*,*,#4668,.T.);
#6532=ORIENTED_EDGE('',*,*,#4654,.T.);
#6533=ORIENTED_EDGE('',*,*,#4675,.F.);
#6534=ORIENTED_EDGE('',*,*,#4672,.F.);
#6535=ORIENTED_EDGE('',*,*,#4665,.F.);
#6536=ORIENTED_EDGE('',*,*,#4589,.F.);
#6537=ORIENTED_EDGE('',*,*,#4676,.T.);
#6538=ORIENTED_EDGE('',*,*,#4669,.F.);
#6539=ORIENTED_EDGE('',*,*,#4674,.F.);
#6540=ORIENTED_EDGE('',*,*,#4677,.T.);
#6541=ORIENTED_EDGE('',*,*,#4678,.T.);
#6542=ORIENTED_EDGE('',*,*,#4679,.T.);
#6543=ORIENTED_EDGE('',*,*,#4678,.F.);
#6544=ORIENTED_EDGE('',*,*,#4680,.T.);
#6545=ORIENTED_EDGE('',*,*,#4681,.T.);
#6546=ORIENTED_EDGE('',*,*,#4648,.F.);
#6547=ORIENTED_EDGE('',*,*,#4682,.F.);
#6548=ORIENTED_EDGE('',*,*,#4677,.F.);
#6549=ORIENTED_EDGE('',*,*,#4673,.F.);
#6550=ORIENTED_EDGE('',*,*,#4675,.T.);
#6551=ORIENTED_EDGE('',*,*,#4653,.F.);
#6552=ORIENTED_EDGE('',*,*,#4683,.T.);
#6553=ORIENTED_EDGE('',*,*,#4684,.T.);
#6554=ORIENTED_EDGE('',*,*,#4655,.F.);
#6555=ORIENTED_EDGE('',*,*,#4651,.F.);
#6556=ORIENTED_EDGE('',*,*,#4576,.T.);
#6557=ORIENTED_EDGE('',*,*,#4680,.F.);
#6558=ORIENTED_EDGE('',*,*,#4682,.T.);
#6559=ORIENTED_EDGE('',*,*,#4681,.F.);
#6560=ORIENTED_EDGE('',*,*,#4575,.T.);
#6561=ORIENTED_EDGE('',*,*,#4685,.T.);
#6562=ORIENTED_EDGE('',*,*,#4686,.T.);
#6563=ORIENTED_EDGE('',*,*,#4685,.F.);
#6564=ORIENTED_EDGE('',*,*,#4574,.T.);
#6565=ORIENTED_EDGE('',*,*,#4687,.T.);
#6566=ORIENTED_EDGE('',*,*,#4688,.F.);
#6567=ORIENTED_EDGE('',*,*,#4689,.T.);
#6568=ORIENTED_EDGE('',*,*,#4690,.T.);
#6569=ORIENTED_EDGE('',*,*,#4688,.T.);
#6570=ORIENTED_EDGE('',*,*,#4691,.T.);
#6571=ORIENTED_EDGE('',*,*,#4692,.F.);
#6572=ORIENTED_EDGE('',*,*,#4693,.T.);
#6573=ORIENTED_EDGE('',*,*,#4694,.T.);
#6574=ORIENTED_EDGE('',*,*,#4695,.T.);
#6575=ORIENTED_EDGE('',*,*,#4694,.F.);
#6576=ORIENTED_EDGE('',*,*,#4689,.F.);
#6577=ORIENTED_EDGE('',*,*,#4696,.T.);
#6578=ORIENTED_EDGE('',*,*,#4679,.F.);
#6579=ORIENTED_EDGE('',*,*,#4686,.F.);
#6580=ORIENTED_EDGE('',*,*,#4690,.F.);
#6581=ORIENTED_EDGE('',*,*,#4693,.F.);
#6582=ORIENTED_EDGE('',*,*,#4697,.T.);
#6583=ORIENTED_EDGE('',*,*,#4698,.F.);
#6584=ORIENTED_EDGE('',*,*,#4692,.T.);
#6585=ORIENTED_EDGE('',*,*,#4699,.F.);
#6586=ORIENTED_EDGE('',*,*,#4700,.F.);
#6587=ORIENTED_EDGE('',*,*,#4701,.F.);
#6588=ORIENTED_EDGE('',*,*,#4697,.F.);
#6589=ORIENTED_EDGE('',*,*,#4695,.F.);
#6590=ORIENTED_EDGE('',*,*,#4702,.F.);
#6591=ORIENTED_EDGE('',*,*,#4703,.T.);
#6592=ORIENTED_EDGE('',*,*,#4704,.T.);
#6593=ORIENTED_EDGE('',*,*,#4705,.F.);
#6594=ORIENTED_EDGE('',*,*,#4706,.F.);
#6595=ORIENTED_EDGE('',*,*,#4707,.F.);
#6596=ORIENTED_EDGE('',*,*,#4699,.T.);
#6597=ORIENTED_EDGE('',*,*,#4707,.T.);
#6598=ORIENTED_EDGE('',*,*,#4708,.T.);
#6599=ORIENTED_EDGE('',*,*,#4395,.T.);
#6600=ORIENTED_EDGE('',*,*,#4709,.T.);
#6601=ORIENTED_EDGE('',*,*,#4710,.F.);
#6602=ORIENTED_EDGE('',*,*,#4711,.F.);
#6603=ORIENTED_EDGE('',*,*,#4667,.F.);
#6604=ORIENTED_EDGE('',*,*,#4394,.T.);
#6605=ORIENTED_EDGE('',*,*,#4711,.T.);
#6606=ORIENTED_EDGE('',*,*,#4700,.T.);
#6607=ORIENTED_EDGE('',*,*,#4709,.F.);
#6608=ORIENTED_EDGE('',*,*,#4698,.T.);
#6609=ORIENTED_EDGE('',*,*,#4701,.T.);
#6610=ORIENTED_EDGE('',*,*,#4710,.T.);
#6611=ORIENTED_EDGE('',*,*,#4670,.T.);
#6612=ORIENTED_EDGE('',*,*,#4676,.F.);
#6613=ORIENTED_EDGE('',*,*,#4712,.T.);
#6614=ORIENTED_EDGE('',*,*,#4429,.T.);
#6615=ORIENTED_EDGE('',*,*,#4396,.T.);
#6616=ORIENTED_EDGE('',*,*,#4708,.F.);
#6617=ORIENTED_EDGE('',*,*,#4706,.T.);
#6618=ORIENTED_EDGE('',*,*,#4713,.F.);
#6619=ORIENTED_EDGE('',*,*,#4426,.T.);
#6620=ORIENTED_EDGE('',*,*,#4712,.F.);
#6621=ORIENTED_EDGE('',*,*,#4705,.T.);
#6622=ORIENTED_EDGE('',*,*,#4714,.F.);
#6623=ORIENTED_EDGE('',*,*,#4715,.T.);
#6624=ORIENTED_EDGE('',*,*,#4428,.T.);
#6625=ORIENTED_EDGE('',*,*,#4716,.T.);
#6626=ORIENTED_EDGE('',*,*,#4717,.T.);
#6627=ORIENTED_EDGE('',*,*,#4715,.F.);
#6628=ORIENTED_EDGE('',*,*,#4718,.T.);
#6629=ORIENTED_EDGE('',*,*,#4424,.F.);
#6630=ORIENTED_EDGE('',*,*,#4719,.T.);
#6631=ORIENTED_EDGE('',*,*,#4427,.F.);
#6632=ORIENTED_EDGE('',*,*,#4713,.T.);
#6633=ORIENTED_EDGE('',*,*,#4720,.T.);
#6634=ORIENTED_EDGE('',*,*,#4719,.F.);
#6635=ORIENTED_EDGE('',*,*,#4721,.T.);
#6636=ORIENTED_EDGE('',*,*,#4716,.F.);
#6637=ORIENTED_EDGE('',*,*,#4718,.F.);
#6638=ORIENTED_EDGE('',*,*,#4722,.T.);
#6639=ORIENTED_EDGE('',*,*,#4723,.F.);
#6640=ORIENTED_EDGE('',*,*,#4418,.T.);
#6641=ORIENTED_EDGE('',*,*,#4717,.F.);
#6642=ORIENTED_EDGE('',*,*,#4724,.F.);
#6643=ORIENTED_EDGE('',*,*,#4725,.F.);
#6644=ORIENTED_EDGE('',*,*,#4726,.F.);
#6645=ORIENTED_EDGE('',*,*,#4727,.F.);
#6646=ORIENTED_EDGE('',*,*,#4722,.F.);
#6647=ORIENTED_EDGE('',*,*,#4728,.T.);
#6648=ORIENTED_EDGE('',*,*,#4721,.F.);
#6649=ORIENTED_EDGE('',*,*,#4729,.T.);
#6650=ORIENTED_EDGE('',*,*,#4730,.T.);
#6651=ORIENTED_EDGE('',*,*,#4724,.T.);
#6652=ORIENTED_EDGE('',*,*,#4720,.F.);
#6653=ORIENTED_EDGE('',*,*,#4714,.T.);
#6654=ORIENTED_EDGE('',*,*,#4704,.F.);
#6655=ORIENTED_EDGE('',*,*,#4731,.F.);
#6656=ORIENTED_EDGE('',*,*,#4732,.F.);
#6657=ORIENTED_EDGE('',*,*,#4729,.F.);
#6658=ORIENTED_EDGE('',*,*,#4733,.F.);
#6659=ORIENTED_EDGE('',*,*,#4734,.T.);
#6660=ORIENTED_EDGE('',*,*,#4730,.F.);
#6661=ORIENTED_EDGE('',*,*,#4732,.T.);
#6662=ORIENTED_EDGE('',*,*,#4735,.T.);
#6663=ORIENTED_EDGE('',*,*,#4736,.T.);
#6664=ORIENTED_EDGE('',*,*,#4737,.T.);
#6665=ORIENTED_EDGE('',*,*,#4726,.T.);
#6666=ORIENTED_EDGE('',*,*,#4723,.T.);
#6667=ORIENTED_EDGE('',*,*,#4727,.T.);
#6668=ORIENTED_EDGE('',*,*,#4737,.F.);
#6669=ORIENTED_EDGE('',*,*,#4738,.T.);
#6670=ORIENTED_EDGE('',*,*,#4739,.T.);
#6671=ORIENTED_EDGE('',*,*,#4740,.T.);
#6672=ORIENTED_EDGE('',*,*,#4735,.F.);
#6673=ORIENTED_EDGE('',*,*,#4741,.T.);
#6674=ORIENTED_EDGE('',*,*,#4738,.F.);
#6675=ORIENTED_EDGE('',*,*,#4742,.T.);
#6676=ORIENTED_EDGE('',*,*,#4743,.F.);
#6677=ORIENTED_EDGE('',*,*,#4419,.T.);
#6678=ORIENTED_EDGE('',*,*,#4744,.F.);
#6679=ORIENTED_EDGE('',*,*,#4745,.T.);
#6680=ORIENTED_EDGE('',*,*,#4746,.F.);
#6681=ORIENTED_EDGE('',*,*,#4741,.F.);
#6682=ORIENTED_EDGE('',*,*,#4725,.T.);
#6683=ORIENTED_EDGE('',*,*,#4734,.F.);
#6684=ORIENTED_EDGE('',*,*,#4696,.F.);
#6685=ORIENTED_EDGE('',*,*,#4747,.T.);
#6686=ORIENTED_EDGE('',*,*,#4748,.F.);
#6687=ORIENTED_EDGE('',*,*,#4702,.T.);
#6688=ORIENTED_EDGE('',*,*,#4745,.F.);
#6689=ORIENTED_EDGE('',*,*,#4749,.T.);
#6690=ORIENTED_EDGE('',*,*,#4750,.T.);
#6691=ORIENTED_EDGE('',*,*,#4751,.T.);
#6692=ORIENTED_EDGE('',*,*,#4687,.F.);
#6693=ORIENTED_EDGE('',*,*,#4573,.T.);
#6694=ORIENTED_EDGE('',*,*,#4752,.T.);
#6695=ORIENTED_EDGE('',*,*,#4753,.T.);
#6696=ORIENTED_EDGE('',*,*,#4572,.T.);
#6697=ORIENTED_EDGE('',*,*,#4754,.T.);
#6698=ORIENTED_EDGE('',*,*,#4755,.T.);
#6699=ORIENTED_EDGE('',*,*,#4752,.F.);
#6700=ORIENTED_EDGE('',*,*,#4754,.F.);
#6701=ORIENTED_EDGE('',*,*,#4756,.T.);
#6702=ORIENTED_EDGE('',*,*,#4750,.F.);
#6703=ORIENTED_EDGE('',*,*,#4751,.F.);
#6704=ORIENTED_EDGE('',*,*,#4757,.F.);
#6705=ORIENTED_EDGE('',*,*,#4758,.F.);
#6706=ORIENTED_EDGE('',*,*,#4759,.F.);
#6707=ORIENTED_EDGE('',*,*,#4760,.T.);
#6708=ORIENTED_EDGE('',*,*,#4761,.T.);
#6709=ORIENTED_EDGE('',*,*,#4762,.F.);
#6710=ORIENTED_EDGE('',*,*,#4763,.T.);
#6711=ORIENTED_EDGE('',*,*,#4739,.F.);
#6712=ORIENTED_EDGE('',*,*,#4746,.T.);
#6713=ORIENTED_EDGE('',*,*,#4756,.F.);
#6714=ORIENTED_EDGE('',*,*,#4571,.T.);
#6715=ORIENTED_EDGE('',*,*,#4764,.F.);
#6716=ORIENTED_EDGE('',*,*,#4757,.T.);
#6717=ORIENTED_EDGE('',*,*,#4765,.F.);
#6718=ORIENTED_EDGE('',*,*,#4642,.F.);
#6719=ORIENTED_EDGE('',*,*,#4766,.F.);
#6720=ORIENTED_EDGE('',*,*,#4767,.T.);
#6721=ORIENTED_EDGE('',*,*,#4768,.T.);
#6722=ORIENTED_EDGE('',*,*,#4766,.T.);
#6723=ORIENTED_EDGE('',*,*,#4469,.T.);
#6724=ORIENTED_EDGE('',*,*,#4769,.T.);
#6725=ORIENTED_EDGE('',*,*,#4770,.T.);
#6726=ORIENTED_EDGE('',*,*,#4767,.F.);
#6727=ORIENTED_EDGE('',*,*,#4468,.T.);
#6728=ORIENTED_EDGE('',*,*,#4771,.T.);
#6729=ORIENTED_EDGE('',*,*,#4772,.T.);
#6730=ORIENTED_EDGE('',*,*,#4769,.F.);
#6731=ORIENTED_EDGE('',*,*,#4467,.T.);
#6732=ORIENTED_EDGE('',*,*,#4773,.T.);
#6733=ORIENTED_EDGE('',*,*,#4774,.T.);
#6734=ORIENTED_EDGE('',*,*,#4771,.F.);
#6735=ORIENTED_EDGE('',*,*,#4466,.T.);
#6736=ORIENTED_EDGE('',*,*,#4775,.T.);
#6737=ORIENTED_EDGE('',*,*,#4776,.T.);
#6738=ORIENTED_EDGE('',*,*,#4773,.F.);
#6739=ORIENTED_EDGE('',*,*,#4465,.T.);
#6740=ORIENTED_EDGE('',*,*,#4777,.T.);
#6741=ORIENTED_EDGE('',*,*,#4778,.T.);
#6742=ORIENTED_EDGE('',*,*,#4775,.F.);
#6743=ORIENTED_EDGE('',*,*,#4464,.T.);
#6744=ORIENTED_EDGE('',*,*,#4779,.T.);
#6745=ORIENTED_EDGE('',*,*,#4780,.T.);
#6746=ORIENTED_EDGE('',*,*,#4777,.F.);
#6747=ORIENTED_EDGE('',*,*,#4463,.T.);
#6748=ORIENTED_EDGE('',*,*,#4779,.F.);
#6749=ORIENTED_EDGE('',*,*,#4781,.T.);
#6750=ORIENTED_EDGE('',*,*,#4782,.T.);
#6751=ORIENTED_EDGE('',*,*,#4783,.T.);
#6752=ORIENTED_EDGE('',*,*,#4641,.T.);
#6753=ORIENTED_EDGE('',*,*,#4765,.T.);
#6754=ORIENTED_EDGE('',*,*,#4784,.T.);
#6755=ORIENTED_EDGE('',*,*,#4783,.F.);
#6756=ORIENTED_EDGE('',*,*,#4785,.T.);
#6757=ORIENTED_EDGE('',*,*,#4639,.F.);
#6758=ORIENTED_EDGE('',*,*,#4615,.F.);
#6759=ORIENTED_EDGE('',*,*,#4786,.F.);
#6760=ORIENTED_EDGE('',*,*,#4623,.F.);
#6761=ORIENTED_EDGE('',*,*,#4619,.F.);
#6762=ORIENTED_EDGE('',*,*,#4787,.T.);
#6763=ORIENTED_EDGE('',*,*,#4785,.F.);
#6764=ORIENTED_EDGE('',*,*,#4788,.T.);
#6765=ORIENTED_EDGE('',*,*,#4789,.F.);
#6766=ORIENTED_EDGE('',*,*,#4557,.T.);
#6767=ORIENTED_EDGE('',*,*,#4784,.F.);
#6768=ORIENTED_EDGE('',*,*,#4768,.F.);
#6769=ORIENTED_EDGE('',*,*,#4790,.T.);
#6770=ORIENTED_EDGE('',*,*,#4788,.F.);
#6771=ORIENTED_EDGE('',*,*,#4791,.T.);
#6772=ORIENTED_EDGE('',*,*,#4792,.T.);
#6773=ORIENTED_EDGE('',*,*,#4793,.T.);
#6774=ORIENTED_EDGE('',*,*,#4794,.T.);
#6775=ORIENTED_EDGE('',*,*,#4563,.T.);
#6776=ORIENTED_EDGE('',*,*,#4795,.T.);
#6777=ORIENTED_EDGE('',*,*,#4796,.T.);
#6778=ORIENTED_EDGE('',*,*,#4792,.F.);
#6779=ORIENTED_EDGE('',*,*,#4562,.T.);
#6780=ORIENTED_EDGE('',*,*,#4797,.T.);
#6781=ORIENTED_EDGE('',*,*,#4798,.T.);
#6782=ORIENTED_EDGE('',*,*,#4795,.F.);
#6783=ORIENTED_EDGE('',*,*,#4561,.T.);
#6784=ORIENTED_EDGE('',*,*,#4799,.T.);
#6785=ORIENTED_EDGE('',*,*,#4800,.T.);
#6786=ORIENTED_EDGE('',*,*,#4797,.F.);
#6787=ORIENTED_EDGE('',*,*,#4560,.T.);
#6788=ORIENTED_EDGE('',*,*,#4801,.T.);
#6789=ORIENTED_EDGE('',*,*,#4802,.T.);
#6790=ORIENTED_EDGE('',*,*,#4799,.F.);
#6791=ORIENTED_EDGE('',*,*,#4559,.T.);
#6792=ORIENTED_EDGE('',*,*,#4789,.T.);
#6793=ORIENTED_EDGE('',*,*,#4803,.T.);
#6794=ORIENTED_EDGE('',*,*,#4801,.F.);
#6795=ORIENTED_EDGE('',*,*,#4558,.T.);
#6796=ORIENTED_EDGE('',*,*,#4782,.F.);
#6797=ORIENTED_EDGE('',*,*,#4804,.T.);
#6798=ORIENTED_EDGE('',*,*,#4805,.T.);
#6799=ORIENTED_EDGE('',*,*,#4806,.T.);
#6800=ORIENTED_EDGE('',*,*,#4781,.F.);
#6801=ORIENTED_EDGE('',*,*,#4462,.T.);
#6802=ORIENTED_EDGE('',*,*,#4807,.T.);
#6803=ORIENTED_EDGE('',*,*,#4808,.T.);
#6804=ORIENTED_EDGE('',*,*,#4805,.F.);
#6805=ORIENTED_EDGE('',*,*,#4809,.T.);
#6806=ORIENTED_EDGE('',*,*,#4794,.F.);
#6807=ORIENTED_EDGE('',*,*,#4499,.F.);
#6808=ORIENTED_EDGE('',*,*,#4810,.T.);
#6809=ORIENTED_EDGE('',*,*,#4807,.F.);
#6810=ORIENTED_EDGE('',*,*,#4809,.F.);
#6811=ORIENTED_EDGE('',*,*,#4811,.T.);
#6812=ORIENTED_EDGE('',*,*,#4812,.F.);
#6813=ORIENTED_EDGE('',*,*,#4564,.T.);
#6814=ORIENTED_EDGE('',*,*,#4804,.F.);
#6815=ORIENTED_EDGE('',*,*,#4808,.F.);
#6816=ORIENTED_EDGE('',*,*,#4813,.F.);
#6817=ORIENTED_EDGE('',*,*,#4811,.F.);
#6818=ORIENTED_EDGE('',*,*,#4810,.F.);
#6819=ORIENTED_EDGE('',*,*,#4503,.T.);
#6820=ORIENTED_EDGE('',*,*,#4814,.T.);
#6821=ORIENTED_EDGE('',*,*,#4813,.T.);
#6822=ORIENTED_EDGE('',*,*,#4485,.F.);
#6823=ORIENTED_EDGE('',*,*,#4815,.F.);
#6824=ORIENTED_EDGE('',*,*,#4816,.F.);
#6825=ORIENTED_EDGE('',*,*,#4492,.F.);
#6826=ORIENTED_EDGE('',*,*,#4817,.T.);
#6827=ORIENTED_EDGE('',*,*,#4818,.T.);
#6828=ORIENTED_EDGE('',*,*,#4819,.T.);
#6829=ORIENTED_EDGE('',*,*,#4820,.T.);
#6830=ORIENTED_EDGE('',*,*,#4821,.T.);
#6831=ORIENTED_EDGE('',*,*,#4822,.T.);
#6832=ORIENTED_EDGE('',*,*,#4823,.T.);
#6833=ORIENTED_EDGE('',*,*,#4820,.F.);
#6834=ORIENTED_EDGE('',*,*,#4822,.F.);
#6835=ORIENTED_EDGE('',*,*,#4824,.T.);
#6836=ORIENTED_EDGE('',*,*,#4825,.T.);
#6837=ORIENTED_EDGE('',*,*,#4824,.F.);
#6838=ORIENTED_EDGE('',*,*,#4826,.T.);
#6839=ORIENTED_EDGE('',*,*,#4827,.T.);
#6840=ORIENTED_EDGE('',*,*,#4567,.T.);
#6841=ORIENTED_EDGE('',*,*,#4821,.F.);
#6842=ORIENTED_EDGE('',*,*,#4819,.F.);
#6843=ORIENTED_EDGE('',*,*,#4828,.T.);
#6844=ORIENTED_EDGE('',*,*,#4829,.F.);
#6845=ORIENTED_EDGE('',*,*,#4830,.F.);
#6846=ORIENTED_EDGE('',*,*,#4826,.F.);
#6847=ORIENTED_EDGE('',*,*,#4823,.F.);
#6848=ORIENTED_EDGE('',*,*,#4831,.F.);
#6849=ORIENTED_EDGE('',*,*,#4832,.F.);
#6850=ORIENTED_EDGE('',*,*,#4833,.T.);
#6851=ORIENTED_EDGE('',*,*,#4490,.F.);
#6852=ORIENTED_EDGE('',*,*,#4834,.T.);
#6853=ORIENTED_EDGE('',*,*,#4835,.T.);
#6854=ORIENTED_EDGE('',*,*,#4815,.T.);
#6855=ORIENTED_EDGE('',*,*,#4836,.T.);
#6856=ORIENTED_EDGE('',*,*,#4837,.T.);
#6857=ORIENTED_EDGE('',*,*,#4838,.T.);
#6858=ORIENTED_EDGE('',*,*,#4839,.T.);
#6859=ORIENTED_EDGE('',*,*,#4836,.F.);
#6860=ORIENTED_EDGE('',*,*,#4840,.T.);
#6861=ORIENTED_EDGE('',*,*,#4835,.F.);
#6862=ORIENTED_EDGE('',*,*,#4841,.T.);
#6863=ORIENTED_EDGE('',*,*,#4838,.F.);
#6864=ORIENTED_EDGE('',*,*,#4842,.T.);
#6865=ORIENTED_EDGE('',*,*,#4843,.T.);
#6866=ORIENTED_EDGE('',*,*,#4841,.F.);
#6867=ORIENTED_EDGE('',*,*,#4844,.T.);
#6868=ORIENTED_EDGE('',*,*,#4845,.T.);
#6869=ORIENTED_EDGE('',*,*,#4828,.F.);
#6870=ORIENTED_EDGE('',*,*,#4818,.F.);
#6871=ORIENTED_EDGE('',*,*,#4489,.F.);
#6872=ORIENTED_EDGE('',*,*,#4846,.T.);
#6873=ORIENTED_EDGE('',*,*,#4847,.F.);
#6874=ORIENTED_EDGE('',*,*,#4848,.F.);
#6875=ORIENTED_EDGE('',*,*,#4837,.F.);
#6876=ORIENTED_EDGE('',*,*,#4834,.F.);
#6877=ORIENTED_EDGE('',*,*,#4495,.F.);
#6878=ORIENTED_EDGE('',*,*,#4816,.T.);
#6879=ORIENTED_EDGE('',*,*,#4840,.F.);
#6880=ORIENTED_EDGE('',*,*,#4849,.T.);
#6881=ORIENTED_EDGE('',*,*,#4832,.T.);
#6882=ORIENTED_EDGE('',*,*,#4850,.T.);
#6883=ORIENTED_EDGE('',*,*,#4501,.T.);
#6884=ORIENTED_EDGE('',*,*,#4851,.T.);
#6885=ORIENTED_EDGE('',*,*,#4496,.F.);
#6886=ORIENTED_EDGE('',*,*,#4852,.T.);
#6887=ORIENTED_EDGE('',*,*,#4851,.F.);
#6888=ORIENTED_EDGE('',*,*,#4500,.T.);
#6889=ORIENTED_EDGE('',*,*,#4825,.F.);
#6890=ORIENTED_EDGE('',*,*,#4566,.T.);
#6891=ORIENTED_EDGE('',*,*,#4853,.T.);
#6892=ORIENTED_EDGE('',*,*,#4831,.T.);
#6893=ORIENTED_EDGE('',*,*,#4853,.F.);
#6894=ORIENTED_EDGE('',*,*,#4854,.T.);
#6895=ORIENTED_EDGE('',*,*,#4850,.F.);
#6896=ORIENTED_EDGE('',*,*,#4854,.F.);
#6897=ORIENTED_EDGE('',*,*,#4565,.T.);
#6898=ORIENTED_EDGE('',*,*,#4855,.T.);
#6899=ORIENTED_EDGE('',*,*,#4502,.T.);
#6900=ORIENTED_EDGE('',*,*,#4855,.F.);
#6901=ORIENTED_EDGE('',*,*,#4812,.T.);
#6902=ORIENTED_EDGE('',*,*,#4814,.F.);
#6903=ORIENTED_EDGE('',*,*,#4780,.F.);
#6904=ORIENTED_EDGE('',*,*,#4806,.F.);
#6905=ORIENTED_EDGE('',*,*,#4793,.F.);
#6906=ORIENTED_EDGE('',*,*,#4856,.F.);
#6907=ORIENTED_EDGE('',*,*,#4857,.T.);
#6908=ORIENTED_EDGE('',*,*,#4858,.T.);
#6909=ORIENTED_EDGE('',*,*,#4568,.T.);
#6910=ORIENTED_EDGE('',*,*,#4827,.F.);
#6911=ORIENTED_EDGE('',*,*,#4859,.T.);
#6912=ORIENTED_EDGE('',*,*,#4860,.T.);
#6913=ORIENTED_EDGE('',*,*,#4569,.T.);
#6914=ORIENTED_EDGE('',*,*,#4858,.F.);
#6915=ORIENTED_EDGE('',*,*,#4861,.T.);
#6916=ORIENTED_EDGE('',*,*,#4764,.T.);
#6917=ORIENTED_EDGE('',*,*,#4570,.T.);
#6918=ORIENTED_EDGE('',*,*,#4860,.F.);
#6919=ORIENTED_EDGE('',*,*,#4862,.T.);
#6920=ORIENTED_EDGE('',*,*,#4731,.T.);
#6921=ORIENTED_EDGE('',*,*,#4703,.F.);
#6922=ORIENTED_EDGE('',*,*,#4748,.T.);
#6923=ORIENTED_EDGE('',*,*,#4863,.T.);
#6924=ORIENTED_EDGE('',*,*,#4755,.F.);
#6925=ORIENTED_EDGE('',*,*,#4749,.F.);
#6926=ORIENTED_EDGE('',*,*,#4744,.T.);
#6927=ORIENTED_EDGE('',*,*,#4733,.T.);
#6928=ORIENTED_EDGE('',*,*,#4842,.F.);
#6929=ORIENTED_EDGE('',*,*,#4848,.T.);
#6930=ORIENTED_EDGE('',*,*,#4864,.F.);
#6931=ORIENTED_EDGE('',*,*,#4865,.T.);
#6932=ORIENTED_EDGE('',*,*,#4817,.F.);
#6933=ORIENTED_EDGE('',*,*,#4833,.F.);
#6934=ORIENTED_EDGE('',*,*,#4852,.F.);
#6935=ORIENTED_EDGE('',*,*,#4849,.F.);
#6936=ORIENTED_EDGE('',*,*,#4839,.F.);
#6937=ORIENTED_EDGE('',*,*,#4843,.F.);
#6938=ORIENTED_EDGE('',*,*,#4866,.T.);
#6939=ORIENTED_EDGE('',*,*,#4844,.F.);
#6940=ORIENTED_EDGE('',*,*,#4865,.F.);
#6941=ORIENTED_EDGE('',*,*,#4867,.T.);
#6942=ORIENTED_EDGE('',*,*,#4868,.F.);
#6943=ORIENTED_EDGE('',*,*,#4847,.T.);
#6944=ORIENTED_EDGE('',*,*,#4869,.T.);
#6945=ORIENTED_EDGE('',*,*,#4870,.T.);
#6946=ORIENTED_EDGE('',*,*,#4871,.T.);
#6947=ORIENTED_EDGE('',*,*,#4864,.T.);
#6948=ORIENTED_EDGE('',*,*,#4869,.F.);
#6949=ORIENTED_EDGE('',*,*,#4846,.F.);
#6950=ORIENTED_EDGE('',*,*,#4488,.F.);
#6951=ORIENTED_EDGE('',*,*,#4458,.F.);
#6952=ORIENTED_EDGE('',*,*,#4410,.F.);
#6953=ORIENTED_EDGE('',*,*,#4422,.T.);
#6954=ORIENTED_EDGE('',*,*,#4872,.T.);
#6955=ORIENTED_EDGE('',*,*,#4873,.T.);
#6956=ORIENTED_EDGE('',*,*,#4870,.F.);
#6957=ORIENTED_EDGE('',*,*,#4421,.T.);
#6958=ORIENTED_EDGE('',*,*,#4743,.T.);
#6959=ORIENTED_EDGE('',*,*,#4874,.T.);
#6960=ORIENTED_EDGE('',*,*,#4872,.F.);
#6961=ORIENTED_EDGE('',*,*,#4420,.T.);
#6962=ORIENTED_EDGE('',*,*,#4875,.F.);
#6963=ORIENTED_EDGE('',*,*,#4876,.F.);
#6964=ORIENTED_EDGE('',*,*,#4877,.F.);
#6965=ORIENTED_EDGE('',*,*,#4878,.T.);
#6966=ORIENTED_EDGE('',*,*,#4876,.T.);
#6967=ORIENTED_EDGE('',*,*,#4829,.T.);
#6968=ORIENTED_EDGE('',*,*,#4845,.F.);
#6969=ORIENTED_EDGE('',*,*,#4868,.T.);
#6970=ORIENTED_EDGE('',*,*,#4879,.F.);
#6971=ORIENTED_EDGE('',*,*,#4880,.F.);
#6972=ORIENTED_EDGE('',*,*,#4881,.F.);
#6973=ORIENTED_EDGE('',*,*,#4882,.F.);
#6974=ORIENTED_EDGE('',*,*,#4759,.T.);
#6975=ORIENTED_EDGE('',*,*,#4880,.T.);
#6976=ORIENTED_EDGE('',*,*,#4883,.T.);
#6977=ORIENTED_EDGE('',*,*,#4884,.T.);
#6978=ORIENTED_EDGE('',*,*,#4762,.T.);
#6979=ORIENTED_EDGE('',*,*,#4862,.F.);
#6980=ORIENTED_EDGE('',*,*,#4885,.T.);
#6981=ORIENTED_EDGE('',*,*,#4881,.T.);
#6982=ORIENTED_EDGE('',*,*,#4758,.T.);
#6983=ORIENTED_EDGE('',*,*,#4877,.T.);
#6984=ORIENTED_EDGE('',*,*,#4886,.T.);
#6985=ORIENTED_EDGE('',*,*,#4879,.T.);
#6986=ORIENTED_EDGE('',*,*,#4887,.T.);
#6987=ORIENTED_EDGE('',*,*,#4859,.F.);
#6988=ORIENTED_EDGE('',*,*,#4830,.T.);
#6989=ORIENTED_EDGE('',*,*,#4875,.T.);
#6990=ORIENTED_EDGE('',*,*,#4888,.T.);
#6991=ORIENTED_EDGE('',*,*,#4874,.F.);
#6992=ORIENTED_EDGE('',*,*,#4889,.T.);
#6993=ORIENTED_EDGE('',*,*,#4884,.F.);
#6994=ORIENTED_EDGE('',*,*,#4890,.T.);
#6995=ORIENTED_EDGE('',*,*,#4740,.F.);
#6996=ORIENTED_EDGE('',*,*,#4763,.F.);
#6997=ORIENTED_EDGE('',*,*,#4889,.F.);
#6998=ORIENTED_EDGE('',*,*,#4742,.F.);
#6999=ORIENTED_EDGE('',*,*,#4736,.F.);
#7000=ORIENTED_EDGE('',*,*,#4873,.F.);
#7001=ORIENTED_EDGE('',*,*,#4890,.F.);
#7002=ORIENTED_EDGE('',*,*,#4883,.F.);
#7003=ORIENTED_EDGE('',*,*,#4886,.F.);
#7004=ORIENTED_EDGE('',*,*,#4878,.F.);
#7005=ORIENTED_EDGE('',*,*,#4867,.F.);
#7006=ORIENTED_EDGE('',*,*,#4871,.F.);
#7007=ORIENTED_EDGE('',*,*,#4891,.F.);
#7008=ORIENTED_EDGE('',*,*,#4892,.T.);
#7009=ORIENTED_EDGE('',*,*,#4791,.F.);
#7010=ORIENTED_EDGE('',*,*,#4893,.T.);
#7011=ORIENTED_EDGE('',*,*,#4891,.T.);
#7012=ORIENTED_EDGE('',*,*,#4893,.F.);
#7013=ORIENTED_EDGE('',*,*,#4892,.F.);
#7014=ORIENTED_EDGE('',*,*,#4894,.T.);
#7015=ORIENTED_EDGE('',*,*,#4895,.T.);
#7016=ORIENTED_EDGE('',*,*,#4894,.F.);
#7017=ORIENTED_EDGE('',*,*,#4895,.F.);
#7018=ORIENTED_EDGE('',*,*,#4896,.F.);
#7019=ORIENTED_EDGE('',*,*,#4897,.T.);
#7020=ORIENTED_EDGE('',*,*,#4787,.F.);
#7021=ORIENTED_EDGE('',*,*,#4898,.T.);
#7022=ORIENTED_EDGE('',*,*,#4896,.T.);
#7023=ORIENTED_EDGE('',*,*,#4898,.F.);
#7024=ORIENTED_EDGE('',*,*,#4897,.F.);
#7025=ORIENTED_EDGE('',*,*,#4899,.T.);
#7026=ORIENTED_EDGE('',*,*,#4900,.T.);
#7027=ORIENTED_EDGE('',*,*,#4899,.F.);
#7028=ORIENTED_EDGE('',*,*,#4900,.F.);
#7029=ORIENTED_EDGE('',*,*,#4683,.F.);
#7030=ORIENTED_EDGE('',*,*,#4652,.T.);
#7031=ORIENTED_EDGE('',*,*,#4684,.F.);
#7032=ORIENTED_EDGE('',*,*,#4901,.T.);
#7033=ORIENTED_EDGE('',*,*,#4455,.F.);
#7034=ORIENTED_EDGE('',*,*,#4901,.F.);
#7035=ORIENTED_EDGE('',*,*,#4760,.F.);
#7036=ORIENTED_EDGE('',*,*,#4882,.T.);
#7037=ORIENTED_EDGE('',*,*,#4761,.F.);
#7038=ORIENTED_EDGE('',*,*,#4902,.T.);
#7039=ORIENTED_EDGE('',*,*,#4857,.F.);
#7040=ORIENTED_EDGE('',*,*,#4902,.F.);
#7041=ORIENTED_EDGE('',*,*,#4903,.F.);
#7042=ORIENTED_EDGE('',*,*,#4904,.T.);
#7043=ORIENTED_EDGE('',*,*,#4527,.F.);
#7044=ORIENTED_EDGE('',*,*,#4905,.T.);
#7045=ORIENTED_EDGE('',*,*,#4903,.T.);
#7046=ORIENTED_EDGE('',*,*,#4905,.F.);
#7047=ORIENTED_EDGE('',*,*,#4904,.F.);
#7048=ORIENTED_EDGE('',*,*,#4906,.T.);
#7049=ORIENTED_EDGE('',*,*,#4483,.F.);
#7050=ORIENTED_EDGE('',*,*,#4906,.F.);
#7051=ORIENTED_EDGE('',*,*,#4907,.F.);
#7052=ORIENTED_EDGE('',*,*,#4908,.T.);
#7053=ORIENTED_EDGE('',*,*,#4728,.F.);
#7054=ORIENTED_EDGE('',*,*,#4909,.T.);
#7055=ORIENTED_EDGE('',*,*,#4907,.T.);
#7056=ORIENTED_EDGE('',*,*,#4909,.F.);
#7057=ORIENTED_EDGE('',*,*,#4908,.F.);
#7058=ORIENTED_EDGE('',*,*,#4910,.T.);
#7059=ORIENTED_EDGE('',*,*,#4482,.F.);
#7060=ORIENTED_EDGE('',*,*,#4910,.F.);
#7061=ORIENTED_EDGE('',*,*,#4911,.F.);
#7062=ORIENTED_EDGE('',*,*,#4912,.T.);
#7063=ORIENTED_EDGE('',*,*,#4866,.F.);
#7064=ORIENTED_EDGE('',*,*,#4913,.T.);
#7065=ORIENTED_EDGE('',*,*,#4911,.T.);
#7066=ORIENTED_EDGE('',*,*,#4913,.F.);
#7067=ORIENTED_EDGE('',*,*,#4912,.F.);
#7068=ORIENTED_EDGE('',*,*,#4914,.T.);
#7069=ORIENTED_EDGE('',*,*,#4481,.F.);
#7070=ORIENTED_EDGE('',*,*,#4914,.F.);
#7071=ORIENTED_EDGE('',*,*,#4915,.F.);
#7072=ORIENTED_EDGE('',*,*,#4916,.T.);
#7073=ORIENTED_EDGE('',*,*,#4671,.F.);
#7074=ORIENTED_EDGE('',*,*,#4917,.T.);
#7075=ORIENTED_EDGE('',*,*,#4915,.T.);
#7076=ORIENTED_EDGE('',*,*,#4917,.F.);
#7077=ORIENTED_EDGE('',*,*,#4916,.F.);
#7078=ORIENTED_EDGE('',*,*,#4918,.T.);
#7079=ORIENTED_EDGE('',*,*,#4480,.F.);
#7080=ORIENTED_EDGE('',*,*,#4918,.F.);
#7081=ORIENTED_EDGE('',*,*,#4433,.F.);
#7082=ORIENTED_EDGE('',*,*,#4543,.F.);
#7083=ORIENTED_EDGE('',*,*,#4547,.F.);
#7084=ORIENTED_EDGE('',*,*,#4511,.F.);
#7085=ORIENTED_EDGE('',*,*,#4507,.F.);
#7086=ORIENTED_EDGE('',*,*,#4504,.F.);
#7087=ORIENTED_EDGE('',*,*,#4691,.F.);
#7088=ORIENTED_EDGE('',*,*,#4753,.F.);
#7089=ORIENTED_EDGE('',*,*,#4863,.F.);
#7090=ORIENTED_EDGE('',*,*,#4747,.F.);
#7091=ORIENTED_EDGE('',*,*,#4861,.F.);
#7092=ORIENTED_EDGE('',*,*,#4888,.F.);
#7093=ORIENTED_EDGE('',*,*,#4887,.F.);
#7094=ORIENTED_EDGE('',*,*,#4885,.F.);
#7095=ORIENTED_EDGE('',*,*,#4776,.F.);
#7096=ORIENTED_EDGE('',*,*,#4919,.T.);
#7097=ORIENTED_EDGE('',*,*,#4798,.F.);
#7098=ORIENTED_EDGE('',*,*,#4920,.F.);
#7099=ORIENTED_EDGE('',*,*,#4774,.F.);
#7100=ORIENTED_EDGE('',*,*,#4920,.T.);
#7101=ORIENTED_EDGE('',*,*,#4800,.F.);
#7102=ORIENTED_EDGE('',*,*,#4921,.F.);
#7103=ORIENTED_EDGE('',*,*,#4772,.F.);
#7104=ORIENTED_EDGE('',*,*,#4921,.T.);
#7105=ORIENTED_EDGE('',*,*,#4802,.F.);
#7106=ORIENTED_EDGE('',*,*,#4922,.F.);
#7107=ORIENTED_EDGE('',*,*,#4770,.F.);
#7108=ORIENTED_EDGE('',*,*,#4922,.T.);
#7109=ORIENTED_EDGE('',*,*,#4803,.F.);
#7110=ORIENTED_EDGE('',*,*,#4790,.F.);
#7111=ORIENTED_EDGE('',*,*,#4613,.F.);
#7112=ORIENTED_EDGE('',*,*,#4635,.F.);
#7113=ORIENTED_EDGE('',*,*,#4625,.F.);
#7114=ORIENTED_EDGE('',*,*,#4786,.T.);
#7115=ORIENTED_EDGE('',*,*,#4778,.F.);
#7116=ORIENTED_EDGE('',*,*,#4856,.T.);
#7117=ORIENTED_EDGE('',*,*,#4796,.F.);
#7118=ORIENTED_EDGE('',*,*,#4919,.F.);
#7119=CONICAL_SURFACE('',#7648,2.25,0.0996686524911599);
#7120=CONICAL_SURFACE('',#7652,2.25,0.0996686524911599);
#7121=CONICAL_SURFACE('',#7656,2.25,0.0996686524911619);
#7122=CONICAL_SURFACE('',#7660,2.25,0.0996686524911621);
#7123=CONICAL_SURFACE('',#7665,2.25,0.0996686524911619);
#7124=CONICAL_SURFACE('',#7670,2.24999999999999,0.0996686524911655);
#7125=CONICAL_SURFACE('',#7674,2.25,0.0996686524911614);
#7126=CONICAL_SURFACE('',#7678,2.25,0.0996686524911614);
#7127=ADVANCED_FACE('',(#643),#7119,.F.);
#7128=ADVANCED_FACE('',(#644),#7120,.F.);
#7129=ADVANCED_FACE('',(#645),#7121,.F.);
#7130=ADVANCED_FACE('',(#646),#7122,.F.);
#7131=ADVANCED_FACE('',(#647,#497),#533,.F.);
#7132=ADVANCED_FACE('',(#648),#7123,.F.);
#7133=ADVANCED_FACE('',(#649,#498),#534,.F.);
#7134=ADVANCED_FACE('',(#650),#7124,.F.);
#7135=ADVANCED_FACE('',(#651),#7125,.F.);
#7136=ADVANCED_FACE('',(#652),#7126,.F.);
#7137=ADVANCED_FACE('',(#653),#243,.F.);
#7138=ADVANCED_FACE('',(#654),#244,.F.);
#7139=ADVANCED_FACE('',(#655),#245,.T.);
#7140=ADVANCED_FACE('',(#656),#246,.T.);
#7141=ADVANCED_FACE('',(#657),#247,.T.);
#7142=ADVANCED_FACE('',(#658),#121,.T.);
#7143=ADVANCED_FACE('',(#659),#535,.T.);
#7144=ADVANCED_FACE('',(#660),#248,.T.);
#7145=ADVANCED_FACE('',(#661),#536,.T.);
#7146=ADVANCED_FACE('',(#662),#537,.T.);
#7147=ADVANCED_FACE('',(#663),#107,.F.);
#7148=ADVANCED_FACE('',(#664),#249,.T.);
#7149=ADVANCED_FACE('',(#665),#250,.T.);
#7150=ADVANCED_FACE('',(#666),#251,.T.);
#7151=ADVANCED_FACE('',(#667),#538,.T.);
#7152=ADVANCED_FACE('',(#668),#252,.T.);
#7153=ADVANCED_FACE('',(#669),#539,.T.);
#7154=ADVANCED_FACE('',(#670),#540,.T.);
#7155=ADVANCED_FACE('',(#671),#253,.T.);
#7156=ADVANCED_FACE('',(#672),#254,.T.);
#7157=ADVANCED_FACE('',(#673),#122,.T.);
#7158=ADVANCED_FACE('',(#674),#255,.T.);
#7159=ADVANCED_FACE('',(#675),#123,.T.);
#7160=ADVANCED_FACE('',(#676),#256,.T.);
#7161=ADVANCED_FACE('',(#677),#124,.T.);
#7162=ADVANCED_FACE('',(#678),#125,.T.);
#7163=ADVANCED_FACE('',(#679),#257,.T.);
#7164=ADVANCED_FACE('',(#680,#499),#541,.T.);
#7165=ADVANCED_FACE('',(#681),#258,.T.);
#7166=ADVANCED_FACE('',(#682,#500,#501,#502,#503),#542,.F.);
#7167=ADVANCED_FACE('',(#683),#543,.T.);
#7168=ADVANCED_FACE('',(#684),#259,.T.);
#7169=ADVANCED_FACE('',(#685),#260,.T.);
#7170=ADVANCED_FACE('',(#686),#126,.T.);
#7171=ADVANCED_FACE('',(#687),#261,.T.);
#7172=ADVANCED_FACE('',(#688),#127,.T.);
#7173=ADVANCED_FACE('',(#689),#128,.T.);
#7174=ADVANCED_FACE('',(#690),#262,.T.);
#7175=ADVANCED_FACE('',(#691,#504),#544,.T.);
#7176=ADVANCED_FACE('',(#692),#263,.T.);
#7177=ADVANCED_FACE('',(#693),#264,.T.);
#7178=ADVANCED_FACE('',(#694),#265,.T.);
#7179=ADVANCED_FACE('',(#695),#129,.T.);
#7180=ADVANCED_FACE('',(#696),#130,.T.);
#7181=ADVANCED_FACE('',(#697),#266,.T.);
#7182=ADVANCED_FACE('',(#698),#545,.T.);
#7183=ADVANCED_FACE('',(#699),#267,.T.);
#7184=ADVANCED_FACE('',(#700,#505),#546,.T.);
#7185=ADVANCED_FACE('',(#701),#268,.T.);
#7186=ADVANCED_FACE('',(#702),#131,.T.);
#7187=ADVANCED_FACE('',(#703,#506),#547,.T.);
#7188=ADVANCED_FACE('',(#704),#269,.T.);
#7189=ADVANCED_FACE('',(#705),#132,.T.);
#7190=ADVANCED_FACE('',(#706),#270,.T.);
#7191=ADVANCED_FACE('',(#707),#271,.T.);
#7192=ADVANCED_FACE('',(#708),#548,.T.);
#7193=ADVANCED_FACE('',(#709),#272,.T.);
#7194=ADVANCED_FACE('',(#710),#549,.T.);
#7195=ADVANCED_FACE('',(#711),#273,.T.);
#7196=ADVANCED_FACE('',(#712),#274,.T.);
#7197=ADVANCED_FACE('',(#713),#550,.T.);
#7198=ADVANCED_FACE('',(#714),#275,.T.);
#7199=ADVANCED_FACE('',(#715),#276,.T.);
#7200=ADVANCED_FACE('',(#716),#133,.T.);
#7201=ADVANCED_FACE('',(#717),#277,.T.);
#7202=ADVANCED_FACE('',(#718),#551,.T.);
#7203=ADVANCED_FACE('',(#719),#134,.T.);
#7204=ADVANCED_FACE('',(#720),#278,.T.);
#7205=ADVANCED_FACE('',(#721),#135,.T.);
#7206=ADVANCED_FACE('',(#722),#279,.T.);
#7207=ADVANCED_FACE('',(#723),#552,.T.);
#7208=ADVANCED_FACE('',(#724),#37,.T.);
#7209=ADVANCED_FACE('',(#725),#280,.T.);
#7210=ADVANCED_FACE('',(#726),#38,.T.);
#7211=ADVANCED_FACE('',(#727),#281,.T.);
#7212=ADVANCED_FACE('',(#728),#27,.F.);
#7213=ADVANCED_FACE('',(#729),#282,.T.);
#7214=ADVANCED_FACE('',(#730),#283,.T.);
#7215=ADVANCED_FACE('',(#731),#136,.T.);
#7216=ADVANCED_FACE('',(#732),#284,.T.);
#7217=ADVANCED_FACE('',(#733),#28,.F.);
#7218=ADVANCED_FACE('',(#734),#285,.T.);
#7219=ADVANCED_FACE('',(#735),#39,.T.);
#7220=ADVANCED_FACE('',(#736),#286,.T.);
#7221=ADVANCED_FACE('',(#737),#40,.T.);
#7222=ADVANCED_FACE('',(#738),#137,.T.);
#7223=ADVANCED_FACE('',(#739),#553,.T.);
#7224=ADVANCED_FACE('',(#740),#287,.F.);
#7225=ADVANCED_FACE('',(#741),#554,.T.);
#7226=ADVANCED_FACE('',(#742),#288,.F.);
#7227=ADVANCED_FACE('',(#743),#289,.T.);
#7228=ADVANCED_FACE('',(#744),#555,.T.);
#7229=ADVANCED_FACE('',(#745),#290,.T.);
#7230=ADVANCED_FACE('',(#746),#138,.F.);
#7231=ADVANCED_FACE('',(#747),#291,.F.);
#7232=ADVANCED_FACE('',(#748),#292,.F.);
#7233=ADVANCED_FACE('',(#749),#108,.T.);
#7234=ADVANCED_FACE('',(#750),#293,.F.);
#7235=ADVANCED_FACE('',(#751),#294,.T.);
#7236=ADVANCED_FACE('',(#752),#556,.T.);
#7237=ADVANCED_FACE('',(#753),#295,.T.);
#7238=ADVANCED_FACE('',(#754),#296,.T.);
#7239=ADVANCED_FACE('',(#755),#109,.F.);
#7240=ADVANCED_FACE('',(#756),#110,.F.);
#7241=ADVANCED_FACE('',(#757),#297,.T.);
#7242=ADVANCED_FACE('',(#758),#298,.T.);
#7243=ADVANCED_FACE('',(#759),#299,.T.);
#7244=ADVANCED_FACE('',(#760,#507),#557,.T.);
#7245=ADVANCED_FACE('',(#761),#300,.T.);
#7246=ADVANCED_FACE('',(#762),#558,.T.);
#7247=ADVANCED_FACE('',(#763),#301,.T.);
#7248=ADVANCED_FACE('',(#764),#139,.T.);
#7249=ADVANCED_FACE('',(#765),#559,.T.);
#7250=ADVANCED_FACE('',(#766),#302,.T.);
#7251=ADVANCED_FACE('',(#767),#303,.T.);
#7252=ADVANCED_FACE('',(#768),#41,.T.);
#7253=ADVANCED_FACE('',(#769),#304,.F.);
#7254=ADVANCED_FACE('',(#770),#305,.F.);
#7255=ADVANCED_FACE('',(#771),#140,.F.);
#7256=ADVANCED_FACE('',(#772),#560,.T.);
#7257=ADVANCED_FACE('',(#773),#561,.T.);
#7258=ADVANCED_FACE('',(#774),#562,.T.);
#7259=ADVANCED_FACE('',(#775),#306,.T.);
#7260=ADVANCED_FACE('',(#776),#141,.T.);
#7261=ADVANCED_FACE('',(#777),#307,.T.);
#7262=ADVANCED_FACE('',(#778),#308,.T.);
#7263=ADVANCED_FACE('',(#779),#309,.T.);
#7264=ADVANCED_FACE('',(#780),#310,.T.);
#7265=ADVANCED_FACE('',(#781),#311,.T.);
#7266=ADVANCED_FACE('',(#782),#142,.T.);
#7267=ADVANCED_FACE('',(#783),#312,.T.);
#7268=ADVANCED_FACE('',(#784),#143,.T.);
#7269=ADVANCED_FACE('',(#785),#313,.T.);
#7270=ADVANCED_FACE('',(#786,#508),#563,.T.);
#7271=ADVANCED_FACE('',(#787),#314,.T.);
#7272=ADVANCED_FACE('',(#788),#564,.T.);
#7273=ADVANCED_FACE('',(#789),#111,.F.);
#7274=ADVANCED_FACE('',(#790),#315,.T.);
#7275=ADVANCED_FACE('',(#791),#29,.F.);
#7276=ADVANCED_FACE('',(#792),#112,.F.);
#7277=ADVANCED_FACE('',(#793),#316,.T.);
#7278=ADVANCED_FACE('',(#794),#42,.F.);
#7279=ADVANCED_FACE('',(#795),#317,.F.);
#7280=ADVANCED_FACE('',(#796),#318,.T.);
#7281=ADVANCED_FACE('',(#797),#319,.T.);
#7282=ADVANCED_FACE('',(#798),#320,.T.);
#7283=ADVANCED_FACE('',(#799),#144,.T.);
#7284=ADVANCED_FACE('',(#800),#565,.T.);
#7285=ADVANCED_FACE('',(#801),#321,.T.);
#7286=ADVANCED_FACE('',(#802),#145,.T.);
#7287=ADVANCED_FACE('',(#803),#322,.T.);
#7288=ADVANCED_FACE('',(#804),#30,.F.);
#7289=ADVANCED_FACE('',(#805),#323,.T.);
#7290=ADVANCED_FACE('',(#806),#43,.T.);
#7291=ADVANCED_FACE('',(#807),#324,.T.);
#7292=ADVANCED_FACE('',(#808),#44,.T.);
#7293=ADVANCED_FACE('',(#809),#325,.T.);
#7294=ADVANCED_FACE('',(#810),#146,.T.);
#7295=ADVANCED_FACE('',(#811),#326,.T.);
#7296=ADVANCED_FACE('',(#812),#147,.T.);
#7297=ADVANCED_FACE('',(#813,#509),#566,.T.);
#7298=ADVANCED_FACE('',(#814),#327,.T.);
#7299=ADVANCED_FACE('',(#815,#510),#567,.T.);
#7300=ADVANCED_FACE('',(#816),#328,.T.);
#7301=ADVANCED_FACE('',(#817),#45,.T.);
#7302=ADVANCED_FACE('',(#818),#329,.T.);
#7303=ADVANCED_FACE('',(#819),#46,.T.);
#7304=ADVANCED_FACE('',(#820),#330,.T.);
#7305=ADVANCED_FACE('',(#821),#31,.F.);
#7306=ADVANCED_FACE('',(#822),#331,.T.);
#7307=ADVANCED_FACE('',(#823),#332,.T.);
#7308=ADVANCED_FACE('',(#824),#148,.T.);
#7309=ADVANCED_FACE('',(#825),#149,.T.);
#7310=ADVANCED_FACE('',(#826),#333,.T.);
#7311=ADVANCED_FACE('',(#827),#568,.T.);
#7312=ADVANCED_FACE('',(#828),#334,.T.);
#7313=ADVANCED_FACE('',(#829),#569,.T.);
#7314=ADVANCED_FACE('',(#830),#335,.T.);
#7315=ADVANCED_FACE('',(#831),#336,.T.);
#7316=ADVANCED_FACE('',(#832),#113,.F.);
#7317=ADVANCED_FACE('',(#833),#337,.T.);
#7318=ADVANCED_FACE('',(#834,#511),#570,.T.);
#7319=ADVANCED_FACE('',(#835),#571,.T.);
#7320=ADVANCED_FACE('',(#836),#338,.T.);
#7321=ADVANCED_FACE('',(#837),#339,.T.);
#7322=ADVANCED_FACE('',(#838),#150,.T.);
#7323=ADVANCED_FACE('',(#839),#151,.T.);
#7324=ADVANCED_FACE('',(#840),#340,.T.);
#7325=ADVANCED_FACE('',(#841),#572,.T.);
#7326=ADVANCED_FACE('',(#842),#341,.T.);
#7327=ADVANCED_FACE('',(#843),#342,.T.);
#7328=ADVANCED_FACE('',(#844),#343,.T.);
#7329=ADVANCED_FACE('',(#845),#344,.T.);
#7330=ADVANCED_FACE('',(#846),#152,.T.);
#7331=ADVANCED_FACE('',(#847),#345,.T.);
#7332=ADVANCED_FACE('',(#848),#153,.T.);
#7333=ADVANCED_FACE('',(#849,#512),#573,.T.);
#7334=ADVANCED_FACE('',(#850),#47,.T.);
#7335=ADVANCED_FACE('',(#851),#346,.T.);
#7336=ADVANCED_FACE('',(#852),#48,.T.);
#7337=ADVANCED_FACE('',(#853),#574,.T.);
#7338=ADVANCED_FACE('',(#854),#49,.T.);
#7339=ADVANCED_FACE('',(#855,#513),#575,.T.);
#7340=ADVANCED_FACE('',(#856),#347,.F.);
#7341=ADVANCED_FACE('',(#857),#348,.T.);
#7342=ADVANCED_FACE('',(#858),#576,.T.);
#7343=ADVANCED_FACE('',(#859),#349,.T.);
#7344=ADVANCED_FACE('',(#860),#50,.T.);
#7345=ADVANCED_FACE('',(#861),#154,.F.);
#7346=ADVANCED_FACE('',(#862),#350,.F.);
#7347=ADVANCED_FACE('',(#863),#155,.F.);
#7348=ADVANCED_FACE('',(#864),#351,.F.);
#7349=ADVANCED_FACE('',(#865),#352,.F.);
#7350=ADVANCED_FACE('',(#866),#353,.F.);
#7351=ADVANCED_FACE('',(#867),#354,.F.);
#7352=ADVANCED_FACE('',(#868),#355,.F.);
#7353=ADVANCED_FACE('',(#869),#577,.T.);
#7354=ADVANCED_FACE('',(#870),#578,.T.);
#7355=ADVANCED_FACE('',(#871),#356,.F.);
#7356=ADVANCED_FACE('',(#872),#579,.F.);
#7357=ADVANCED_FACE('',(#873),#357,.F.);
#7358=ADVANCED_FACE('',(#874),#580,.F.);
#7359=ADVANCED_FACE('',(#875),#358,.F.);
#7360=ADVANCED_FACE('',(#876),#359,.F.);
#7361=ADVANCED_FACE('',(#877),#360,.F.);
#7362=ADVANCED_FACE('',(#878),#361,.F.);
#7363=ADVANCED_FACE('',(#879),#362,.F.);
#7364=ADVANCED_FACE('',(#880),#363,.F.);
#7365=ADVANCED_FACE('',(#881,#514),#581,.T.);
#7366=ADVANCED_FACE('',(#882),#582,.T.);
#7367=ADVANCED_FACE('',(#883),#583,.T.);
#7368=ADVANCED_FACE('',(#884),#584,.T.);
#7369=ADVANCED_FACE('',(#885),#364,.F.);
#7370=ADVANCED_FACE('',(#886),#585,.T.);
#7371=ADVANCED_FACE('',(#887),#365,.T.);
#7372=ADVANCED_FACE('',(#888),#366,.T.);
#7373=ADVANCED_FACE('',(#889),#367,.F.);
#7374=ADVANCED_FACE('',(#890),#368,.T.);
#7375=ADVANCED_FACE('',(#891),#369,.T.);
#7376=ADVANCED_FACE('',(#892),#370,.T.);
#7377=ADVANCED_FACE('',(#893),#156,.T.);
#7378=ADVANCED_FACE('',(#894),#586,.T.);
#7379=ADVANCED_FACE('',(#895),#371,.T.);
#7380=ADVANCED_FACE('',(#896),#587,.T.);
#7381=ADVANCED_FACE('',(#897),#588,.T.);
#7382=ADVANCED_FACE('',(#898),#114,.F.);
#7383=ADVANCED_FACE('',(#899),#372,.T.);
#7384=ADVANCED_FACE('',(#900),#373,.T.);
#7385=ADVANCED_FACE('',(#901),#374,.T.);
#7386=ADVANCED_FACE('',(#902),#589,.T.);
#7387=ADVANCED_FACE('',(#903),#375,.T.);
#7388=ADVANCED_FACE('',(#904),#590,.T.);
#7389=ADVANCED_FACE('',(#905),#591,.T.);
#7390=ADVANCED_FACE('',(#906),#376,.T.);
#7391=ADVANCED_FACE('',(#907),#377,.T.);
#7392=ADVANCED_FACE('',(#908),#157,.T.);
#7393=ADVANCED_FACE('',(#909),#378,.T.);
#7394=ADVANCED_FACE('',(#910),#158,.T.);
#7395=ADVANCED_FACE('',(#911),#379,.T.);
#7396=ADVANCED_FACE('',(#912),#159,.T.);
#7397=ADVANCED_FACE('',(#913),#160,.T.);
#7398=ADVANCED_FACE('',(#914),#380,.T.);
#7399=ADVANCED_FACE('',(#915,#515),#592,.T.);
#7400=ADVANCED_FACE('',(#916),#381,.T.);
#7401=ADVANCED_FACE('',(#917,#516,#517,#518,#519),#593,.F.);
#7402=ADVANCED_FACE('',(#918),#594,.T.);
#7403=ADVANCED_FACE('',(#919),#382,.T.);
#7404=ADVANCED_FACE('',(#920),#383,.T.);
#7405=ADVANCED_FACE('',(#921),#161,.T.);
#7406=ADVANCED_FACE('',(#922),#384,.T.);
#7407=ADVANCED_FACE('',(#923),#162,.T.);
#7408=ADVANCED_FACE('',(#924),#163,.T.);
#7409=ADVANCED_FACE('',(#925),#385,.T.);
#7410=ADVANCED_FACE('',(#926),#595,.T.);
#7411=ADVANCED_FACE('',(#927),#386,.T.);
#7412=ADVANCED_FACE('',(#928),#387,.T.);
#7413=ADVANCED_FACE('',(#929),#388,.T.);
#7414=ADVANCED_FACE('',(#930),#164,.T.);
#7415=ADVANCED_FACE('',(#931),#165,.T.);
#7416=ADVANCED_FACE('',(#932),#389,.T.);
#7417=ADVANCED_FACE('',(#933),#596,.T.);
#7418=ADVANCED_FACE('',(#934),#390,.T.);
#7419=ADVANCED_FACE('',(#935,#520),#597,.T.);
#7420=ADVANCED_FACE('',(#936),#391,.T.);
#7421=ADVANCED_FACE('',(#937),#166,.T.);
#7422=ADVANCED_FACE('',(#938),#598,.T.);
#7423=ADVANCED_FACE('',(#939),#392,.T.);
#7424=ADVANCED_FACE('',(#940),#167,.T.);
#7425=ADVANCED_FACE('',(#941),#393,.T.);
#7426=ADVANCED_FACE('',(#942),#394,.T.);
#7427=ADVANCED_FACE('',(#943),#599,.T.);
#7428=ADVANCED_FACE('',(#944),#395,.T.);
#7429=ADVANCED_FACE('',(#945),#600,.T.);
#7430=ADVANCED_FACE('',(#946),#396,.T.);
#7431=ADVANCED_FACE('',(#947),#397,.T.);
#7432=ADVANCED_FACE('',(#948),#601,.T.);
#7433=ADVANCED_FACE('',(#949),#398,.T.);
#7434=ADVANCED_FACE('',(#950),#399,.T.);
#7435=ADVANCED_FACE('',(#951),#168,.T.);
#7436=ADVANCED_FACE('',(#952),#400,.T.);
#7437=ADVANCED_FACE('',(#953),#602,.T.);
#7438=ADVANCED_FACE('',(#954),#169,.T.);
#7439=ADVANCED_FACE('',(#955),#401,.T.);
#7440=ADVANCED_FACE('',(#956),#170,.T.);
#7441=ADVANCED_FACE('',(#957),#402,.T.);
#7442=ADVANCED_FACE('',(#958),#603,.T.);
#7443=ADVANCED_FACE('',(#959),#51,.T.);
#7444=ADVANCED_FACE('',(#960),#403,.T.);
#7445=ADVANCED_FACE('',(#961),#52,.T.);
#7446=ADVANCED_FACE('',(#962),#404,.T.);
#7447=ADVANCED_FACE('',(#963),#32,.F.);
#7448=ADVANCED_FACE('',(#964),#405,.T.);
#7449=ADVANCED_FACE('',(#965),#406,.T.);
#7450=ADVANCED_FACE('',(#966),#171,.T.);
#7451=ADVANCED_FACE('',(#967),#407,.T.);
#7452=ADVANCED_FACE('',(#968),#33,.F.);
#7453=ADVANCED_FACE('',(#969),#408,.T.);
#7454=ADVANCED_FACE('',(#970),#53,.T.);
#7455=ADVANCED_FACE('',(#971),#409,.T.);
#7456=ADVANCED_FACE('',(#972),#54,.T.);
#7457=ADVANCED_FACE('',(#973),#172,.T.);
#7458=ADVANCED_FACE('',(#974),#604,.T.);
#7459=ADVANCED_FACE('',(#975),#410,.F.);
#7460=ADVANCED_FACE('',(#976),#605,.T.);
#7461=ADVANCED_FACE('',(#977),#411,.F.);
#7462=ADVANCED_FACE('',(#978),#412,.T.);
#7463=ADVANCED_FACE('',(#979),#606,.T.);
#7464=ADVANCED_FACE('',(#980),#413,.T.);
#7465=ADVANCED_FACE('',(#981),#173,.F.);
#7466=ADVANCED_FACE('',(#982),#414,.F.);
#7467=ADVANCED_FACE('',(#983),#415,.F.);
#7468=ADVANCED_FACE('',(#984),#115,.T.);
#7469=ADVANCED_FACE('',(#985),#416,.F.);
#7470=ADVANCED_FACE('',(#986),#417,.T.);
#7471=ADVANCED_FACE('',(#987),#607,.T.);
#7472=ADVANCED_FACE('',(#988),#418,.T.);
#7473=ADVANCED_FACE('',(#989),#419,.T.);
#7474=ADVANCED_FACE('',(#990),#116,.F.);
#7475=ADVANCED_FACE('',(#991),#117,.F.);
#7476=ADVANCED_FACE('',(#992),#420,.T.);
#7477=ADVANCED_FACE('',(#993),#421,.T.);
#7478=ADVANCED_FACE('',(#994),#422,.T.);
#7479=ADVANCED_FACE('',(#995,#521),#608,.T.);
#7480=ADVANCED_FACE('',(#996),#423,.T.);
#7481=ADVANCED_FACE('',(#997),#609,.T.);
#7482=ADVANCED_FACE('',(#998),#424,.T.);
#7483=ADVANCED_FACE('',(#999),#174,.T.);
#7484=ADVANCED_FACE('',(#1000),#610,.T.);
#7485=ADVANCED_FACE('',(#1001),#425,.T.);
#7486=ADVANCED_FACE('',(#1002),#426,.T.);
#7487=ADVANCED_FACE('',(#1003),#55,.T.);
#7488=ADVANCED_FACE('',(#1004),#427,.F.);
#7489=ADVANCED_FACE('',(#1005),#428,.F.);
#7490=ADVANCED_FACE('',(#1006),#175,.F.);
#7491=ADVANCED_FACE('',(#1007),#611,.T.);
#7492=ADVANCED_FACE('',(#1008),#612,.T.);
#7493=ADVANCED_FACE('',(#1009),#613,.T.);
#7494=ADVANCED_FACE('',(#1010),#429,.T.);
#7495=ADVANCED_FACE('',(#1011),#176,.T.);
#7496=ADVANCED_FACE('',(#1012),#430,.T.);
#7497=ADVANCED_FACE('',(#1013),#431,.T.);
#7498=ADVANCED_FACE('',(#1014),#432,.T.);
#7499=ADVANCED_FACE('',(#1015),#433,.T.);
#7500=ADVANCED_FACE('',(#1016),#434,.T.);
#7501=ADVANCED_FACE('',(#1017),#177,.T.);
#7502=ADVANCED_FACE('',(#1018),#435,.T.);
#7503=ADVANCED_FACE('',(#1019),#178,.T.);
#7504=ADVANCED_FACE('',(#1020),#436,.T.);
#7505=ADVANCED_FACE('',(#1021,#522),#614,.T.);
#7506=ADVANCED_FACE('',(#1022),#437,.T.);
#7507=ADVANCED_FACE('',(#1023),#615,.T.);
#7508=ADVANCED_FACE('',(#1024),#118,.F.);
#7509=ADVANCED_FACE('',(#1025),#438,.T.);
#7510=ADVANCED_FACE('',(#1026),#34,.F.);
#7511=ADVANCED_FACE('',(#1027),#119,.F.);
#7512=ADVANCED_FACE('',(#1028),#439,.T.);
#7513=ADVANCED_FACE('',(#1029),#56,.F.);
#7514=ADVANCED_FACE('',(#1030),#440,.F.);
#7515=ADVANCED_FACE('',(#1031),#441,.T.);
#7516=ADVANCED_FACE('',(#1032),#442,.T.);
#7517=ADVANCED_FACE('',(#1033),#443,.T.);
#7518=ADVANCED_FACE('',(#1034),#179,.T.);
#7519=ADVANCED_FACE('',(#1035),#616,.T.);
#7520=ADVANCED_FACE('',(#1036),#444,.T.);
#7521=ADVANCED_FACE('',(#1037),#180,.T.);
#7522=ADVANCED_FACE('',(#1038),#445,.T.);
#7523=ADVANCED_FACE('',(#1039),#35,.F.);
#7524=ADVANCED_FACE('',(#1040),#446,.T.);
#7525=ADVANCED_FACE('',(#1041),#57,.T.);
#7526=ADVANCED_FACE('',(#1042),#447,.T.);
#7527=ADVANCED_FACE('',(#1043),#58,.T.);
#7528=ADVANCED_FACE('',(#1044),#448,.T.);
#7529=ADVANCED_FACE('',(#1045),#181,.T.);
#7530=ADVANCED_FACE('',(#1046),#449,.T.);
#7531=ADVANCED_FACE('',(#1047),#182,.T.);
#7532=ADVANCED_FACE('',(#1048,#523),#617,.T.);
#7533=ADVANCED_FACE('',(#1049),#450,.T.);
#7534=ADVANCED_FACE('',(#1050,#524),#618,.T.);
#7535=ADVANCED_FACE('',(#1051),#451,.T.);
#7536=ADVANCED_FACE('',(#1052),#59,.T.);
#7537=ADVANCED_FACE('',(#1053),#452,.T.);
#7538=ADVANCED_FACE('',(#1054),#60,.T.);
#7539=ADVANCED_FACE('',(#1055),#453,.T.);
#7540=ADVANCED_FACE('',(#1056),#36,.F.);
#7541=ADVANCED_FACE('',(#1057),#454,.T.);
#7542=ADVANCED_FACE('',(#1058),#455,.T.);
#7543=ADVANCED_FACE('',(#1059),#183,.T.);
#7544=ADVANCED_FACE('',(#1060),#184,.T.);
#7545=ADVANCED_FACE('',(#1061),#456,.T.);
#7546=ADVANCED_FACE('',(#1062),#619,.T.);
#7547=ADVANCED_FACE('',(#1063),#457,.T.);
#7548=ADVANCED_FACE('',(#1064),#620,.T.);
#7549=ADVANCED_FACE('',(#1065),#458,.T.);
#7550=ADVANCED_FACE('',(#1066),#459,.T.);
#7551=ADVANCED_FACE('',(#1067),#120,.F.);
#7552=ADVANCED_FACE('',(#1068),#460,.T.);
#7553=ADVANCED_FACE('',(#1069),#621,.T.);
#7554=ADVANCED_FACE('',(#1070),#622,.T.);
#7555=ADVANCED_FACE('',(#1071),#461,.T.);
#7556=ADVANCED_FACE('',(#1072),#462,.T.);
#7557=ADVANCED_FACE('',(#1073),#185,.T.);
#7558=ADVANCED_FACE('',(#1074),#186,.T.);
#7559=ADVANCED_FACE('',(#1075),#463,.T.);
#7560=ADVANCED_FACE('',(#1076),#623,.T.);
#7561=ADVANCED_FACE('',(#1077),#464,.T.);
#7562=ADVANCED_FACE('',(#1078),#465,.T.);
#7563=ADVANCED_FACE('',(#1079),#466,.T.);
#7564=ADVANCED_FACE('',(#1080),#467,.T.);
#7565=ADVANCED_FACE('',(#1081),#187,.T.);
#7566=ADVANCED_FACE('',(#1082),#468,.T.);
#7567=ADVANCED_FACE('',(#1083),#188,.T.);
#7568=ADVANCED_FACE('',(#1084,#525),#624,.T.);
#7569=ADVANCED_FACE('',(#1085),#61,.T.);
#7570=ADVANCED_FACE('',(#1086),#469,.T.);
#7571=ADVANCED_FACE('',(#1087),#62,.T.);
#7572=ADVANCED_FACE('',(#1088),#625,.T.);
#7573=ADVANCED_FACE('',(#1089),#63,.T.);
#7574=ADVANCED_FACE('',(#1090,#526),#626,.T.);
#7575=ADVANCED_FACE('',(#1091),#470,.F.);
#7576=ADVANCED_FACE('',(#1092),#471,.T.);
#7577=ADVANCED_FACE('',(#1093),#627,.T.);
#7578=ADVANCED_FACE('',(#1094),#472,.T.);
#7579=ADVANCED_FACE('',(#1095),#64,.T.);
#7580=ADVANCED_FACE('',(#1096),#189,.F.);
#7581=ADVANCED_FACE('',(#1097),#473,.F.);
#7582=ADVANCED_FACE('',(#1098),#190,.F.);
#7583=ADVANCED_FACE('',(#1099),#474,.F.);
#7584=ADVANCED_FACE('',(#1100),#475,.F.);
#7585=ADVANCED_FACE('',(#1101),#476,.F.);
#7586=ADVANCED_FACE('',(#1102),#477,.F.);
#7587=ADVANCED_FACE('',(#1103),#478,.F.);
#7588=ADVANCED_FACE('',(#1104),#628,.T.);
#7589=ADVANCED_FACE('',(#1105),#629,.T.);
#7590=ADVANCED_FACE('',(#1106,#527),#630,.F.);
#7591=ADVANCED_FACE('',(#1107),#479,.F.);
#7592=ADVANCED_FACE('',(#1108),#480,.F.);
#7593=ADVANCED_FACE('',(#1109),#631,.F.);
#7594=ADVANCED_FACE('',(#1110,#528),#632,.F.);
#7595=ADVANCED_FACE('',(#1111),#481,.F.);
#7596=ADVANCED_FACE('',(#1112),#482,.F.);
#7597=ADVANCED_FACE('',(#1113),#633,.F.);
#7598=ADVANCED_FACE('',(#1114),#483,.F.);
#7599=ADVANCED_FACE('',(#1115),#484,.F.);
#7600=ADVANCED_FACE('',(#1116,#529),#634,.F.);
#7601=ADVANCED_FACE('',(#1117),#485,.F.);
#7602=ADVANCED_FACE('',(#1118),#486,.F.);
#7603=ADVANCED_FACE('',(#1119,#530),#635,.F.);
#7604=ADVANCED_FACE('',(#1120),#487,.F.);
#7605=ADVANCED_FACE('',(#1121),#488,.F.);
#7606=ADVANCED_FACE('',(#1122,#531),#636,.F.);
#7607=ADVANCED_FACE('',(#1123),#489,.F.);
#7608=ADVANCED_FACE('',(#1124),#490,.F.);
#7609=ADVANCED_FACE('',(#1125,#532),#637,.F.);
#7610=ADVANCED_FACE('',(#1126),#491,.F.);
#7611=ADVANCED_FACE('',(#1127),#492,.F.);
#7612=ADVANCED_FACE('',(#1128),#638,.T.);
#7613=ADVANCED_FACE('',(#1129),#639,.T.);
#7614=ADVANCED_FACE('',(#1130),#640,.T.);
#7615=ADVANCED_FACE('',(#1131),#641,.T.);
#7616=ADVANCED_FACE('',(#1132),#493,.F.);
#7617=ADVANCED_FACE('',(#1133),#642,.T.);
#7618=ADVANCED_FACE('',(#1134),#494,.T.);
#7619=ADVANCED_FACE('',(#1135),#495,.T.);
#7620=ADVANCED_FACE('',(#1136),#496,.F.);
#7621=CLOSED_SHELL('',(#7127,#7128,#7129,#7130,#7131,#7132,#7133,#7134,
#7135,#7136,#7137,#7138,#7139,#7140,#7141,#7142,#7143,#7144,#7145,#7146,
#7147,#7148,#7149,#7150,#7151,#7152,#7153,#7154,#7155,#7156,#7157,#7158,
#7159,#7160,#7161,#7162,#7163,#7164,#7165,#7166,#7167,#7168,#7169,#7170,
#7171,#7172,#7173,#7174,#7175,#7176,#7177,#7178,#7179,#7180,#7181,#7182,
#7183,#7184,#7185,#7186,#7187,#7188,#7189,#7190,#7191,#7192,#7193,#7194,
#7195,#7196,#7197,#7198,#7199,#7200,#7201,#7202,#7203,#7204,#7205,#7206,
#7207,#7208,#7209,#7210,#7211,#7212,#7213,#7214,#7215,#7216,#7217,#7218,
#7219,#7220,#7221,#7222,#7223,#7224,#7225,#7226,#7227,#7228,#7229,#7230,
#7231,#7232,#7233,#7234,#7235,#7236,#7237,#7238,#7239,#7240,#7241,#7242,
#7243,#7244,#7245,#7246,#7247,#7248,#7249,#7250,#7251,#7252,#7253,#7254,
#7255,#7256,#7257,#7258,#7259,#7260,#7261,#7262,#7263,#7264,#7265,#7266,
#7267,#7268,#7269,#7270,#7271,#7272,#7273,#7274,#7275,#7276,#7277,#7278,
#7279,#7280,#7281,#7282,#7283,#7284,#7285,#7286,#7287,#7288,#7289,#7290,
#7291,#7292,#7293,#7294,#7295,#7296,#7297,#7298,#7299,#7300,#7301,#7302,
#7303,#7304,#7305,#7306,#7307,#7308,#7309,#7310,#7311,#7312,#7313,#7314,
#7315,#7316,#7317,#7318,#7319,#7320,#7321,#7322,#7323,#7324,#7325,#7326,
#7327,#7328,#7329,#7330,#7331,#7332,#7333,#7334,#7335,#7336,#7337,#7338,
#7339,#7340,#7341,#7342,#7343,#7344,#7345,#7346,#7347,#7348,#7349,#7350,
#7351,#7352,#7353,#7354,#7355,#7356,#7357,#7358,#7359,#7360,#7361,#7362,
#7363,#7364,#7365,#7366,#7367,#7368,#7369,#7370,#7371,#7372,#7373));
#7622=CLOSED_SHELL('',(#7374,#7375,#7376,#7377,#7378,#7379,#7380,#7381,
#7382,#7383,#7384,#7385,#7386,#7387,#7388,#7389,#7390,#7391,#7392,#7393,
#7394,#7395,#7396,#7397,#7398,#7399,#7400,#7401,#7402,#7403,#7404,#7405,
#7406,#7407,#7408,#7409,#7410,#7411,#7412,#7413,#7414,#7415,#7416,#7417,
#7418,#7419,#7420,#7421,#7422,#7423,#7424,#7425,#7426,#7427,#7428,#7429,
#7430,#7431,#7432,#7433,#7434,#7435,#7436,#7437,#7438,#7439,#7440,#7441,
#7442,#7443,#7444,#7445,#7446,#7447,#7448,#7449,#7450,#7451,#7452,#7453,
#7454,#7455,#7456,#7457,#7458,#7459,#7460,#7461,#7462,#7463,#7464,#7465,
#7466,#7467,#7468,#7469,#7470,#7471,#7472,#7473,#7474,#7475,#7476,#7477,
#7478,#7479,#7480,#7481,#7482,#7483,#7484,#7485,#7486,#7487,#7488,#7489,
#7490,#7491,#7492,#7493,#7494,#7495,#7496,#7497,#7498,#7499,#7500,#7501,
#7502,#7503,#7504,#7505,#7506,#7507,#7508,#7509,#7510,#7511,#7512,#7513,
#7514,#7515,#7516,#7517,#7518,#7519,#7520,#7521,#7522,#7523,#7524,#7525,
#7526,#7527,#7528,#7529,#7530,#7531,#7532,#7533,#7534,#7535,#7536,#7537,
#7538,#7539,#7540,#7541,#7542,#7543,#7544,#7545,#7546,#7547,#7548,#7549,
#7550,#7551,#7552,#7553,#7554,#7555,#7556,#7557,#7558,#7559,#7560,#7561,
#7562,#7563,#7564,#7565,#7566,#7567,#7568,#7569,#7570,#7571,#7572,#7573,
#7574,#7575,#7576,#7577,#7578,#7579,#7580,#7581,#7582,#7583,#7584,#7585,
#7586,#7587,#7588,#7589,#7590,#7591,#7592,#7593,#7594,#7595,#7596,#7597,
#7598,#7599,#7600,#7601,#7602,#7603,#7604,#7605,#7606,#7607,#7608,#7609,
#7610,#7611,#7612,#7613,#7614,#7615,#7616,#7617,#7618,#7619,#7620));
#7623=DERIVED_UNIT_ELEMENT(#7627,1.);
#7624=DERIVED_UNIT_ELEMENT(#14235,-3.);
#7625=DERIVED_UNIT_ELEMENT(#7627,1.);
#7626=DERIVED_UNIT_ELEMENT(#14235,-3.);
#7627=(
MASS_UNIT()
NAMED_UNIT(*)
SI_UNIT(.KILO.,.GRAM.)
);
#7628=DERIVED_UNIT((#7623,#7624));
#7629=DERIVED_UNIT((#7625,#7626));
#7630=MEASURE_REPRESENTATION_ITEM('density measure',
POSITIVE_RATIO_MEASURE(7850.),#7628);
#7631=MEASURE_REPRESENTATION_ITEM('density measure',
POSITIVE_RATIO_MEASURE(7850.),#7629);
#7632=PROPERTY_DEFINITION_REPRESENTATION(#7642,#7636);
#7633=PROPERTY_DEFINITION_REPRESENTATION(#7643,#7637);
#7634=PROPERTY_DEFINITION_REPRESENTATION(#7644,#7638);
#7635=PROPERTY_DEFINITION_REPRESENTATION(#7645,#7639);
#7636=REPRESENTATION('material name',(#7640),#14231);
#7637=REPRESENTATION('density',(#7630),#14231);
#7638=REPRESENTATION('material name',(#7641),#14232);
#7639=REPRESENTATION('density',(#7631),#14232);
#7640=DESCRIPTIVE_REPRESENTATION_ITEM('Steel','Steel');
#7641=DESCRIPTIVE_REPRESENTATION_ITEM('Steel','Steel');
#7642=PROPERTY_DEFINITION('material property','material name',#14251);
#7643=PROPERTY_DEFINITION('material property','density of part',#14251);
#7644=PROPERTY_DEFINITION('material property','material name',#14252);
#7645=PROPERTY_DEFINITION('material property','density of part',#14252);
#7646=AXIS2_PLACEMENT_3D('',#11163,#8639,#8640);
#7647=AXIS2_PLACEMENT_3D('',#11164,#8641,#8642);
#7648=AXIS2_PLACEMENT_3D('',#11165,#8643,#8644);
#7649=AXIS2_PLACEMENT_3D('',#11167,#8645,#8646);
#7650=AXIS2_PLACEMENT_3D('',#11171,#8648,#8649);
#7651=AXIS2_PLACEMENT_3D('',#11172,#8650,#8651);
#7652=AXIS2_PLACEMENT_3D('',#11173,#8652,#8653);
#7653=AXIS2_PLACEMENT_3D('',#11175,#8654,#8655);
#7654=AXIS2_PLACEMENT_3D('',#11179,#8657,#8658);
#7655=AXIS2_PLACEMENT_3D('',#11180,#8659,#8660);
#7656=AXIS2_PLACEMENT_3D('',#11181,#8661,#8662);
#7657=AXIS2_PLACEMENT_3D('',#11183,#8663,#8664);
#7658=AXIS2_PLACEMENT_3D('',#11187,#8666,#8667);
#7659=AXIS2_PLACEMENT_3D('',#11188,#8668,#8669);
#7660=AXIS2_PLACEMENT_3D('',#11189,#8670,#8671);
#7661=AXIS2_PLACEMENT_3D('',#11191,#8672,#8673);
#7662=AXIS2_PLACEMENT_3D('',#11194,#8675,#8676);
#7663=AXIS2_PLACEMENT_3D('',#11195,#8677,#8678);
#7664=AXIS2_PLACEMENT_3D('',#11197,#8679,#8680);
#7665=AXIS2_PLACEMENT_3D('',#11198,#8681,#8682);
#7666=AXIS2_PLACEMENT_3D('',#11200,#8683,#8684);
#7667=AXIS2_PLACEMENT_3D('',#11203,#8686,#8687);
#7668=AXIS2_PLACEMENT_3D('',#11204,#8688,#8689);
#7669=AXIS2_PLACEMENT_3D('',#11206,#8690,#8691);
#7670=AXIS2_PLACEMENT_3D('',#11207,#8692,#8693);
#7671=AXIS2_PLACEMENT_3D('',#11209,#8694,#8695);
#7672=AXIS2_PLACEMENT_3D('',#11213,#8697,#8698);
#7673=AXIS2_PLACEMENT_3D('',#11214,#8699,#8700);
#7674=AXIS2_PLACEMENT_3D('',#11215,#8701,#8702);
#7675=AXIS2_PLACEMENT_3D('',#11217,#8703,#8704);
#7676=AXIS2_PLACEMENT_3D('',#11221,#8706,#8707);
#7677=AXIS2_PLACEMENT_3D('',#11222,#8708,#8709);
#7678=AXIS2_PLACEMENT_3D('',#11223,#8710,#8711);
#7679=AXIS2_PLACEMENT_3D('',#11225,#8712,#8713);
#7680=AXIS2_PLACEMENT_3D('',#11229,#8715,#8716);
#7681=AXIS2_PLACEMENT_3D('',#11230,#8717,#8718);
#7682=AXIS2_PLACEMENT_3D('',#11231,#8719,#8720);
#7683=AXIS2_PLACEMENT_3D('',#11234,#8722,#8723);
#7684=AXIS2_PLACEMENT_3D('',#11235,#8724,#8725);
#7685=AXIS2_PLACEMENT_3D('',#11238,#8727,#8728);
#7686=AXIS2_PLACEMENT_3D('',#11239,#8729,#8730);
#7687=AXIS2_PLACEMENT_3D('',#11242,#8731,#8732);
#7688=AXIS2_PLACEMENT_3D('',#11246,#8734,#8735);
#7689=AXIS2_PLACEMENT_3D('',#11248,#8737,#8738);
#7690=AXIS2_PLACEMENT_3D('',#11252,#8740,#8741);
#7691=AXIS2_PLACEMENT_3D('',#11255,#8743,#8744);
#7692=AXIS2_PLACEMENT_3D('',#11256,#8745,#8746);
#7693=AXIS2_PLACEMENT_3D('',#11260,#8748,#8749);
#7694=AXIS2_PLACEMENT_3D('',#11262,#8751,#8752);
#7695=AXIS2_PLACEMENT_3D('',#11263,#8753,#8754);
#7696=AXIS2_PLACEMENT_3D('',#11264,#8755,#8756);
#7697=AXIS2_PLACEMENT_3D('',#11274,#8761,#8762);
#7698=AXIS2_PLACEMENT_3D('',#11276,#8764,#8765);
#7699=AXIS2_PLACEMENT_3D('',#11279,#8767,#8768);
#7700=AXIS2_PLACEMENT_3D('',#11280,#8769,#8770);
#7701=AXIS2_PLACEMENT_3D('',#11288,#8775,#8776);
#7702=AXIS2_PLACEMENT_3D('',#11324,#8779,#8780);
#7703=AXIS2_PLACEMENT_3D('',#11326,#8781,#8782);
#7704=AXIS2_PLACEMENT_3D('',#11327,#8783,#8784);
#7705=AXIS2_PLACEMENT_3D('',#11328,#8785,#8786);
#7706=AXIS2_PLACEMENT_3D('',#11332,#8788,#8789);
#7707=AXIS2_PLACEMENT_3D('',#11334,#8791,#8792);
#7708=AXIS2_PLACEMENT_3D('',#11338,#8794,#8795);
#7709=AXIS2_PLACEMENT_3D('',#11340,#8797,#8798);
#7710=AXIS2_PLACEMENT_3D('',#11343,#8801,#8802);
#7711=AXIS2_PLACEMENT_3D('',#11351,#8806,#8807);
#7712=AXIS2_PLACEMENT_3D('',#11355,#8810,#8811);
#7713=AXIS2_PLACEMENT_3D('',#11358,#8813,#8814);
#7714=AXIS2_PLACEMENT_3D('',#11359,#8815,#8816);
#7715=AXIS2_PLACEMENT_3D('',#11367,#8821,#8822);
#7716=AXIS2_PLACEMENT_3D('',#11369,#8824,#8825);
#7717=AXIS2_PLACEMENT_3D('',#11372,#8826,#8827);
#7718=AXIS2_PLACEMENT_3D('',#11376,#8829,#8830);
#7719=AXIS2_PLACEMENT_3D('',#11378,#8832,#8833);
#7720=AXIS2_PLACEMENT_3D('',#11380,#8834,#8835);
#7721=AXIS2_PLACEMENT_3D('',#11384,#8837,#8838);
#7722=AXIS2_PLACEMENT_3D('',#11386,#8840,#8841);
#7723=AXIS2_PLACEMENT_3D('',#11387,#8842,#8843);
#7724=AXIS2_PLACEMENT_3D('',#11388,#8844,#8845);
#7725=AXIS2_PLACEMENT_3D('',#11390,#8846,#8847);
#7726=AXIS2_PLACEMENT_3D('',#11394,#8849,#8850);
#7727=AXIS2_PLACEMENT_3D('',#11396,#8852,#8853);
#7728=AXIS2_PLACEMENT_3D('',#11397,#8854,#8855);
#7729=AXIS2_PLACEMENT_3D('',#11398,#8856,#8857);
#7730=AXIS2_PLACEMENT_3D('',#11400,#8858,#8859);
#7731=AXIS2_PLACEMENT_3D('',#11403,#8861,#8862);
#7732=AXIS2_PLACEMENT_3D('',#11405,#8864,#8865);
#7733=AXIS2_PLACEMENT_3D('',#11406,#8866,#8867);
#7734=AXIS2_PLACEMENT_3D('',#11407,#8868,#8869);
#7735=AXIS2_PLACEMENT_3D('',#11408,#8870,#8871);
#7736=AXIS2_PLACEMENT_3D('',#11409,#8872,#8873);
#7737=AXIS2_PLACEMENT_3D('',#11413,#8875,#8876);
#7738=AXIS2_PLACEMENT_3D('',#11415,#8878,#8879);
#7739=AXIS2_PLACEMENT_3D('',#11420,#8882,#8883);
#7740=AXIS2_PLACEMENT_3D('',#11421,#8884,#8885);
#7741=AXIS2_PLACEMENT_3D('',#11424,#8887,#8888);
#7742=AXIS2_PLACEMENT_3D('',#11425,#8889,#8890);
#7743=AXIS2_PLACEMENT_3D('',#11439,#8897,#8898);
#7744=AXIS2_PLACEMENT_3D('',#11443,#8900,#8901);
#7745=AXIS2_PLACEMENT_3D('',#11447,#8903,#8904);
#7746=AXIS2_PLACEMENT_3D('',#11455,#8908,#8909);
#7747=AXIS2_PLACEMENT_3D('',#11459,#8911,#8912);
#7748=AXIS2_PLACEMENT_3D('',#11462,#8914,#8915);
#7749=AXIS2_PLACEMENT_3D('',#11469,#8919,#8920);
#7750=AXIS2_PLACEMENT_3D('',#11471,#8921,#8922);
#7751=AXIS2_PLACEMENT_3D('',#11473,#8923,#8924);
#7752=AXIS2_PLACEMENT_3D('',#11475,#8925,#8926);
#7753=AXIS2_PLACEMENT_3D('',#11476,#8927,#8928);
#7754=AXIS2_PLACEMENT_3D('',#11477,#8929,#8930);
#7755=AXIS2_PLACEMENT_3D('',#11479,#8931,#8932);
#7756=AXIS2_PLACEMENT_3D('',#11482,#8934,#8935);
#7757=AXIS2_PLACEMENT_3D('',#11483,#8936,#8937);
#7758=AXIS2_PLACEMENT_3D('',#11485,#8938,#8939);
#7759=AXIS2_PLACEMENT_3D('',#11487,#8940,#8941);
#7760=AXIS2_PLACEMENT_3D('',#11489,#8943,#8944);
#7761=AXIS2_PLACEMENT_3D('',#11490,#8945,#8946);
#7762=AXIS2_PLACEMENT_3D('',#11491,#8947,#8948);
#7763=AXIS2_PLACEMENT_3D('',#11493,#8949,#8950);
#7764=AXIS2_PLACEMENT_3D('',#11497,#8952,#8953);
#7765=AXIS2_PLACEMENT_3D('',#11499,#8955,#8956);
#7766=AXIS2_PLACEMENT_3D('',#11501,#8957,#8958);
#7767=AXIS2_PLACEMENT_3D('',#11502,#8959,#8960);
#7768=AXIS2_PLACEMENT_3D('',#11503,#8961,#8962);
#7769=AXIS2_PLACEMENT_3D('',#11504,#8963,#8964);
#7770=AXIS2_PLACEMENT_3D('',#11505,#8965,#8966);
#7771=AXIS2_PLACEMENT_3D('',#11508,#8968,#8969);
#7772=AXIS2_PLACEMENT_3D('',#11509,#8970,#8971);
#7773=AXIS2_PLACEMENT_3D('',#11517,#8976,#8977);
#7774=AXIS2_PLACEMENT_3D('',#11520,#8979,#8980);
#7775=AXIS2_PLACEMENT_3D('',#11521,#8981,#8982);
#7776=AXIS2_PLACEMENT_3D('',#11523,#8983,#8984);
#7777=AXIS2_PLACEMENT_3D('',#11527,#8986,#8987);
#7778=AXIS2_PLACEMENT_3D('',#11529,#8989,#8990);
#7779=AXIS2_PLACEMENT_3D('',#11531,#8991,#8992);
#7780=AXIS2_PLACEMENT_3D('',#11535,#8994,#8995);
#7781=AXIS2_PLACEMENT_3D('',#11537,#8997,#8998);
#7782=AXIS2_PLACEMENT_3D('',#11538,#8999,#9000);
#7783=AXIS2_PLACEMENT_3D('',#11539,#9001,#9002);
#7784=AXIS2_PLACEMENT_3D('',#11540,#9003,#9004);
#7785=AXIS2_PLACEMENT_3D('',#11541,#9005,#9006);
#7786=AXIS2_PLACEMENT_3D('',#11544,#9008,#9009);
#7787=AXIS2_PLACEMENT_3D('',#11545,#9010,#9011);
#7788=AXIS2_PLACEMENT_3D('',#11549,#9014,#9015);
#7789=AXIS2_PLACEMENT_3D('',#11552,#9017,#9018);
#7790=AXIS2_PLACEMENT_3D('',#11553,#9019,#9020);
#7791=AXIS2_PLACEMENT_3D('',#11557,#9022,#9023);
#7792=AXIS2_PLACEMENT_3D('',#11563,#9027,#9028);
#7793=AXIS2_PLACEMENT_3D('',#11566,#9029,#9030);
#7794=AXIS2_PLACEMENT_3D('',#11570,#9032,#9033);
#7795=AXIS2_PLACEMENT_3D('',#11572,#9035,#9036);
#7796=AXIS2_PLACEMENT_3D('',#11574,#9037,#9038);
#7797=AXIS2_PLACEMENT_3D('',#11575,#9039,#9040);
#7798=AXIS2_PLACEMENT_3D('',#11576,#9041,#9042);
#7799=AXIS2_PLACEMENT_3D('',#11580,#9044,#9045);
#7800=AXIS2_PLACEMENT_3D('',#11586,#9048,#9049);
#7801=AXIS2_PLACEMENT_3D('',#11590,#9052,#9053);
#7802=AXIS2_PLACEMENT_3D('',#11594,#9055,#9056);
#7803=AXIS2_PLACEMENT_3D('',#11596,#9058,#9059);
#7804=AXIS2_PLACEMENT_3D('',#11598,#9060,#9061);
#7805=AXIS2_PLACEMENT_3D('',#11599,#9062,#9063);
#7806=AXIS2_PLACEMENT_3D('',#11600,#9064,#9065);
#7807=AXIS2_PLACEMENT_3D('',#11603,#9068,#9069);
#7808=AXIS2_PLACEMENT_3D('',#11606,#9072,#9073);
#7809=AXIS2_PLACEMENT_3D('',#11608,#9074,#9075);
#7810=AXIS2_PLACEMENT_3D('',#11612,#9077,#9078);
#7811=AXIS2_PLACEMENT_3D('',#11616,#9080,#9081);
#7812=AXIS2_PLACEMENT_3D('',#11624,#9085,#9086);
#7813=AXIS2_PLACEMENT_3D('',#11628,#9088,#9089);
#7814=AXIS2_PLACEMENT_3D('',#11632,#9091,#9092);
#7815=AXIS2_PLACEMENT_3D('',#11644,#9098,#9099);
#7816=AXIS2_PLACEMENT_3D('',#11648,#9101,#9102);
#7817=AXIS2_PLACEMENT_3D('',#11656,#9106,#9107);
#7818=AXIS2_PLACEMENT_3D('',#11662,#9111,#9112);
#7819=AXIS2_PLACEMENT_3D('',#11674,#9114,#9115);
#7820=AXIS2_PLACEMENT_3D('',#11675,#9116,#9117);
#7821=AXIS2_PLACEMENT_3D('',#11686,#9118,#9119);
#7822=AXIS2_PLACEMENT_3D('',#11689,#9120,#9121);
#7823=AXIS2_PLACEMENT_3D('',#11692,#9123,#9124);
#7824=AXIS2_PLACEMENT_3D('',#11694,#9126,#9127);
#7825=AXIS2_PLACEMENT_3D('',#11705,#9134,#9135);
#7826=AXIS2_PLACEMENT_3D('',#11708,#9137,#9138);
#7827=AXIS2_PLACEMENT_3D('',#11709,#9139,#9140);
#7828=AXIS2_PLACEMENT_3D('',#11711,#9141,#9142);
#7829=AXIS2_PLACEMENT_3D('',#11714,#9145,#9146);
#7830=AXIS2_PLACEMENT_3D('',#11715,#9147,#9148);
#7831=AXIS2_PLACEMENT_3D('',#11716,#9149,#9150);
#7832=AXIS2_PLACEMENT_3D('',#11719,#9152,#9153);
#7833=AXIS2_PLACEMENT_3D('',#11720,#9154,#9155);
#7834=AXIS2_PLACEMENT_3D('',#11724,#9158,#9159);
#7835=AXIS2_PLACEMENT_3D('',#11725,#9160,#9161);
#7836=AXIS2_PLACEMENT_3D('',#11726,#9162,#9163);
#7837=AXIS2_PLACEMENT_3D('',#11727,#9164,#9165);
#7838=AXIS2_PLACEMENT_3D('',#11728,#9166,#9167);
#7839=AXIS2_PLACEMENT_3D('',#11729,#9168,#9169);
#7840=AXIS2_PLACEMENT_3D('',#11730,#9170,#9171);
#7841=AXIS2_PLACEMENT_3D('',#11731,#9172,#9173);
#7842=AXIS2_PLACEMENT_3D('',#11732,#9174,#9175);
#7843=AXIS2_PLACEMENT_3D('',#11734,#9176,#9177);
#7844=AXIS2_PLACEMENT_3D('',#11735,#9178,#9179);
#7845=AXIS2_PLACEMENT_3D('',#11736,#9180,#9181);
#7846=AXIS2_PLACEMENT_3D('',#11738,#9182,#9183);
#7847=AXIS2_PLACEMENT_3D('',#11740,#9185,#9186);
#7848=AXIS2_PLACEMENT_3D('',#11742,#9187,#9188);
#7849=AXIS2_PLACEMENT_3D('',#11743,#9189,#9190);
#7850=AXIS2_PLACEMENT_3D('',#11744,#9191,#9192);
#7851=AXIS2_PLACEMENT_3D('',#11746,#9193,#9194);
#7852=AXIS2_PLACEMENT_3D('',#11758,#9196,#9197);
#7853=AXIS2_PLACEMENT_3D('',#11759,#9198,#9199);
#7854=AXIS2_PLACEMENT_3D('',#11760,#9200,#9201);
#7855=AXIS2_PLACEMENT_3D('',#11762,#9202,#9203);
#7856=AXIS2_PLACEMENT_3D('',#11764,#9205,#9206);
#7857=AXIS2_PLACEMENT_3D('',#11767,#9207,#9208);
#7858=AXIS2_PLACEMENT_3D('',#11770,#9210,#9211);
#7859=AXIS2_PLACEMENT_3D('',#11772,#9213,#9214);
#7860=AXIS2_PLACEMENT_3D('',#11773,#9215,#9216);
#7861=AXIS2_PLACEMENT_3D('',#11774,#9217,#9218);
#7862=AXIS2_PLACEMENT_3D('',#11776,#9219,#9220);
#7863=AXIS2_PLACEMENT_3D('',#11777,#9221,#9222);
#7864=AXIS2_PLACEMENT_3D('',#11789,#9224,#9225);
#7865=AXIS2_PLACEMENT_3D('',#11790,#9226,#9227);
#7866=AXIS2_PLACEMENT_3D('',#11791,#9228,#9229);
#7867=AXIS2_PLACEMENT_3D('',#11793,#9230,#9231);
#7868=AXIS2_PLACEMENT_3D('',#11795,#9233,#9234);
#7869=AXIS2_PLACEMENT_3D('',#11797,#9235,#9236);
#7870=AXIS2_PLACEMENT_3D('',#11798,#9237,#9238);
#7871=AXIS2_PLACEMENT_3D('',#11799,#9239,#9240);
#7872=AXIS2_PLACEMENT_3D('',#11801,#9241,#9242);
#7873=AXIS2_PLACEMENT_3D('',#11803,#9244,#9245);
#7874=AXIS2_PLACEMENT_3D('',#11804,#9246,#9247);
#7875=AXIS2_PLACEMENT_3D('',#11805,#9248,#9249);
#7876=AXIS2_PLACEMENT_3D('',#11806,#9250,#9251);
#7877=AXIS2_PLACEMENT_3D('',#11807,#9252,#9253);
#7878=AXIS2_PLACEMENT_3D('',#11810,#9256,#9257);
#7879=AXIS2_PLACEMENT_3D('',#11812,#9259,#9260);
#7880=AXIS2_PLACEMENT_3D('',#11814,#9262,#9263);
#7881=AXIS2_PLACEMENT_3D('',#11815,#9264,#9265);
#7882=AXIS2_PLACEMENT_3D('',#11818,#9267,#9268);
#7883=AXIS2_PLACEMENT_3D('',#11819,#9269,#9270);
#7884=AXIS2_PLACEMENT_3D('',#11823,#9273,#9274);
#7885=AXIS2_PLACEMENT_3D('',#11824,#9275,#9276);
#7886=AXIS2_PLACEMENT_3D('',#11825,#9277,#9278);
#7887=AXIS2_PLACEMENT_3D('',#11827,#9279,#9280);
#7888=AXIS2_PLACEMENT_3D('',#11829,#9281,#9282);
#7889=AXIS2_PLACEMENT_3D('',#11830,#9283,#9284);
#7890=AXIS2_PLACEMENT_3D('',#11831,#9285,#9286);
#7891=AXIS2_PLACEMENT_3D('',#11833,#9288,#9289);
#7892=AXIS2_PLACEMENT_3D('',#11836,#9290,#9291);
#7893=AXIS2_PLACEMENT_3D('',#11869,#9294,#9295);
#7894=AXIS2_PLACEMENT_3D('',#11870,#9296,#9297);
#7895=AXIS2_PLACEMENT_3D('',#11871,#9298,#9299);
#7896=AXIS2_PLACEMENT_3D('',#11882,#9301,#9302);
#7897=AXIS2_PLACEMENT_3D('',#11884,#9304,#9305);
#7898=AXIS2_PLACEMENT_3D('',#11886,#9307,#9308);
#7899=AXIS2_PLACEMENT_3D('',#11887,#9309,#9310);
#7900=AXIS2_PLACEMENT_3D('',#11888,#9311,#9312);
#7901=AXIS2_PLACEMENT_3D('',#11889,#9313,#9314);
#7902=AXIS2_PLACEMENT_3D('',#11890,#9315,#9316);
#7903=AXIS2_PLACEMENT_3D('',#11923,#9317,#9318);
#7904=AXIS2_PLACEMENT_3D('',#11924,#9319,#9320);
#7905=AXIS2_PLACEMENT_3D('',#11925,#9321,#9322);
#7906=AXIS2_PLACEMENT_3D('',#11957,#9323,#9324);
#7907=AXIS2_PLACEMENT_3D('',#11958,#9325,#9326);
#7908=AXIS2_PLACEMENT_3D('',#11959,#9327,#9328);
#7909=AXIS2_PLACEMENT_3D('',#11961,#9330,#9331);
#7910=AXIS2_PLACEMENT_3D('',#11963,#9333,#9334);
#7911=AXIS2_PLACEMENT_3D('',#11966,#9336,#9337);
#7912=AXIS2_PLACEMENT_3D('',#11967,#9338,#9339);
#7913=AXIS2_PLACEMENT_3D('',#11971,#9341,#9342);
#7914=AXIS2_PLACEMENT_3D('',#11973,#9344,#9345);
#7915=AXIS2_PLACEMENT_3D('',#11977,#9347,#9348);
#7916=AXIS2_PLACEMENT_3D('',#11986,#9349,#9350);
#7917=AXIS2_PLACEMENT_3D('',#11988,#9352,#9353);
#7918=AXIS2_PLACEMENT_3D('',#12001,#9355,#9356);
#7919=AXIS2_PLACEMENT_3D('',#12003,#9358,#9359);
#7920=AXIS2_PLACEMENT_3D('',#12004,#9360,#9361);
#7921=AXIS2_PLACEMENT_3D('',#12005,#9362,#9363);
#7922=AXIS2_PLACEMENT_3D('',#12006,#9364,#9365);
#7923=AXIS2_PLACEMENT_3D('',#12009,#9367,#9368);
#7924=AXIS2_PLACEMENT_3D('',#12010,#9369,#9370);
#7925=AXIS2_PLACEMENT_3D('',#12011,#9371,#9372);
#7926=AXIS2_PLACEMENT_3D('',#12012,#9373,#9374);
#7927=AXIS2_PLACEMENT_3D('',#12014,#9375,#9376);
#7928=AXIS2_PLACEMENT_3D('',#12016,#9378,#9379);
#7929=AXIS2_PLACEMENT_3D('',#12018,#9380,#9381);
#7930=AXIS2_PLACEMENT_3D('',#12019,#9382,#9383);
#7931=AXIS2_PLACEMENT_3D('',#12020,#9384,#9385);
#7932=AXIS2_PLACEMENT_3D('',#12023,#9386,#9387);
#7933=AXIS2_PLACEMENT_3D('',#12026,#9390,#9391);
#7934=AXIS2_PLACEMENT_3D('',#12029,#9392,#9393);
#7935=AXIS2_PLACEMENT_3D('',#12032,#9395,#9396);
#7936=AXIS2_PLACEMENT_3D('',#12034,#9398,#9399);
#7937=AXIS2_PLACEMENT_3D('',#12035,#9400,#9401);
#7938=AXIS2_PLACEMENT_3D('',#12036,#9402,#9403);
#7939=AXIS2_PLACEMENT_3D('',#12039,#9405,#9406);
#7940=AXIS2_PLACEMENT_3D('',#12040,#9407,#9408);
#7941=AXIS2_PLACEMENT_3D('',#12046,#9412,#9413);
#7942=AXIS2_PLACEMENT_3D('',#12058,#9420,#9421);
#7943=AXIS2_PLACEMENT_3D('',#12069,#9422,#9423);
#7944=AXIS2_PLACEMENT_3D('',#12070,#9424,#9425);
#7945=AXIS2_PLACEMENT_3D('',#12071,#9426,#9427);
#7946=AXIS2_PLACEMENT_3D('',#12072,#9428,#9429);
#7947=AXIS2_PLACEMENT_3D('',#12073,#9430,#9431);
#7948=AXIS2_PLACEMENT_3D('',#12074,#9432,#9433);
#7949=AXIS2_PLACEMENT_3D('',#12075,#9434,#9435);
#7950=AXIS2_PLACEMENT_3D('',#12076,#9436,#9437);
#7951=AXIS2_PLACEMENT_3D('',#12077,#9438,#9439);
#7952=AXIS2_PLACEMENT_3D('',#12089,#9440,#9441);
#7953=AXIS2_PLACEMENT_3D('',#12090,#9442,#9443);
#7954=AXIS2_PLACEMENT_3D('',#12092,#9444,#9445);
#7955=AXIS2_PLACEMENT_3D('',#12094,#9446,#9447);
#7956=AXIS2_PLACEMENT_3D('',#12096,#9449,#9450);
#7957=AXIS2_PLACEMENT_3D('',#12097,#9451,#9452);
#7958=AXIS2_PLACEMENT_3D('',#12098,#9453,#9454);
#7959=AXIS2_PLACEMENT_3D('',#12100,#9455,#9456);
#7960=AXIS2_PLACEMENT_3D('',#12102,#9458,#9459);
#7961=AXIS2_PLACEMENT_3D('',#12103,#9460,#9461);
#7962=AXIS2_PLACEMENT_3D('',#12104,#9462,#9463);
#7963=AXIS2_PLACEMENT_3D('',#12107,#9465,#9466);
#7964=AXIS2_PLACEMENT_3D('',#12108,#9467,#9468);
#7965=AXIS2_PLACEMENT_3D('',#12112,#9470,#9471);
#7966=AXIS2_PLACEMENT_3D('',#12115,#9473,#9474);
#7967=AXIS2_PLACEMENT_3D('',#12116,#9475,#9476);
#7968=AXIS2_PLACEMENT_3D('',#12119,#9478,#9479);
#7969=AXIS2_PLACEMENT_3D('',#12120,#9480,#9481);
#7970=AXIS2_PLACEMENT_3D('',#12192,#9483,#9484);
#7971=AXIS2_PLACEMENT_3D('',#12194,#9485,#9486);
#7972=AXIS2_PLACEMENT_3D('',#12197,#9488,#9489);
#7973=AXIS2_PLACEMENT_3D('',#12207,#9490,#9491);
#7974=AXIS2_PLACEMENT_3D('',#12277,#9492,#9493);
#7975=AXIS2_PLACEMENT_3D('',#12280,#9495,#9496);
#7976=AXIS2_PLACEMENT_3D('',#12281,#9497,#9498);
#7977=AXIS2_PLACEMENT_3D('',#12288,#9499,#9500);
#7978=AXIS2_PLACEMENT_3D('',#12293,#9501,#9502);
#7979=AXIS2_PLACEMENT_3D('',#12296,#9504,#9505);
#7980=AXIS2_PLACEMENT_3D('',#12297,#9506,#9507);
#7981=AXIS2_PLACEMENT_3D('',#12301,#9509,#9510);
#7982=AXIS2_PLACEMENT_3D('',#12303,#9512,#9513);
#7983=AXIS2_PLACEMENT_3D('',#12305,#9514,#9515);
#7984=AXIS2_PLACEMENT_3D('',#12307,#9517,#9518);
#7985=AXIS2_PLACEMENT_3D('',#12308,#9519,#9520);
#7986=AXIS2_PLACEMENT_3D('',#12310,#9522,#9523);
#7987=AXIS2_PLACEMENT_3D('',#12311,#9524,#9525);
#7988=AXIS2_PLACEMENT_3D('',#12312,#9526,#9527);
#7989=AXIS2_PLACEMENT_3D('',#12320,#9531,#9532);
#7990=AXIS2_PLACEMENT_3D('',#12322,#9533,#9534);
#7991=AXIS2_PLACEMENT_3D('',#12326,#9537,#9538);
#7992=AXIS2_PLACEMENT_3D('',#12327,#9539,#9540);
#7993=AXIS2_PLACEMENT_3D('',#12328,#9541,#9542);
#7994=AXIS2_PLACEMENT_3D('',#12330,#9543,#9544);
#7995=AXIS2_PLACEMENT_3D('',#12331,#9545,#9546);
#7996=AXIS2_PLACEMENT_3D('',#12332,#9547,#9548);
#7997=AXIS2_PLACEMENT_3D('',#12334,#9549,#9550);
#7998=AXIS2_PLACEMENT_3D('',#12346,#9552,#9553);
#7999=AXIS2_PLACEMENT_3D('',#12347,#9554,#9555);
#8000=AXIS2_PLACEMENT_3D('',#12348,#9556,#9557);
#8001=AXIS2_PLACEMENT_3D('',#12350,#9558,#9559);
#8002=AXIS2_PLACEMENT_3D('',#12352,#9561,#9562);
#8003=AXIS2_PLACEMENT_3D('',#12354,#9563,#9564);
#8004=AXIS2_PLACEMENT_3D('',#12355,#9565,#9566);
#8005=AXIS2_PLACEMENT_3D('',#12356,#9567,#9568);
#8006=AXIS2_PLACEMENT_3D('',#12358,#9569,#9570);
#8007=AXIS2_PLACEMENT_3D('',#12360,#9572,#9573);
#8008=AXIS2_PLACEMENT_3D('',#12362,#9574,#9575);
#8009=AXIS2_PLACEMENT_3D('',#12363,#9576,#9577);
#8010=AXIS2_PLACEMENT_3D('',#12364,#9578,#9579);
#8011=AXIS2_PLACEMENT_3D('',#12366,#9580,#9581);
#8012=AXIS2_PLACEMENT_3D('',#12368,#9583,#9584);
#8013=AXIS2_PLACEMENT_3D('',#12370,#9585,#9586);
#8014=AXIS2_PLACEMENT_3D('',#12371,#9587,#9588);
#8015=AXIS2_PLACEMENT_3D('',#12372,#9589,#9590);
#8016=AXIS2_PLACEMENT_3D('',#12374,#9591,#9592);
#8017=AXIS2_PLACEMENT_3D('',#12376,#9594,#9595);
#8018=AXIS2_PLACEMENT_3D('',#12377,#9596,#9597);
#8019=AXIS2_PLACEMENT_3D('',#12378,#9598,#9599);
#8020=AXIS2_PLACEMENT_3D('',#12380,#9601,#9602);
#8021=AXIS2_PLACEMENT_3D('',#12383,#9604,#9605);
#8022=AXIS2_PLACEMENT_3D('',#12384,#9606,#9607);
#8023=AXIS2_PLACEMENT_3D('',#12386,#9609,#9610);
#8024=AXIS2_PLACEMENT_3D('',#12388,#9611,#9612);
#8025=AXIS2_PLACEMENT_3D('',#12391,#9614,#9615);
#8026=AXIS2_PLACEMENT_3D('',#12392,#9616,#9617);
#8027=AXIS2_PLACEMENT_3D('',#12394,#9618,#9619);
#8028=AXIS2_PLACEMENT_3D('',#12395,#9620,#9621);
#8029=AXIS2_PLACEMENT_3D('',#12396,#9622,#9623);
#8030=AXIS2_PLACEMENT_3D('',#12398,#9624,#9625);
#8031=AXIS2_PLACEMENT_3D('',#12400,#9627,#9628);
#8032=AXIS2_PLACEMENT_3D('',#12402,#9629,#9630);
#8033=AXIS2_PLACEMENT_3D('',#12403,#9631,#9632);
#8034=AXIS2_PLACEMENT_3D('',#12404,#9633,#9634);
#8035=AXIS2_PLACEMENT_3D('',#12406,#9635,#9636);
#8036=AXIS2_PLACEMENT_3D('',#12417,#9638,#9639);
#8037=AXIS2_PLACEMENT_3D('',#12418,#9640,#9641);
#8038=AXIS2_PLACEMENT_3D('',#12421,#9643,#9644);
#8039=AXIS2_PLACEMENT_3D('',#12423,#9646,#9647);
#8040=AXIS2_PLACEMENT_3D('',#12425,#9648,#9649);
#8041=AXIS2_PLACEMENT_3D('',#12427,#9651,#9652);
#8042=AXIS2_PLACEMENT_3D('',#12428,#9653,#9654);
#8043=AXIS2_PLACEMENT_3D('',#12429,#9655,#9656);
#8044=AXIS2_PLACEMENT_3D('',#12430,#9657,#9658);
#8045=AXIS2_PLACEMENT_3D('',#12431,#9659,#9660);
#8046=AXIS2_PLACEMENT_3D('',#12434,#9662,#9663);
#8047=AXIS2_PLACEMENT_3D('',#12435,#9664,#9665);
#8048=AXIS2_PLACEMENT_3D('',#12437,#9667,#9668);
#8049=AXIS2_PLACEMENT_3D('',#12438,#9669,#9670);
#8050=AXIS2_PLACEMENT_3D('',#12439,#9671,#9672);
#8051=AXIS2_PLACEMENT_3D('',#12443,#9675,#9676);
#8052=AXIS2_PLACEMENT_3D('',#12460,#9679,#9680);
#8053=AXIS2_PLACEMENT_3D('',#12461,#9681,#9682);
#8054=AXIS2_PLACEMENT_3D('',#12465,#9684,#9685);
#8055=AXIS2_PLACEMENT_3D('',#12523,#9687,#9688);
#8056=AXIS2_PLACEMENT_3D('',#12526,#9690,#9691);
#8057=AXIS2_PLACEMENT_3D('',#12527,#9692,#9693);
#8058=AXIS2_PLACEMENT_3D('',#12529,#9694,#9695);
#8059=AXIS2_PLACEMENT_3D('',#12533,#9698,#9699);
#8060=AXIS2_PLACEMENT_3D('',#12539,#9703,#9704);
#8061=AXIS2_PLACEMENT_3D('',#12542,#9706,#9707);
#8062=AXIS2_PLACEMENT_3D('',#12543,#9708,#9709);
#8063=AXIS2_PLACEMENT_3D('',#12545,#9710,#9711);
#8064=AXIS2_PLACEMENT_3D('',#12549,#9713,#9714);
#8065=AXIS2_PLACEMENT_3D('',#12551,#9716,#9717);
#8066=AXIS2_PLACEMENT_3D('',#12552,#9718,#9719);
#8067=AXIS2_PLACEMENT_3D('',#12553,#9720,#9721);
#8068=AXIS2_PLACEMENT_3D('',#12555,#9722,#9723);
#8069=AXIS2_PLACEMENT_3D('',#12556,#9724,#9725);
#8070=AXIS2_PLACEMENT_3D('',#12557,#9726,#9727);
#8071=AXIS2_PLACEMENT_3D('',#12565,#9730,#9731);
#8072=AXIS2_PLACEMENT_3D('',#12569,#9733,#9734);
#8073=AXIS2_PLACEMENT_3D('',#12570,#9735,#9736);
#8074=AXIS2_PLACEMENT_3D('',#12571,#9737,#9738);
#8075=AXIS2_PLACEMENT_3D('',#12573,#9740,#9741);
#8076=AXIS2_PLACEMENT_3D('',#12574,#9742,#9743);
#8077=AXIS2_PLACEMENT_3D('',#12575,#9744,#9745);
#8078=AXIS2_PLACEMENT_3D('',#12576,#9746,#9747);
#8079=AXIS2_PLACEMENT_3D('',#12578,#9749,#9750);
#8080=AXIS2_PLACEMENT_3D('',#12579,#9751,#9752);
#8081=AXIS2_PLACEMENT_3D('',#12580,#9753,#9754);
#8082=AXIS2_PLACEMENT_3D('',#12581,#9755,#9756);
#8083=AXIS2_PLACEMENT_3D('',#12582,#9757,#9758);
#8084=AXIS2_PLACEMENT_3D('',#12583,#9759,#9760);
#8085=AXIS2_PLACEMENT_3D('',#12584,#9761,#9762);
#8086=AXIS2_PLACEMENT_3D('',#12585,#9763,#9764);
#8087=AXIS2_PLACEMENT_3D('',#12588,#9766,#9767);
#8088=AXIS2_PLACEMENT_3D('',#12589,#9768,#9769);
#8089=AXIS2_PLACEMENT_3D('',#12591,#9770,#9771);
#8090=AXIS2_PLACEMENT_3D('',#12592,#9772,#9773);
#8091=AXIS2_PLACEMENT_3D('',#12593,#9774,#9775);
#8092=AXIS2_PLACEMENT_3D('',#12595,#9776,#9777);
#8093=AXIS2_PLACEMENT_3D('',#12597,#9779,#9780);
#8094=AXIS2_PLACEMENT_3D('',#12598,#9781,#9782);
#8095=AXIS2_PLACEMENT_3D('',#12599,#9783,#9784);
#8096=AXIS2_PLACEMENT_3D('',#12601,#9786,#9787);
#8097=AXIS2_PLACEMENT_3D('',#12615,#9788,#9789);
#8098=AXIS2_PLACEMENT_3D('',#12616,#9790,#9791);
#8099=AXIS2_PLACEMENT_3D('',#12617,#9792,#9793);
#8100=AXIS2_PLACEMENT_3D('',#12620,#9795,#9796);
#8101=AXIS2_PLACEMENT_3D('',#12621,#9797,#9798);
#8102=AXIS2_PLACEMENT_3D('',#12624,#9800,#9801);
#8103=AXIS2_PLACEMENT_3D('',#12626,#9803,#9804);
#8104=AXIS2_PLACEMENT_3D('',#12627,#9805,#9806);
#8105=AXIS2_PLACEMENT_3D('',#12629,#9807,#9808);
#8106=AXIS2_PLACEMENT_3D('',#12631,#9810,#9811);
#8107=AXIS2_PLACEMENT_3D('',#12632,#9812,#9813);
#8108=AXIS2_PLACEMENT_3D('',#12633,#9814,#9815);
#8109=AXIS2_PLACEMENT_3D('',#12635,#9816,#9817);
#8110=AXIS2_PLACEMENT_3D('',#12637,#9818,#9819);
#8111=AXIS2_PLACEMENT_3D('',#12638,#9820,#9821);
#8112=AXIS2_PLACEMENT_3D('',#12639,#9822,#9823);
#8113=AXIS2_PLACEMENT_3D('',#12641,#9825,#9826);
#8114=AXIS2_PLACEMENT_3D('',#12644,#9827,#9828);
#8115=AXIS2_PLACEMENT_3D('',#12645,#9829,#9830);
#8116=AXIS2_PLACEMENT_3D('',#12646,#9831,#9832);
#8117=AXIS2_PLACEMENT_3D('',#12647,#9833,#9834);
#8118=AXIS2_PLACEMENT_3D('',#12656,#9836,#9837);
#8119=AXIS2_PLACEMENT_3D('',#12657,#9838,#9839);
#8120=AXIS2_PLACEMENT_3D('',#12659,#9841,#9842);
#8121=AXIS2_PLACEMENT_3D('',#12662,#9845,#9846);
#8122=AXIS2_PLACEMENT_3D('',#12664,#9848,#9849);
#8123=AXIS2_PLACEMENT_3D('',#12667,#9852,#9853);
#8124=AXIS2_PLACEMENT_3D('',#12668,#9854,#9855);
#8125=AXIS2_PLACEMENT_3D('',#12669,#9856,#9857);
#8126=AXIS2_PLACEMENT_3D('',#12672,#9859,#9860);
#8127=AXIS2_PLACEMENT_3D('',#12673,#9861,#9862);
#8128=AXIS2_PLACEMENT_3D('',#12674,#9863,#9864);
#8129=AXIS2_PLACEMENT_3D('',#12677,#9866,#9867);
#8130=AXIS2_PLACEMENT_3D('',#12678,#9868,#9869);
#8131=AXIS2_PLACEMENT_3D('',#12679,#9870,#9871);
#8132=AXIS2_PLACEMENT_3D('',#12681,#9873,#9874);
#8133=AXIS2_PLACEMENT_3D('',#12683,#9876,#9877);
#8134=AXIS2_PLACEMENT_3D('',#12685,#9879,#9880);
#8135=AXIS2_PLACEMENT_3D('',#12687,#9882,#9883);
#8136=AXIS2_PLACEMENT_3D('',#12689,#9885,#9886);
#8137=AXIS2_PLACEMENT_3D('',#12691,#9888,#9889);
#8138=AXIS2_PLACEMENT_3D('',#12692,#9890,#9891);
#8139=AXIS2_PLACEMENT_3D('',#12693,#9892,#9893);
#8140=AXIS2_PLACEMENT_3D('',#12694,#9894,#9895);
#8141=AXIS2_PLACEMENT_3D('',#12697,#9898,#9899);
#8142=AXIS2_PLACEMENT_3D('',#12699,#9901,#9902);
#8143=AXIS2_PLACEMENT_3D('',#12701,#9904,#9905);
#8144=AXIS2_PLACEMENT_3D('',#12702,#9906,#9907);
#8145=AXIS2_PLACEMENT_3D('',#12703,#9908,#9909);
#8146=AXIS2_PLACEMENT_3D('',#12704,#9910,#9911);
#8147=AXIS2_PLACEMENT_3D('',#12705,#9912,#9913);
#8148=AXIS2_PLACEMENT_3D('',#12708,#9914,#9915);
#8149=AXIS2_PLACEMENT_3D('',#12712,#9917,#9918);
#8150=AXIS2_PLACEMENT_3D('',#12714,#9920,#9921);
#8151=AXIS2_PLACEMENT_3D('',#12718,#9923,#9924);
#8152=AXIS2_PLACEMENT_3D('',#12721,#9926,#9927);
#8153=AXIS2_PLACEMENT_3D('',#12722,#9928,#9929);
#8154=AXIS2_PLACEMENT_3D('',#12726,#9931,#9932);
#8155=AXIS2_PLACEMENT_3D('',#12728,#9934,#9935);
#8156=AXIS2_PLACEMENT_3D('',#12729,#9936,#9937);
#8157=AXIS2_PLACEMENT_3D('',#12730,#9938,#9939);
#8158=AXIS2_PLACEMENT_3D('',#12740,#9944,#9945);
#8159=AXIS2_PLACEMENT_3D('',#12742,#9947,#9948);
#8160=AXIS2_PLACEMENT_3D('',#12745,#9950,#9951);
#8161=AXIS2_PLACEMENT_3D('',#12746,#9952,#9953);
#8162=AXIS2_PLACEMENT_3D('',#12754,#9958,#9959);
#8163=AXIS2_PLACEMENT_3D('',#12790,#9962,#9963);
#8164=AXIS2_PLACEMENT_3D('',#12792,#9964,#9965);
#8165=AXIS2_PLACEMENT_3D('',#12793,#9966,#9967);
#8166=AXIS2_PLACEMENT_3D('',#12794,#9968,#9969);
#8167=AXIS2_PLACEMENT_3D('',#12798,#9971,#9972);
#8168=AXIS2_PLACEMENT_3D('',#12800,#9974,#9975);
#8169=AXIS2_PLACEMENT_3D('',#12804,#9977,#9978);
#8170=AXIS2_PLACEMENT_3D('',#12806,#9980,#9981);
#8171=AXIS2_PLACEMENT_3D('',#12809,#9984,#9985);
#8172=AXIS2_PLACEMENT_3D('',#12817,#9989,#9990);
#8173=AXIS2_PLACEMENT_3D('',#12821,#9993,#9994);
#8174=AXIS2_PLACEMENT_3D('',#12824,#9996,#9997);
#8175=AXIS2_PLACEMENT_3D('',#12825,#9998,#9999);
#8176=AXIS2_PLACEMENT_3D('',#12833,#10004,#10005);
#8177=AXIS2_PLACEMENT_3D('',#12835,#10007,#10008);
#8178=AXIS2_PLACEMENT_3D('',#12838,#10009,#10010);
#8179=AXIS2_PLACEMENT_3D('',#12842,#10012,#10013);
#8180=AXIS2_PLACEMENT_3D('',#12844,#10015,#10016);
#8181=AXIS2_PLACEMENT_3D('',#12846,#10017,#10018);
#8182=AXIS2_PLACEMENT_3D('',#12850,#10020,#10021);
#8183=AXIS2_PLACEMENT_3D('',#12852,#10023,#10024);
#8184=AXIS2_PLACEMENT_3D('',#12853,#10025,#10026);
#8185=AXIS2_PLACEMENT_3D('',#12854,#10027,#10028);
#8186=AXIS2_PLACEMENT_3D('',#12856,#10029,#10030);
#8187=AXIS2_PLACEMENT_3D('',#12860,#10032,#10033);
#8188=AXIS2_PLACEMENT_3D('',#12862,#10035,#10036);
#8189=AXIS2_PLACEMENT_3D('',#12863,#10037,#10038);
#8190=AXIS2_PLACEMENT_3D('',#12864,#10039,#10040);
#8191=AXIS2_PLACEMENT_3D('',#12866,#10041,#10042);
#8192=AXIS2_PLACEMENT_3D('',#12869,#10044,#10045);
#8193=AXIS2_PLACEMENT_3D('',#12871,#10047,#10048);
#8194=AXIS2_PLACEMENT_3D('',#12872,#10049,#10050);
#8195=AXIS2_PLACEMENT_3D('',#12873,#10051,#10052);
#8196=AXIS2_PLACEMENT_3D('',#12874,#10053,#10054);
#8197=AXIS2_PLACEMENT_3D('',#12875,#10055,#10056);
#8198=AXIS2_PLACEMENT_3D('',#12879,#10058,#10059);
#8199=AXIS2_PLACEMENT_3D('',#12881,#10061,#10062);
#8200=AXIS2_PLACEMENT_3D('',#12886,#10065,#10066);
#8201=AXIS2_PLACEMENT_3D('',#12887,#10067,#10068);
#8202=AXIS2_PLACEMENT_3D('',#12890,#10070,#10071);
#8203=AXIS2_PLACEMENT_3D('',#12891,#10072,#10073);
#8204=AXIS2_PLACEMENT_3D('',#12905,#10080,#10081);
#8205=AXIS2_PLACEMENT_3D('',#12909,#10083,#10084);
#8206=AXIS2_PLACEMENT_3D('',#12913,#10086,#10087);
#8207=AXIS2_PLACEMENT_3D('',#12921,#10091,#10092);
#8208=AXIS2_PLACEMENT_3D('',#12925,#10094,#10095);
#8209=AXIS2_PLACEMENT_3D('',#12928,#10097,#10098);
#8210=AXIS2_PLACEMENT_3D('',#12935,#10102,#10103);
#8211=AXIS2_PLACEMENT_3D('',#12937,#10104,#10105);
#8212=AXIS2_PLACEMENT_3D('',#12939,#10106,#10107);
#8213=AXIS2_PLACEMENT_3D('',#12941,#10108,#10109);
#8214=AXIS2_PLACEMENT_3D('',#12942,#10110,#10111);
#8215=AXIS2_PLACEMENT_3D('',#12943,#10112,#10113);
#8216=AXIS2_PLACEMENT_3D('',#12945,#10114,#10115);
#8217=AXIS2_PLACEMENT_3D('',#12948,#10117,#10118);
#8218=AXIS2_PLACEMENT_3D('',#12949,#10119,#10120);
#8219=AXIS2_PLACEMENT_3D('',#12951,#10121,#10122);
#8220=AXIS2_PLACEMENT_3D('',#12953,#10123,#10124);
#8221=AXIS2_PLACEMENT_3D('',#12955,#10126,#10127);
#8222=AXIS2_PLACEMENT_3D('',#12956,#10128,#10129);
#8223=AXIS2_PLACEMENT_3D('',#12957,#10130,#10131);
#8224=AXIS2_PLACEMENT_3D('',#12959,#10132,#10133);
#8225=AXIS2_PLACEMENT_3D('',#12963,#10135,#10136);
#8226=AXIS2_PLACEMENT_3D('',#12965,#10138,#10139);
#8227=AXIS2_PLACEMENT_3D('',#12967,#10140,#10141);
#8228=AXIS2_PLACEMENT_3D('',#12968,#10142,#10143);
#8229=AXIS2_PLACEMENT_3D('',#12969,#10144,#10145);
#8230=AXIS2_PLACEMENT_3D('',#12970,#10146,#10147);
#8231=AXIS2_PLACEMENT_3D('',#12971,#10148,#10149);
#8232=AXIS2_PLACEMENT_3D('',#12974,#10151,#10152);
#8233=AXIS2_PLACEMENT_3D('',#12975,#10153,#10154);
#8234=AXIS2_PLACEMENT_3D('',#12983,#10159,#10160);
#8235=AXIS2_PLACEMENT_3D('',#12986,#10162,#10163);
#8236=AXIS2_PLACEMENT_3D('',#12987,#10164,#10165);
#8237=AXIS2_PLACEMENT_3D('',#12989,#10166,#10167);
#8238=AXIS2_PLACEMENT_3D('',#12993,#10169,#10170);
#8239=AXIS2_PLACEMENT_3D('',#12995,#10172,#10173);
#8240=AXIS2_PLACEMENT_3D('',#12997,#10174,#10175);
#8241=AXIS2_PLACEMENT_3D('',#13001,#10177,#10178);
#8242=AXIS2_PLACEMENT_3D('',#13003,#10180,#10181);
#8243=AXIS2_PLACEMENT_3D('',#13004,#10182,#10183);
#8244=AXIS2_PLACEMENT_3D('',#13005,#10184,#10185);
#8245=AXIS2_PLACEMENT_3D('',#13006,#10186,#10187);
#8246=AXIS2_PLACEMENT_3D('',#13007,#10188,#10189);
#8247=AXIS2_PLACEMENT_3D('',#13010,#10191,#10192);
#8248=AXIS2_PLACEMENT_3D('',#13011,#10193,#10194);
#8249=AXIS2_PLACEMENT_3D('',#13015,#10197,#10198);
#8250=AXIS2_PLACEMENT_3D('',#13018,#10200,#10201);
#8251=AXIS2_PLACEMENT_3D('',#13019,#10202,#10203);
#8252=AXIS2_PLACEMENT_3D('',#13023,#10205,#10206);
#8253=AXIS2_PLACEMENT_3D('',#13030,#10210,#10211);
#8254=AXIS2_PLACEMENT_3D('',#13031,#10212,#10213);
#8255=AXIS2_PLACEMENT_3D('',#13034,#10214,#10215);
#8256=AXIS2_PLACEMENT_3D('',#13038,#10217,#10218);
#8257=AXIS2_PLACEMENT_3D('',#13040,#10220,#10221);
#8258=AXIS2_PLACEMENT_3D('',#13042,#10222,#10223);
#8259=AXIS2_PLACEMENT_3D('',#13043,#10224,#10225);
#8260=AXIS2_PLACEMENT_3D('',#13044,#10226,#10227);
#8261=AXIS2_PLACEMENT_3D('',#13048,#10229,#10230);
#8262=AXIS2_PLACEMENT_3D('',#13054,#10233,#10234);
#8263=AXIS2_PLACEMENT_3D('',#13058,#10237,#10238);
#8264=AXIS2_PLACEMENT_3D('',#13062,#10240,#10241);
#8265=AXIS2_PLACEMENT_3D('',#13064,#10243,#10244);
#8266=AXIS2_PLACEMENT_3D('',#13066,#10245,#10246);
#8267=AXIS2_PLACEMENT_3D('',#13067,#10247,#10248);
#8268=AXIS2_PLACEMENT_3D('',#13068,#10249,#10250);
#8269=AXIS2_PLACEMENT_3D('',#13071,#10253,#10254);
#8270=AXIS2_PLACEMENT_3D('',#13074,#10257,#10258);
#8271=AXIS2_PLACEMENT_3D('',#13076,#10259,#10260);
#8272=AXIS2_PLACEMENT_3D('',#13080,#10262,#10263);
#8273=AXIS2_PLACEMENT_3D('',#13084,#10265,#10266);
#8274=AXIS2_PLACEMENT_3D('',#13092,#10270,#10271);
#8275=AXIS2_PLACEMENT_3D('',#13096,#10273,#10274);
#8276=AXIS2_PLACEMENT_3D('',#13100,#10276,#10277);
#8277=AXIS2_PLACEMENT_3D('',#13112,#10283,#10284);
#8278=AXIS2_PLACEMENT_3D('',#13116,#10286,#10287);
#8279=AXIS2_PLACEMENT_3D('',#13124,#10291,#10292);
#8280=AXIS2_PLACEMENT_3D('',#13130,#10296,#10297);
#8281=AXIS2_PLACEMENT_3D('',#13142,#10299,#10300);
#8282=AXIS2_PLACEMENT_3D('',#13143,#10301,#10302);
#8283=AXIS2_PLACEMENT_3D('',#13154,#10303,#10304);
#8284=AXIS2_PLACEMENT_3D('',#13157,#10305,#10306);
#8285=AXIS2_PLACEMENT_3D('',#13160,#10308,#10309);
#8286=AXIS2_PLACEMENT_3D('',#13162,#10311,#10312);
#8287=AXIS2_PLACEMENT_3D('',#13173,#10319,#10320);
#8288=AXIS2_PLACEMENT_3D('',#13176,#10322,#10323);
#8289=AXIS2_PLACEMENT_3D('',#13177,#10324,#10325);
#8290=AXIS2_PLACEMENT_3D('',#13179,#10326,#10327);
#8291=AXIS2_PLACEMENT_3D('',#13182,#10330,#10331);
#8292=AXIS2_PLACEMENT_3D('',#13183,#10332,#10333);
#8293=AXIS2_PLACEMENT_3D('',#13184,#10334,#10335);
#8294=AXIS2_PLACEMENT_3D('',#13187,#10337,#10338);
#8295=AXIS2_PLACEMENT_3D('',#13188,#10339,#10340);
#8296=AXIS2_PLACEMENT_3D('',#13192,#10343,#10344);
#8297=AXIS2_PLACEMENT_3D('',#13193,#10345,#10346);
#8298=AXIS2_PLACEMENT_3D('',#13194,#10347,#10348);
#8299=AXIS2_PLACEMENT_3D('',#13195,#10349,#10350);
#8300=AXIS2_PLACEMENT_3D('',#13196,#10351,#10352);
#8301=AXIS2_PLACEMENT_3D('',#13197,#10353,#10354);
#8302=AXIS2_PLACEMENT_3D('',#13198,#10355,#10356);
#8303=AXIS2_PLACEMENT_3D('',#13199,#10357,#10358);
#8304=AXIS2_PLACEMENT_3D('',#13200,#10359,#10360);
#8305=AXIS2_PLACEMENT_3D('',#13202,#10361,#10362);
#8306=AXIS2_PLACEMENT_3D('',#13203,#10363,#10364);
#8307=AXIS2_PLACEMENT_3D('',#13204,#10365,#10366);
#8308=AXIS2_PLACEMENT_3D('',#13206,#10367,#10368);
#8309=AXIS2_PLACEMENT_3D('',#13208,#10370,#10371);
#8310=AXIS2_PLACEMENT_3D('',#13210,#10372,#10373);
#8311=AXIS2_PLACEMENT_3D('',#13211,#10374,#10375);
#8312=AXIS2_PLACEMENT_3D('',#13212,#10376,#10377);
#8313=AXIS2_PLACEMENT_3D('',#13214,#10378,#10379);
#8314=AXIS2_PLACEMENT_3D('',#13226,#10381,#10382);
#8315=AXIS2_PLACEMENT_3D('',#13227,#10383,#10384);
#8316=AXIS2_PLACEMENT_3D('',#13228,#10385,#10386);
#8317=AXIS2_PLACEMENT_3D('',#13230,#10387,#10388);
#8318=AXIS2_PLACEMENT_3D('',#13232,#10390,#10391);
#8319=AXIS2_PLACEMENT_3D('',#13235,#10392,#10393);
#8320=AXIS2_PLACEMENT_3D('',#13238,#10395,#10396);
#8321=AXIS2_PLACEMENT_3D('',#13240,#10398,#10399);
#8322=AXIS2_PLACEMENT_3D('',#13241,#10400,#10401);
#8323=AXIS2_PLACEMENT_3D('',#13242,#10402,#10403);
#8324=AXIS2_PLACEMENT_3D('',#13244,#10404,#10405);
#8325=AXIS2_PLACEMENT_3D('',#13245,#10406,#10407);
#8326=AXIS2_PLACEMENT_3D('',#13257,#10409,#10410);
#8327=AXIS2_PLACEMENT_3D('',#13258,#10411,#10412);
#8328=AXIS2_PLACEMENT_3D('',#13259,#10413,#10414);
#8329=AXIS2_PLACEMENT_3D('',#13261,#10415,#10416);
#8330=AXIS2_PLACEMENT_3D('',#13263,#10418,#10419);
#8331=AXIS2_PLACEMENT_3D('',#13265,#10420,#10421);
#8332=AXIS2_PLACEMENT_3D('',#13266,#10422,#10423);
#8333=AXIS2_PLACEMENT_3D('',#13267,#10424,#10425);
#8334=AXIS2_PLACEMENT_3D('',#13269,#10426,#10427);
#8335=AXIS2_PLACEMENT_3D('',#13271,#10429,#10430);
#8336=AXIS2_PLACEMENT_3D('',#13272,#10431,#10432);
#8337=AXIS2_PLACEMENT_3D('',#13273,#10433,#10434);
#8338=AXIS2_PLACEMENT_3D('',#13274,#10435,#10436);
#8339=AXIS2_PLACEMENT_3D('',#13275,#10437,#10438);
#8340=AXIS2_PLACEMENT_3D('',#13278,#10441,#10442);
#8341=AXIS2_PLACEMENT_3D('',#13280,#10444,#10445);
#8342=AXIS2_PLACEMENT_3D('',#13282,#10447,#10448);
#8343=AXIS2_PLACEMENT_3D('',#13283,#10449,#10450);
#8344=AXIS2_PLACEMENT_3D('',#13286,#10452,#10453);
#8345=AXIS2_PLACEMENT_3D('',#13287,#10454,#10455);
#8346=AXIS2_PLACEMENT_3D('',#13291,#10458,#10459);
#8347=AXIS2_PLACEMENT_3D('',#13292,#10460,#10461);
#8348=AXIS2_PLACEMENT_3D('',#13293,#10462,#10463);
#8349=AXIS2_PLACEMENT_3D('',#13295,#10464,#10465);
#8350=AXIS2_PLACEMENT_3D('',#13297,#10466,#10467);
#8351=AXIS2_PLACEMENT_3D('',#13298,#10468,#10469);
#8352=AXIS2_PLACEMENT_3D('',#13299,#10470,#10471);
#8353=AXIS2_PLACEMENT_3D('',#13301,#10473,#10474);
#8354=AXIS2_PLACEMENT_3D('',#13304,#10475,#10476);
#8355=AXIS2_PLACEMENT_3D('',#13337,#10479,#10480);
#8356=AXIS2_PLACEMENT_3D('',#13338,#10481,#10482);
#8357=AXIS2_PLACEMENT_3D('',#13339,#10483,#10484);
#8358=AXIS2_PLACEMENT_3D('',#13350,#10486,#10487);
#8359=AXIS2_PLACEMENT_3D('',#13352,#10489,#10490);
#8360=AXIS2_PLACEMENT_3D('',#13354,#10492,#10493);
#8361=AXIS2_PLACEMENT_3D('',#13355,#10494,#10495);
#8362=AXIS2_PLACEMENT_3D('',#13356,#10496,#10497);
#8363=AXIS2_PLACEMENT_3D('',#13357,#10498,#10499);
#8364=AXIS2_PLACEMENT_3D('',#13358,#10500,#10501);
#8365=AXIS2_PLACEMENT_3D('',#13391,#10502,#10503);
#8366=AXIS2_PLACEMENT_3D('',#13392,#10504,#10505);
#8367=AXIS2_PLACEMENT_3D('',#13393,#10506,#10507);
#8368=AXIS2_PLACEMENT_3D('',#13425,#10508,#10509);
#8369=AXIS2_PLACEMENT_3D('',#13426,#10510,#10511);
#8370=AXIS2_PLACEMENT_3D('',#13427,#10512,#10513);
#8371=AXIS2_PLACEMENT_3D('',#13429,#10515,#10516);
#8372=AXIS2_PLACEMENT_3D('',#13431,#10518,#10519);
#8373=AXIS2_PLACEMENT_3D('',#13434,#10521,#10522);
#8374=AXIS2_PLACEMENT_3D('',#13435,#10523,#10524);
#8375=AXIS2_PLACEMENT_3D('',#13439,#10526,#10527);
#8376=AXIS2_PLACEMENT_3D('',#13442,#10529,#10530);
#8377=AXIS2_PLACEMENT_3D('',#13443,#10531,#10532);
#8378=AXIS2_PLACEMENT_3D('',#13447,#10534,#10535);
#8379=AXIS2_PLACEMENT_3D('',#13456,#10536,#10537);
#8380=AXIS2_PLACEMENT_3D('',#13458,#10539,#10540);
#8381=AXIS2_PLACEMENT_3D('',#13471,#10542,#10543);
#8382=AXIS2_PLACEMENT_3D('',#13473,#10545,#10546);
#8383=AXIS2_PLACEMENT_3D('',#13474,#10547,#10548);
#8384=AXIS2_PLACEMENT_3D('',#13475,#10549,#10550);
#8385=AXIS2_PLACEMENT_3D('',#13476,#10551,#10552);
#8386=AXIS2_PLACEMENT_3D('',#13479,#10554,#10555);
#8387=AXIS2_PLACEMENT_3D('',#13480,#10556,#10557);
#8388=AXIS2_PLACEMENT_3D('',#13481,#10558,#10559);
#8389=AXIS2_PLACEMENT_3D('',#13482,#10560,#10561);
#8390=AXIS2_PLACEMENT_3D('',#13484,#10562,#10563);
#8391=AXIS2_PLACEMENT_3D('',#13486,#10565,#10566);
#8392=AXIS2_PLACEMENT_3D('',#13488,#10567,#10568);
#8393=AXIS2_PLACEMENT_3D('',#13489,#10569,#10570);
#8394=AXIS2_PLACEMENT_3D('',#13490,#10571,#10572);
#8395=AXIS2_PLACEMENT_3D('',#13493,#10573,#10574);
#8396=AXIS2_PLACEMENT_3D('',#13496,#10577,#10578);
#8397=AXIS2_PLACEMENT_3D('',#13499,#10579,#10580);
#8398=AXIS2_PLACEMENT_3D('',#13502,#10582,#10583);
#8399=AXIS2_PLACEMENT_3D('',#13504,#10585,#10586);
#8400=AXIS2_PLACEMENT_3D('',#13505,#10587,#10588);
#8401=AXIS2_PLACEMENT_3D('',#13506,#10589,#10590);
#8402=AXIS2_PLACEMENT_3D('',#13509,#10592,#10593);
#8403=AXIS2_PLACEMENT_3D('',#13510,#10594,#10595);
#8404=AXIS2_PLACEMENT_3D('',#13516,#10599,#10600);
#8405=AXIS2_PLACEMENT_3D('',#13528,#10607,#10608);
#8406=AXIS2_PLACEMENT_3D('',#13539,#10609,#10610);
#8407=AXIS2_PLACEMENT_3D('',#13540,#10611,#10612);
#8408=AXIS2_PLACEMENT_3D('',#13541,#10613,#10614);
#8409=AXIS2_PLACEMENT_3D('',#13542,#10615,#10616);
#8410=AXIS2_PLACEMENT_3D('',#13543,#10617,#10618);
#8411=AXIS2_PLACEMENT_3D('',#13544,#10619,#10620);
#8412=AXIS2_PLACEMENT_3D('',#13545,#10621,#10622);
#8413=AXIS2_PLACEMENT_3D('',#13546,#10623,#10624);
#8414=AXIS2_PLACEMENT_3D('',#13547,#10625,#10626);
#8415=AXIS2_PLACEMENT_3D('',#13559,#10627,#10628);
#8416=AXIS2_PLACEMENT_3D('',#13560,#10629,#10630);
#8417=AXIS2_PLACEMENT_3D('',#13562,#10631,#10632);
#8418=AXIS2_PLACEMENT_3D('',#13564,#10633,#10634);
#8419=AXIS2_PLACEMENT_3D('',#13566,#10636,#10637);
#8420=AXIS2_PLACEMENT_3D('',#13567,#10638,#10639);
#8421=AXIS2_PLACEMENT_3D('',#13568,#10640,#10641);
#8422=AXIS2_PLACEMENT_3D('',#13570,#10642,#10643);
#8423=AXIS2_PLACEMENT_3D('',#13572,#10645,#10646);
#8424=AXIS2_PLACEMENT_3D('',#13573,#10647,#10648);
#8425=AXIS2_PLACEMENT_3D('',#13574,#10649,#10650);
#8426=AXIS2_PLACEMENT_3D('',#13577,#10652,#10653);
#8427=AXIS2_PLACEMENT_3D('',#13578,#10654,#10655);
#8428=AXIS2_PLACEMENT_3D('',#13582,#10657,#10658);
#8429=AXIS2_PLACEMENT_3D('',#13585,#10660,#10661);
#8430=AXIS2_PLACEMENT_3D('',#13587,#10662,#10663);
#8431=AXIS2_PLACEMENT_3D('',#13588,#10664,#10665);
#8432=AXIS2_PLACEMENT_3D('',#13591,#10667,#10668);
#8433=AXIS2_PLACEMENT_3D('',#13592,#10669,#10670);
#8434=AXIS2_PLACEMENT_3D('',#13664,#10672,#10673);
#8435=AXIS2_PLACEMENT_3D('',#13666,#10674,#10675);
#8436=AXIS2_PLACEMENT_3D('',#13669,#10677,#10678);
#8437=AXIS2_PLACEMENT_3D('',#13679,#10679,#10680);
#8438=AXIS2_PLACEMENT_3D('',#13749,#10681,#10682);
#8439=AXIS2_PLACEMENT_3D('',#13752,#10684,#10685);
#8440=AXIS2_PLACEMENT_3D('',#13753,#10686,#10687);
#8441=AXIS2_PLACEMENT_3D('',#13760,#10688,#10689);
#8442=AXIS2_PLACEMENT_3D('',#13765,#10690,#10691);
#8443=AXIS2_PLACEMENT_3D('',#13768,#10693,#10694);
#8444=AXIS2_PLACEMENT_3D('',#13769,#10695,#10696);
#8445=AXIS2_PLACEMENT_3D('',#13773,#10698,#10699);
#8446=AXIS2_PLACEMENT_3D('',#13775,#10701,#10702);
#8447=AXIS2_PLACEMENT_3D('',#13777,#10703,#10704);
#8448=AXIS2_PLACEMENT_3D('',#13779,#10706,#10707);
#8449=AXIS2_PLACEMENT_3D('',#13780,#10708,#10709);
#8450=AXIS2_PLACEMENT_3D('',#13782,#10711,#10712);
#8451=AXIS2_PLACEMENT_3D('',#13783,#10713,#10714);
#8452=AXIS2_PLACEMENT_3D('',#13784,#10715,#10716);
#8453=AXIS2_PLACEMENT_3D('',#13792,#10720,#10721);
#8454=AXIS2_PLACEMENT_3D('',#13794,#10722,#10723);
#8455=AXIS2_PLACEMENT_3D('',#13798,#10726,#10727);
#8456=AXIS2_PLACEMENT_3D('',#13799,#10728,#10729);
#8457=AXIS2_PLACEMENT_3D('',#13800,#10730,#10731);
#8458=AXIS2_PLACEMENT_3D('',#13802,#10732,#10733);
#8459=AXIS2_PLACEMENT_3D('',#13803,#10734,#10735);
#8460=AXIS2_PLACEMENT_3D('',#13804,#10736,#10737);
#8461=AXIS2_PLACEMENT_3D('',#13806,#10738,#10739);
#8462=AXIS2_PLACEMENT_3D('',#13818,#10741,#10742);
#8463=AXIS2_PLACEMENT_3D('',#13819,#10743,#10744);
#8464=AXIS2_PLACEMENT_3D('',#13820,#10745,#10746);
#8465=AXIS2_PLACEMENT_3D('',#13822,#10747,#10748);
#8466=AXIS2_PLACEMENT_3D('',#13824,#10750,#10751);
#8467=AXIS2_PLACEMENT_3D('',#13826,#10752,#10753);
#8468=AXIS2_PLACEMENT_3D('',#13827,#10754,#10755);
#8469=AXIS2_PLACEMENT_3D('',#13828,#10756,#10757);
#8470=AXIS2_PLACEMENT_3D('',#13830,#10758,#10759);
#8471=AXIS2_PLACEMENT_3D('',#13832,#10761,#10762);
#8472=AXIS2_PLACEMENT_3D('',#13834,#10763,#10764);
#8473=AXIS2_PLACEMENT_3D('',#13835,#10765,#10766);
#8474=AXIS2_PLACEMENT_3D('',#13836,#10767,#10768);
#8475=AXIS2_PLACEMENT_3D('',#13838,#10769,#10770);
#8476=AXIS2_PLACEMENT_3D('',#13840,#10772,#10773);
#8477=AXIS2_PLACEMENT_3D('',#13842,#10774,#10775);
#8478=AXIS2_PLACEMENT_3D('',#13843,#10776,#10777);
#8479=AXIS2_PLACEMENT_3D('',#13844,#10778,#10779);
#8480=AXIS2_PLACEMENT_3D('',#13846,#10780,#10781);
#8481=AXIS2_PLACEMENT_3D('',#13848,#10783,#10784);
#8482=AXIS2_PLACEMENT_3D('',#13849,#10785,#10786);
#8483=AXIS2_PLACEMENT_3D('',#13850,#10787,#10788);
#8484=AXIS2_PLACEMENT_3D('',#13853,#10790,#10791);
#8485=AXIS2_PLACEMENT_3D('',#13854,#10792,#10793);
#8486=AXIS2_PLACEMENT_3D('',#13857,#10795,#10796);
#8487=AXIS2_PLACEMENT_3D('',#13858,#10797,#10798);
#8488=AXIS2_PLACEMENT_3D('',#13861,#10800,#10801);
#8489=AXIS2_PLACEMENT_3D('',#13862,#10802,#10803);
#8490=AXIS2_PLACEMENT_3D('',#13864,#10804,#10805);
#8491=AXIS2_PLACEMENT_3D('',#13867,#10807,#10808);
#8492=AXIS2_PLACEMENT_3D('',#13868,#10809,#10810);
#8493=AXIS2_PLACEMENT_3D('',#13870,#10811,#10812);
#8494=AXIS2_PLACEMENT_3D('',#13871,#10813,#10814);
#8495=AXIS2_PLACEMENT_3D('',#13872,#10815,#10816);
#8496=AXIS2_PLACEMENT_3D('',#13874,#10817,#10818);
#8497=AXIS2_PLACEMENT_3D('',#13876,#10820,#10821);
#8498=AXIS2_PLACEMENT_3D('',#13878,#10822,#10823);
#8499=AXIS2_PLACEMENT_3D('',#13879,#10824,#10825);
#8500=AXIS2_PLACEMENT_3D('',#13880,#10826,#10827);
#8501=AXIS2_PLACEMENT_3D('',#13882,#10828,#10829);
#8502=AXIS2_PLACEMENT_3D('',#13893,#10831,#10832);
#8503=AXIS2_PLACEMENT_3D('',#13894,#10833,#10834);
#8504=AXIS2_PLACEMENT_3D('',#13897,#10836,#10837);
#8505=AXIS2_PLACEMENT_3D('',#13899,#10839,#10840);
#8506=AXIS2_PLACEMENT_3D('',#13901,#10841,#10842);
#8507=AXIS2_PLACEMENT_3D('',#13903,#10844,#10845);
#8508=AXIS2_PLACEMENT_3D('',#13904,#10846,#10847);
#8509=AXIS2_PLACEMENT_3D('',#13905,#10848,#10849);
#8510=AXIS2_PLACEMENT_3D('',#13906,#10850,#10851);
#8511=AXIS2_PLACEMENT_3D('',#13907,#10852,#10853);
#8512=AXIS2_PLACEMENT_3D('',#13910,#10855,#10856);
#8513=AXIS2_PLACEMENT_3D('',#13911,#10857,#10858);
#8514=AXIS2_PLACEMENT_3D('',#13913,#10860,#10861);
#8515=AXIS2_PLACEMENT_3D('',#13914,#10862,#10863);
#8516=AXIS2_PLACEMENT_3D('',#13915,#10864,#10865);
#8517=AXIS2_PLACEMENT_3D('',#13919,#10868,#10869);
#8518=AXIS2_PLACEMENT_3D('',#13936,#10872,#10873);
#8519=AXIS2_PLACEMENT_3D('',#13937,#10874,#10875);
#8520=AXIS2_PLACEMENT_3D('',#13941,#10877,#10878);
#8521=AXIS2_PLACEMENT_3D('',#13999,#10880,#10881);
#8522=AXIS2_PLACEMENT_3D('',#14002,#10883,#10884);
#8523=AXIS2_PLACEMENT_3D('',#14003,#10885,#10886);
#8524=AXIS2_PLACEMENT_3D('',#14005,#10887,#10888);
#8525=AXIS2_PLACEMENT_3D('',#14009,#10891,#10892);
#8526=AXIS2_PLACEMENT_3D('',#14015,#10896,#10897);
#8527=AXIS2_PLACEMENT_3D('',#14018,#10899,#10900);
#8528=AXIS2_PLACEMENT_3D('',#14019,#10901,#10902);
#8529=AXIS2_PLACEMENT_3D('',#14021,#10903,#10904);
#8530=AXIS2_PLACEMENT_3D('',#14025,#10906,#10907);
#8531=AXIS2_PLACEMENT_3D('',#14027,#10909,#10910);
#8532=AXIS2_PLACEMENT_3D('',#14028,#10911,#10912);
#8533=AXIS2_PLACEMENT_3D('',#14029,#10913,#10914);
#8534=AXIS2_PLACEMENT_3D('',#14031,#10915,#10916);
#8535=AXIS2_PLACEMENT_3D('',#14032,#10917,#10918);
#8536=AXIS2_PLACEMENT_3D('',#14033,#10919,#10920);
#8537=AXIS2_PLACEMENT_3D('',#14041,#10923,#10924);
#8538=AXIS2_PLACEMENT_3D('',#14045,#10926,#10927);
#8539=AXIS2_PLACEMENT_3D('',#14046,#10928,#10929);
#8540=AXIS2_PLACEMENT_3D('',#14047,#10930,#10931);
#8541=AXIS2_PLACEMENT_3D('',#14049,#10933,#10934);
#8542=AXIS2_PLACEMENT_3D('',#14050,#10935,#10936);
#8543=AXIS2_PLACEMENT_3D('',#14051,#10937,#10938);
#8544=AXIS2_PLACEMENT_3D('',#14052,#10939,#10940);
#8545=AXIS2_PLACEMENT_3D('',#14054,#10942,#10943);
#8546=AXIS2_PLACEMENT_3D('',#14055,#10944,#10945);
#8547=AXIS2_PLACEMENT_3D('',#14056,#10946,#10947);
#8548=AXIS2_PLACEMENT_3D('',#14057,#10948,#10949);
#8549=AXIS2_PLACEMENT_3D('',#14058,#10950,#10951);
#8550=AXIS2_PLACEMENT_3D('',#14059,#10952,#10953);
#8551=AXIS2_PLACEMENT_3D('',#14060,#10954,#10955);
#8552=AXIS2_PLACEMENT_3D('',#14061,#10956,#10957);
#8553=AXIS2_PLACEMENT_3D('',#14064,#10959,#10960);
#8554=AXIS2_PLACEMENT_3D('',#14065,#10961,#10962);
#8555=AXIS2_PLACEMENT_3D('',#14067,#10963,#10964);
#8556=AXIS2_PLACEMENT_3D('',#14068,#10965,#10966);
#8557=AXIS2_PLACEMENT_3D('',#14069,#10967,#10968);
#8558=AXIS2_PLACEMENT_3D('',#14071,#10969,#10970);
#8559=AXIS2_PLACEMENT_3D('',#14073,#10972,#10973);
#8560=AXIS2_PLACEMENT_3D('',#14074,#10974,#10975);
#8561=AXIS2_PLACEMENT_3D('',#14075,#10976,#10977);
#8562=AXIS2_PLACEMENT_3D('',#14077,#10979,#10980);
#8563=AXIS2_PLACEMENT_3D('',#14091,#10981,#10982);
#8564=AXIS2_PLACEMENT_3D('',#14092,#10983,#10984);
#8565=AXIS2_PLACEMENT_3D('',#14094,#10985,#10986);
#8566=AXIS2_PLACEMENT_3D('',#14095,#10987,#10988);
#8567=AXIS2_PLACEMENT_3D('',#14098,#10990,#10991);
#8568=AXIS2_PLACEMENT_3D('',#14099,#10992,#10993);
#8569=AXIS2_PLACEMENT_3D('',#14102,#10995,#10996);
#8570=AXIS2_PLACEMENT_3D('',#14104,#10998,#10999);
#8571=AXIS2_PLACEMENT_3D('',#14105,#11000,#11001);
#8572=AXIS2_PLACEMENT_3D('',#14107,#11002,#11003);
#8573=AXIS2_PLACEMENT_3D('',#14109,#11005,#11006);
#8574=AXIS2_PLACEMENT_3D('',#14110,#11007,#11008);
#8575=AXIS2_PLACEMENT_3D('',#14111,#11009,#11010);
#8576=AXIS2_PLACEMENT_3D('',#14113,#11011,#11012);
#8577=AXIS2_PLACEMENT_3D('',#14115,#11013,#11014);
#8578=AXIS2_PLACEMENT_3D('',#14116,#11015,#11016);
#8579=AXIS2_PLACEMENT_3D('',#14117,#11017,#11018);
#8580=AXIS2_PLACEMENT_3D('',#14119,#11020,#11021);
#8581=AXIS2_PLACEMENT_3D('',#14122,#11022,#11023);
#8582=AXIS2_PLACEMENT_3D('',#14123,#11024,#11025);
#8583=AXIS2_PLACEMENT_3D('',#14124,#11026,#11027);
#8584=AXIS2_PLACEMENT_3D('',#14125,#11028,#11029);
#8585=AXIS2_PLACEMENT_3D('',#14134,#11031,#11032);
#8586=AXIS2_PLACEMENT_3D('',#14135,#11033,#11034);
#8587=AXIS2_PLACEMENT_3D('',#14137,#11036,#11037);
#8588=AXIS2_PLACEMENT_3D('',#14140,#11040,#11041);
#8589=AXIS2_PLACEMENT_3D('',#14142,#11043,#11044);
#8590=AXIS2_PLACEMENT_3D('',#14145,#11047,#11048);
#8591=AXIS2_PLACEMENT_3D('',#14146,#11049,#11050);
#8592=AXIS2_PLACEMENT_3D('',#14147,#11051,#11052);
#8593=AXIS2_PLACEMENT_3D('',#14149,#11053,#11054);
#8594=AXIS2_PLACEMENT_3D('',#14151,#11055,#11056);
#8595=AXIS2_PLACEMENT_3D('',#14152,#11057,#11058);
#8596=AXIS2_PLACEMENT_3D('',#14154,#11060,#11061);
#8597=AXIS2_PLACEMENT_3D('',#14157,#11063,#11064);
#8598=AXIS2_PLACEMENT_3D('',#14158,#11065,#11066);
#8599=AXIS2_PLACEMENT_3D('',#14159,#11067,#11068);
#8600=AXIS2_PLACEMENT_3D('',#14161,#11069,#11070);
#8601=AXIS2_PLACEMENT_3D('',#14163,#11071,#11072);
#8602=AXIS2_PLACEMENT_3D('',#14164,#11073,#11074);
#8603=AXIS2_PLACEMENT_3D('',#14166,#11076,#11077);
#8604=AXIS2_PLACEMENT_3D('',#14169,#11079,#11080);
#8605=AXIS2_PLACEMENT_3D('',#14170,#11081,#11082);
#8606=AXIS2_PLACEMENT_3D('',#14171,#11083,#11084);
#8607=AXIS2_PLACEMENT_3D('',#14173,#11086,#11087);
#8608=AXIS2_PLACEMENT_3D('',#14175,#11089,#11090);
#8609=AXIS2_PLACEMENT_3D('',#14177,#11091,#11092);
#8610=AXIS2_PLACEMENT_3D('',#14179,#11093,#11094);
#8611=AXIS2_PLACEMENT_3D('',#14180,#11095,#11096);
#8612=AXIS2_PLACEMENT_3D('',#14182,#11098,#11099);
#8613=AXIS2_PLACEMENT_3D('',#14184,#11101,#11102);
#8614=AXIS2_PLACEMENT_3D('',#14186,#11103,#11104);
#8615=AXIS2_PLACEMENT_3D('',#14188,#11105,#11106);
#8616=AXIS2_PLACEMENT_3D('',#14189,#11107,#11108);
#8617=AXIS2_PLACEMENT_3D('',#14191,#11110,#11111);
#8618=AXIS2_PLACEMENT_3D('',#14193,#11113,#11114);
#8619=AXIS2_PLACEMENT_3D('',#14195,#11115,#11116);
#8620=AXIS2_PLACEMENT_3D('',#14197,#11117,#11118);
#8621=AXIS2_PLACEMENT_3D('',#14198,#11119,#11120);
#8622=AXIS2_PLACEMENT_3D('',#14200,#11122,#11123);
#8623=AXIS2_PLACEMENT_3D('',#14202,#11125,#11126);
#8624=AXIS2_PLACEMENT_3D('',#14204,#11127,#11128);
#8625=AXIS2_PLACEMENT_3D('',#14206,#11129,#11130);
#8626=AXIS2_PLACEMENT_3D('',#14207,#11131,#11132);
#8627=AXIS2_PLACEMENT_3D('',#14209,#11134,#11135);
#8628=AXIS2_PLACEMENT_3D('',#14211,#11137,#11138);
#8629=AXIS2_PLACEMENT_3D('',#14212,#11139,#11140);
#8630=AXIS2_PLACEMENT_3D('',#14213,#11141,#11142);
#8631=AXIS2_PLACEMENT_3D('',#14214,#11143,#11144);
#8632=AXIS2_PLACEMENT_3D('',#14217,#11147,#11148);
#8633=AXIS2_PLACEMENT_3D('',#14219,#11150,#11151);
#8634=AXIS2_PLACEMENT_3D('',#14221,#11153,#11154);
#8635=AXIS2_PLACEMENT_3D('',#14222,#11155,#11156);
#8636=AXIS2_PLACEMENT_3D('',#14223,#11157,#11158);
#8637=AXIS2_PLACEMENT_3D('',#14224,#11159,#11160);
#8638=AXIS2_PLACEMENT_3D('',#14225,#11161,#11162);
#8639=DIRECTION('axis',(0.,0.,1.));
#8640=DIRECTION('refdir',(1.,0.,0.));
#8641=DIRECTION('axis',(0.,0.,1.));
#8642=DIRECTION('refdir',(1.,0.,0.));
#8643=DIRECTION('center_axis',(0.,0.,1.));
#8644=DIRECTION('ref_axis',(-1.,0.,0.));
#8645=DIRECTION('center_axis',(0.,0.,-1.));
#8646=DIRECTION('ref_axis',(1.,0.,0.));
#8647=DIRECTION('',(-0.0995037190209968,-1.21856911002321E-17,-0.995037190209989));
#8648=DIRECTION('center_axis',(0.,0.,-1.));
#8649=DIRECTION('ref_axis',(1.,0.,0.));
#8650=DIRECTION('center_axis',(0.,0.,-1.));
#8651=DIRECTION('ref_axis',(1.,0.,0.));
#8652=DIRECTION('center_axis',(0.,0.,1.));
#8653=DIRECTION('ref_axis',(-1.,0.,0.));
#8654=DIRECTION('center_axis',(0.,0.,-1.));
#8655=DIRECTION('ref_axis',(1.,0.,0.));
#8656=DIRECTION('',(-0.0995037190209968,-1.21856911002321E-17,-0.995037190209989));
#8657=DIRECTION('center_axis',(0.,0.,-1.));
#8658=DIRECTION('ref_axis',(1.,0.,0.));
#8659=DIRECTION('center_axis',(0.,0.,-1.));
#8660=DIRECTION('ref_axis',(1.,0.,0.));
#8661=DIRECTION('center_axis',(1.,0.,0.));
#8662=DIRECTION('ref_axis',(0.,-1.,0.));
#8663=DIRECTION('center_axis',(-1.,0.,0.));
#8664=DIRECTION('ref_axis',(0.,1.,0.));
#8665=DIRECTION('',(-0.995037190209989,-0.0995037190209988,-1.21856911002324E-17));
#8666=DIRECTION('center_axis',(-1.,0.,0.));
#8667=DIRECTION('ref_axis',(0.,1.,0.));
#8668=DIRECTION('center_axis',(-1.,0.,0.));
#8669=DIRECTION('ref_axis',(0.,1.,0.));
#8670=DIRECTION('center_axis',(0.,-1.,0.));
#8671=DIRECTION('ref_axis',(0.,0.,1.));
#8672=DIRECTION('center_axis',(0.,1.,0.));
#8673=DIRECTION('ref_axis',(0.,0.,-1.));
#8674=DIRECTION('',(-1.21856911002324E-17,0.995037190209989,0.099503719020999));
#8675=DIRECTION('center_axis',(0.,1.,0.));
#8676=DIRECTION('ref_axis',(0.,0.,1.));
#8677=DIRECTION('center_axis',(0.,1.,0.));
#8678=DIRECTION('ref_axis',(0.,0.,-1.));
#8679=DIRECTION('center_axis',(0.,1.,0.));
#8680=DIRECTION('ref_axis',(0.,0.,-1.));
#8681=DIRECTION('center_axis',(0.,1.,0.));
#8682=DIRECTION('ref_axis',(0.,0.,-1.));
#8683=DIRECTION('center_axis',(-1.75442650804963E-15,-1.,0.));
#8684=DIRECTION('ref_axis',(0.,0.,1.));
#8685=DIRECTION('',(-1.21856911002324E-17,-0.995037190209989,-0.0995037190209988));
#8686=DIRECTION('center_axis',(0.,-1.,0.));
#8687=DIRECTION('ref_axis',(0.,0.,-1.));
#8688=DIRECTION('center_axis',(0.,-1.,0.));
#8689=DIRECTION('ref_axis',(0.,0.,1.));
#8690=DIRECTION('center_axis',(0.,-1.,0.));
#8691=DIRECTION('ref_axis',(0.,0.,1.));
#8692=DIRECTION('center_axis',(1.,0.,0.));
#8693=DIRECTION('ref_axis',(0.,-1.,0.));
#8694=DIRECTION('center_axis',(-1.,0.,0.));
#8695=DIRECTION('ref_axis',(0.,1.,0.));
#8696=DIRECTION('',(-0.995037190209989,-0.0995037190210024,-1.21856911002328E-17));
#8697=DIRECTION('center_axis',(-1.,0.,0.));
#8698=DIRECTION('ref_axis',(0.,1.,0.));
#8699=DIRECTION('center_axis',(-1.,0.,0.));
#8700=DIRECTION('ref_axis',(0.,1.,0.));
#8701=DIRECTION('center_axis',(0.,0.,1.));
#8702=DIRECTION('ref_axis',(-1.,0.,0.));
#8703=DIRECTION('center_axis',(0.,0.,-1.));
#8704=DIRECTION('ref_axis',(1.,0.,0.));
#8705=DIRECTION('',(-0.0995037190209982,-1.21856911002323E-17,-0.995037190209989));
#8706=DIRECTION('center_axis',(0.,0.,-1.));
#8707=DIRECTION('ref_axis',(1.,0.,0.));
#8708=DIRECTION('center_axis',(0.,0.,-1.));
#8709=DIRECTION('ref_axis',(1.,0.,0.));
#8710=DIRECTION('center_axis',(0.,0.,1.));
#8711=DIRECTION('ref_axis',(-1.,0.,0.));
#8712=DIRECTION('center_axis',(0.,0.,-1.));
#8713=DIRECTION('ref_axis',(1.,0.,0.));
#8714=DIRECTION('',(-0.0995037190209982,-1.21856911002323E-17,-0.995037190209989));
#8715=DIRECTION('center_axis',(0.,0.,-1.));
#8716=DIRECTION('ref_axis',(1.,0.,0.));
#8717=DIRECTION('center_axis',(0.,0.,-1.));
#8718=DIRECTION('ref_axis',(1.,0.,0.));
#8719=DIRECTION('center_axis',(-1.,0.,0.));
#8720=DIRECTION('ref_axis',(0.,1.,0.));
#8721=DIRECTION('',(-1.,0.,0.));
#8722=DIRECTION('center_axis',(1.,0.,0.));
#8723=DIRECTION('ref_axis',(0.,1.,0.));
#8724=DIRECTION('center_axis',(-1.,0.,0.));
#8725=DIRECTION('ref_axis',(0.,1.,0.));
#8726=DIRECTION('',(-1.,0.,0.));
#8727=DIRECTION('center_axis',(1.,0.,0.));
#8728=DIRECTION('ref_axis',(0.,1.,0.));
#8729=DIRECTION('center_axis',(-1.,0.,0.));
#8730=DIRECTION('ref_axis',(0.,-0.707106781186553,-0.707106781186543));
#8731=DIRECTION('center_axis',(-1.,0.,0.));
#8732=DIRECTION('ref_axis',(0.,0.,-1.));
#8733=DIRECTION('',(-1.,0.,0.));
#8734=DIRECTION('center_axis',(-0.707106781186552,-0.707106781186543,0.));
#8735=DIRECTION('ref_axis',(0.707106781186543,-0.707106781186552,4.90653893338683E-17));
#8736=DIRECTION('',(1.,0.,0.));
#8737=DIRECTION('center_axis',(0.,-1.,0.));
#8738=DIRECTION('ref_axis',(0.707106781186546,0.,-0.707106781186549));
#8739=DIRECTION('',(0.,-1.,0.));
#8740=DIRECTION('center_axis',(0.,1.,0.));
#8741=DIRECTION('ref_axis',(1.,0.,0.));
#8742=DIRECTION('',(0.,1.,0.));
#8743=DIRECTION('center_axis',(-0.707106781186541,-0.707106781186554,0.));
#8744=DIRECTION('ref_axis',(-0.707106781186554,0.707106781186541,0.));
#8745=DIRECTION('center_axis',(-1.,0.,0.));
#8746=DIRECTION('ref_axis',(0.,-0.707106781186553,-0.707106781186543));
#8747=DIRECTION('',(1.,0.,0.));
#8748=DIRECTION('center_axis',(0.707106781186554,-0.707106781186541,0.));
#8749=DIRECTION('ref_axis',(-0.707106781186541,-0.707106781186554,1.47196168001605E-16));
#8750=DIRECTION('',(-1.,0.,0.));
#8751=DIRECTION('center_axis',(-0.816496580927729,-0.408248290463861,-0.408248290463859));
#8752=DIRECTION('ref_axis',(0.577350269189625,-0.577350269189625,-0.577350269189627));
#8753=DIRECTION('center_axis',(0.,0.,-1.));
#8754=DIRECTION('ref_axis',(0.707106781186543,-0.707106781186552,0.));
#8755=DIRECTION('center_axis',(0.,-1.,0.));
#8756=DIRECTION('ref_axis',(1.,0.,0.));
#8757=DIRECTION('',(0.,0.,-1.));
#8758=DIRECTION('',(1.,0.,0.));
#8759=DIRECTION('',(0.,0.,1.));
#8760=DIRECTION('',(1.,0.,0.));
#8761=DIRECTION('center_axis',(0.,1.,0.));
#8762=DIRECTION('ref_axis',(0.707106781186546,0.,0.707106781186549));
#8763=DIRECTION('',(0.,0.,1.));
#8764=DIRECTION('center_axis',(0.,0.,1.));
#8765=DIRECTION('ref_axis',(0.707106781186541,-0.707106781186554,0.));
#8766=DIRECTION('',(0.,0.,1.));
#8767=DIRECTION('center_axis',(0.,0.196116135138152,0.980580675690926));
#8768=DIRECTION('ref_axis',(0.,-0.980580675690927,0.196116135138152));
#8769=DIRECTION('center_axis',(1.,0.,0.));
#8770=DIRECTION('ref_axis',(0.,1.,0.));
#8771=DIRECTION('',(0.,0.,1.));
#8772=DIRECTION('',(0.,1.,0.));
#8773=DIRECTION('',(0.,0.,-1.));
#8774=DIRECTION('',(0.,1.,0.));
#8775=DIRECTION('center_axis',(0.,-1.,0.));
#8776=DIRECTION('ref_axis',(1.,0.,0.));
#8777=DIRECTION('',(0.,0.,1.));
#8778=DIRECTION('',(1.,0.,0.));
#8779=DIRECTION('center_axis',(0.,0.,-1.));
#8780=DIRECTION('ref_axis',(0.,1.,0.));
#8781=DIRECTION('center_axis',(-0.196116135138189,0.980580675690919,0.));
#8782=DIRECTION('ref_axis',(0.980580675690919,0.196116135138189,0.));
#8783=DIRECTION('center_axis',(0.980580675690921,-0.19611613513818,-4.35465297461812E-15));
#8784=DIRECTION('ref_axis',(0.19611613513818,0.980580675690921,0.));
#8785=DIRECTION('center_axis',(0.,1.,0.));
#8786=DIRECTION('ref_axis',(0.707106781186546,0.,-0.707106781186549));
#8787=DIRECTION('',(0.,-1.,0.));
#8788=DIRECTION('center_axis',(0.,-1.,0.));
#8789=DIRECTION('ref_axis',(0.707106781186546,0.,-0.707106781186549));
#8790=DIRECTION('',(0.,1.,0.));
#8791=DIRECTION('center_axis',(-1.,0.,0.));
#8792=DIRECTION('ref_axis',(0.,0.707106781186546,-0.707106781186549));
#8793=DIRECTION('',(-1.,0.,0.));
#8794=DIRECTION('center_axis',(0.707106781186546,-0.707106781186549,0.));
#8795=DIRECTION('ref_axis',(0.707106781186549,0.707106781186546,0.));
#8796=DIRECTION('',(1.,0.,0.));
#8797=DIRECTION('center_axis',(0.,-1.,0.));
#8798=DIRECTION('ref_axis',(0.707106781186546,0.,-0.707106781186549));
#8799=DIRECTION('',(0.,1.,0.));
#8800=DIRECTION('',(0.,-1.,0.));
#8801=DIRECTION('center_axis',(1.,0.,0.));
#8802=DIRECTION('ref_axis',(0.,1.,0.));
#8803=DIRECTION('',(0.,0.,-1.));
#8804=DIRECTION('',(0.,1.,0.));
#8805=DIRECTION('',(0.,0.,1.));
#8806=DIRECTION('center_axis',(1.,0.,0.));
#8807=DIRECTION('ref_axis',(0.,0.707106781186548,-0.707106781186547));
#8808=DIRECTION('',(0.,1.,0.));
#8809=DIRECTION('',(0.,0.,1.));
#8810=DIRECTION('center_axis',(0.,0.,1.));
#8811=DIRECTION('ref_axis',(0.707106781186548,0.707106781186548,0.));
#8812=DIRECTION('',(0.,0.,1.));
#8813=DIRECTION('center_axis',(0.,0.,-1.));
#8814=DIRECTION('ref_axis',(0.,1.,0.));
#8815=DIRECTION('center_axis',(0.,1.,0.));
#8816=DIRECTION('ref_axis',(-1.,0.,0.));
#8817=DIRECTION('',(0.,0.,1.));
#8818=DIRECTION('',(-1.,0.,0.));
#8819=DIRECTION('',(0.,0.,1.));
#8820=DIRECTION('',(-1.,0.,0.));
#8821=DIRECTION('center_axis',(1.,0.,0.));
#8822=DIRECTION('ref_axis',(0.,1.,0.));
#8823=DIRECTION('',(0.,1.,0.));
#8824=DIRECTION('center_axis',(0.,0.,1.));
#8825=DIRECTION('ref_axis',(0.707106781186548,0.707106781186548,0.));
#8826=DIRECTION('center_axis',(0.,0.,1.));
#8827=DIRECTION('ref_axis',(1.,0.,0.));
#8828=DIRECTION('',(0.,0.,1.));
#8829=DIRECTION('center_axis',(0.,0.,-1.));
#8830=DIRECTION('ref_axis',(0.,1.,0.));
#8831=DIRECTION('',(0.,0.,-1.));
#8832=DIRECTION('center_axis',(-1.,0.,0.));
#8833=DIRECTION('ref_axis',(0.,0.707106781186553,0.707106781186542));
#8834=DIRECTION('center_axis',(-1.,0.,0.));
#8835=DIRECTION('ref_axis',(0.,0.,1.));
#8836=DIRECTION('',(-1.,0.,0.));
#8837=DIRECTION('center_axis',(1.,0.,0.));
#8838=DIRECTION('ref_axis',(0.,1.,0.));
#8839=DIRECTION('',(1.,0.,0.));
#8840=DIRECTION('center_axis',(-0.816496580927738,0.408248290463855,0.408248290463848));
#8841=DIRECTION('ref_axis',(0.577350269189624,0.577350269189624,0.577350269189629));
#8842=DIRECTION('center_axis',(0.,1.,0.));
#8843=DIRECTION('ref_axis',(0.707106781186543,0.,0.707106781186552));
#8844=DIRECTION('center_axis',(0.,0.,-1.));
#8845=DIRECTION('ref_axis',(-0.707106781186541,0.707106781186554,0.));
#8846=DIRECTION('center_axis',(0.,0.,-1.));
#8847=DIRECTION('ref_axis',(-1.,0.,0.));
#8848=DIRECTION('',(0.,0.,-1.));
#8849=DIRECTION('center_axis',(0.,0.,1.));
#8850=DIRECTION('ref_axis',(0.,1.,0.));
#8851=DIRECTION('',(0.,0.,1.));
#8852=DIRECTION('center_axis',(-0.816496580927729,-0.408248290463861,-0.408248290463859));
#8853=DIRECTION('ref_axis',(-0.577350269189626,0.577350269189626,0.577350269189626));
#8854=DIRECTION('center_axis',(0.,1.,0.));
#8855=DIRECTION('ref_axis',(-0.707106781186546,0.,0.707106781186549));
#8856=DIRECTION('center_axis',(1.,0.,0.));
#8857=DIRECTION('ref_axis',(0.,0.707106781186553,-0.707106781186542));
#8858=DIRECTION('center_axis',(1.,0.,-4.44089209850063E-15));
#8859=DIRECTION('ref_axis',(-4.44089209850063E-15,0.,-1.));
#8860=DIRECTION('',(1.,0.,0.));
#8861=DIRECTION('center_axis',(-1.,0.,0.));
#8862=DIRECTION('ref_axis',(0.,1.,0.));
#8863=DIRECTION('',(-1.,0.,0.));
#8864=DIRECTION('center_axis',(0.408248290463859,-0.408248290463859,-0.81649658092773));
#8865=DIRECTION('ref_axis',(-0.577350269189632,0.577350269189625,-0.577350269189621));
#8866=DIRECTION('center_axis',(0.,1.,0.));
#8867=DIRECTION('ref_axis',(-0.70710678118655,0.,-0.707106781186545));
#8868=DIRECTION('center_axis',(-0.816496580927727,0.408248290463863,-0.408248290463861));
#8869=DIRECTION('ref_axis',(0.577350269189625,0.577350269189625,-0.577350269189627));
#8870=DIRECTION('center_axis',(0.,1.,0.));
#8871=DIRECTION('ref_axis',(0.707106781186543,0.,-0.707106781186552));
#8872=DIRECTION('center_axis',(0.,-1.,0.));
#8873=DIRECTION('ref_axis',(-0.707106781186547,0.,0.707106781186548));
#8874=DIRECTION('',(0.,-1.,0.));
#8875=DIRECTION('center_axis',(0.,1.,0.));
#8876=DIRECTION('ref_axis',(-1.,0.,0.));
#8877=DIRECTION('',(0.,1.,0.));
#8878=DIRECTION('center_axis',(-1.,0.,0.));
#8879=DIRECTION('ref_axis',(0.,-1.,0.));
#8880=DIRECTION('',(0.,1.,0.));
#8881=DIRECTION('',(0.,0.,1.));
#8882=DIRECTION('center_axis',(1.,0.,0.));
#8883=DIRECTION('ref_axis',(0.,1.,0.));
#8884=DIRECTION('center_axis',(0.,-1.,0.));
#8885=DIRECTION('ref_axis',(-0.707106781186549,0.,-0.707106781186546));
#8886=DIRECTION('',(0.,-1.,0.));
#8887=DIRECTION('center_axis',(0.,-1.,0.));
#8888=DIRECTION('ref_axis',(-1.,0.,0.));
#8889=DIRECTION('center_axis',(0.,0.,1.));
#8890=DIRECTION('ref_axis',(1.,0.,0.));
#8891=DIRECTION('',(1.,0.,0.));
#8892=DIRECTION('',(0.,-1.,0.));
#8893=DIRECTION('',(-1.,0.,0.));
#8894=DIRECTION('',(0.,1.,0.));
#8895=DIRECTION('',(0.999999924767206,-0.000387898932957504,0.));
#8896=DIRECTION('',(0.,-1.,0.));
#8897=DIRECTION('center_axis',(0.,0.,-1.));
#8898=DIRECTION('ref_axis',(0.70710678118655,0.707106781186545,0.));
#8899=DIRECTION('',(1.,3.94745964311167E-15,0.));
#8900=DIRECTION('center_axis',(0.,0.,-1.));
#8901=DIRECTION('ref_axis',(-0.707106781186547,0.707106781186548,0.));
#8902=DIRECTION('',(0.,1.,0.));
#8903=DIRECTION('center_axis',(0.,0.,1.));
#8904=DIRECTION('ref_axis',(0.707106781186548,-0.707106781186547,0.));
#8905=DIRECTION('',(1.,0.,0.));
#8906=DIRECTION('',(-7.20005667388637E-17,-1.,0.));
#8907=DIRECTION('',(-1.,1.75442650804963E-15,0.));
#8908=DIRECTION('center_axis',(0.,0.,1.));
#8909=DIRECTION('ref_axis',(0.707106781186547,0.707106781186547,0.));
#8910=DIRECTION('',(0.,1.,0.));
#8911=DIRECTION('center_axis',(0.,0.,-1.));
#8912=DIRECTION('ref_axis',(-0.707106781186534,-0.70710678118656,0.));
#8913=DIRECTION('',(-1.,0.,0.));
#8914=DIRECTION('center_axis',(0.,0.,-1.));
#8915=DIRECTION('ref_axis',(0.707106781186568,-0.707106781186527,0.));
#8916=DIRECTION('',(0.,1.,0.));
#8917=DIRECTION('',(1.,0.,0.));
#8918=DIRECTION('',(0.,-1.,0.));
#8919=DIRECTION('center_axis',(0.,0.,1.));
#8920=DIRECTION('ref_axis',(1.,0.,0.));
#8921=DIRECTION('center_axis',(0.,0.,1.));
#8922=DIRECTION('ref_axis',(1.,0.,0.));
#8923=DIRECTION('center_axis',(0.,0.,1.));
#8924=DIRECTION('ref_axis',(1.,0.,0.));
#8925=DIRECTION('center_axis',(0.,0.,1.));
#8926=DIRECTION('ref_axis',(1.,0.,0.));
#8927=DIRECTION('center_axis',(0.,1.,0.));
#8928=DIRECTION('ref_axis',(-1.,0.,0.));
#8929=DIRECTION('center_axis',(1.,0.,0.));
#8930=DIRECTION('ref_axis',(0.,0.707106781186549,-0.707106781186546));
#8931=DIRECTION('center_axis',(1.,0.,0.));
#8932=DIRECTION('ref_axis',(0.,0.,-1.));
#8933=DIRECTION('',(1.,0.,0.));
#8934=DIRECTION('center_axis',(-1.,0.,0.));
#8935=DIRECTION('ref_axis',(0.,1.,0.));
#8936=DIRECTION('center_axis',(0.,1.,0.));
#8937=DIRECTION('ref_axis',(-0.70710678118654,0.,-0.707106781186555));
#8938=DIRECTION('center_axis',(0.,-1.,0.));
#8939=DIRECTION('ref_axis',(-1.,0.,0.));
#8940=DIRECTION('center_axis',(0.,-1.,0.));
#8941=DIRECTION('ref_axis',(-0.70710678118654,0.,-0.707106781186555));
#8942=DIRECTION('',(0.,1.,0.));
#8943=DIRECTION('center_axis',(-0.408248290463859,-0.816496580927729,-0.408248290463861));
#8944=DIRECTION('ref_axis',(-0.577350269189624,0.577350269189624,-0.57735026918963));
#8945=DIRECTION('center_axis',(0.,0.,-1.));
#8946=DIRECTION('ref_axis',(-0.707106781186543,0.707106781186552,0.));
#8947=DIRECTION('center_axis',(0.,0.,1.));
#8948=DIRECTION('ref_axis',(0.707106781186551,0.707106781186544,0.));
#8949=DIRECTION('center_axis',(0.,0.,1.));
#8950=DIRECTION('ref_axis',(1.,0.,0.));
#8951=DIRECTION('',(0.,0.,1.));
#8952=DIRECTION('center_axis',(0.,0.,-1.));
#8953=DIRECTION('ref_axis',(0.,1.,0.));
#8954=DIRECTION('',(0.,0.,-1.));
#8955=DIRECTION('center_axis',(-0.816496580927724,0.408248290463866,0.408248290463864));
#8956=DIRECTION('ref_axis',(0.577350269189623,0.577350269189627,0.577350269189627));
#8957=DIRECTION('center_axis',(1.,0.,0.));
#8958=DIRECTION('ref_axis',(0.,0.70710678118655,0.707106781186545));
#8959=DIRECTION('center_axis',(0.,1.,0.));
#8960=DIRECTION('ref_axis',(0.707106781186549,0.,0.707106781186546));
#8961=DIRECTION('center_axis',(-0.816496580927725,0.408248290463866,-0.408248290463862));
#8962=DIRECTION('ref_axis',(0.577350269189623,0.57735026918963,-0.577350269189625));
#8963=DIRECTION('center_axis',(0.,1.,0.));
#8964=DIRECTION('ref_axis',(0.707106781186549,0.,-0.707106781186546));
#8965=DIRECTION('center_axis',(0.,-1.,0.));
#8966=DIRECTION('ref_axis',(0.707106781186553,0.,-0.707106781186543));
#8967=DIRECTION('',(0.,-1.,0.));
#8968=DIRECTION('center_axis',(-3.33066907387548E-15,1.,0.));
#8969=DIRECTION('ref_axis',(1.,3.33066907387548E-15,0.));
#8970=DIRECTION('center_axis',(1.,0.,0.));
#8971=DIRECTION('ref_axis',(0.,1.,0.));
#8972=DIRECTION('',(0.,1.,0.));
#8973=DIRECTION('',(0.,0.,-1.));
#8974=DIRECTION('',(0.,1.,0.));
#8975=DIRECTION('',(0.,0.,1.));
#8976=DIRECTION('center_axis',(0.,1.,0.));
#8977=DIRECTION('ref_axis',(0.70710678118654,0.,-0.707106781186555));
#8978=DIRECTION('',(0.,-1.,0.));
#8979=DIRECTION('center_axis',(0.,1.,0.));
#8980=DIRECTION('ref_axis',(1.,0.,0.));
#8981=DIRECTION('center_axis',(0.,0.,1.));
#8982=DIRECTION('ref_axis',(0.707106781186535,-0.70710678118656,0.));
#8983=DIRECTION('center_axis',(0.,0.,1.));
#8984=DIRECTION('ref_axis',(0.,-1.,0.));
#8985=DIRECTION('',(0.,0.,1.));
#8986=DIRECTION('center_axis',(0.,0.,-1.));
#8987=DIRECTION('ref_axis',(1.,0.,0.));
#8988=DIRECTION('',(0.,0.,-1.));
#8989=DIRECTION('center_axis',(0.,1.,0.));
#8990=DIRECTION('ref_axis',(0.70710678118654,0.,0.707106781186555));
#8991=DIRECTION('center_axis',(0.,1.,0.));
#8992=DIRECTION('ref_axis',(0.,0.,1.));
#8993=DIRECTION('',(0.,1.,0.));
#8994=DIRECTION('center_axis',(0.,0.707106781186542,0.707106781186553));
#8995=DIRECTION('ref_axis',(-1.47196168001603E-16,-0.707106781186553,0.707106781186542));
#8996=DIRECTION('',(0.,-1.,0.));
#8997=DIRECTION('center_axis',(-0.816496580927727,-0.408248290463863,0.408248290463861));
#8998=DIRECTION('ref_axis',(0.577350269189625,-0.577350269189625,0.577350269189627));
#8999=DIRECTION('center_axis',(1.,0.,0.));
#9000=DIRECTION('ref_axis',(0.,-0.707106781186549,0.707106781186546));
#9001=DIRECTION('center_axis',(-0.816496580927727,-0.408248290463863,-0.408248290463861));
#9002=DIRECTION('ref_axis',(0.577350269189625,-0.577350269189625,-0.577350269189627));
#9003=DIRECTION('center_axis',(1.,0.,0.));
#9004=DIRECTION('ref_axis',(0.,-0.707106781186549,-0.707106781186546));
#9005=DIRECTION('center_axis',(1.,0.,0.));
#9006=DIRECTION('ref_axis',(0.,-0.707106781186553,-0.707106781186543));
#9007=DIRECTION('',(-1.,0.,0.));
#9008=DIRECTION('center_axis',(-1.,0.,1.77635683940025E-14));
#9009=DIRECTION('ref_axis',(0.,-1.,0.));
#9010=DIRECTION('center_axis',(0.,-1.,0.));
#9011=DIRECTION('ref_axis',(1.,0.,0.));
#9012=DIRECTION('',(1.,0.,0.));
#9013=DIRECTION('',(0.,0.,1.));
#9014=DIRECTION('center_axis',(1.,0.,0.));
#9015=DIRECTION('ref_axis',(0.,-0.707106781186553,0.707106781186542));
#9016=DIRECTION('',(-1.,0.,0.));
#9017=DIRECTION('center_axis',(-1.,-1.77635683940023E-14,0.));
#9018=DIRECTION('ref_axis',(0.,0.,1.));
#9019=DIRECTION('center_axis',(0.,0.,1.));
#9020=DIRECTION('ref_axis',(1.,0.,0.));
#9021=DIRECTION('',(1.,0.,0.));
#9022=DIRECTION('center_axis',(0.,0.,-1.));
#9023=DIRECTION('ref_axis',(-0.707106781186548,-0.707106781186548,0.));
#9024=DIRECTION('',(0.,1.,0.));
#9025=DIRECTION('',(1.,0.,0.));
#9026=DIRECTION('',(0.,1.,0.));
#9027=DIRECTION('center_axis',(0.,-1.,0.));
#9028=DIRECTION('ref_axis',(-0.70710678118654,0.,0.707106781186555));
#9029=DIRECTION('center_axis',(-0.707106781186554,0.707106781186541,0.));
#9030=DIRECTION('ref_axis',(-0.707106781186541,-0.707106781186554,0.));
#9031=DIRECTION('',(0.,-1.,0.));
#9032=DIRECTION('center_axis',(0.,1.,0.));
#9033=DIRECTION('ref_axis',(-1.,0.,0.));
#9034=DIRECTION('',(0.,1.,0.));
#9035=DIRECTION('center_axis',(-0.408248290463858,-0.408248290463858,-0.816496580927731));
#9036=DIRECTION('ref_axis',(-0.577350269189628,-0.577350269189628,0.577350269189621));
#9037=DIRECTION('center_axis',(0.,0.,1.));
#9038=DIRECTION('ref_axis',(-0.707106781186548,-0.707106781186548,0.));
#9039=DIRECTION('center_axis',(-1.,0.,0.));
#9040=DIRECTION('ref_axis',(0.,-0.70710678118655,0.707106781186545));
#9041=DIRECTION('center_axis',(-1.,0.,0.));
#9042=DIRECTION('ref_axis',(0.,-1.,0.));
#9043=DIRECTION('',(0.,0.,1.));
#9044=DIRECTION('center_axis',(-1.,0.,0.));
#9045=DIRECTION('ref_axis',(0.,0.707106781186553,-0.707106781186542));
#9046=DIRECTION('',(0.,1.,0.));
#9047=DIRECTION('',(0.,0.,1.));
#9048=DIRECTION('center_axis',(1.,0.,0.));
#9049=DIRECTION('ref_axis',(0.,0.707106781186553,0.707106781186542));
#9050=DIRECTION('',(0.,1.,0.));
#9051=DIRECTION('',(0.,0.,-1.));
#9052=DIRECTION('center_axis',(0.,1.,0.));
#9053=DIRECTION('ref_axis',(0.70710678118654,0.,0.707106781186555));
#9054=DIRECTION('',(0.,-1.,0.));
#9055=DIRECTION('center_axis',(0.,1.,0.));
#9056=DIRECTION('ref_axis',(0.,0.,1.));
#9057=DIRECTION('',(0.,1.,0.));
#9058=DIRECTION('center_axis',(-0.816496580927727,-0.408248290463863,0.408248290463862));
#9059=DIRECTION('ref_axis',(0.577350269189626,-0.577350269189626,0.577350269189626));
#9060=DIRECTION('center_axis',(1.,0.,0.));
#9061=DIRECTION('ref_axis',(0.,-0.70710678118655,0.707106781186545));
#9062=DIRECTION('center_axis',(0.,0.,1.));
#9063=DIRECTION('ref_axis',(0.707106781186539,-0.707106781186556,0.));
#9064=DIRECTION('center_axis',(0.,0.,1.));
#9065=DIRECTION('ref_axis',(0.707106781186535,-0.70710678118656,0.));
#9066=DIRECTION('',(0.,0.,-1.));
#9067=DIRECTION('',(0.,0.,1.));
#9068=DIRECTION('center_axis',(1.,0.,0.));
#9069=DIRECTION('ref_axis',(0.,-0.707106781186553,0.707106781186542));
#9070=DIRECTION('',(1.,0.,0.));
#9071=DIRECTION('',(-1.,0.,0.));
#9072=DIRECTION('center_axis',(0.,0.,1.));
#9073=DIRECTION('ref_axis',(-1.,0.,0.));
#9074=DIRECTION('center_axis',(0.,0.,1.));
#9075=DIRECTION('ref_axis',(0.707106781186566,-0.707106781186529,0.));
#9076=DIRECTION('',(1.,0.,0.));
#9077=DIRECTION('center_axis',(0.,0.,1.));
#9078=DIRECTION('ref_axis',(-0.707106781186534,-0.70710678118656,0.));
#9079=DIRECTION('',(0.,-1.,0.));
#9080=DIRECTION('center_axis',(0.,0.,-1.));
#9081=DIRECTION('ref_axis',(0.707106781186547,0.707106781186547,0.));
#9082=DIRECTION('',(1.,-1.75442650804963E-15,0.));
#9083=DIRECTION('',(7.20005667388637E-17,1.,0.));
#9084=DIRECTION('',(-1.,0.,0.));
#9085=DIRECTION('center_axis',(0.,0.,-1.));
#9086=DIRECTION('ref_axis',(0.707106781186548,-0.707106781186547,0.));
#9087=DIRECTION('',(0.,-1.,0.));
#9088=DIRECTION('center_axis',(0.,0.,1.));
#9089=DIRECTION('ref_axis',(-0.707106781186547,0.707106781186548,0.));
#9090=DIRECTION('',(-1.,-3.94745964311167E-15,0.));
#9091=DIRECTION('center_axis',(0.,0.,1.));
#9092=DIRECTION('ref_axis',(0.70710678118655,0.707106781186545,0.));
#9093=DIRECTION('',(0.,1.,0.));
#9094=DIRECTION('',(-0.999999924767206,0.000387898932957504,0.));
#9095=DIRECTION('',(0.,-1.,0.));
#9096=DIRECTION('',(1.,0.,0.));
#9097=DIRECTION('',(0.,1.,0.));
#9098=DIRECTION('center_axis',(0.,0.,1.));
#9099=DIRECTION('ref_axis',(0.707106781186547,-0.707106781186548,0.));
#9100=DIRECTION('',(1.,0.,0.));
#9101=DIRECTION('center_axis',(0.,0.,1.));
#9102=DIRECTION('ref_axis',(-0.707106781186547,-0.707106781186548,0.));
#9103=DIRECTION('',(0.,-1.,0.));
#9104=DIRECTION('',(1.,0.,0.));
#9105=DIRECTION('',(-7.25142266730271E-17,-1.,0.));
#9106=DIRECTION('center_axis',(0.,0.,1.));
#9107=DIRECTION('ref_axis',(-0.873151649036877,0.487448661690831,0.));
#9108=DIRECTION('',(-1.,0.,0.));
#9109=DIRECTION('',(-2.44139202776284E-15,-1.,0.));
#9110=DIRECTION('',(-1.,0.,0.));
#9111=DIRECTION('center_axis',(0.,0.,1.));
#9112=DIRECTION('ref_axis',(-0.707106781186548,-0.707106781186548,0.));
#9113=DIRECTION('',(0.,0.,1.));
#9114=DIRECTION('center_axis',(0.,-1.,0.));
#9115=DIRECTION('ref_axis',(1.,0.,0.));
#9116=DIRECTION('center_axis',(0.,1.,0.));
#9117=DIRECTION('ref_axis',(-0.707106781186556,0.,0.707106781186539));
#9118=DIRECTION('center_axis',(0.,1.,0.));
#9119=DIRECTION('ref_axis',(-0.70710678118654,0.,0.707106781186555));
#9120=DIRECTION('center_axis',(0.,-0.707106781186543,0.707106781186552));
#9121=DIRECTION('ref_axis',(4.90653893338676E-17,0.707106781186552,0.707106781186543));
#9122=DIRECTION('',(0.,1.,0.));
#9123=DIRECTION('center_axis',(-0.707106781186554,0.707106781186541,0.));
#9124=DIRECTION('ref_axis',(-0.707106781186541,-0.707106781186554,4.90653893338675E-17));
#9125=DIRECTION('',(0.,-1.,0.));
#9126=DIRECTION('center_axis',(0.,0.,1.));
#9127=DIRECTION('ref_axis',(1.,0.,0.));
#9128=DIRECTION('',(-1.,0.,0.));
#9129=DIRECTION('',(1.,0.,0.));
#9130=DIRECTION('',(1.,0.,0.));
#9131=DIRECTION('',(2.44139202776284E-15,1.,0.));
#9132=DIRECTION('',(1.,0.,0.));
#9133=DIRECTION('',(0.,-1.,0.));
#9134=DIRECTION('center_axis',(-1.,0.,0.));
#9135=DIRECTION('ref_axis',(0.,0.707106781186553,0.707106781186542));
#9136=DIRECTION('',(-1.,0.,0.));
#9137=DIRECTION('center_axis',(1.,0.,0.));
#9138=DIRECTION('ref_axis',(0.,1.,0.));
#9139=DIRECTION('center_axis',(0.,0.,1.));
#9140=DIRECTION('ref_axis',(-0.707106781186535,0.70710678118656,0.));
#9141=DIRECTION('center_axis',(0.,0.,-1.));
#9142=DIRECTION('ref_axis',(-1.,0.,0.));
#9143=DIRECTION('',(0.,0.,-1.));
#9144=DIRECTION('',(0.,0.,1.));
#9145=DIRECTION('center_axis',(-0.816496580927732,-0.408248290463859,-0.408248290463856));
#9146=DIRECTION('ref_axis',(-0.577350269189625,0.577350269189625,0.577350269189627));
#9147=DIRECTION('center_axis',(0.,1.,0.));
#9148=DIRECTION('ref_axis',(-0.707106781186543,0.,0.707106781186552));
#9149=DIRECTION('center_axis',(0.,-1.,0.));
#9150=DIRECTION('ref_axis',(-0.70710678118654,0.,0.707106781186555));
#9151=DIRECTION('',(0.,-1.,0.));
#9152=DIRECTION('center_axis',(0.,-1.,0.));
#9153=DIRECTION('ref_axis',(-1.,0.,0.));
#9154=DIRECTION('center_axis',(-1.,0.,0.));
#9155=DIRECTION('ref_axis',(0.,-1.,0.));
#9156=DIRECTION('',(0.,1.,0.));
#9157=DIRECTION('',(0.,0.,-1.));
#9158=DIRECTION('center_axis',(-0.816496580927733,0.408248290463859,0.408248290463852));
#9159=DIRECTION('ref_axis',(-0.577350269189615,-0.577350269189629,-0.577350269189634));
#9160=DIRECTION('center_axis',(0.,0.,-1.));
#9161=DIRECTION('ref_axis',(-1.,0.,0.));
#9162=DIRECTION('center_axis',(0.,-1.,0.));
#9163=DIRECTION('ref_axis',(0.,0.,-1.));
#9164=DIRECTION('center_axis',(0.,-1.,0.));
#9165=DIRECTION('ref_axis',(-0.70710678118654,0.,-0.707106781186555));
#9166=DIRECTION('center_axis',(-0.408248290463855,-0.408248290463855,-0.816496580927734));
#9167=DIRECTION('ref_axis',(-0.577350269189635,-0.57735026918962,0.577350269189623));
#9168=DIRECTION('center_axis',(0.,0.,1.));
#9169=DIRECTION('ref_axis',(0.,-1.,0.));
#9170=DIRECTION('center_axis',(0.,0.,1.));
#9171=DIRECTION('ref_axis',(-0.707106781186548,-0.707106781186548,0.));
#9172=DIRECTION('center_axis',(0.,1.,0.));
#9173=DIRECTION('ref_axis',(-1.,0.,0.));
#9174=DIRECTION('center_axis',(0.,0.,-1.));
#9175=DIRECTION('ref_axis',(-1.,0.,0.));
#9176=DIRECTION('center_axis',(1.,4.44089209850056E-14,0.));
#9177=DIRECTION('ref_axis',(-4.44089209850056E-14,1.,0.));
#9178=DIRECTION('center_axis',(0.,0.,-1.));
#9179=DIRECTION('ref_axis',(0.707106781186566,-0.707106781186529,0.));
#9180=DIRECTION('center_axis',(-1.,0.,0.));
#9181=DIRECTION('ref_axis',(0.,0.707106781186553,0.707106781186542));
#9182=DIRECTION('center_axis',(1.,0.,0.));
#9183=DIRECTION('ref_axis',(0.,1.,0.));
#9184=DIRECTION('',(-1.,0.,0.));
#9185=DIRECTION('center_axis',(0.,0.,-1.));
#9186=DIRECTION('ref_axis',(-1.,0.,0.));
#9187=DIRECTION('center_axis',(0.,-1.,0.));
#9188=DIRECTION('ref_axis',(1.,0.,0.));
#9189=DIRECTION('center_axis',(0.,0.,-1.));
#9190=DIRECTION('ref_axis',(-0.707106781186534,-0.707106781186561,0.));
#9191=DIRECTION('center_axis',(0.,1.,0.));
#9192=DIRECTION('ref_axis',(0.707106781186547,0.,0.707106781186548));
#9193=DIRECTION('center_axis',(0.,-1.,0.));
#9194=DIRECTION('ref_axis',(1.,0.,0.));
#9195=DIRECTION('',(0.,1.,0.));
#9196=DIRECTION('center_axis',(1.,0.,0.));
#9197=DIRECTION('ref_axis',(0.,1.,0.));
#9198=DIRECTION('center_axis',(0.,0.,1.));
#9199=DIRECTION('ref_axis',(0.707106781186548,0.707106781186548,0.));
#9200=DIRECTION('center_axis',(-1.,1.75442650804963E-15,0.));
#9201=DIRECTION('ref_axis',(0.,0.707106781186553,0.707106781186542));
#9202=DIRECTION('center_axis',(1.,0.,0.));
#9203=DIRECTION('ref_axis',(0.,1.,0.));
#9204=DIRECTION('',(-1.,1.75442650804963E-15,0.));
#9205=DIRECTION('center_axis',(0.,0.,1.));
#9206=DIRECTION('ref_axis',(-0.707106781186543,0.707106781186552,0.));
#9207=DIRECTION('center_axis',(0.,0.,1.));
#9208=DIRECTION('ref_axis',(2.22044604925028E-15,1.,0.));
#9209=DIRECTION('',(0.,0.,1.));
#9210=DIRECTION('center_axis',(0.,0.,-1.));
#9211=DIRECTION('ref_axis',(-1.,0.,0.));
#9212=DIRECTION('',(0.,0.,-1.));
#9213=DIRECTION('center_axis',(-0.40824829046386,-0.816496580927728,0.408248290463862));
#9214=DIRECTION('ref_axis',(-0.577350269189628,0.577350269189621,0.577350269189628));
#9215=DIRECTION('center_axis',(7.20005667388637E-17,1.,0.));
#9216=DIRECTION('ref_axis',(-0.707106781186546,0.,0.707106781186549));
#9217=DIRECTION('center_axis',(-1.,1.75442650804963E-15,0.));
#9218=DIRECTION('ref_axis',(0.,0.707106781186553,-0.707106781186543));
#9219=DIRECTION('center_axis',(-1.,0.,0.));
#9220=DIRECTION('ref_axis',(0.,1.,0.));
#9221=DIRECTION('center_axis',(1.,0.,0.));
#9222=DIRECTION('ref_axis',(0.,0.,-1.));
#9223=DIRECTION('',(1.,-1.75442650804963E-15,0.));
#9224=DIRECTION('center_axis',(0.,1.,0.));
#9225=DIRECTION('ref_axis',(1.,0.,0.));
#9226=DIRECTION('center_axis',(0.,0.,-1.));
#9227=DIRECTION('ref_axis',(0.707106781186548,0.707106781186548,0.));
#9228=DIRECTION('center_axis',(0.,1.,0.));
#9229=DIRECTION('ref_axis',(0.707106781186546,0.,-0.707106781186549));
#9230=DIRECTION('center_axis',(0.,1.,0.));
#9231=DIRECTION('ref_axis',(1.,0.,0.));
#9232=DIRECTION('',(0.,-1.,0.));
#9233=DIRECTION('center_axis',(0.,0.,1.));
#9234=DIRECTION('ref_axis',(1.,0.,0.));
#9235=DIRECTION('center_axis',(-1.,2.66453525910043E-14,0.));
#9236=DIRECTION('ref_axis',(2.66453525910043E-14,1.,0.));
#9237=DIRECTION('center_axis',(0.,0.,1.));
#9238=DIRECTION('ref_axis',(-0.707106781186534,-0.707106781186561,0.));
#9239=DIRECTION('center_axis',(-1.,0.,0.));
#9240=DIRECTION('ref_axis',(0.,0.707106781186553,-0.707106781186543));
#9241=DIRECTION('center_axis',(-1.,0.,0.));
#9242=DIRECTION('ref_axis',(0.,1.,0.));
#9243=DIRECTION('',(1.,0.,0.));
#9244=DIRECTION('center_axis',(0.,0.,1.));
#9245=DIRECTION('ref_axis',(1.,0.,0.));
#9246=DIRECTION('center_axis',(0.,0.,1.));
#9247=DIRECTION('ref_axis',(0.707106781186568,-0.707106781186527,0.));
#9248=DIRECTION('center_axis',(-0.816496580927736,-0.408248290463861,0.408248290463846));
#9249=DIRECTION('ref_axis',(-0.577350269189613,0.577350269189649,-0.577350269189615));
#9250=DIRECTION('center_axis',(7.20005667388637E-17,1.,0.));
#9251=DIRECTION('ref_axis',(-0.707106781186546,0.,-0.707106781186549));
#9252=DIRECTION('center_axis',(1.,0.,0.));
#9253=DIRECTION('ref_axis',(0.,1.,0.));
#9254=DIRECTION('',(0.,0.,1.));
#9255=DIRECTION('',(0.,0.,1.));
#9256=DIRECTION('center_axis',(0.,0.,1.));
#9257=DIRECTION('ref_axis',(-1.,-2.96059473233368E-14,0.));
#9258=DIRECTION('',(0.,0.,1.));
#9259=DIRECTION('center_axis',(0.,1.,0.));
#9260=DIRECTION('ref_axis',(-1.,0.,0.));
#9261=DIRECTION('',(0.,0.,1.));
#9262=DIRECTION('center_axis',(0.,0.,1.));
#9263=DIRECTION('ref_axis',(4.44089209850059E-14,-1.,0.));
#9264=DIRECTION('center_axis',(-7.20005667388637E-17,-1.,0.));
#9265=DIRECTION('ref_axis',(-0.707106781186547,0.,0.707106781186548));
#9266=DIRECTION('',(-7.20005667388637E-17,-1.,0.));
#9267=DIRECTION('center_axis',(0.,1.,0.));
#9268=DIRECTION('ref_axis',(-1.,0.,0.));
#9269=DIRECTION('center_axis',(-1.,7.20005667388637E-17,0.));
#9270=DIRECTION('ref_axis',(-7.20005667388637E-17,-1.,0.));
#9271=DIRECTION('',(7.20005667388637E-17,1.,0.));
#9272=DIRECTION('',(0.,0.,-1.));
#9273=DIRECTION('center_axis',(7.20005667388637E-17,1.,0.));
#9274=DIRECTION('ref_axis',(-0.707106781186546,0.,-0.707106781186549));
#9275=DIRECTION('center_axis',(0.,-1.,0.));
#9276=DIRECTION('ref_axis',(0.,0.,-1.));
#9277=DIRECTION('center_axis',(-0.816496580927731,-0.408248290463855,0.408248290463862));
#9278=DIRECTION('ref_axis',(-0.577350269189624,0.577350269189638,-0.577350269189616));
#9279=DIRECTION('center_axis',(0.,-1.,0.));
#9280=DIRECTION('ref_axis',(0.,0.,-1.));
#9281=DIRECTION('center_axis',(1.,0.,-4.44089209850063E-15));
#9282=DIRECTION('ref_axis',(0.,1.,0.));
#9283=DIRECTION('center_axis',(0.,0.,1.));
#9284=DIRECTION('ref_axis',(-1.,0.,0.));
#9285=DIRECTION('center_axis',(-1.,0.,0.));
#9286=DIRECTION('ref_axis',(0.,0.707106781186553,-0.707106781186542));
#9287=DIRECTION('',(-1.,0.,0.));
#9288=DIRECTION('center_axis',(0.,0.,1.));
#9289=DIRECTION('ref_axis',(-0.707106781186544,0.707106781186551,0.));
#9290=DIRECTION('center_axis',(0.,0.,1.));
#9291=DIRECTION('ref_axis',(0.,1.,0.));
#9292=DIRECTION('',(0.,0.,-1.));
#9293=DIRECTION('',(0.,0.,1.));
#9294=DIRECTION('center_axis',(-0.447213595499962,-0.894427190999914,0.));
#9295=DIRECTION('ref_axis',(0.894427190999914,-0.447213595499962,0.));
#9296=DIRECTION('center_axis',(0.894427190999916,0.447213595499958,0.));
#9297=DIRECTION('ref_axis',(0.447213595499958,-0.894427190999916,0.));
#9298=DIRECTION('center_axis',(-2.44139202776284E-15,-1.,0.));
#9299=DIRECTION('ref_axis',(-0.707106781186546,0.,-0.707106781186549));
#9300=DIRECTION('',(-2.44139202776284E-15,-1.,0.));
#9301=DIRECTION('center_axis',(0.,1.,0.));
#9302=DIRECTION('ref_axis',(-0.707106781186546,0.,-0.707106781186549));
#9303=DIRECTION('',(-2.44139202776284E-15,-1.,0.));
#9304=DIRECTION('center_axis',(1.,0.,0.));
#9305=DIRECTION('ref_axis',(0.,-0.707106781186553,0.707106781186542));
#9306=DIRECTION('',(1.,0.,0.));
#9307=DIRECTION('center_axis',(0.,-1.,0.));
#9308=DIRECTION('ref_axis',(1.,0.,0.));
#9309=DIRECTION('center_axis',(1.,0.,0.));
#9310=DIRECTION('ref_axis',(0.,-0.707106781186553,0.707106781186543));
#9311=DIRECTION('center_axis',(0.707106781186541,0.707106781186554,0.));
#9312=DIRECTION('ref_axis',(-0.707106781186554,0.707106781186541,0.));
#9313=DIRECTION('center_axis',(0.,1.,0.));
#9314=DIRECTION('ref_axis',(0.707106781186546,0.,0.707106781186549));
#9315=DIRECTION('center_axis',(0.,-0.707106781186542,0.707106781186553));
#9316=DIRECTION('ref_axis',(0.,0.707106781186553,0.707106781186542));
#9317=DIRECTION('center_axis',(1.,0.,0.));
#9318=DIRECTION('ref_axis',(0.,1.,0.));
#9319=DIRECTION('center_axis',(0.,0.980580675690921,-0.19611613513818));
#9320=DIRECTION('ref_axis',(0.,0.19611613513818,0.980580675690921));
#9321=DIRECTION('center_axis',(0.,-0.196116135138182,0.980580675690921));
#9322=DIRECTION('ref_axis',(0.,0.980580675690921,0.196116135138181));
#9323=DIRECTION('center_axis',(1.,0.,0.));
#9324=DIRECTION('ref_axis',(0.,0.,1.));
#9325=DIRECTION('center_axis',(0.,-0.980580675690921,-0.19611613513818));
#9326=DIRECTION('ref_axis',(0.,-0.19611613513818,0.980580675690921));
#9327=DIRECTION('center_axis',(0.,1.,0.));
#9328=DIRECTION('ref_axis',(0.707106781186546,0.,0.707106781186549));
#9329=DIRECTION('',(0.,-1.,0.));
#9330=DIRECTION('center_axis',(0.,0.,1.));
#9331=DIRECTION('ref_axis',(0.707106781186541,0.707106781186554,0.));
#9332=DIRECTION('',(0.,0.,1.));
#9333=DIRECTION('center_axis',(1.,0.,0.));
#9334=DIRECTION('ref_axis',(0.,-0.70710678118654,0.707106781186555));
#9335=DIRECTION('',(-1.,0.,0.));
#9336=DIRECTION('center_axis',(-1.,-5.5511151231259E-15,0.));
#9337=DIRECTION('ref_axis',(0.,0.,1.));
#9338=DIRECTION('center_axis',(0.,0.,1.));
#9339=DIRECTION('ref_axis',(1.,0.,0.));
#9340=DIRECTION('',(1.,0.,0.));
#9341=DIRECTION('center_axis',(0.,0.,-1.));
#9342=DIRECTION('ref_axis',(0.707106781186541,-0.707106781186554,0.));
#9343=DIRECTION('',(0.,1.,0.));
#9344=DIRECTION('center_axis',(-1.,0.,0.));
#9345=DIRECTION('ref_axis',(0.,0.70710678118654,0.707106781186555));
#9346=DIRECTION('',(-1.,0.,0.));
#9347=DIRECTION('center_axis',(-1.,2.44139202776284E-15,0.));
#9348=DIRECTION('ref_axis',(0.,0.70710678118654,0.707106781186555));
#9349=DIRECTION('center_axis',(0.,1.,0.));
#9350=DIRECTION('ref_axis',(-1.,0.,0.));
#9351=DIRECTION('',(0.,0.,-1.));
#9352=DIRECTION('center_axis',(0.,0.,1.));
#9353=DIRECTION('ref_axis',(0.707106781186541,-0.707106781186554,0.));
#9354=DIRECTION('',(0.,0.,1.));
#9355=DIRECTION('center_axis',(0.,0.,-1.));
#9356=DIRECTION('ref_axis',(1.,0.,0.));
#9357=DIRECTION('',(0.,0.,-1.));
#9358=DIRECTION('center_axis',(-0.816496580927728,-0.408248290463861,0.408248290463861));
#9359=DIRECTION('ref_axis',(0.577350269189626,-0.577350269189626,0.577350269189625));
#9360=DIRECTION('center_axis',(-2.44139202776284E-15,-1.,0.));
#9361=DIRECTION('ref_axis',(0.707106781186546,0.,0.707106781186549));
#9362=DIRECTION('center_axis',(1.,0.,0.));
#9363=DIRECTION('ref_axis',(0.,-0.70710678118655,0.707106781186545));
#9364=DIRECTION('center_axis',(1.,-2.44139202776284E-15,0.));
#9365=DIRECTION('ref_axis',(2.44139202776284E-15,1.,0.));
#9366=DIRECTION('',(2.44139202776284E-15,1.,0.));
#9367=DIRECTION('center_axis',(-1.,2.44139202776284E-15,0.));
#9368=DIRECTION('ref_axis',(0.,1.,0.));
#9369=DIRECTION('center_axis',(-1.,2.44139202776284E-15,0.));
#9370=DIRECTION('ref_axis',(0.,1.,0.));
#9371=DIRECTION('center_axis',(2.44139202776284E-15,1.,0.));
#9372=DIRECTION('ref_axis',(0.707106781186547,0.,0.707106781186548));
#9373=DIRECTION('center_axis',(1.,0.,0.));
#9374=DIRECTION('ref_axis',(0.,-0.707106781186553,0.707106781186542));
#9375=DIRECTION('center_axis',(1.,0.,0.));
#9376=DIRECTION('ref_axis',(0.,0.,1.));
#9377=DIRECTION('',(1.,0.,0.));
#9378=DIRECTION('center_axis',(0.,0.,1.));
#9379=DIRECTION('ref_axis',(1.,0.,0.));
#9380=DIRECTION('center_axis',(0.,1.,0.));
#9381=DIRECTION('ref_axis',(0.707106781186547,0.,0.707106781186548));
#9382=DIRECTION('center_axis',(0.,0.,1.));
#9383=DIRECTION('ref_axis',(0.,1.,0.));
#9384=DIRECTION('center_axis',(0.,0.,1.));
#9385=DIRECTION('ref_axis',(-0.707106781186543,0.707106781186552,0.));
#9386=DIRECTION('center_axis',(0.,0.,-1.));
#9387=DIRECTION('ref_axis',(-1.,0.,0.));
#9388=DIRECTION('',(0.,0.,1.));
#9389=DIRECTION('',(0.,0.,-1.));
#9390=DIRECTION('center_axis',(-1.,0.,0.));
#9391=DIRECTION('ref_axis',(0.,0.707106781186553,-0.707106781186542));
#9392=DIRECTION('center_axis',(-1.,0.,0.));
#9393=DIRECTION('ref_axis',(0.,0.707106781186553,-0.707106781186542));
#9394=DIRECTION('',(-1.,0.,0.));
#9395=DIRECTION('center_axis',(-1.,0.,0.));
#9396=DIRECTION('ref_axis',(0.,1.,0.));
#9397=DIRECTION('',(1.,0.,0.));
#9398=DIRECTION('center_axis',(-0.816496580927729,-0.408248290463861,0.40824829046386));
#9399=DIRECTION('ref_axis',(-0.577350269189626,0.577350269189626,-0.577350269189626));
#9400=DIRECTION('center_axis',(-7.25142266730271E-17,-1.,0.));
#9401=DIRECTION('ref_axis',(-0.70710678118655,0.,-0.707106781186545));
#9402=DIRECTION('center_axis',(0.,-1.,0.));
#9403=DIRECTION('ref_axis',(1.,0.,0.));
#9404=DIRECTION('',(0.,0.,1.));
#9405=DIRECTION('center_axis',(0.,1.,0.));
#9406=DIRECTION('ref_axis',(-0.707106781186548,0.,0.707106781186547));
#9407=DIRECTION('center_axis',(-1.,0.,0.));
#9408=DIRECTION('ref_axis',(0.,-1.,0.));
#9409=DIRECTION('',(0.,1.,0.));
#9410=DIRECTION('',(0.,0.,-1.));
#9411=DIRECTION('',(0.,-1.,0.));
#9412=DIRECTION('center_axis',(0.,0.,1.));
#9413=DIRECTION('ref_axis',(1.,0.,0.));
#9414=DIRECTION('',(7.25142266730271E-17,1.,0.));
#9415=DIRECTION('',(1.,0.,0.));
#9416=DIRECTION('',(0.,1.,0.));
#9417=DIRECTION('',(1.,0.,0.));
#9418=DIRECTION('',(0.,-1.,0.));
#9419=DIRECTION('',(-1.,0.,0.));
#9420=DIRECTION('center_axis',(1.,0.,0.));
#9421=DIRECTION('ref_axis',(0.,-0.70710678118654,0.707106781186555));
#9422=DIRECTION('center_axis',(-0.707106781186547,0.,-0.707106781186548));
#9423=DIRECTION('ref_axis',(-0.707106781186548,0.,0.707106781186547));
#9424=DIRECTION('center_axis',(-0.408248290463867,-0.408248290463867,-0.816496580927722));
#9425=DIRECTION('ref_axis',(-0.57735026918964,-0.577350269189605,0.577350269189633));
#9426=DIRECTION('center_axis',(0.,-1.,0.));
#9427=DIRECTION('ref_axis',(-1.,0.,0.));
#9428=DIRECTION('center_axis',(6.93889390390718E-16,0.,1.));
#9429=DIRECTION('ref_axis',(0.,-1.,0.));
#9430=DIRECTION('center_axis',(0.,0.,1.));
#9431=DIRECTION('ref_axis',(-0.707106781186555,-0.70710678118654,0.));
#9432=DIRECTION('center_axis',(0.,-1.,0.));
#9433=DIRECTION('ref_axis',(-0.707106781186548,0.,0.707106781186547));
#9434=DIRECTION('center_axis',(0.,1.,0.));
#9435=DIRECTION('ref_axis',(0.707106781186546,0.,0.707106781186549));
#9436=DIRECTION('center_axis',(0.707106781186548,-0.707106781186548,0.));
#9437=DIRECTION('ref_axis',(0.707106781186547,0.707106781186547,0.));
#9438=DIRECTION('center_axis',(-1.,0.,0.));
#9439=DIRECTION('ref_axis',(0.,0.707106781186549,0.707106781186546));
#9440=DIRECTION('center_axis',(1.,0.,0.));
#9441=DIRECTION('ref_axis',(0.,0.707106781186549,0.707106781186546));
#9442=DIRECTION('center_axis',(-1.,0.,0.));
#9443=DIRECTION('ref_axis',(0.,0.707106781186548,0.707106781186547));
#9444=DIRECTION('center_axis',(-1.,0.,0.));
#9445=DIRECTION('ref_axis',(0.,0.,1.));
#9446=DIRECTION('center_axis',(1.,0.,0.));
#9447=DIRECTION('ref_axis',(0.,1.,0.));
#9448=DIRECTION('',(1.,0.,0.));
#9449=DIRECTION('center_axis',(-0.816496580927726,0.408248290463863,0.408248290463862));
#9450=DIRECTION('ref_axis',(0.577350269189623,0.577350269189628,0.577350269189626));
#9451=DIRECTION('center_axis',(0.,1.,0.));
#9452=DIRECTION('ref_axis',(0.707106781186549,0.,0.707106781186546));
#9453=DIRECTION('center_axis',(0.,0.,1.));
#9454=DIRECTION('ref_axis',(-0.707106781186548,0.707106781186548,0.));
#9455=DIRECTION('center_axis',(0.,0.,-1.));
#9456=DIRECTION('ref_axis',(-1.,0.,0.));
#9457=DIRECTION('',(0.,0.,1.));
#9458=DIRECTION('center_axis',(-0.816496580927726,-0.408248290463863,-0.408248290463862));
#9459=DIRECTION('ref_axis',(-0.577350269189624,0.577350269189628,0.577350269189626));
#9460=DIRECTION('center_axis',(0.,1.,0.));
#9461=DIRECTION('ref_axis',(-0.707106781186549,0.,0.707106781186546));
#9462=DIRECTION('center_axis',(0.,1.,0.));
#9463=DIRECTION('ref_axis',(0.707106781186548,0.,0.707106781186547));
#9464=DIRECTION('',(0.,-1.,0.));
#9465=DIRECTION('center_axis',(0.,-1.,0.));
#9466=DIRECTION('ref_axis',(1.,0.,0.));
#9467=DIRECTION('center_axis',(0.,0.,1.));
#9468=DIRECTION('ref_axis',(1.,0.,0.));
#9469=DIRECTION('',(0.,1.,0.));
#9470=DIRECTION('center_axis',(0.,0.,1.));
#9471=DIRECTION('ref_axis',(0.707106781186547,0.707106781186547,0.));
#9472=DIRECTION('',(-1.,0.,0.));
#9473=DIRECTION('center_axis',(0.,0.,-1.));
#9474=DIRECTION('ref_axis',(0.707106781186547,-0.707106781186547,0.));
#9475=DIRECTION('center_axis',(0.,-1.,0.));
#9476=DIRECTION('ref_axis',(-0.707106781186548,0.,0.707106781186547));
#9477=DIRECTION('',(0.,-1.,0.));
#9478=DIRECTION('center_axis',(0.,1.,0.));
#9479=DIRECTION('ref_axis',(-1.,0.,0.));
#9480=DIRECTION('center_axis',(-1.,0.,0.));
#9481=DIRECTION('ref_axis',(0.,-1.,0.));
#9482=DIRECTION('',(0.,0.,-1.));
#9483=DIRECTION('center_axis',(1.,0.,0.));
#9484=DIRECTION('ref_axis',(0.,-0.707106781186548,0.707106781186547));
#9485=DIRECTION('center_axis',(1.,0.,0.));
#9486=DIRECTION('ref_axis',(0.,0.,1.));
#9487=DIRECTION('',(1.,0.,0.));
#9488=DIRECTION('center_axis',(-1.,0.,0.));
#9489=DIRECTION('ref_axis',(0.,-1.,0.));
#9490=DIRECTION('center_axis',(0.,0.,1.));
#9491=DIRECTION('ref_axis',(0.707106781186548,-0.707106781186548,0.));
#9492=DIRECTION('center_axis',(0.,0.,1.));
#9493=DIRECTION('ref_axis',(0.707106781186546,-0.707106781186549,0.));
#9494=DIRECTION('',(0.,0.,-1.));
#9495=DIRECTION('center_axis',(0.,0.,-1.));
#9496=DIRECTION('ref_axis',(1.,0.,0.));
#9497=DIRECTION('center_axis',(0.,0.,1.));
#9498=DIRECTION('ref_axis',(1.,0.,0.));
#9499=DIRECTION('center_axis',(0.,0.,-1.));
#9500=DIRECTION('ref_axis',(0.707106781186548,0.707106781186548,0.));
#9501=DIRECTION('center_axis',(-7.25142266730271E-17,-1.,0.));
#9502=DIRECTION('ref_axis',(-0.707106781186549,0.,-0.707106781186546));
#9503=DIRECTION('',(-7.25142266730271E-17,-1.,0.));
#9504=DIRECTION('center_axis',(0.,1.,0.));
#9505=DIRECTION('ref_axis',(-0.707106781186549,0.,-0.707106781186546));
#9506=DIRECTION('center_axis',(0.,0.,1.));
#9507=DIRECTION('ref_axis',(0.707106781186546,0.707106781186549,0.));
#9508=DIRECTION('',(0.,0.,1.));
#9509=DIRECTION('center_axis',(0.,0.,-1.));
#9510=DIRECTION('ref_axis',(0.,1.,0.));
#9511=DIRECTION('',(0.,0.,-1.));
#9512=DIRECTION('center_axis',(7.25142266730271E-17,1.,0.));
#9513=DIRECTION('ref_axis',(0.707106781186547,0.,0.707106781186548));
#9514=DIRECTION('center_axis',(-0.70710678118655,0.707106781186545,1.57009245868378E-15));
#9515=DIRECTION('ref_axis',(-0.707106781186545,-0.70710678118655,1.57009245868377E-15));
#9516=DIRECTION('',(7.25142266730271E-17,1.,0.));
#9517=DIRECTION('center_axis',(-1.,0.,0.));
#9518=DIRECTION('ref_axis',(0.,0.70710678118655,0.707106781186545));
#9519=DIRECTION('center_axis',(-1.,0.,0.));
#9520=DIRECTION('ref_axis',(0.,0.,1.));
#9521=DIRECTION('',(-1.,0.,0.));
#9522=DIRECTION('center_axis',(0.408248290463867,0.408248290463859,-0.816496580927726));
#9523=DIRECTION('ref_axis',(0.57735026918963,0.577350269189623,0.577350269189625));
#9524=DIRECTION('center_axis',(0.,1.,0.));
#9525=DIRECTION('ref_axis',(0.70710678118655,0.,0.707106781186545));
#9526=DIRECTION('center_axis',(1.,0.,0.));
#9527=DIRECTION('ref_axis',(0.,1.,0.));
#9528=DIRECTION('',(0.,1.,0.));
#9529=DIRECTION('',(0.,0.,1.));
#9530=DIRECTION('',(0.,-1.,0.));
#9531=DIRECTION('center_axis',(-1.,0.,0.));
#9532=DIRECTION('ref_axis',(0.,1.,0.));
#9533=DIRECTION('center_axis',(-1.,0.,0.));
#9534=DIRECTION('ref_axis',(0.,1.,0.));
#9535=DIRECTION('',(0.,-1.,0.));
#9536=DIRECTION('',(0.,0.,1.));
#9537=DIRECTION('center_axis',(0.,1.,0.));
#9538=DIRECTION('ref_axis',(0.70710678118655,0.,0.707106781186545));
#9539=DIRECTION('center_axis',(0.,-1.,0.));
#9540=DIRECTION('ref_axis',(1.,0.,0.));
#9541=DIRECTION('center_axis',(-0.816496580927727,0.408248290463863,0.408248290463862));
#9542=DIRECTION('ref_axis',(-0.577350269189626,-0.577350269189627,-0.577350269189625));
#9543=DIRECTION('center_axis',(0.,0.,-1.));
#9544=DIRECTION('ref_axis',(-1.,0.,0.));
#9545=DIRECTION('center_axis',(-1.,0.,4.44089209850063E-15));
#9546=DIRECTION('ref_axis',(0.,-1.,0.));
#9547=DIRECTION('center_axis',(1.,0.,0.));
#9548=DIRECTION('ref_axis',(0.,-0.707106781186549,-0.707106781186546));
#9549=DIRECTION('center_axis',(-1.,0.,0.));
#9550=DIRECTION('ref_axis',(0.,0.,-1.));
#9551=DIRECTION('',(-1.,0.,0.));
#9552=DIRECTION('center_axis',(0.,-1.,0.));
#9553=DIRECTION('ref_axis',(0.,0.,-1.));
#9554=DIRECTION('center_axis',(0.,0.,-1.));
#9555=DIRECTION('ref_axis',(0.707106781186548,-0.707106781186547,0.));
#9556=DIRECTION('center_axis',(0.,1.,0.));
#9557=DIRECTION('ref_axis',(0.707106781186546,0.,-0.707106781186549));
#9558=DIRECTION('center_axis',(2.22044604925032E-15,-1.,0.));
#9559=DIRECTION('ref_axis',(0.,0.,-1.));
#9560=DIRECTION('',(0.,-1.,0.));
#9561=DIRECTION('center_axis',(0.,0.,1.));
#9562=DIRECTION('ref_axis',(1.,0.,0.));
#9563=DIRECTION('center_axis',(-1.,0.,0.));
#9564=DIRECTION('ref_axis',(0.,0.,-1.));
#9565=DIRECTION('center_axis',(0.,0.,1.));
#9566=DIRECTION('ref_axis',(-0.707106781186547,0.707106781186548,0.));
#9567=DIRECTION('center_axis',(1.,3.94745964311167E-15,0.));
#9568=DIRECTION('ref_axis',(0.,-0.707106781186546,-0.707106781186549));
#9569=DIRECTION('center_axis',(-1.,0.,0.));
#9570=DIRECTION('ref_axis',(0.,0.,-1.));
#9571=DIRECTION('',(-1.,-3.94745964311167E-15,0.));
#9572=DIRECTION('center_axis',(0.,0.,1.));
#9573=DIRECTION('ref_axis',(1.,0.,0.));
#9574=DIRECTION('center_axis',(6.66133814775093E-15,1.,0.));
#9575=DIRECTION('ref_axis',(0.,0.,-1.));
#9576=DIRECTION('center_axis',(0.,0.,1.));
#9577=DIRECTION('ref_axis',(0.70710678118655,0.707106781186545,0.));
#9578=DIRECTION('center_axis',(0.,-1.,0.));
#9579=DIRECTION('ref_axis',(-0.707106781186546,0.,-0.707106781186549));
#9580=DIRECTION('center_axis',(0.,1.,-1.11022302462516E-15));
#9581=DIRECTION('ref_axis',(0.,-1.11022302462516E-15,-1.));
#9582=DIRECTION('',(0.,1.,0.));
#9583=DIRECTION('center_axis',(0.408274675967085,0.408116337359657,-0.816549351934168));
#9584=DIRECTION('ref_axis',(-0.577499557082469,-0.577275589050553,-0.577275632480611));
#9585=DIRECTION('center_axis',(-0.999999924767206,0.000387898932957504,
0.));
#9586=DIRECTION('ref_axis',(-0.000274285965908838,-0.707106727988928,-0.707106781186548));
#9587=DIRECTION('center_axis',(0.,0.,-1.));
#9588=DIRECTION('ref_axis',(-0.707243910872676,-0.70696962490161,0.));
#9589=DIRECTION('center_axis',(0.,0.,1.));
#9590=DIRECTION('ref_axis',(-0.707106781186547,-0.707106781186548,0.));
#9591=DIRECTION('center_axis',(0.,0.,-1.));
#9592=DIRECTION('ref_axis',(0.,-1.,0.));
#9593=DIRECTION('',(0.,0.,1.));
#9594=DIRECTION('center_axis',(-0.408248290463863,-0.408248290463861,-0.816496580927727));
#9595=DIRECTION('ref_axis',(-0.577350269189627,-0.577350269189626,0.577350269189625));
#9596=DIRECTION('center_axis',(-1.,0.,0.));
#9597=DIRECTION('ref_axis',(0.,-0.707106781186549,0.707106781186546));
#9598=DIRECTION('center_axis',(1.75442650804963E-15,1.,0.));
#9599=DIRECTION('ref_axis',(-1.,1.75442650804963E-15,0.));
#9600=DIRECTION('',(0.,0.,1.));
#9601=DIRECTION('center_axis',(1.,0.,0.));
#9602=DIRECTION('ref_axis',(0.,-0.707106781186549,0.707106781186546));
#9603=DIRECTION('',(1.,0.,0.));
#9604=DIRECTION('center_axis',(1.,0.,0.));
#9605=DIRECTION('ref_axis',(0.,0.,1.));
#9606=DIRECTION('center_axis',(0.,-1.,0.));
#9607=DIRECTION('ref_axis',(1.,0.,0.));
#9608=DIRECTION('',(0.,0.,1.));
#9609=DIRECTION('center_axis',(0.,-1.,0.));
#9610=DIRECTION('ref_axis',(-0.70710678118655,0.,0.707106781186545));
#9611=DIRECTION('center_axis',(-2.22044604925031E-15,-1.,0.));
#9612=DIRECTION('ref_axis',(0.,0.,1.));
#9613=DIRECTION('',(0.,-1.,0.));
#9614=DIRECTION('center_axis',(0.,1.,-2.22044604925031E-15));
#9615=DIRECTION('ref_axis',(-1.,0.,0.));
#9616=DIRECTION('center_axis',(0.,0.,-1.));
#9617=DIRECTION('ref_axis',(-1.,0.,0.));
#9618=DIRECTION('center_axis',(1.,0.,0.));
#9619=DIRECTION('ref_axis',(0.,0.,1.));
#9620=DIRECTION('center_axis',(0.,0.,-1.));
#9621=DIRECTION('ref_axis',(0.70710678118655,0.707106781186545,0.));
#9622=DIRECTION('center_axis',(1.,3.94745964311167E-15,0.));
#9623=DIRECTION('ref_axis',(0.,-0.70710678118655,0.707106781186545));
#9624=DIRECTION('center_axis',(1.,0.,0.));
#9625=DIRECTION('ref_axis',(0.,0.,1.));
#9626=DIRECTION('',(1.,3.94745964311167E-15,0.));
#9627=DIRECTION('center_axis',(0.,0.,-1.));
#9628=DIRECTION('ref_axis',(-1.,0.,0.));
#9629=DIRECTION('center_axis',(0.,1.,0.));
#9630=DIRECTION('ref_axis',(0.,0.,1.));
#9631=DIRECTION('center_axis',(0.,0.,-1.));
#9632=DIRECTION('ref_axis',(-0.707106781186547,0.707106781186548,0.));
#9633=DIRECTION('center_axis',(0.,1.,0.));
#9634=DIRECTION('ref_axis',(0.70710678118655,0.,0.707106781186545));
#9635=DIRECTION('center_axis',(-3.88578058618804E-15,1.,0.));
#9636=DIRECTION('ref_axis',(0.,0.,1.));
#9637=DIRECTION('',(0.,1.,0.));
#9638=DIRECTION('center_axis',(0.,0.,1.));
#9639=DIRECTION('ref_axis',(0.707106781186548,-0.707106781186547,0.));
#9640=DIRECTION('center_axis',(0.,0.,1.));
#9641=DIRECTION('ref_axis',(-0.707243910872675,-0.70696962490161,0.));
#9642=DIRECTION('',(0.,0.,1.));
#9643=DIRECTION('center_axis',(0.,0.,-1.));
#9644=DIRECTION('ref_axis',(-0.000387898932960873,-0.999999924767206,0.));
#9645=DIRECTION('',(0.,0.,-1.));
#9646=DIRECTION('center_axis',(-0.999999924767206,0.000387898932957504,
0.));
#9647=DIRECTION('ref_axis',(-0.000274285965908519,-0.707106727988929,-0.707106781186548));
#9648=DIRECTION('center_axis',(-0.999999924767206,0.000387898932974196,
0.));
#9649=DIRECTION('ref_axis',(0.,0.,-1.));
#9650=DIRECTION('',(-0.999999924767206,0.000387898932957504,0.));
#9651=DIRECTION('center_axis',(-0.408274675967079,-0.408116337359662,-0.816549351934169));
#9652=DIRECTION('ref_axis',(-0.577499557082462,-0.577275589050558,0.577275632480613));
#9653=DIRECTION('center_axis',(-0.999999924767206,0.000387898932957504,
0.));
#9654=DIRECTION('ref_axis',(-0.000274285965908838,-0.70710672798893,0.707106781186546));
#9655=DIRECTION('center_axis',(-0.408221843530354,-0.81644380993121,0.408380253795026));
#9656=DIRECTION('ref_axis',(0.577200952339668,-0.577424891414465,-0.577424934855756));
#9657=DIRECTION('center_axis',(0.,0.,-1.));
#9658=DIRECTION('ref_axis',(0.706969624901618,-0.707243910872668,0.));
#9659=DIRECTION('center_axis',(0.999999924767206,-0.000387898932957504,
0.));
#9660=DIRECTION('ref_axis',(-0.000274285965908519,-0.70710672798893,0.707106781186546));
#9661=DIRECTION('',(0.999999924767206,-0.000387898932957504,0.));
#9662=DIRECTION('center_axis',(0.999999924767206,-0.000387898932957504,
0.));
#9663=DIRECTION('ref_axis',(-0.000274285965922161,-0.70710672798893,0.707106781186546));
#9664=DIRECTION('center_axis',(-0.000387898932957504,-0.999999924767206,
0.));
#9665=DIRECTION('ref_axis',(0.999999924767206,-0.000387898932957504,0.));
#9666=DIRECTION('',(0.,0.,-1.));
#9667=DIRECTION('center_axis',(0.,0.,-1.));
#9668=DIRECTION('ref_axis',(0.706969624901614,-0.707243910872671,0.));
#9669=DIRECTION('center_axis',(0.,0.,-1.));
#9670=DIRECTION('ref_axis',(1.,0.,0.));
#9671=DIRECTION('center_axis',(0.,1.,0.));
#9672=DIRECTION('ref_axis',(-1.,0.,0.));
#9673=DIRECTION('',(0.,0.,-1.));
#9674=DIRECTION('',(-1.,0.,0.));
#9675=DIRECTION('center_axis',(0.,-1.,0.));
#9676=DIRECTION('ref_axis',(-0.707106781186556,0.,0.707106781186539));
#9677=DIRECTION('',(0.,1.,0.));
#9678=DIRECTION('',(0.,-1.,0.));
#9679=DIRECTION('center_axis',(0.,0.707106781186547,-0.707106781186548));
#9680=DIRECTION('ref_axis',(0.,0.707106781186548,0.707106781186547));
#9681=DIRECTION('center_axis',(0.,0.,1.));
#9682=DIRECTION('ref_axis',(-0.707106781186555,0.70710678118654,0.));
#9683=DIRECTION('',(0.,0.,1.));
#9684=DIRECTION('center_axis',(0.,0.,-1.));
#9685=DIRECTION('ref_axis',(-1.,5.55111512312578E-15,0.));
#9686=DIRECTION('',(0.,0.,-1.));
#9687=DIRECTION('center_axis',(0.,-1.,0.));
#9688=DIRECTION('ref_axis',(-0.70710678118654,0.,0.707106781186555));
#9689=DIRECTION('',(0.,-1.,0.));
#9690=DIRECTION('center_axis',(0.,1.,0.));
#9691=DIRECTION('ref_axis',(-1.,0.,0.));
#9692=DIRECTION('center_axis',(-1.,0.,0.));
#9693=DIRECTION('ref_axis',(0.,-1.,0.));
#9694=DIRECTION('center_axis',(1.,0.,0.));
#9695=DIRECTION('ref_axis',(0.,-0.695970545353752,0.718070330817254));
#9696=DIRECTION('',(0.,1.,0.));
#9697=DIRECTION('',(0.,0.,-1.));
#9698=DIRECTION('center_axis',(0.,1.,0.));
#9699=DIRECTION('ref_axis',(-1.,0.,0.));
#9700=DIRECTION('',(-1.,0.,0.));
#9701=DIRECTION('',(0.,0.,1.));
#9702=DIRECTION('',(-1.,0.,0.));
#9703=DIRECTION('center_axis',(0.,0.,1.));
#9704=DIRECTION('ref_axis',(-0.707106781186541,0.707106781186554,0.));
#9705=DIRECTION('',(0.,0.,1.));
#9706=DIRECTION('center_axis',(0.,0.,-1.));
#9707=DIRECTION('ref_axis',(-1.,0.,0.));
#9708=DIRECTION('center_axis',(0.,-1.,0.));
#9709=DIRECTION('ref_axis',(-0.70710678118654,0.,0.707106781186555));
#9710=DIRECTION('center_axis',(0.,-1.,0.));
#9711=DIRECTION('ref_axis',(0.,0.,1.));
#9712=DIRECTION('',(0.,-1.,0.));
#9713=DIRECTION('center_axis',(0.,1.,0.));
#9714=DIRECTION('ref_axis',(-1.,0.,0.));
#9715=DIRECTION('',(0.,1.,0.));
#9716=DIRECTION('center_axis',(-0.816496580927729,-0.408248290463861,-0.408248290463858));
#9717=DIRECTION('ref_axis',(-0.577350269189623,0.57735026918963,0.577350269189625));
#9718=DIRECTION('center_axis',(-1.,0.,0.));
#9719=DIRECTION('ref_axis',(0.,0.70710678118655,0.707106781186545));
#9720=DIRECTION('center_axis',(0.397603336049785,-0.820846066754373,-0.410028440301349));
#9721=DIRECTION('ref_axis',(-0.57142857142857,-0.571149485418554,0.589285714285715));
#9722=DIRECTION('center_axis',(-1.,0.,0.));
#9723=DIRECTION('ref_axis',(0.,-0.999511599482467,0.0312499999999999));
#9724=DIRECTION('center_axis',(0.,0.0312499999999999,0.999511599482467));
#9725=DIRECTION('ref_axis',(0.,0.999511599482467,-0.0312499999999999));
#9726=DIRECTION('center_axis',(1.,0.,0.));
#9727=DIRECTION('ref_axis',(0.,-0.695970545353752,0.718070330817254));
#9728=DIRECTION('',(-1.,0.,0.));
#9729=DIRECTION('',(1.,0.,0.));
#9730=DIRECTION('center_axis',(-1.,0.,0.));
#9731=DIRECTION('ref_axis',(0.,-1.,0.));
#9732=DIRECTION('',(0.,0.,1.));
#9733=DIRECTION('center_axis',(1.,0.,0.));
#9734=DIRECTION('ref_axis',(0.,0.707106781186546,0.707106781186549));
#9735=DIRECTION('center_axis',(-1.,0.,0.));
#9736=DIRECTION('ref_axis',(0.,0.707106781186548,-0.707106781186547));
#9737=DIRECTION('center_axis',(-1.,0.,0.));
#9738=DIRECTION('ref_axis',(0.,0.707106781186549,0.707106781186546));
#9739=DIRECTION('',(1.,0.,0.));
#9740=DIRECTION('center_axis',(0.,0.,1.));
#9741=DIRECTION('ref_axis',(0.707106781186552,0.707106781186543,0.));
#9742=DIRECTION('center_axis',(0.,0.,-1.));
#9743=DIRECTION('ref_axis',(0.,1.,0.));
#9744=DIRECTION('center_axis',(0.,-0.707106781186547,0.707106781186548));
#9745=DIRECTION('ref_axis',(0.,-0.707106781186548,-0.707106781186547));
#9746=DIRECTION('center_axis',(0.,1.,0.));
#9747=DIRECTION('ref_axis',(0.707106781186553,0.,0.707106781186542));
#9748=DIRECTION('',(0.,-1.,0.));
#9749=DIRECTION('center_axis',(-1.,0.,0.));
#9750=DIRECTION('ref_axis',(0.,0.707106781186548,0.707106781186547));
#9751=DIRECTION('center_axis',(-1.,0.,0.));
#9752=DIRECTION('ref_axis',(0.,0.,1.));
#9753=DIRECTION('center_axis',(-0.816496580927725,0.408248290463864,0.408248290463864));
#9754=DIRECTION('ref_axis',(0.577350269189623,0.577350269189627,0.577350269189627));
#9755=DIRECTION('center_axis',(0.,1.,0.));
#9756=DIRECTION('ref_axis',(0.70710678118655,0.,0.707106781186545));
#9757=DIRECTION('center_axis',(0.,1.,0.));
#9758=DIRECTION('ref_axis',(0.707106781186553,0.,0.707106781186542));
#9759=DIRECTION('center_axis',(0.,1.,2.77555756156289E-15));
#9760=DIRECTION('ref_axis',(0.,-2.77555756156289E-15,1.));
#9761=DIRECTION('center_axis',(-0.408221843530355,-0.816443809931206,-0.408380253795033));
#9762=DIRECTION('ref_axis',(0.577200952339665,-0.577424891414469,0.577424934855755));
#9763=DIRECTION('center_axis',(-1.,0.,0.));
#9764=DIRECTION('ref_axis',(0.,-1.,0.));
#9765=DIRECTION('',(0.,0.,1.));
#9766=DIRECTION('center_axis',(1.,0.,0.));
#9767=DIRECTION('ref_axis',(0.,1.,0.));
#9768=DIRECTION('center_axis',(0.,0.,1.));
#9769=DIRECTION('ref_axis',(1.,0.,0.));
#9770=DIRECTION('center_axis',(1.,0.,0.));
#9771=DIRECTION('ref_axis',(0.,1.,0.));
#9772=DIRECTION('center_axis',(0.,0.,-1.));
#9773=DIRECTION('ref_axis',(0.707106781186547,-0.707106781186548,0.));
#9774=DIRECTION('center_axis',(-1.,0.,0.));
#9775=DIRECTION('ref_axis',(0.,0.707106781186549,0.707106781186546));
#9776=DIRECTION('center_axis',(1.,0.,0.));
#9777=DIRECTION('ref_axis',(0.,1.,0.));
#9778=DIRECTION('',(-1.,0.,0.));
#9779=DIRECTION('center_axis',(0.,0.,1.));
#9780=DIRECTION('ref_axis',(1.,0.,0.));
#9781=DIRECTION('center_axis',(0.,0.,-1.));
#9782=DIRECTION('ref_axis',(-0.707106781186547,-0.707106781186548,0.));
#9783=DIRECTION('center_axis',(0.,1.,0.));
#9784=DIRECTION('ref_axis',(-1.,0.,0.));
#9785=DIRECTION('',(0.,0.,1.));
#9786=DIRECTION('center_axis',(1.,0.,0.));
#9787=DIRECTION('ref_axis',(0.,0.,-1.));
#9788=DIRECTION('center_axis',(1.,0.,0.));
#9789=DIRECTION('ref_axis',(0.,0.707106781186548,-0.707106781186547));
#9790=DIRECTION('center_axis',(0.,0.,1.));
#9791=DIRECTION('ref_axis',(1.,0.,0.));
#9792=DIRECTION('center_axis',(-1.,0.,0.));
#9793=DIRECTION('ref_axis',(0.,0.707106781186548,-0.707106781186547));
#9794=DIRECTION('',(1.,0.,0.));
#9795=DIRECTION('center_axis',(-0.707106781186549,0.707106781186546,0.));
#9796=DIRECTION('ref_axis',(-0.707106781186546,-0.707106781186549,0.));
#9797=DIRECTION('center_axis',(-1.,0.,0.));
#9798=DIRECTION('ref_axis',(0.,0.707106781186546,0.707106781186549));
#9799=DIRECTION('',(-1.,0.,0.));
#9800=DIRECTION('center_axis',(-0.707106781186551,0.707106781186544,0.));
#9801=DIRECTION('ref_axis',(0.707106781186544,0.707106781186551,0.));
#9802=DIRECTION('',(1.,0.,0.));
#9803=DIRECTION('center_axis',(0.,1.,0.));
#9804=DIRECTION('ref_axis',(-1.,0.,0.));
#9805=DIRECTION('center_axis',(0.,1.,0.));
#9806=DIRECTION('ref_axis',(0.707106781186546,0.,0.707106781186549));
#9807=DIRECTION('center_axis',(0.,-1.,0.));
#9808=DIRECTION('ref_axis',(1.,0.,0.));
#9809=DIRECTION('',(0.,-1.,0.));
#9810=DIRECTION('center_axis',(1.,0.,0.));
#9811=DIRECTION('ref_axis',(0.,0.,-1.));
#9812=DIRECTION('center_axis',(-1.,0.,0.));
#9813=DIRECTION('ref_axis',(0.,0.707106781186548,-0.707106781186547));
#9814=DIRECTION('center_axis',(-0.40824829046386,-0.816496580927724,0.408248290463871));
#9815=DIRECTION('ref_axis',(0.577350269189621,-0.577350269189628,-0.577350269189628));
#9816=DIRECTION('center_axis',(0.,0.,1.));
#9817=DIRECTION('ref_axis',(1.,0.,0.));
#9818=DIRECTION('center_axis',(0.,1.,0.));
#9819=DIRECTION('ref_axis',(0.,0.,-1.));
#9820=DIRECTION('center_axis',(-1.,0.,-1.77635683940025E-14));
#9821=DIRECTION('ref_axis',(0.,-1.,0.));
#9822=DIRECTION('center_axis',(0.,1.,0.));
#9823=DIRECTION('ref_axis',(0.70710678118654,0.,-0.707106781186555));
#9824=DIRECTION('',(0.,-1.,0.));
#9825=DIRECTION('center_axis',(0.408248290463866,0.408248290463861,-0.816496580927726));
#9826=DIRECTION('ref_axis',(-0.577350269189629,-0.577350269189624,-0.577350269189624));
#9827=DIRECTION('center_axis',(1.,0.,0.));
#9828=DIRECTION('ref_axis',(0.,0.,-1.));
#9829=DIRECTION('center_axis',(0.,1.,0.));
#9830=DIRECTION('ref_axis',(-1.,0.,0.));
#9831=DIRECTION('center_axis',(0.,0.,1.));
#9832=DIRECTION('ref_axis',(0.,-1.,0.));
#9833=DIRECTION('center_axis',(0.,-1.,0.));
#9834=DIRECTION('ref_axis',(-0.707106781186549,0.,-0.707106781186546));
#9835=DIRECTION('',(0.,1.,0.));
#9836=DIRECTION('center_axis',(0.707106781186548,0.707106781186548,0.));
#9837=DIRECTION('ref_axis',(-0.707106781186547,0.707106781186547,0.));
#9838=DIRECTION('center_axis',(0.,0.,1.));
#9839=DIRECTION('ref_axis',(-0.707106781186546,-0.707106781186549,0.));
#9840=DIRECTION('',(0.,0.,-1.));
#9841=DIRECTION('center_axis',(1.,0.,0.));
#9842=DIRECTION('ref_axis',(0.,-0.707106781186548,-0.707106781186547));
#9843=DIRECTION('',(-1.,0.,0.));
#9844=DIRECTION('',(1.,0.,0.));
#9845=DIRECTION('center_axis',(0.,0.,1.));
#9846=DIRECTION('ref_axis',(0.707106781186552,-0.707106781186543,0.));
#9847=DIRECTION('',(0.,0.,1.));
#9848=DIRECTION('center_axis',(-1.,0.,0.));
#9849=DIRECTION('ref_axis',(0.,0.707106781186548,-0.707106781186547));
#9850=DIRECTION('',(-1.,0.,0.));
#9851=DIRECTION('',(1.,0.,0.));
#9852=DIRECTION('center_axis',(0.,-1.,0.));
#9853=DIRECTION('ref_axis',(1.,0.,0.));
#9854=DIRECTION('center_axis',(0.,0.,1.));
#9855=DIRECTION('ref_axis',(1.,0.,0.));
#9856=DIRECTION('center_axis',(0.,1.,0.));
#9857=DIRECTION('ref_axis',(0.,0.,-1.));
#9858=DIRECTION('',(0.,1.,0.));
#9859=DIRECTION('center_axis',(0.,1.,0.));
#9860=DIRECTION('ref_axis',(0.,0.,-1.));
#9861=DIRECTION('center_axis',(0.,1.,0.));
#9862=DIRECTION('ref_axis',(0.,0.,-1.));
#9863=DIRECTION('center_axis',(0.,-1.,0.));
#9864=DIRECTION('ref_axis',(0.,0.,1.));
#9865=DIRECTION('',(0.,-1.,0.));
#9866=DIRECTION('center_axis',(0.,-1.,0.));
#9867=DIRECTION('ref_axis',(0.,0.,1.));
#9868=DIRECTION('center_axis',(0.,-1.,0.));
#9869=DIRECTION('ref_axis',(0.,0.,1.));
#9870=DIRECTION('center_axis',(-1.,0.,0.));
#9871=DIRECTION('ref_axis',(0.,1.,0.));
#9872=DIRECTION('',(-1.,0.,0.));
#9873=DIRECTION('center_axis',(-1.,0.,0.));
#9874=DIRECTION('ref_axis',(0.,1.,0.));
#9875=DIRECTION('',(-1.,0.,0.));
#9876=DIRECTION('center_axis',(0.,0.,-1.));
#9877=DIRECTION('ref_axis',(1.,0.,0.));
#9878=DIRECTION('',(0.,0.,-1.));
#9879=DIRECTION('center_axis',(0.,0.,-1.));
#9880=DIRECTION('ref_axis',(1.,0.,0.));
#9881=DIRECTION('',(0.,0.,-1.));
#9882=DIRECTION('center_axis',(0.,0.,-1.));
#9883=DIRECTION('ref_axis',(1.,0.,0.));
#9884=DIRECTION('',(0.,0.,-1.));
#9885=DIRECTION('center_axis',(0.,0.,-1.));
#9886=DIRECTION('ref_axis',(1.,0.,0.));
#9887=DIRECTION('',(0.,0.,-1.));
#9888=DIRECTION('center_axis',(1.,0.,0.));
#9889=DIRECTION('ref_axis',(0.,1.,0.));
#9890=DIRECTION('center_axis',(1.,-7.25142266730271E-17,0.));
#9891=DIRECTION('ref_axis',(7.25142266730271E-17,1.,0.));
#9892=DIRECTION('center_axis',(0.,1.,0.));
#9893=DIRECTION('ref_axis',(-1.,0.,0.));
#9894=DIRECTION('center_axis',(3.94745964311167E-15,-1.,0.));
#9895=DIRECTION('ref_axis',(1.,3.94745964311167E-15,0.));
#9896=DIRECTION('',(0.,0.,1.));
#9897=DIRECTION('',(0.,0.,1.));
#9898=DIRECTION('center_axis',(0.,0.,1.));
#9899=DIRECTION('ref_axis',(0.,1.,0.));
#9900=DIRECTION('',(0.,0.,1.));
#9901=DIRECTION('center_axis',(1.,0.,0.));
#9902=DIRECTION('ref_axis',(0.,1.,0.));
#9903=DIRECTION('',(0.,0.,1.));
#9904=DIRECTION('center_axis',(0.,0.,1.));
#9905=DIRECTION('ref_axis',(0.,-1.,0.));
#9906=DIRECTION('center_axis',(0.,0.,1.));
#9907=DIRECTION('ref_axis',(1.,0.,0.));
#9908=DIRECTION('center_axis',(0.,0.,1.));
#9909=DIRECTION('ref_axis',(1.,-7.40148683083437E-15,0.));
#9910=DIRECTION('axis',(0.,0.,1.));
#9911=DIRECTION('refdir',(1.,0.,0.));
#9912=DIRECTION('center_axis',(1.,-1.22464679914735E-16,0.));
#9913=DIRECTION('ref_axis',(8.65956056235499E-17,0.707106781186553,-0.707106781186543));
#9914=DIRECTION('center_axis',(1.,-1.22464679914735E-16,0.));
#9915=DIRECTION('ref_axis',(0.,0.,-1.));
#9916=DIRECTION('',(1.,-1.22464679914735E-16,0.));
#9917=DIRECTION('center_axis',(0.707106781186552,0.707106781186543,0.));
#9918=DIRECTION('ref_axis',(-0.707106781186543,0.707106781186552,4.90653893338683E-17));
#9919=DIRECTION('',(-1.,1.22464679914735E-16,0.));
#9920=DIRECTION('center_axis',(1.22464679914735E-16,1.,0.));
#9921=DIRECTION('ref_axis',(-0.707106781186546,8.65956056235492E-17,-0.707106781186549));
#9922=DIRECTION('',(1.22464679914735E-16,1.,0.));
#9923=DIRECTION('center_axis',(-1.22464679914735E-16,-1.,0.));
#9924=DIRECTION('ref_axis',(-1.,1.22464679914735E-16,0.));
#9925=DIRECTION('',(-1.22464679914735E-16,-1.,0.));
#9926=DIRECTION('center_axis',(0.707106781186541,0.707106781186554,0.));
#9927=DIRECTION('ref_axis',(0.707106781186554,-0.707106781186541,0.));
#9928=DIRECTION('center_axis',(1.,-1.22464679914735E-16,0.));
#9929=DIRECTION('ref_axis',(8.65956056235499E-17,0.707106781186553,-0.707106781186543));
#9930=DIRECTION('',(-1.,1.22464679914735E-16,0.));
#9931=DIRECTION('center_axis',(-0.707106781186554,0.707106781186541,0.));
#9932=DIRECTION('ref_axis',(0.707106781186541,0.707106781186554,1.47196168001605E-16));
#9933=DIRECTION('',(1.,-1.22464679914735E-16,0.));
#9934=DIRECTION('center_axis',(0.816496580927726,0.408248290463866,-0.408248290463861));
#9935=DIRECTION('ref_axis',(-0.577350269189622,0.577350269189633,-0.577350269189623));
#9936=DIRECTION('center_axis',(0.,0.,-1.));
#9937=DIRECTION('ref_axis',(-0.707106781186543,0.707106781186552,0.));
#9938=DIRECTION('center_axis',(1.22464679914735E-16,1.,0.));
#9939=DIRECTION('ref_axis',(-1.,1.22464679914735E-16,0.));
#9940=DIRECTION('',(0.,0.,-1.));
#9941=DIRECTION('',(-1.,1.22464679914735E-16,0.));
#9942=DIRECTION('',(0.,0.,1.));
#9943=DIRECTION('',(-1.,1.22464679914735E-16,0.));
#9944=DIRECTION('center_axis',(-1.22464679914735E-16,-1.,0.));
#9945=DIRECTION('ref_axis',(-0.707106781186546,8.65956056235492E-17,0.707106781186549));
#9946=DIRECTION('',(0.,0.,1.));
#9947=DIRECTION('center_axis',(0.,0.,1.));
#9948=DIRECTION('ref_axis',(-0.707106781186541,0.707106781186554,0.));
#9949=DIRECTION('',(0.,0.,1.));
#9950=DIRECTION('center_axis',(-2.40172997158088E-17,-0.196116135138152,
0.980580675690926));
#9951=DIRECTION('ref_axis',(1.20086498579064E-16,0.980580675690927,0.196116135138152));
#9952=DIRECTION('center_axis',(-1.,1.22464679914735E-16,0.));
#9953=DIRECTION('ref_axis',(-1.22464679914735E-16,-1.,0.));
#9954=DIRECTION('',(0.,0.,1.));
#9955=DIRECTION('',(-1.22464679914735E-16,-1.,0.));
#9956=DIRECTION('',(0.,0.,-1.));
#9957=DIRECTION('',(-1.22464679914735E-16,-1.,0.));
#9958=DIRECTION('center_axis',(1.22464679914735E-16,1.,0.));
#9959=DIRECTION('ref_axis',(-1.,1.22464679914735E-16,0.));
#9960=DIRECTION('',(0.,0.,1.));
#9961=DIRECTION('',(-1.,1.22464679914735E-16,0.));
#9962=DIRECTION('center_axis',(0.,0.,-1.));
#9963=DIRECTION('ref_axis',(-1.22464679914735E-16,-1.,0.));
#9964=DIRECTION('center_axis',(0.196116135138189,-0.980580675690919,0.));
#9965=DIRECTION('ref_axis',(-0.980580675690919,-0.196116135138189,0.));
#9966=DIRECTION('center_axis',(-0.980580675690921,0.19611613513818,-4.35465297461812E-15));
#9967=DIRECTION('ref_axis',(-0.19611613513818,-0.980580675690921,0.));
#9968=DIRECTION('center_axis',(-1.22464679914735E-16,-1.,0.));
#9969=DIRECTION('ref_axis',(-0.707106781186546,8.65956056235492E-17,-0.707106781186549));
#9970=DIRECTION('',(1.22464679914735E-16,1.,0.));
#9971=DIRECTION('center_axis',(1.22464679914735E-16,1.,0.));
#9972=DIRECTION('ref_axis',(-0.707106781186546,8.65956056235492E-17,-0.707106781186549));
#9973=DIRECTION('',(-1.22464679914735E-16,-1.,0.));
#9974=DIRECTION('center_axis',(1.,-1.22464679914735E-16,0.));
#9975=DIRECTION('ref_axis',(-8.65956056235492E-17,-0.707106781186546,-0.707106781186549));
#9976=DIRECTION('',(1.,-1.22464679914735E-16,0.));
#9977=DIRECTION('center_axis',(-0.707106781186546,0.707106781186549,0.));
#9978=DIRECTION('ref_axis',(-0.707106781186549,-0.707106781186546,0.));
#9979=DIRECTION('',(-1.,1.22464679914735E-16,0.));
#9980=DIRECTION('center_axis',(1.22464679914735E-16,1.,0.));
#9981=DIRECTION('ref_axis',(-0.707106781186546,8.65956056235492E-17,-0.707106781186549));
#9982=DIRECTION('',(-1.22464679914735E-16,-1.,0.));
#9983=DIRECTION('',(1.22464679914735E-16,1.,0.));
#9984=DIRECTION('center_axis',(-1.,1.22464679914735E-16,0.));
#9985=DIRECTION('ref_axis',(-1.22464679914735E-16,-1.,0.));
#9986=DIRECTION('',(0.,0.,-1.));
#9987=DIRECTION('',(-1.22464679914735E-16,-1.,0.));
#9988=DIRECTION('',(0.,0.,1.));
#9989=DIRECTION('center_axis',(-1.,1.22464679914735E-16,0.));
#9990=DIRECTION('ref_axis',(-8.65956056235494E-17,-0.707106781186548,-0.707106781186547));
#9991=DIRECTION('',(-1.22464679914735E-16,-1.,0.));
#9992=DIRECTION('',(0.,0.,1.));
#9993=DIRECTION('center_axis',(0.,0.,1.));
#9994=DIRECTION('ref_axis',(-0.707106781186548,-0.707106781186547,0.));
#9995=DIRECTION('',(0.,0.,1.));
#9996=DIRECTION('center_axis',(0.,0.,-1.));
#9997=DIRECTION('ref_axis',(-1.22464679914735E-16,-1.,0.));
#9998=DIRECTION('center_axis',(-1.22464679914735E-16,-1.,0.));
#9999=DIRECTION('ref_axis',(1.,-1.22464679914735E-16,0.));
#10000=DIRECTION('',(0.,0.,1.));
#10001=DIRECTION('',(1.,-1.22464679914735E-16,0.));
#10002=DIRECTION('',(0.,0.,1.));
#10003=DIRECTION('',(1.,-1.22464679914735E-16,0.));
#10004=DIRECTION('center_axis',(-1.,1.22464679914735E-16,0.));
#10005=DIRECTION('ref_axis',(-1.22464679914735E-16,-1.,0.));
#10006=DIRECTION('',(-1.22464679914735E-16,-1.,0.));
#10007=DIRECTION('center_axis',(0.,0.,1.));
#10008=DIRECTION('ref_axis',(-0.707106781186548,-0.707106781186547,0.));
#10009=DIRECTION('center_axis',(0.,0.,1.));
#10010=DIRECTION('ref_axis',(-1.,1.22464679914735E-16,0.));
#10011=DIRECTION('',(0.,0.,1.));
#10012=DIRECTION('center_axis',(0.,0.,-1.));
#10013=DIRECTION('ref_axis',(-1.22464679914735E-16,-1.,0.));
#10014=DIRECTION('',(0.,0.,-1.));
#10015=DIRECTION('center_axis',(1.,-1.22464679914735E-16,0.));
#10016=DIRECTION('ref_axis',(-8.659560562355E-17,-0.707106781186553,0.707106781186542));
#10017=DIRECTION('center_axis',(1.,-1.22464679914735E-16,0.));
#10018=DIRECTION('ref_axis',(0.,0.,1.));
#10019=DIRECTION('',(1.,-1.22464679914735E-16,0.));
#10020=DIRECTION('center_axis',(-1.,1.22464679914735E-16,0.));
#10021=DIRECTION('ref_axis',(-1.22464679914735E-16,-1.,0.));
#10022=DIRECTION('',(-1.,1.22464679914735E-16,0.));
#10023=DIRECTION('center_axis',(0.816496580927738,-0.408248290463854,0.408248290463848));
#10024=DIRECTION('ref_axis',(-0.57735026918962,-0.577350269189632,0.577350269189625));
#10025=DIRECTION('center_axis',(-1.22464679914735E-16,-1.,0.));
#10026=DIRECTION('ref_axis',(-0.707106781186543,8.65956056235488E-17,0.707106781186552));
#10027=DIRECTION('center_axis',(0.,0.,-1.));
#10028=DIRECTION('ref_axis',(0.707106781186541,-0.707106781186554,0.));
#10029=DIRECTION('center_axis',(0.,0.,-1.));
#10030=DIRECTION('ref_axis',(1.,-1.22464679914735E-16,0.));
#10031=DIRECTION('',(0.,0.,-1.));
#10032=DIRECTION('center_axis',(0.,0.,1.));
#10033=DIRECTION('ref_axis',(-1.22464679914735E-16,-1.,0.));
#10034=DIRECTION('',(0.,0.,1.));
#10035=DIRECTION('center_axis',(0.816496580927725,0.408248290463867,-0.408248290463861));
#10036=DIRECTION('ref_axis',(0.577350269189623,-0.577350269189631,0.577350269189623));
#10037=DIRECTION('center_axis',(-1.22464679914735E-16,-1.,0.));
#10038=DIRECTION('ref_axis',(0.707106781186546,-8.65956056235492E-17,0.707106781186549));
#10039=DIRECTION('center_axis',(-1.,1.22464679914735E-16,0.));
#10040=DIRECTION('ref_axis',(-8.65956056235499E-17,-0.707106781186553,-0.707106781186542));
#10041=DIRECTION('center_axis',(-1.,1.22464679914735E-16,-4.44089209850063E-15));
#10042=DIRECTION('ref_axis',(4.44089209850063E-15,-5.43852429378757E-31,
-1.));
#10043=DIRECTION('',(-1.,1.22464679914735E-16,0.));
#10044=DIRECTION('center_axis',(1.,-1.22464679914735E-16,0.));
#10045=DIRECTION('ref_axis',(-1.22464679914735E-16,-1.,0.));
#10046=DIRECTION('',(1.,-1.22464679914735E-16,0.));
#10047=DIRECTION('center_axis',(-0.40824829046386,0.408248290463858,-0.81649658092773));
#10048=DIRECTION('ref_axis',(0.577350269189625,-0.57735026918963,-0.577350269189622));
#10049=DIRECTION('center_axis',(-1.22464679914735E-16,-1.,0.));
#10050=DIRECTION('ref_axis',(0.70710678118655,-8.65956056235496E-17,-0.707106781186545));
#10051=DIRECTION('center_axis',(0.816496580927726,-0.408248290463866,-0.408248290463861));
#10052=DIRECTION('ref_axis',(-0.577350269189622,-0.577350269189632,-0.577350269189624));
#10053=DIRECTION('center_axis',(-1.22464679914735E-16,-1.,0.));
#10054=DIRECTION('ref_axis',(-0.707106781186543,8.65956056235488E-17,-0.707106781186552));
#10055=DIRECTION('center_axis',(1.22464679914735E-16,1.,0.));
#10056=DIRECTION('ref_axis',(0.707106781186547,-8.65956056235492E-17,0.707106781186548));
#10057=DIRECTION('',(1.22464679914735E-16,1.,0.));
#10058=DIRECTION('center_axis',(-1.22464679914735E-16,-1.,0.));
#10059=DIRECTION('ref_axis',(1.,-1.22464679914735E-16,0.));
#10060=DIRECTION('',(-1.22464679914735E-16,-1.,0.));
#10061=DIRECTION('center_axis',(1.,-1.22464679914735E-16,0.));
#10062=DIRECTION('ref_axis',(1.22464679914735E-16,1.,0.));
#10063=DIRECTION('',(-1.22464679914735E-16,-1.,0.));
#10064=DIRECTION('',(0.,0.,1.));
#10065=DIRECTION('center_axis',(-1.,1.22464679914735E-16,0.));
#10066=DIRECTION('ref_axis',(-1.22464679914735E-16,-1.,0.));
#10067=DIRECTION('center_axis',(1.22464679914735E-16,1.,0.));
#10068=DIRECTION('ref_axis',(0.707106781186549,-8.65956056235496E-17,-0.707106781186546));
#10069=DIRECTION('',(1.22464679914735E-16,1.,0.));
#10070=DIRECTION('center_axis',(1.22464679914735E-16,1.,0.));
#10071=DIRECTION('ref_axis',(1.,-1.22464679914735E-16,0.));
#10072=DIRECTION('center_axis',(0.,0.,1.));
#10073=DIRECTION('ref_axis',(-1.,1.22464679914735E-16,0.));
#10074=DIRECTION('',(-1.,1.22464679914735E-16,0.));
#10075=DIRECTION('',(1.22464679914735E-16,1.,0.));
#10076=DIRECTION('',(1.,-1.22464679914735E-16,0.));
#10077=DIRECTION('',(-1.22464679914735E-16,-1.,0.));
#10078=DIRECTION('',(-0.999999924767206,0.000387898932957626,0.));
#10079=DIRECTION('',(1.22464679914735E-16,1.,0.));
#10080=DIRECTION('center_axis',(0.,0.,-1.));
#10081=DIRECTION('ref_axis',(-0.70710678118655,-0.707106781186545,0.));
#10082=DIRECTION('',(-1.,-3.82499496319694E-15,0.));
#10083=DIRECTION('center_axis',(0.,0.,-1.));
#10084=DIRECTION('ref_axis',(0.707106781186547,-0.707106781186549,0.));
#10085=DIRECTION('',(-1.22464679914735E-16,-1.,0.));
#10086=DIRECTION('center_axis',(0.,0.,1.));
#10087=DIRECTION('ref_axis',(-0.707106781186548,0.707106781186547,0.));
#10088=DIRECTION('',(-1.,1.22464679914735E-16,0.));
#10089=DIRECTION('',(1.94465246653599E-16,1.,0.));
#10090=DIRECTION('',(1.,-1.87689118796437E-15,0.));
#10091=DIRECTION('center_axis',(0.,0.,1.));
#10092=DIRECTION('ref_axis',(-0.707106781186548,-0.707106781186547,0.));
#10093=DIRECTION('',(-1.22464679914735E-16,-1.,0.));
#10094=DIRECTION('center_axis',(0.,0.,-1.));
#10095=DIRECTION('ref_axis',(0.707106781186535,0.70710678118656,0.));
#10096=DIRECTION('',(1.,-1.22464679914735E-16,0.));
#10097=DIRECTION('center_axis',(0.,0.,-1.));
#10098=DIRECTION('ref_axis',(-0.707106781186568,0.707106781186527,0.));
#10099=DIRECTION('',(-1.22464679914735E-16,-1.,0.));
#10100=DIRECTION('',(-1.,1.22464679914735E-16,0.));
#10101=DIRECTION('',(1.22464679914735E-16,1.,0.));
#10102=DIRECTION('center_axis',(0.,0.,1.));
#10103=DIRECTION('ref_axis',(-1.,1.22464679914735E-16,0.));
#10104=DIRECTION('center_axis',(0.,0.,1.));
#10105=DIRECTION('ref_axis',(-1.,1.22464679914735E-16,0.));
#10106=DIRECTION('center_axis',(0.,0.,1.));
#10107=DIRECTION('ref_axis',(-1.,1.22464679914735E-16,0.));
#10108=DIRECTION('center_axis',(0.,0.,1.));
#10109=DIRECTION('ref_axis',(-1.,1.22464679914735E-16,0.));
#10110=DIRECTION('center_axis',(-1.22464679914735E-16,-1.,0.));
#10111=DIRECTION('ref_axis',(1.,-1.22464679914735E-16,0.));
#10112=DIRECTION('center_axis',(-1.,1.22464679914735E-16,0.));
#10113=DIRECTION('ref_axis',(-8.65956056235496E-17,-0.707106781186549,-0.707106781186546));
#10114=DIRECTION('center_axis',(-1.,1.22464679914735E-16,0.));
#10115=DIRECTION('ref_axis',(0.,0.,-1.));
#10116=DIRECTION('',(-1.,1.22464679914735E-16,0.));
#10117=DIRECTION('center_axis',(1.,-1.22464679914735E-16,0.));
#10118=DIRECTION('ref_axis',(-1.22464679914735E-16,-1.,0.));
#10119=DIRECTION('center_axis',(-1.22464679914735E-16,-1.,0.));
#10120=DIRECTION('ref_axis',(0.70710678118654,-8.65956056235484E-17,-0.707106781186555));
#10121=DIRECTION('center_axis',(1.22464679914735E-16,1.,0.));
#10122=DIRECTION('ref_axis',(1.,-1.22464679914735E-16,0.));
#10123=DIRECTION('center_axis',(1.22464679914735E-16,1.,0.));
#10124=DIRECTION('ref_axis',(0.70710678118654,-8.65956056235484E-17,-0.707106781186555));
#10125=DIRECTION('',(-1.22464679914735E-16,-1.,0.));
#10126=DIRECTION('center_axis',(0.408248290463863,0.816496580927726,-0.408248290463864));
#10127=DIRECTION('ref_axis',(0.577350269189624,-0.577350269189624,-0.57735026918963));
#10128=DIRECTION('center_axis',(0.,0.,-1.));
#10129=DIRECTION('ref_axis',(0.707106781186543,-0.707106781186552,0.));
#10130=DIRECTION('center_axis',(0.,0.,1.));
#10131=DIRECTION('ref_axis',(-0.707106781186551,-0.707106781186544,0.));
#10132=DIRECTION('center_axis',(0.,0.,1.));
#10133=DIRECTION('ref_axis',(-1.,1.22464679914735E-16,0.));
#10134=DIRECTION('',(0.,0.,1.));
#10135=DIRECTION('center_axis',(0.,0.,-1.));
#10136=DIRECTION('ref_axis',(-1.22464679914735E-16,-1.,0.));
#10137=DIRECTION('',(0.,0.,-1.));
#10138=DIRECTION('center_axis',(0.816496580927725,-0.408248290463863,0.408248290463865));
#10139=DIRECTION('ref_axis',(-0.577350269189625,-0.577350269189625,0.577350269189628));
#10140=DIRECTION('center_axis',(-1.,1.22464679914735E-16,0.));
#10141=DIRECTION('ref_axis',(-8.65956056235496E-17,-0.70710678118655,0.707106781186545));
#10142=DIRECTION('center_axis',(-1.22464679914735E-16,-1.,0.));
#10143=DIRECTION('ref_axis',(-0.707106781186549,8.65956056235496E-17,0.707106781186546));
#10144=DIRECTION('center_axis',(0.816496580927726,-0.408248290463863,-0.408248290463863));
#10145=DIRECTION('ref_axis',(-0.577350269189625,-0.577350269189625,-0.577350269189627));
#10146=DIRECTION('center_axis',(-1.22464679914735E-16,-1.,0.));
#10147=DIRECTION('ref_axis',(-0.707106781186549,8.65956056235496E-17,-0.707106781186546));
#10148=DIRECTION('center_axis',(1.22464679914735E-16,1.,0.));
#10149=DIRECTION('ref_axis',(-0.707106781186553,8.65956056235499E-17,-0.707106781186543));
#10150=DIRECTION('',(1.22464679914735E-16,1.,0.));
#10151=DIRECTION('center_axis',(3.20820439396075E-15,-1.,0.));
#10152=DIRECTION('ref_axis',(-1.,-3.20820439396075E-15,0.));
#10153=DIRECTION('center_axis',(-1.,1.22464679914735E-16,0.));
#10154=DIRECTION('ref_axis',(-1.22464679914735E-16,-1.,0.));
#10155=DIRECTION('',(-1.22464679914735E-16,-1.,0.));
#10156=DIRECTION('',(0.,0.,-1.));
#10157=DIRECTION('',(-1.22464679914735E-16,-1.,0.));
#10158=DIRECTION('',(0.,0.,1.));
#10159=DIRECTION('center_axis',(-1.22464679914735E-16,-1.,0.));
#10160=DIRECTION('ref_axis',(-0.70710678118654,8.65956056235484E-17,-0.707106781186555));
#10161=DIRECTION('',(1.22464679914735E-16,1.,0.));
#10162=DIRECTION('center_axis',(-1.22464679914735E-16,-1.,0.));
#10163=DIRECTION('ref_axis',(-1.,1.22464679914735E-16,0.));
#10164=DIRECTION('center_axis',(0.,0.,1.));
#10165=DIRECTION('ref_axis',(-0.707106781186535,0.70710678118656,0.));
#10166=DIRECTION('center_axis',(0.,0.,1.));
#10167=DIRECTION('ref_axis',(1.22464679914735E-16,1.,0.));
#10168=DIRECTION('',(0.,0.,1.));
#10169=DIRECTION('center_axis',(0.,0.,-1.));
#10170=DIRECTION('ref_axis',(-1.,1.22464679914735E-16,0.));
#10171=DIRECTION('',(0.,0.,-1.));
#10172=DIRECTION('center_axis',(-1.22464679914735E-16,-1.,0.));
#10173=DIRECTION('ref_axis',(-0.70710678118654,8.65956056235484E-17,0.707106781186555));
#10174=DIRECTION('center_axis',(-1.22464679914735E-16,-1.,0.));
#10175=DIRECTION('ref_axis',(0.,0.,1.));
#10176=DIRECTION('',(-1.22464679914735E-16,-1.,0.));
#10177=DIRECTION('center_axis',(-8.65956056235487E-17,-0.707106781186542,
0.707106781186553));
#10178=DIRECTION('ref_axis',(2.33791773625153E-16,0.707106781186553,0.707106781186542));
#10179=DIRECTION('',(1.22464679914735E-16,1.,0.));
#10180=DIRECTION('center_axis',(0.816496580927726,0.408248290463866,0.408248290463861));
#10181=DIRECTION('ref_axis',(-0.577350269189622,0.577350269189633,0.577350269189623));
#10182=DIRECTION('center_axis',(-1.,1.22464679914735E-16,0.));
#10183=DIRECTION('ref_axis',(8.65956056235496E-17,0.707106781186549,0.707106781186546));
#10184=DIRECTION('center_axis',(0.816496580927726,0.408248290463866,-0.408248290463861));
#10185=DIRECTION('ref_axis',(-0.577350269189622,0.577350269189633,-0.577350269189623));
#10186=DIRECTION('center_axis',(-1.,1.22464679914735E-16,0.));
#10187=DIRECTION('ref_axis',(8.65956056235496E-17,0.707106781186549,-0.707106781186546));
#10188=DIRECTION('center_axis',(-1.,1.22464679914735E-16,0.));
#10189=DIRECTION('ref_axis',(8.65956056235499E-17,0.707106781186553,-0.707106781186543));
#10190=DIRECTION('',(1.,-1.22464679914735E-16,0.));
#10191=DIRECTION('center_axis',(1.,-1.22464679914735E-16,1.77635683940025E-14));
#10192=DIRECTION('ref_axis',(1.22464679914735E-16,1.,0.));
#10193=DIRECTION('center_axis',(1.22464679914735E-16,1.,0.));
#10194=DIRECTION('ref_axis',(-1.,1.22464679914735E-16,0.));
#10195=DIRECTION('',(-1.,1.22464679914735E-16,0.));
#10196=DIRECTION('',(0.,0.,1.));
#10197=DIRECTION('center_axis',(-1.,1.22464679914735E-16,0.));
#10198=DIRECTION('ref_axis',(8.659560562355E-17,0.707106781186553,0.707106781186542));
#10199=DIRECTION('',(1.,-1.22464679914735E-16,0.));
#10200=DIRECTION('center_axis',(1.,1.76411037140875E-14,0.));
#10201=DIRECTION('ref_axis',(0.,0.,1.));
#10202=DIRECTION('center_axis',(0.,0.,1.));
#10203=DIRECTION('ref_axis',(-1.,1.22464679914735E-16,0.));
#10204=DIRECTION('',(-1.,1.22464679914735E-16,0.));
#10205=DIRECTION('center_axis',(0.,0.,-1.));
#10206=DIRECTION('ref_axis',(0.707106781186548,0.707106781186547,0.));
#10207=DIRECTION('',(-1.22464679914735E-16,-1.,0.));
#10208=DIRECTION('',(-1.,1.22464679914735E-16,0.));
#10209=DIRECTION('',(-1.22464679914735E-16,-1.,0.));
#10210=DIRECTION('center_axis',(0.,0.,-1.));
#10211=DIRECTION('ref_axis',(-1.,1.22464679914735E-16,0.));
#10212=DIRECTION('center_axis',(1.22464679914735E-16,1.,0.));
#10213=DIRECTION('ref_axis',(0.70710678118654,-8.65956056235484E-17,0.707106781186555));
#10214=DIRECTION('center_axis',(0.707106781186554,-0.707106781186541,0.));
#10215=DIRECTION('ref_axis',(0.707106781186541,0.707106781186554,0.));
#10216=DIRECTION('',(1.22464679914735E-16,1.,0.));
#10217=DIRECTION('center_axis',(-1.22464679914735E-16,-1.,0.));
#10218=DIRECTION('ref_axis',(1.,-1.22464679914735E-16,0.));
#10219=DIRECTION('',(-1.22464679914735E-16,-1.,0.));
#10220=DIRECTION('center_axis',(0.408248290463859,0.408248290463852,-0.816496580927733));
#10221=DIRECTION('ref_axis',(0.577350269189628,0.577350269189629,0.577350269189621));
#10222=DIRECTION('center_axis',(0.,0.,1.));
#10223=DIRECTION('ref_axis',(0.707106781186548,0.707106781186547,0.));
#10224=DIRECTION('center_axis',(1.,-1.22464679914735E-16,0.));
#10225=DIRECTION('ref_axis',(8.65956056235496E-17,0.70710678118655,0.707106781186545));
#10226=DIRECTION('center_axis',(1.,-1.22464679914735E-16,0.));
#10227=DIRECTION('ref_axis',(1.22464679914735E-16,1.,0.));
#10228=DIRECTION('',(0.,0.,1.));
#10229=DIRECTION('center_axis',(1.,-1.22464679914735E-16,0.));
#10230=DIRECTION('ref_axis',(-8.659560562355E-17,-0.707106781186553,-0.707106781186542));
#10231=DIRECTION('',(-1.22464679914735E-16,-1.,0.));
#10232=DIRECTION('',(0.,0.,1.));
#10233=DIRECTION('center_axis',(-1.,1.22464679914735E-16,0.));
#10234=DIRECTION('ref_axis',(-8.659560562355E-17,-0.707106781186553,0.707106781186542));
#10235=DIRECTION('',(-1.22464679914735E-16,-1.,0.));
#10236=DIRECTION('',(0.,0.,-1.));
#10237=DIRECTION('center_axis',(-1.22464679914735E-16,-1.,0.));
#10238=DIRECTION('ref_axis',(-0.70710678118654,8.65956056235484E-17,0.707106781186555));
#10239=DIRECTION('',(1.22464679914735E-16,1.,0.));
#10240=DIRECTION('center_axis',(-1.22464679914735E-16,-1.,0.));
#10241=DIRECTION('ref_axis',(0.,0.,1.));
#10242=DIRECTION('',(-1.22464679914735E-16,-1.,0.));
#10243=DIRECTION('center_axis',(0.816496580927725,0.408248290463866,0.408248290463861));
#10244=DIRECTION('ref_axis',(-0.577350269189622,0.577350269189633,0.577350269189622));
#10245=DIRECTION('center_axis',(-1.,1.22464679914735E-16,0.));
#10246=DIRECTION('ref_axis',(8.65956056235496E-17,0.70710678118655,0.707106781186545));
#10247=DIRECTION('center_axis',(0.,0.,1.));
#10248=DIRECTION('ref_axis',(-0.707106781186539,0.707106781186557,0.));
#10249=DIRECTION('center_axis',(0.,0.,1.));
#10250=DIRECTION('ref_axis',(-0.707106781186535,0.70710678118656,0.));
#10251=DIRECTION('',(0.,0.,-1.));
#10252=DIRECTION('',(0.,0.,1.));
#10253=DIRECTION('center_axis',(-1.,1.22464679914735E-16,0.));
#10254=DIRECTION('ref_axis',(8.659560562355E-17,0.707106781186553,0.707106781186542));
#10255=DIRECTION('',(-1.,1.22464679914735E-16,0.));
#10256=DIRECTION('',(1.,-1.22464679914735E-16,0.));
#10257=DIRECTION('center_axis',(0.,0.,1.));
#10258=DIRECTION('ref_axis',(1.,-1.22464679914735E-16,0.));
#10259=DIRECTION('center_axis',(0.,0.,1.));
#10260=DIRECTION('ref_axis',(-0.707106781186566,0.707106781186529,0.));
#10261=DIRECTION('',(-1.,1.22464679914735E-16,0.));
#10262=DIRECTION('center_axis',(0.,0.,1.));
#10263=DIRECTION('ref_axis',(0.707106781186535,0.70710678118656,0.));
#10264=DIRECTION('',(1.22464679914735E-16,1.,0.));
#10265=DIRECTION('center_axis',(0.,0.,-1.));
#10266=DIRECTION('ref_axis',(-0.707106781186548,-0.707106781186547,0.));
#10267=DIRECTION('',(-1.,1.87689118796437E-15,0.));
#10268=DIRECTION('',(-1.94465246653599E-16,-1.,0.));
#10269=DIRECTION('',(1.,-1.22464679914735E-16,0.));
#10270=DIRECTION('center_axis',(0.,0.,-1.));
#10271=DIRECTION('ref_axis',(-0.707106781186548,0.707106781186547,0.));
#10272=DIRECTION('',(1.22464679914735E-16,1.,0.));
#10273=DIRECTION('center_axis',(0.,0.,1.));
#10274=DIRECTION('ref_axis',(0.707106781186547,-0.707106781186549,0.));
#10275=DIRECTION('',(1.,3.82499496319694E-15,0.));
#10276=DIRECTION('center_axis',(0.,0.,1.));
#10277=DIRECTION('ref_axis',(-0.70710678118655,-0.707106781186545,0.));
#10278=DIRECTION('',(-1.22464679914735E-16,-1.,0.));
#10279=DIRECTION('',(0.999999924767206,-0.000387898932957626,0.));
#10280=DIRECTION('',(1.22464679914735E-16,1.,0.));
#10281=DIRECTION('',(-1.,1.22464679914735E-16,0.));
#10282=DIRECTION('',(-1.22464679914735E-16,-1.,0.));
#10283=DIRECTION('center_axis',(0.,0.,1.));
#10284=DIRECTION('ref_axis',(-0.707106781186547,0.707106781186548,0.));
#10285=DIRECTION('',(-1.,1.22464679914735E-16,0.));
#10286=DIRECTION('center_axis',(0.,0.,1.));
#10287=DIRECTION('ref_axis',(0.707106781186547,0.707106781186548,0.));
#10288=DIRECTION('',(1.22464679914735E-16,1.,0.));
#10289=DIRECTION('',(-1.,1.22464679914735E-16,0.));
#10290=DIRECTION('',(1.94978906587762E-16,1.,0.));
#10291=DIRECTION('center_axis',(0.,0.,1.));
#10292=DIRECTION('ref_axis',(0.873151649036877,-0.487448661690831,0.));
#10293=DIRECTION('',(1.,-1.22464679914735E-16,0.));
#10294=DIRECTION('',(2.56385670767758E-15,1.,0.));
#10295=DIRECTION('',(1.,-1.22464679914735E-16,0.));
#10296=DIRECTION('center_axis',(0.,0.,1.));
#10297=DIRECTION('ref_axis',(0.707106781186548,0.707106781186547,0.));
#10298=DIRECTION('',(0.,0.,1.));
#10299=DIRECTION('center_axis',(1.22464679914735E-16,1.,0.));
#10300=DIRECTION('ref_axis',(-1.,1.22464679914735E-16,0.));
#10301=DIRECTION('center_axis',(-1.22464679914735E-16,-1.,0.));
#10302=DIRECTION('ref_axis',(0.707106781186556,-8.65956056235504E-17,0.707106781186539));
#10303=DIRECTION('center_axis',(-1.22464679914735E-16,-1.,0.));
#10304=DIRECTION('ref_axis',(0.70710678118654,-8.65956056235484E-17,0.707106781186555));
#10305=DIRECTION('center_axis',(8.65956056235487E-17,0.707106781186543,
0.707106781186552));
#10306=DIRECTION('ref_axis',(-1.35660994957418E-16,-0.707106781186552,0.707106781186543));
#10307=DIRECTION('',(-1.22464679914735E-16,-1.,0.));
#10308=DIRECTION('center_axis',(0.707106781186554,-0.707106781186541,0.));
#10309=DIRECTION('ref_axis',(0.707106781186541,0.707106781186554,4.90653893338675E-17));
#10310=DIRECTION('',(1.22464679914735E-16,1.,0.));
#10311=DIRECTION('center_axis',(0.,0.,1.));
#10312=DIRECTION('ref_axis',(-1.,1.22464679914735E-16,0.));
#10313=DIRECTION('',(1.,-1.22464679914735E-16,0.));
#10314=DIRECTION('',(-1.,1.22464679914735E-16,0.));
#10315=DIRECTION('',(-1.,1.22464679914735E-16,0.));
#10316=DIRECTION('',(-2.56385670767758E-15,-1.,0.));
#10317=DIRECTION('',(-1.,1.22464679914735E-16,0.));
#10318=DIRECTION('',(1.22464679914735E-16,1.,0.));
#10319=DIRECTION('center_axis',(1.,-1.22464679914735E-16,0.));
#10320=DIRECTION('ref_axis',(-8.659560562355E-17,-0.707106781186553,0.707106781186542));
#10321=DIRECTION('',(1.,-1.22464679914735E-16,0.));
#10322=DIRECTION('center_axis',(-1.,1.22464679914735E-16,0.));
#10323=DIRECTION('ref_axis',(-1.22464679914735E-16,-1.,0.));
#10324=DIRECTION('center_axis',(0.,0.,1.));
#10325=DIRECTION('ref_axis',(0.707106781186535,-0.70710678118656,0.));
#10326=DIRECTION('center_axis',(0.,0.,-1.));
#10327=DIRECTION('ref_axis',(1.,-1.22464679914735E-16,0.));
#10328=DIRECTION('',(0.,0.,-1.));
#10329=DIRECTION('',(0.,0.,1.));
#10330=DIRECTION('center_axis',(0.816496580927726,0.408248290463866,-0.408248290463861));
#10331=DIRECTION('ref_axis',(0.577350269189622,-0.577350269189631,0.577350269189624));
#10332=DIRECTION('center_axis',(-1.22464679914735E-16,-1.,0.));
#10333=DIRECTION('ref_axis',(0.707106781186543,-8.65956056235488E-17,0.707106781186552));
#10334=DIRECTION('center_axis',(1.22464679914735E-16,1.,0.));
#10335=DIRECTION('ref_axis',(0.70710678118654,-8.65956056235484E-17,0.707106781186555));
#10336=DIRECTION('',(1.22464679914735E-16,1.,0.));
#10337=DIRECTION('center_axis',(1.22464679914735E-16,1.,0.));
#10338=DIRECTION('ref_axis',(1.,-1.22464679914735E-16,0.));
#10339=DIRECTION('center_axis',(1.,-1.22464679914735E-16,0.));
#10340=DIRECTION('ref_axis',(1.22464679914735E-16,1.,0.));
#10341=DIRECTION('',(-1.22464679914735E-16,-1.,0.));
#10342=DIRECTION('',(0.,0.,-1.));
#10343=DIRECTION('center_axis',(0.816496580927738,-0.408248290463855,0.408248290463848));
#10344=DIRECTION('ref_axis',(0.57735026918962,0.577350269189634,-0.577350269189624));
#10345=DIRECTION('center_axis',(0.,0.,-1.));
#10346=DIRECTION('ref_axis',(1.,-1.22464679914735E-16,0.));
#10347=DIRECTION('center_axis',(1.22464679914735E-16,1.,0.));
#10348=DIRECTION('ref_axis',(0.,0.,-1.));
#10349=DIRECTION('center_axis',(1.22464679914735E-16,1.,0.));
#10350=DIRECTION('ref_axis',(0.70710678118654,-8.65956056235484E-17,-0.707106781186555));
#10351=DIRECTION('center_axis',(0.408248290463855,0.408248290463855,-0.816496580927734));
#10352=DIRECTION('ref_axis',(0.57735026918964,0.577350269189623,0.577350269189614));
#10353=DIRECTION('center_axis',(0.,0.,1.));
#10354=DIRECTION('ref_axis',(1.22464679914735E-16,1.,0.));
#10355=DIRECTION('center_axis',(0.,0.,1.));
#10356=DIRECTION('ref_axis',(0.707106781186548,0.707106781186547,0.));
#10357=DIRECTION('center_axis',(-1.22464679914735E-16,-1.,0.));
#10358=DIRECTION('ref_axis',(1.,-1.22464679914735E-16,0.));
#10359=DIRECTION('center_axis',(0.,0.,-1.));
#10360=DIRECTION('ref_axis',(1.,0.,0.));
#10361=DIRECTION('center_axis',(-1.,-4.42864563050909E-14,0.));
#10362=DIRECTION('ref_axis',(4.42864563050909E-14,-1.,0.));
#10363=DIRECTION('center_axis',(0.,0.,-1.));
#10364=DIRECTION('ref_axis',(-0.707106781186566,0.707106781186529,0.));
#10365=DIRECTION('center_axis',(1.,-1.22464679914735E-16,0.));
#10366=DIRECTION('ref_axis',(-8.659560562355E-17,-0.707106781186553,0.707106781186542));
#10367=DIRECTION('center_axis',(-1.,1.22464679914735E-16,0.));
#10368=DIRECTION('ref_axis',(-1.22464679914735E-16,-1.,0.));
#10369=DIRECTION('',(1.,-1.22464679914735E-16,0.));
#10370=DIRECTION('center_axis',(0.,0.,-1.));
#10371=DIRECTION('ref_axis',(1.,0.,0.));
#10372=DIRECTION('center_axis',(1.22464679914735E-16,1.,0.));
#10373=DIRECTION('ref_axis',(-1.,1.22464679914735E-16,0.));
#10374=DIRECTION('center_axis',(0.,0.,-1.));
#10375=DIRECTION('ref_axis',(0.707106781186535,0.70710678118656,0.));
#10376=DIRECTION('center_axis',(-1.22464679914735E-16,-1.,0.));
#10377=DIRECTION('ref_axis',(-0.707106781186547,8.65956056235492E-17,0.707106781186548));
#10378=DIRECTION('center_axis',(1.22464679914735E-16,1.,0.));
#10379=DIRECTION('ref_axis',(-1.,1.22464679914735E-16,0.));
#10380=DIRECTION('',(-1.22464679914735E-16,-1.,0.));
#10381=DIRECTION('center_axis',(-1.,1.22464679914735E-16,0.));
#10382=DIRECTION('ref_axis',(-1.22464679914735E-16,-1.,0.));
#10383=DIRECTION('center_axis',(0.,0.,1.));
#10384=DIRECTION('ref_axis',(-0.707106781186548,-0.707106781186547,0.));
#10385=DIRECTION('center_axis',(1.,-1.87689118796437E-15,0.));
#10386=DIRECTION('ref_axis',(-8.659560562355E-17,-0.707106781186553,0.707106781186542));
#10387=DIRECTION('center_axis',(-1.,1.22464679914735E-16,0.));
#10388=DIRECTION('ref_axis',(-1.22464679914735E-16,-1.,0.));
#10389=DIRECTION('',(1.,-1.87689118796437E-15,0.));
#10390=DIRECTION('center_axis',(0.,0.,1.));
#10391=DIRECTION('ref_axis',(0.707106781186543,-0.707106781186552,0.));
#10392=DIRECTION('center_axis',(0.,0.,1.));
#10393=DIRECTION('ref_axis',(-2.34291072916502E-15,-1.,0.));
#10394=DIRECTION('',(0.,0.,1.));
#10395=DIRECTION('center_axis',(0.,0.,-1.));
#10396=DIRECTION('ref_axis',(1.,-1.22464679914735E-16,0.));
#10397=DIRECTION('',(0.,0.,-1.));
#10398=DIRECTION('center_axis',(0.408248290463859,0.816496580927731,0.408248290463857));
#10399=DIRECTION('ref_axis',(0.577350269189644,-0.577350269189611,0.577350269189623));
#10400=DIRECTION('center_axis',(-1.94465246653599E-16,-1.,0.));
#10401=DIRECTION('ref_axis',(0.707106781186546,-8.65956056235492E-17,0.707106781186549));
#10402=DIRECTION('center_axis',(1.,-1.87689118796437E-15,0.));
#10403=DIRECTION('ref_axis',(-8.65956056235499E-17,-0.707106781186553,-0.707106781186543));
#10404=DIRECTION('center_axis',(1.,-1.22464679914735E-16,0.));
#10405=DIRECTION('ref_axis',(-1.22464679914735E-16,-1.,0.));
#10406=DIRECTION('center_axis',(-1.,1.22464679914735E-16,0.));
#10407=DIRECTION('ref_axis',(0.,0.,-1.));
#10408=DIRECTION('',(-1.,1.87689118796437E-15,0.));
#10409=DIRECTION('center_axis',(-1.22464679914735E-16,-1.,0.));
#10410=DIRECTION('ref_axis',(-1.,1.22464679914735E-16,0.));
#10411=DIRECTION('center_axis',(0.,0.,-1.));
#10412=DIRECTION('ref_axis',(-0.707106781186548,-0.707106781186547,0.));
#10413=DIRECTION('center_axis',(-1.22464679914735E-16,-1.,0.));
#10414=DIRECTION('ref_axis',(-0.707106781186546,8.65956056235492E-17,-0.707106781186549));
#10415=DIRECTION('center_axis',(-1.22464679914735E-16,-1.,0.));
#10416=DIRECTION('ref_axis',(-1.,1.22464679914735E-16,0.));
#10417=DIRECTION('',(1.22464679914735E-16,1.,0.));
#10418=DIRECTION('center_axis',(0.,0.,1.));
#10419=DIRECTION('ref_axis',(-1.,0.,0.));
#10420=DIRECTION('center_axis',(1.,-2.67678172709191E-14,0.));
#10421=DIRECTION('ref_axis',(-2.67678172709191E-14,-1.,0.));
#10422=DIRECTION('center_axis',(0.,0.,1.));
#10423=DIRECTION('ref_axis',(0.707106781186535,0.70710678118656,0.));
#10424=DIRECTION('center_axis',(1.,-1.22464679914735E-16,0.));
#10425=DIRECTION('ref_axis',(-8.65956056235499E-17,-0.707106781186553,-0.707106781186543));
#10426=DIRECTION('center_axis',(1.,-1.22464679914735E-16,0.));
#10427=DIRECTION('ref_axis',(-1.22464679914735E-16,-1.,0.));
#10428=DIRECTION('',(-1.,1.22464679914735E-16,0.));
#10429=DIRECTION('center_axis',(0.,0.,1.));
#10430=DIRECTION('ref_axis',(-1.,0.,0.));
#10431=DIRECTION('center_axis',(0.,0.,1.));
#10432=DIRECTION('ref_axis',(-0.707106781186568,0.707106781186527,0.));
#10433=DIRECTION('center_axis',(0.816496580927729,0.40824829046387,0.40824829046385));
#10434=DIRECTION('ref_axis',(0.577350269189601,-0.577350269189653,-0.577350269189624));
#10435=DIRECTION('center_axis',(-1.94465246653599E-16,-1.,0.));
#10436=DIRECTION('ref_axis',(0.707106781186546,-8.65956056235492E-17,-0.707106781186549));
#10437=DIRECTION('center_axis',(-1.,1.22464679914735E-16,0.));
#10438=DIRECTION('ref_axis',(-1.22464679914735E-16,-1.,0.));
#10439=DIRECTION('',(0.,0.,1.));
#10440=DIRECTION('',(0.,0.,1.));
#10441=DIRECTION('center_axis',(0.,0.,1.));
#10442=DIRECTION('ref_axis',(1.,2.94834826434221E-14,0.));
#10443=DIRECTION('',(0.,0.,1.));
#10444=DIRECTION('center_axis',(-1.22464679914735E-16,-1.,0.));
#10445=DIRECTION('ref_axis',(1.,-1.22464679914735E-16,0.));
#10446=DIRECTION('',(0.,0.,1.));
#10447=DIRECTION('center_axis',(0.,0.,1.));
#10448=DIRECTION('ref_axis',(-4.42864563050912E-14,1.,0.));
#10449=DIRECTION('center_axis',(1.94465246653599E-16,1.,0.));
#10450=DIRECTION('ref_axis',(0.707106781186547,-8.65956056235492E-17,0.707106781186548));
#10451=DIRECTION('',(1.94465246653599E-16,1.,0.));
#10452=DIRECTION('center_axis',(-1.22464679914735E-16,-1.,0.));
#10453=DIRECTION('ref_axis',(1.,-1.22464679914735E-16,0.));
#10454=DIRECTION('center_axis',(1.,-1.94465246653599E-16,0.));
#10455=DIRECTION('ref_axis',(1.94465246653599E-16,1.,0.));
#10456=DIRECTION('',(-1.94465246653599E-16,-1.,0.));
#10457=DIRECTION('',(0.,0.,-1.));
#10458=DIRECTION('center_axis',(-1.94465246653599E-16,-1.,0.));
#10459=DIRECTION('ref_axis',(0.707106781186546,-8.65956056235492E-17,-0.707106781186549));
#10460=DIRECTION('center_axis',(1.22464679914735E-16,1.,0.));
#10461=DIRECTION('ref_axis',(0.,0.,-1.));
#10462=DIRECTION('center_axis',(0.816496580927729,0.408248290463863,0.408248290463857));
#10463=DIRECTION('ref_axis',(0.577350269189619,-0.577350269189634,-0.577350269189625));
#10464=DIRECTION('center_axis',(1.22464679914735E-16,1.,0.));
#10465=DIRECTION('ref_axis',(0.,0.,-1.));
#10466=DIRECTION('center_axis',(-1.,1.22464679914735E-16,-4.44089209850063E-15));
#10467=DIRECTION('ref_axis',(-1.22464679914735E-16,-1.,0.));
#10468=DIRECTION('center_axis',(0.,0.,1.));
#10469=DIRECTION('ref_axis',(1.,-1.22464679914735E-16,0.));
#10470=DIRECTION('center_axis',(1.,-1.22464679914735E-16,0.));
#10471=DIRECTION('ref_axis',(-8.659560562355E-17,-0.707106781186553,-0.707106781186542));
#10472=DIRECTION('',(1.,-1.22464679914735E-16,0.));
#10473=DIRECTION('center_axis',(0.,0.,1.));
#10474=DIRECTION('ref_axis',(0.707106781186544,-0.707106781186551,0.));
#10475=DIRECTION('center_axis',(0.,0.,1.));
#10476=DIRECTION('ref_axis',(-1.22464679914735E-16,-1.,0.));
#10477=DIRECTION('',(0.,0.,-1.));
#10478=DIRECTION('',(0.,0.,1.));
#10479=DIRECTION('center_axis',(0.447213595499962,0.894427190999914,0.));
#10480=DIRECTION('ref_axis',(-0.894427190999914,0.447213595499962,0.));
#10481=DIRECTION('center_axis',(-0.894427190999916,-0.447213595499958,0.));
#10482=DIRECTION('ref_axis',(-0.447213595499958,0.894427190999916,0.));
#10483=DIRECTION('center_axis',(2.56385670767758E-15,1.,0.));
#10484=DIRECTION('ref_axis',(0.707106781186546,-8.65956056235492E-17,-0.707106781186549));
#10485=DIRECTION('',(2.56385670767758E-15,1.,0.));
#10486=DIRECTION('center_axis',(-1.22464679914735E-16,-1.,0.));
#10487=DIRECTION('ref_axis',(0.707106781186546,-8.65956056235492E-17,-0.707106781186549));
#10488=DIRECTION('',(2.56385670767758E-15,1.,0.));
#10489=DIRECTION('center_axis',(-1.,1.22464679914735E-16,0.));
#10490=DIRECTION('ref_axis',(8.659560562355E-17,0.707106781186553,0.707106781186542));
#10491=DIRECTION('',(-1.,1.22464679914735E-16,0.));
#10492=DIRECTION('center_axis',(1.22464679914735E-16,1.,0.));
#10493=DIRECTION('ref_axis',(-1.,1.22464679914735E-16,0.));
#10494=DIRECTION('center_axis',(-1.,1.22464679914735E-16,0.));
#10495=DIRECTION('ref_axis',(8.65956056235499E-17,0.707106781186553,0.707106781186543));
#10496=DIRECTION('center_axis',(-0.707106781186541,-0.707106781186554,0.));
#10497=DIRECTION('ref_axis',(0.707106781186554,-0.707106781186541,0.));
#10498=DIRECTION('center_axis',(-1.22464679914735E-16,-1.,0.));
#10499=DIRECTION('ref_axis',(-0.707106781186546,8.65956056235492E-17,0.707106781186549));
#10500=DIRECTION('center_axis',(8.65956056235487E-17,0.707106781186542,
0.707106781186553));
#10501=DIRECTION('ref_axis',(-8.659560562355E-17,-0.707106781186553,0.707106781186542));
#10502=DIRECTION('center_axis',(-1.,1.22464679914735E-16,0.));
#10503=DIRECTION('ref_axis',(-1.22464679914735E-16,-1.,0.));
#10504=DIRECTION('center_axis',(-1.20086498579064E-16,-0.980580675690921,
-0.19611613513818));
#10505=DIRECTION('ref_axis',(-2.40172997158122E-17,-0.19611613513818,0.980580675690921));
#10506=DIRECTION('center_axis',(2.40172997158124E-17,0.196116135138182,
0.980580675690921));
#10507=DIRECTION('ref_axis',(-1.20086498579063E-16,-0.980580675690921,0.196116135138181));
#10508=DIRECTION('center_axis',(-1.,1.22464679914735E-16,0.));
#10509=DIRECTION('ref_axis',(0.,0.,1.));
#10510=DIRECTION('center_axis',(1.20086498579064E-16,0.980580675690921,
-0.19611613513818));
#10511=DIRECTION('ref_axis',(2.40172997158122E-17,0.19611613513818,0.980580675690921));
#10512=DIRECTION('center_axis',(-1.22464679914735E-16,-1.,0.));
#10513=DIRECTION('ref_axis',(-0.707106781186546,8.65956056235492E-17,0.707106781186549));
#10514=DIRECTION('',(1.22464679914735E-16,1.,0.));
#10515=DIRECTION('center_axis',(0.,0.,1.));
#10516=DIRECTION('ref_axis',(-0.707106781186541,-0.707106781186554,0.));
#10517=DIRECTION('',(0.,0.,1.));
#10518=DIRECTION('center_axis',(-1.,1.22464679914735E-16,0.));
#10519=DIRECTION('ref_axis',(8.65956056235484E-17,0.70710678118654,0.707106781186555));
#10520=DIRECTION('',(1.,-1.22464679914735E-16,0.));
#10521=DIRECTION('center_axis',(1.,5.42865044321117E-15,0.));
#10522=DIRECTION('ref_axis',(0.,0.,1.));
#10523=DIRECTION('center_axis',(0.,0.,1.));
#10524=DIRECTION('ref_axis',(-1.,1.22464679914735E-16,0.));
#10525=DIRECTION('',(-1.,1.22464679914735E-16,0.));
#10526=DIRECTION('center_axis',(0.,0.,-1.));
#10527=DIRECTION('ref_axis',(-0.707106781186541,0.707106781186554,0.));
#10528=DIRECTION('',(-1.22464679914735E-16,-1.,0.));
#10529=DIRECTION('center_axis',(0.,0.,-1.));
#10530=DIRECTION('ref_axis',(-1.,1.22464679914735E-16,0.));
#10531=DIRECTION('center_axis',(1.,-1.22464679914735E-16,0.));
#10532=DIRECTION('ref_axis',(-8.65956056235484E-17,-0.70710678118654,0.707106781186555));
#10533=DIRECTION('',(1.,-1.22464679914735E-16,0.));
#10534=DIRECTION('center_axis',(1.,-2.56385670767758E-15,0.));
#10535=DIRECTION('ref_axis',(-8.65956056235484E-17,-0.70710678118654,0.707106781186555));
#10536=DIRECTION('center_axis',(-1.22464679914735E-16,-1.,0.));
#10537=DIRECTION('ref_axis',(1.,-1.22464679914735E-16,0.));
#10538=DIRECTION('',(0.,0.,-1.));
#10539=DIRECTION('center_axis',(0.,0.,1.));
#10540=DIRECTION('ref_axis',(-0.707106781186541,0.707106781186554,0.));
#10541=DIRECTION('',(0.,0.,1.));
#10542=DIRECTION('center_axis',(0.,0.,-1.));
#10543=DIRECTION('ref_axis',(-1.,1.22464679914735E-16,0.));
#10544=DIRECTION('',(0.,0.,-1.));
#10545=DIRECTION('center_axis',(0.816496580927724,0.408248290463869,0.408248290463862));
#10546=DIRECTION('ref_axis',(-0.577350269189624,0.577350269189631,0.577350269189622));
#10547=DIRECTION('center_axis',(2.56385670767758E-15,1.,0.));
#10548=DIRECTION('ref_axis',(-0.707106781186546,8.65956056235492E-17,0.707106781186549));
#10549=DIRECTION('center_axis',(-1.,1.22464679914735E-16,0.));
#10550=DIRECTION('ref_axis',(8.65956056235496E-17,0.70710678118655,0.707106781186545));
#10551=DIRECTION('center_axis',(-1.,2.56385670767758E-15,0.));
#10552=DIRECTION('ref_axis',(-2.56385670767758E-15,-1.,0.));
#10553=DIRECTION('',(-2.56385670767758E-15,-1.,0.));
#10554=DIRECTION('center_axis',(1.,-2.56385670767758E-15,0.));
#10555=DIRECTION('ref_axis',(-1.22464679914735E-16,-1.,0.));
#10556=DIRECTION('center_axis',(1.,-2.56385670767758E-15,0.));
#10557=DIRECTION('ref_axis',(-1.22464679914735E-16,-1.,0.));
#10558=DIRECTION('center_axis',(-2.56385670767758E-15,-1.,0.));
#10559=DIRECTION('ref_axis',(-0.707106781186547,8.65956056235492E-17,0.707106781186548));
#10560=DIRECTION('center_axis',(-1.,1.22464679914735E-16,0.));
#10561=DIRECTION('ref_axis',(8.659560562355E-17,0.707106781186553,0.707106781186542));
#10562=DIRECTION('center_axis',(-1.,1.22464679914735E-16,0.));
#10563=DIRECTION('ref_axis',(0.,0.,1.));
#10564=DIRECTION('',(-1.,1.22464679914735E-16,0.));
#10565=DIRECTION('center_axis',(0.,0.,1.));
#10566=DIRECTION('ref_axis',(-1.,0.,0.));
#10567=DIRECTION('center_axis',(-1.22464679914735E-16,-1.,0.));
#10568=DIRECTION('ref_axis',(-0.707106781186547,8.65956056235493E-17,0.707106781186548));
#10569=DIRECTION('center_axis',(0.,0.,1.));
#10570=DIRECTION('ref_axis',(-1.22464679914735E-16,-1.,0.));
#10571=DIRECTION('center_axis',(0.,0.,1.));
#10572=DIRECTION('ref_axis',(0.707106781186543,-0.707106781186552,0.));
#10573=DIRECTION('center_axis',(0.,0.,-1.));
#10574=DIRECTION('ref_axis',(1.,-1.22464679914735E-16,0.));
#10575=DIRECTION('',(0.,0.,1.));
#10576=DIRECTION('',(0.,0.,-1.));
#10577=DIRECTION('center_axis',(1.,-1.22464679914735E-16,0.));
#10578=DIRECTION('ref_axis',(-8.659560562355E-17,-0.707106781186553,-0.707106781186542));
#10579=DIRECTION('center_axis',(1.,-1.22464679914735E-16,0.));
#10580=DIRECTION('ref_axis',(-8.659560562355E-17,-0.707106781186553,-0.707106781186542));
#10581=DIRECTION('',(1.,-1.22464679914735E-16,0.));
#10582=DIRECTION('center_axis',(1.,-1.22464679914735E-16,0.));
#10583=DIRECTION('ref_axis',(-1.22464679914735E-16,-1.,0.));
#10584=DIRECTION('',(-1.,1.22464679914735E-16,0.));
#10585=DIRECTION('center_axis',(0.816496580927725,0.408248290463866,0.408248290463862));
#10586=DIRECTION('ref_axis',(0.577350269189624,-0.577350269189631,-0.577350269189623));
#10587=DIRECTION('center_axis',(1.94978906587762E-16,1.,0.));
#10588=DIRECTION('ref_axis',(0.70710678118655,-8.65956056235496E-17,-0.707106781186545));
#10589=DIRECTION('center_axis',(1.22464679914735E-16,1.,0.));
#10590=DIRECTION('ref_axis',(-1.,1.22464679914735E-16,0.));
#10591=DIRECTION('',(0.,0.,1.));
#10592=DIRECTION('center_axis',(-1.22464679914735E-16,-1.,0.));
#10593=DIRECTION('ref_axis',(0.707106781186548,-8.65956056235494E-17,0.707106781186547));
#10594=DIRECTION('center_axis',(1.,-1.22464679914735E-16,0.));
#10595=DIRECTION('ref_axis',(1.22464679914735E-16,1.,0.));
#10596=DIRECTION('',(-1.22464679914735E-16,-1.,0.));
#10597=DIRECTION('',(0.,0.,-1.));
#10598=DIRECTION('',(1.22464679914735E-16,1.,0.));
#10599=DIRECTION('center_axis',(0.,0.,1.));
#10600=DIRECTION('ref_axis',(-1.,1.22464679914735E-16,0.));
#10601=DIRECTION('',(-1.94978906587762E-16,-1.,0.));
#10602=DIRECTION('',(-1.,1.22464679914735E-16,0.));
#10603=DIRECTION('',(-1.22464679914735E-16,-1.,0.));
#10604=DIRECTION('',(-1.,1.22464679914735E-16,0.));
#10605=DIRECTION('',(1.22464679914735E-16,1.,0.));
#10606=DIRECTION('',(1.,-1.22464679914735E-16,0.));
#10607=DIRECTION('center_axis',(-1.,1.22464679914735E-16,0.));
#10608=DIRECTION('ref_axis',(8.65956056235484E-17,0.70710678118654,0.707106781186555));
#10609=DIRECTION('center_axis',(0.707106781186547,-8.65956056235493E-17,
-0.707106781186548));
#10610=DIRECTION('ref_axis',(0.707106781186548,-8.65956056235494E-17,0.707106781186547));
#10611=DIRECTION('center_axis',(0.408248290463869,0.40824829046386,-0.816496580927725));
#10612=DIRECTION('ref_axis',(0.577350269189634,0.577350269189616,0.577350269189627));
#10613=DIRECTION('center_axis',(1.22464679914735E-16,1.,0.));
#10614=DIRECTION('ref_axis',(1.,-1.22464679914735E-16,0.));
#10615=DIRECTION('center_axis',(-6.93889390390718E-16,8.49769420904301E-32,
1.));
#10616=DIRECTION('ref_axis',(1.22464679914735E-16,1.,0.));
#10617=DIRECTION('center_axis',(0.,0.,1.));
#10618=DIRECTION('ref_axis',(0.707106781186555,0.70710678118654,0.));
#10619=DIRECTION('center_axis',(1.22464679914735E-16,1.,0.));
#10620=DIRECTION('ref_axis',(0.707106781186548,-8.65956056235494E-17,0.707106781186547));
#10621=DIRECTION('center_axis',(-1.22464679914735E-16,-1.,0.));
#10622=DIRECTION('ref_axis',(-0.707106781186546,8.65956056235492E-17,0.707106781186549));
#10623=DIRECTION('center_axis',(-0.707106781186547,0.707106781186548,0.));
#10624=DIRECTION('ref_axis',(-0.707106781186548,-0.707106781186547,0.));
#10625=DIRECTION('center_axis',(1.,-1.22464679914735E-16,0.));
#10626=DIRECTION('ref_axis',(-8.65956056235496E-17,-0.707106781186549,0.707106781186546));
#10627=DIRECTION('center_axis',(-1.,1.22464679914735E-16,0.));
#10628=DIRECTION('ref_axis',(-8.65956056235496E-17,-0.707106781186549,0.707106781186546));
#10629=DIRECTION('center_axis',(1.,-1.22464679914735E-16,0.));
#10630=DIRECTION('ref_axis',(-8.65956056235494E-17,-0.707106781186548,0.707106781186547));
#10631=DIRECTION('center_axis',(1.,-1.22464679914735E-16,0.));
#10632=DIRECTION('ref_axis',(0.,0.,1.));
#10633=DIRECTION('center_axis',(-1.,1.22464679914735E-16,0.));
#10634=DIRECTION('ref_axis',(-1.22464679914735E-16,-1.,0.));
#10635=DIRECTION('',(-1.,1.22464679914735E-16,0.));
#10636=DIRECTION('center_axis',(0.816496580927725,-0.408248290463862,0.408248290463866));
#10637=DIRECTION('ref_axis',(-0.577350269189625,-0.577350269189625,0.577350269189628));
#10638=DIRECTION('center_axis',(-1.22464679914735E-16,-1.,0.));
#10639=DIRECTION('ref_axis',(-0.707106781186549,8.65956056235496E-17,0.707106781186546));
#10640=DIRECTION('center_axis',(0.,0.,1.));
#10641=DIRECTION('ref_axis',(0.707106781186547,-0.707106781186548,0.));
#10642=DIRECTION('center_axis',(0.,0.,-1.));
#10643=DIRECTION('ref_axis',(1.,-1.22464679914735E-16,0.));
#10644=DIRECTION('',(0.,0.,1.));
#10645=DIRECTION('center_axis',(0.816496580927725,0.408248290463862,-0.408248290463866));
#10646=DIRECTION('ref_axis',(0.577350269189625,-0.577350269189625,0.577350269189627));
#10647=DIRECTION('center_axis',(-1.22464679914735E-16,-1.,0.));
#10648=DIRECTION('ref_axis',(0.707106781186549,-8.65956056235496E-17,0.707106781186546));
#10649=DIRECTION('center_axis',(-1.22464679914735E-16,-1.,0.));
#10650=DIRECTION('ref_axis',(-0.707106781186548,8.65956056235494E-17,0.707106781186547));
#10651=DIRECTION('',(1.22464679914735E-16,1.,0.));
#10652=DIRECTION('center_axis',(1.22464679914735E-16,1.,0.));
#10653=DIRECTION('ref_axis',(-1.,1.22464679914735E-16,0.));
#10654=DIRECTION('center_axis',(0.,0.,1.));
#10655=DIRECTION('ref_axis',(-1.,1.22464679914735E-16,0.));
#10656=DIRECTION('',(-1.22464679914735E-16,-1.,0.));
#10657=DIRECTION('center_axis',(0.,0.,1.));
#10658=DIRECTION('ref_axis',(-0.707106781186548,-0.707106781186547,0.));
#10659=DIRECTION('',(1.,-1.22464679914735E-16,0.));
#10660=DIRECTION('center_axis',(0.,0.,-1.));
#10661=DIRECTION('ref_axis',(-0.707106781186547,0.707106781186548,0.));
#10662=DIRECTION('center_axis',(0.,0.,-1.));
#10663=DIRECTION('ref_axis',(-1.,1.22464679914735E-16,0.));
#10664=DIRECTION('center_axis',(1.22464679914735E-16,1.,0.));
#10665=DIRECTION('ref_axis',(0.707106781186548,-8.65956056235494E-17,0.707106781186547));
#10666=DIRECTION('',(1.22464679914735E-16,1.,0.));
#10667=DIRECTION('center_axis',(-1.22464679914735E-16,-1.,0.));
#10668=DIRECTION('ref_axis',(1.,-1.22464679914735E-16,0.));
#10669=DIRECTION('center_axis',(1.,-1.22464679914735E-16,0.));
#10670=DIRECTION('ref_axis',(1.22464679914735E-16,1.,0.));
#10671=DIRECTION('',(0.,0.,-1.));
#10672=DIRECTION('center_axis',(-1.,1.22464679914735E-16,0.));
#10673=DIRECTION('ref_axis',(8.65956056235494E-17,0.707106781186548,0.707106781186547));
#10674=DIRECTION('center_axis',(-1.,1.22464679914735E-16,0.));
#10675=DIRECTION('ref_axis',(0.,0.,1.));
#10676=DIRECTION('',(-1.,1.22464679914735E-16,0.));
#10677=DIRECTION('center_axis',(1.,-1.22464679914735E-16,0.));
#10678=DIRECTION('ref_axis',(1.22464679914735E-16,1.,0.));
#10679=DIRECTION('center_axis',(0.,0.,1.));
#10680=DIRECTION('ref_axis',(-0.707106781186547,0.707106781186548,0.));
#10681=DIRECTION('center_axis',(0.,0.,1.));
#10682=DIRECTION('ref_axis',(-0.707106781186546,0.707106781186549,0.));
#10683=DIRECTION('',(0.,0.,-1.));
#10684=DIRECTION('center_axis',(0.,0.,-1.));
#10685=DIRECTION('ref_axis',(-1.,1.22464679914735E-16,0.));
#10686=DIRECTION('center_axis',(0.,0.,1.));
#10687=DIRECTION('ref_axis',(-1.,0.,0.));
#10688=DIRECTION('center_axis',(0.,0.,-1.));
#10689=DIRECTION('ref_axis',(-0.707106781186548,-0.707106781186547,0.));
#10690=DIRECTION('center_axis',(1.94978906587762E-16,1.,0.));
#10691=DIRECTION('ref_axis',(0.707106781186549,-8.65956056235496E-17,-0.707106781186546));
#10692=DIRECTION('',(1.94978906587762E-16,1.,0.));
#10693=DIRECTION('center_axis',(-1.22464679914735E-16,-1.,0.));
#10694=DIRECTION('ref_axis',(0.707106781186549,-8.65956056235496E-17,-0.707106781186546));
#10695=DIRECTION('center_axis',(0.,0.,1.));
#10696=DIRECTION('ref_axis',(-0.707106781186546,-0.707106781186549,0.));
#10697=DIRECTION('',(0.,0.,1.));
#10698=DIRECTION('center_axis',(0.,0.,-1.));
#10699=DIRECTION('ref_axis',(-1.22464679914735E-16,-1.,0.));
#10700=DIRECTION('',(0.,0.,-1.));
#10701=DIRECTION('center_axis',(-1.94978906587762E-16,-1.,0.));
#10702=DIRECTION('ref_axis',(-0.707106781186547,8.65956056235492E-17,0.707106781186548));
#10703=DIRECTION('center_axis',(0.70710678118655,-0.707106781186545,1.57009245868378E-15));
#10704=DIRECTION('ref_axis',(0.707106781186545,0.70710678118655,1.57009245868377E-15));
#10705=DIRECTION('',(-1.94978906587762E-16,-1.,0.));
#10706=DIRECTION('center_axis',(1.,-1.22464679914735E-16,0.));
#10707=DIRECTION('ref_axis',(-8.65956056235496E-17,-0.70710678118655,0.707106781186545));
#10708=DIRECTION('center_axis',(1.,-1.22464679914735E-16,0.));
#10709=DIRECTION('ref_axis',(0.,0.,1.));
#10710=DIRECTION('',(1.,-1.22464679914735E-16,0.));
#10711=DIRECTION('center_axis',(-0.408248290463861,-0.408248290463861,-0.816496580927728));
#10712=DIRECTION('ref_axis',(-0.577350269189625,-0.577350269189625,0.577350269189627));
#10713=DIRECTION('center_axis',(-1.22464679914735E-16,-1.,0.));
#10714=DIRECTION('ref_axis',(-0.70710678118655,8.65956056235497E-17,0.707106781186545));
#10715=DIRECTION('center_axis',(-1.,1.22464679914735E-16,0.));
#10716=DIRECTION('ref_axis',(-1.22464679914735E-16,-1.,0.));
#10717=DIRECTION('',(-1.22464679914735E-16,-1.,0.));
#10718=DIRECTION('',(0.,0.,1.));
#10719=DIRECTION('',(1.22464679914735E-16,1.,0.));
#10720=DIRECTION('center_axis',(1.,-1.22464679914735E-16,0.));
#10721=DIRECTION('ref_axis',(-1.22464679914735E-16,-1.,0.));
#10722=DIRECTION('center_axis',(1.,-1.22464679914735E-16,0.));
#10723=DIRECTION('ref_axis',(-1.22464679914735E-16,-1.,0.));
#10724=DIRECTION('',(1.22464679914735E-16,1.,0.));
#10725=DIRECTION('',(0.,0.,1.));
#10726=DIRECTION('center_axis',(-1.22464679914735E-16,-1.,0.));
#10727=DIRECTION('ref_axis',(-0.70710678118655,8.65956056235496E-17,0.707106781186545));
#10728=DIRECTION('center_axis',(1.22464679914735E-16,1.,0.));
#10729=DIRECTION('ref_axis',(-1.,1.22464679914735E-16,0.));
#10730=DIRECTION('center_axis',(0.816496580927725,-0.408248290463863,0.408248290463865));
#10731=DIRECTION('ref_axis',(0.577350269189644,0.577350269189615,-0.577350269189618));
#10732=DIRECTION('center_axis',(0.,0.,-1.));
#10733=DIRECTION('ref_axis',(1.,-1.22464679914735E-16,0.));
#10734=DIRECTION('center_axis',(1.,-1.22464679914735E-16,4.44089209850063E-15));
#10735=DIRECTION('ref_axis',(1.22464679914735E-16,1.,0.));
#10736=DIRECTION('center_axis',(-1.,1.22464679914735E-16,0.));
#10737=DIRECTION('ref_axis',(8.65956056235495E-17,0.707106781186549,-0.707106781186546));
#10738=DIRECTION('center_axis',(1.,-1.22464679914735E-16,0.));
#10739=DIRECTION('ref_axis',(0.,0.,-1.));
#10740=DIRECTION('',(1.,-1.22464679914735E-16,0.));
#10741=DIRECTION('center_axis',(1.22464679914735E-16,1.,0.));
#10742=DIRECTION('ref_axis',(0.,0.,-1.));
#10743=DIRECTION('center_axis',(0.,0.,-1.));
#10744=DIRECTION('ref_axis',(-0.707106781186548,0.707106781186547,0.));
#10745=DIRECTION('center_axis',(-1.22464679914735E-16,-1.,0.));
#10746=DIRECTION('ref_axis',(-0.707106781186546,8.65956056235492E-17,-0.707106781186549));
#10747=DIRECTION('center_axis',(-2.09798136933559E-15,1.,0.));
#10748=DIRECTION('ref_axis',(0.,0.,-1.));
#10749=DIRECTION('',(1.22464679914735E-16,1.,0.));
#10750=DIRECTION('center_axis',(0.,0.,1.));
#10751=DIRECTION('ref_axis',(-1.,0.,0.));
#10752=DIRECTION('center_axis',(1.,-1.22464679914735E-16,0.));
#10753=DIRECTION('ref_axis',(0.,0.,-1.));
#10754=DIRECTION('center_axis',(0.,0.,1.));
#10755=DIRECTION('ref_axis',(0.707106781186546,-0.707106781186548,0.));
#10756=DIRECTION('center_axis',(-1.,-3.82499496319694E-15,0.));
#10757=DIRECTION('ref_axis',(8.65956056235492E-17,0.707106781186546,-0.707106781186549));
#10758=DIRECTION('center_axis',(1.,-1.22464679914735E-16,0.));
#10759=DIRECTION('ref_axis',(0.,0.,-1.));
#10760=DIRECTION('',(1.,3.82499496319694E-15,0.));
#10761=DIRECTION('center_axis',(0.,0.,1.));
#10762=DIRECTION('ref_axis',(-1.,0.,0.));
#10763=DIRECTION('center_axis',(-6.78380282766567E-15,-1.,0.));
#10764=DIRECTION('ref_axis',(0.,0.,-1.));
#10765=DIRECTION('center_axis',(0.,0.,1.));
#10766=DIRECTION('ref_axis',(-0.70710678118655,-0.707106781186545,0.));
#10767=DIRECTION('center_axis',(1.22464679914735E-16,1.,0.));
#10768=DIRECTION('ref_axis',(0.707106781186546,-8.65956056235492E-17,-0.707106781186549));
#10769=DIRECTION('center_axis',(-1.22464679914735E-16,-1.,-1.11022302462516E-15));
#10770=DIRECTION('ref_axis',(1.35963107344689E-31,1.11022302462516E-15,
-1.));
#10771=DIRECTION('',(-1.22464679914735E-16,-1.,0.));
#10772=DIRECTION('center_axis',(-0.408274675967082,-0.408116337359647,-0.816549351934175));
#10773=DIRECTION('ref_axis',(0.577499557082467,0.577275589050549,-0.577275632480616));
#10774=DIRECTION('center_axis',(0.999999924767206,-0.000387898932957626,
0.));
#10775=DIRECTION('ref_axis',(0.000274285965908925,0.707106727988928,-0.707106781186548));
#10776=DIRECTION('center_axis',(0.,0.,-1.));
#10777=DIRECTION('ref_axis',(0.707243910872676,0.70696962490161,0.));
#10778=DIRECTION('center_axis',(0.,0.,1.));
#10779=DIRECTION('ref_axis',(0.707106781186547,0.707106781186548,0.));
#10780=DIRECTION('center_axis',(0.,0.,-1.));
#10781=DIRECTION('ref_axis',(1.22464679914735E-16,1.,0.));
#10782=DIRECTION('',(0.,0.,1.));
#10783=DIRECTION('center_axis',(0.40824829046386,0.40824829046386,-0.816496580927729));
#10784=DIRECTION('ref_axis',(0.577350269189644,0.577350269189616,0.577350269189618));
#10785=DIRECTION('center_axis',(1.,-1.22464679914735E-16,0.));
#10786=DIRECTION('ref_axis',(8.65956056235495E-17,0.707106781186549,0.707106781186546));
#10787=DIRECTION('center_axis',(-1.87689118796437E-15,-1.,0.));
#10788=DIRECTION('ref_axis',(1.,-1.87689118796437E-15,0.));
#10789=DIRECTION('',(0.,0.,1.));
#10790=DIRECTION('center_axis',(1.87689118796437E-15,1.,0.));
#10791=DIRECTION('ref_axis',(0.,0.,1.));
#10792=DIRECTION('center_axis',(-1.,1.22464679914735E-16,0.));
#10793=DIRECTION('ref_axis',(8.65956056235495E-17,0.707106781186549,0.707106781186546));
#10794=DIRECTION('',(-1.,1.22464679914735E-16,0.));
#10795=DIRECTION('center_axis',(-1.,1.22464679914735E-16,0.));
#10796=DIRECTION('ref_axis',(0.,0.,1.));
#10797=DIRECTION('center_axis',(1.22464679914735E-16,1.,0.));
#10798=DIRECTION('ref_axis',(-1.,1.22464679914735E-16,0.));
#10799=DIRECTION('',(0.,0.,1.));
#10800=DIRECTION('center_axis',(-1.22464679914735E-16,-1.,0.));
#10801=DIRECTION('ref_axis',(0.,0.,-1.));
#10802=DIRECTION('center_axis',(1.22464679914735E-16,1.,0.));
#10803=DIRECTION('ref_axis',(0.70710678118655,-8.65956056235496E-17,0.707106781186545));
#10804=DIRECTION('center_axis',(2.34291072916505E-15,1.,0.));
#10805=DIRECTION('ref_axis',(0.,0.,1.));
#10806=DIRECTION('',(1.22464679914735E-16,1.,0.));
#10807=DIRECTION('center_axis',(-1.22464679914735E-16,-1.,-2.22044604925031E-15));
#10808=DIRECTION('ref_axis',(1.,-1.22464679914735E-16,0.));
#10809=DIRECTION('center_axis',(0.,0.,-1.));
#10810=DIRECTION('ref_axis',(1.,0.,0.));
#10811=DIRECTION('center_axis',(-1.,1.22464679914735E-16,0.));
#10812=DIRECTION('ref_axis',(0.,0.,1.));
#10813=DIRECTION('center_axis',(0.,0.,-1.));
#10814=DIRECTION('ref_axis',(-0.70710678118655,-0.707106781186545,0.));
#10815=DIRECTION('center_axis',(-1.,-3.82499496319694E-15,0.));
#10816=DIRECTION('ref_axis',(8.65956056235496E-17,0.70710678118655,0.707106781186545));
#10817=DIRECTION('center_axis',(-1.,1.22464679914735E-16,0.));
#10818=DIRECTION('ref_axis',(0.,0.,1.));
#10819=DIRECTION('',(-1.,-3.82499496319694E-15,0.));
#10820=DIRECTION('center_axis',(0.,0.,-1.));
#10821=DIRECTION('ref_axis',(1.,0.,0.));
#10822=DIRECTION('center_axis',(-1.22464679914735E-16,-1.,0.));
#10823=DIRECTION('ref_axis',(0.,0.,1.));
#10824=DIRECTION('center_axis',(0.,0.,-1.));
#10825=DIRECTION('ref_axis',(0.707106781186546,-0.707106781186548,0.));
#10826=DIRECTION('center_axis',(-1.22464679914735E-16,-1.,0.));
#10827=DIRECTION('ref_axis',(-0.70710678118655,8.65956056235496E-17,0.707106781186545));
#10828=DIRECTION('center_axis',(3.76331590627331E-15,-1.,0.));
#10829=DIRECTION('ref_axis',(0.,0.,1.));
#10830=DIRECTION('',(-1.22464679914735E-16,-1.,0.));
#10831=DIRECTION('center_axis',(0.,0.,1.));
#10832=DIRECTION('ref_axis',(-0.707106781186548,0.707106781186547,0.));
#10833=DIRECTION('center_axis',(0.,0.,1.));
#10834=DIRECTION('ref_axis',(0.707243910872675,0.70696962490161,0.));
#10835=DIRECTION('',(0.,0.,1.));
#10836=DIRECTION('center_axis',(0.,0.,-1.));
#10837=DIRECTION('ref_axis',(0.000387898932960995,0.999999924767206,0.));
#10838=DIRECTION('',(0.,0.,-1.));
#10839=DIRECTION('center_axis',(0.999999924767206,-0.000387898932957626,
0.));
#10840=DIRECTION('ref_axis',(0.000274285965908606,0.707106727988929,-0.707106781186548));
#10841=DIRECTION('center_axis',(0.999999924767206,-0.000387898932974318,
0.));
#10842=DIRECTION('ref_axis',(0.,0.,-1.));
#10843=DIRECTION('',(0.999999924767206,-0.000387898932957626,0.));
#10844=DIRECTION('center_axis',(0.408274675967077,0.408116337359671,-0.816549351934165));
#10845=DIRECTION('ref_axis',(0.577499557082467,0.577275589050549,0.577275632480617));
#10846=DIRECTION('center_axis',(0.999999924767206,-0.000387898932957626,
0.));
#10847=DIRECTION('ref_axis',(0.000274285965908925,0.70710672798893,0.707106781186546));
#10848=DIRECTION('center_axis',(0.408221843530358,0.816443809931206,0.40838025379503));
#10849=DIRECTION('ref_axis',(-0.577200952339667,0.577424891414467,-0.577424934855755));
#10850=DIRECTION('center_axis',(0.,0.,-1.));
#10851=DIRECTION('ref_axis',(-0.706969624901618,0.707243910872668,0.));
#10852=DIRECTION('center_axis',(-0.999999924767206,0.000387898932957626,
0.));
#10853=DIRECTION('ref_axis',(0.000274285965908605,0.70710672798893,0.707106781186546));
#10854=DIRECTION('',(-0.999999924767206,0.000387898932957626,0.));
#10855=DIRECTION('center_axis',(-0.999999924767206,0.000387898932957626,
0.));
#10856=DIRECTION('ref_axis',(0.000274285965922247,0.70710672798893,0.707106781186546));
#10857=DIRECTION('center_axis',(0.000387898932957626,0.999999924767206,
0.));
#10858=DIRECTION('ref_axis',(-0.999999924767206,0.000387898932957626,0.));
#10859=DIRECTION('',(0.,0.,-1.));
#10860=DIRECTION('center_axis',(0.,0.,-1.));
#10861=DIRECTION('ref_axis',(-0.706969624901614,0.707243910872671,0.));
#10862=DIRECTION('center_axis',(0.,0.,-1.));
#10863=DIRECTION('ref_axis',(-1.,1.22464679914735E-16,0.));
#10864=DIRECTION('center_axis',(-1.22464679914735E-16,-1.,0.));
#10865=DIRECTION('ref_axis',(1.,-1.22464679914735E-16,0.));
#10866=DIRECTION('',(0.,0.,-1.));
#10867=DIRECTION('',(1.,-1.22464679914735E-16,0.));
#10868=DIRECTION('center_axis',(1.22464679914735E-16,1.,0.));
#10869=DIRECTION('ref_axis',(0.707106781186556,-8.65956056235504E-17,0.707106781186539));
#10870=DIRECTION('',(-1.22464679914735E-16,-1.,0.));
#10871=DIRECTION('',(1.22464679914735E-16,1.,0.));
#10872=DIRECTION('center_axis',(-8.65956056235493E-17,-0.707106781186547,
-0.707106781186548));
#10873=DIRECTION('ref_axis',(-8.65956056235494E-17,-0.707106781186548,0.707106781186547));
#10874=DIRECTION('center_axis',(0.,0.,1.));
#10875=DIRECTION('ref_axis',(0.707106781186555,-0.70710678118654,0.));
#10876=DIRECTION('',(0.,0.,1.));
#10877=DIRECTION('center_axis',(0.,0.,-1.));
#10878=DIRECTION('ref_axis',(1.,-5.67357980304051E-15,0.));
#10879=DIRECTION('',(0.,0.,-1.));
#10880=DIRECTION('center_axis',(1.22464679914735E-16,1.,0.));
#10881=DIRECTION('ref_axis',(0.70710678118654,-8.65956056235484E-17,0.707106781186555));
#10882=DIRECTION('',(1.22464679914735E-16,1.,0.));
#10883=DIRECTION('center_axis',(-1.22464679914735E-16,-1.,0.));
#10884=DIRECTION('ref_axis',(1.,-1.22464679914735E-16,0.));
#10885=DIRECTION('center_axis',(1.,-1.22464679914735E-16,0.));
#10886=DIRECTION('ref_axis',(1.22464679914735E-16,1.,0.));
#10887=DIRECTION('center_axis',(-1.,1.22464679914735E-16,0.));
#10888=DIRECTION('ref_axis',(8.52318100668311E-17,0.695970545353752,0.718070330817254));
#10889=DIRECTION('',(-1.22464679914735E-16,-1.,0.));
#10890=DIRECTION('',(0.,0.,-1.));
#10891=DIRECTION('center_axis',(-1.22464679914735E-16,-1.,0.));
#10892=DIRECTION('ref_axis',(1.,-1.22464679914735E-16,0.));
#10893=DIRECTION('',(1.,-1.22464679914735E-16,0.));
#10894=DIRECTION('',(0.,0.,1.));
#10895=DIRECTION('',(1.,-1.22464679914735E-16,0.));
#10896=DIRECTION('center_axis',(0.,0.,1.));
#10897=DIRECTION('ref_axis',(0.707106781186541,-0.707106781186554,0.));
#10898=DIRECTION('',(0.,0.,1.));
#10899=DIRECTION('center_axis',(0.,0.,-1.));
#10900=DIRECTION('ref_axis',(1.,-1.22464679914735E-16,0.));
#10901=DIRECTION('center_axis',(1.22464679914735E-16,1.,0.));
#10902=DIRECTION('ref_axis',(0.70710678118654,-8.65956056235484E-17,0.707106781186555));
#10903=DIRECTION('center_axis',(1.22464679914735E-16,1.,0.));
#10904=DIRECTION('ref_axis',(0.,0.,1.));
#10905=DIRECTION('',(1.22464679914735E-16,1.,0.));
#10906=DIRECTION('center_axis',(-1.22464679914735E-16,-1.,0.));
#10907=DIRECTION('ref_axis',(1.,-1.22464679914735E-16,0.));
#10908=DIRECTION('',(-1.22464679914735E-16,-1.,0.));
#10909=DIRECTION('center_axis',(0.816496580927726,0.408248290463863,-0.408248290463863));
#10910=DIRECTION('ref_axis',(0.577350269189625,-0.577350269189625,0.577350269189628));
#10911=DIRECTION('center_axis',(1.,-1.22464679914735E-16,0.));
#10912=DIRECTION('ref_axis',(-8.65956056235496E-17,-0.70710678118655,0.707106781186545));
#10913=DIRECTION('center_axis',(-0.397603336049797,0.820846066754368,-0.410028440301347));
#10914=DIRECTION('ref_axis',(0.571428571428582,0.571149485418543,0.589285714285713));
#10915=DIRECTION('center_axis',(1.,-1.22464679914735E-16,0.));
#10916=DIRECTION('ref_axis',(1.22404868101686E-16,0.999511599482467,0.0312499999999999));
#10917=DIRECTION('center_axis',(-3.82702124733546E-18,-0.0312499999999999,
0.999511599482467));
#10918=DIRECTION('ref_axis',(-1.22404868101685E-16,-0.999511599482467,-0.0312499999999999));
#10919=DIRECTION('center_axis',(-1.,1.22464679914735E-16,0.));
#10920=DIRECTION('ref_axis',(8.52318100668311E-17,0.695970545353752,0.718070330817254));
#10921=DIRECTION('',(1.,-1.22464679914735E-16,0.));
#10922=DIRECTION('',(-1.,1.22464679914735E-16,0.));
#10923=DIRECTION('center_axis',(1.,-1.22464679914735E-16,0.));
#10924=DIRECTION('ref_axis',(1.22464679914735E-16,1.,0.));
#10925=DIRECTION('',(0.,0.,1.));
#10926=DIRECTION('center_axis',(-1.,1.22464679914735E-16,0.));
#10927=DIRECTION('ref_axis',(-8.65956056235492E-17,-0.707106781186546,0.707106781186549));
#10928=DIRECTION('center_axis',(1.,-1.22464679914735E-16,0.));
#10929=DIRECTION('ref_axis',(-8.65956056235494E-17,-0.707106781186548,-0.707106781186547));
#10930=DIRECTION('center_axis',(1.,-1.22464679914735E-16,0.));
#10931=DIRECTION('ref_axis',(-8.65956056235496E-17,-0.707106781186549,0.707106781186546));
#10932=DIRECTION('',(-1.,1.22464679914735E-16,0.));
#10933=DIRECTION('center_axis',(0.,0.,1.));
#10934=DIRECTION('ref_axis',(-0.707106781186552,-0.707106781186543,0.));
#10935=DIRECTION('center_axis',(0.,0.,-1.));
#10936=DIRECTION('ref_axis',(-1.22464679914735E-16,-1.,0.));
#10937=DIRECTION('center_axis',(8.65956056235493E-17,0.707106781186547,
0.707106781186548));
#10938=DIRECTION('ref_axis',(8.65956056235494E-17,0.707106781186548,-0.707106781186547));
#10939=DIRECTION('center_axis',(-1.22464679914735E-16,-1.,0.));
#10940=DIRECTION('ref_axis',(-0.707106781186553,8.659560562355E-17,0.707106781186542));
#10941=DIRECTION('',(1.22464679914735E-16,1.,0.));
#10942=DIRECTION('center_axis',(1.,-1.22464679914735E-16,0.));
#10943=DIRECTION('ref_axis',(-8.65956056235494E-17,-0.707106781186548,0.707106781186547));
#10944=DIRECTION('center_axis',(1.,-1.22464679914735E-16,0.));
#10945=DIRECTION('ref_axis',(0.,0.,1.));
#10946=DIRECTION('center_axis',(0.816496580927725,-0.408248290463863,0.408248290463865));
#10947=DIRECTION('ref_axis',(-0.577350269189625,-0.577350269189625,0.577350269189628));
#10948=DIRECTION('center_axis',(-1.22464679914735E-16,-1.,0.));
#10949=DIRECTION('ref_axis',(-0.70710678118655,8.65956056235496E-17,0.707106781186545));
#10950=DIRECTION('center_axis',(-1.22464679914735E-16,-1.,0.));
#10951=DIRECTION('ref_axis',(-0.707106781186553,8.659560562355E-17,0.707106781186542));
#10952=DIRECTION('center_axis',(-1.22464679914735E-16,-1.,2.77555756156289E-15));
#10953=DIRECTION('ref_axis',(3.39907768361723E-31,2.77555756156289E-15,
1.));
#10954=DIRECTION('center_axis',(0.408221843530357,0.816443809931203,-0.408380253795035));
#10955=DIRECTION('ref_axis',(-0.577200952339666,0.577424891414466,0.577424934855756));
#10956=DIRECTION('center_axis',(1.,-1.22464679914735E-16,0.));
#10957=DIRECTION('ref_axis',(1.22464679914735E-16,1.,0.));
#10958=DIRECTION('',(0.,0.,1.));
#10959=DIRECTION('center_axis',(-1.,1.22464679914735E-16,0.));
#10960=DIRECTION('ref_axis',(-1.22464679914735E-16,-1.,0.));
#10961=DIRECTION('center_axis',(0.,0.,1.));
#10962=DIRECTION('ref_axis',(-1.,0.,0.));
#10963=DIRECTION('center_axis',(-1.,1.22464679914735E-16,0.));
#10964=DIRECTION('ref_axis',(-1.22464679914735E-16,-1.,0.));
#10965=DIRECTION('center_axis',(0.,0.,-1.));
#10966=DIRECTION('ref_axis',(-0.707106781186547,0.707106781186548,0.));
#10967=DIRECTION('center_axis',(1.,-1.22464679914735E-16,0.));
#10968=DIRECTION('ref_axis',(-8.65956056235495E-17,-0.707106781186549,0.707106781186546));
#10969=DIRECTION('center_axis',(-1.,1.22464679914735E-16,0.));
#10970=DIRECTION('ref_axis',(-1.22464679914735E-16,-1.,0.));
#10971=DIRECTION('',(1.,-1.22464679914735E-16,0.));
#10972=DIRECTION('center_axis',(0.,0.,1.));
#10973=DIRECTION('ref_axis',(-1.,0.,0.));
#10974=DIRECTION('center_axis',(0.,0.,-1.));
#10975=DIRECTION('ref_axis',(0.707106781186547,0.707106781186548,0.));
#10976=DIRECTION('center_axis',(-1.22464679914735E-16,-1.,0.));
#10977=DIRECTION('ref_axis',(1.,-1.22464679914735E-16,0.));
#10978=DIRECTION('',(0.,0.,1.));
#10979=DIRECTION('center_axis',(-1.,1.22464679914735E-16,0.));
#10980=DIRECTION('ref_axis',(0.,0.,-1.));
#10981=DIRECTION('center_axis',(-1.,1.22464679914735E-16,0.));
#10982=DIRECTION('ref_axis',(-8.65956056235494E-17,-0.707106781186548,-0.707106781186547));
#10983=DIRECTION('center_axis',(0.,0.,1.));
#10984=DIRECTION('ref_axis',(-1.,1.22464679914735E-16,0.));
#10985=DIRECTION('center_axis',(0.,0.,-1.));
#10986=DIRECTION('ref_axis',(-1.,1.22464679914735E-16,0.));
#10987=DIRECTION('center_axis',(1.,-1.22464679914735E-16,0.));
#10988=DIRECTION('ref_axis',(-8.65956056235494E-17,-0.707106781186548,-0.707106781186547));
#10989=DIRECTION('',(-1.,1.22464679914735E-16,0.));
#10990=DIRECTION('center_axis',(0.707106781186549,-0.707106781186546,0.));
#10991=DIRECTION('ref_axis',(0.707106781186546,0.707106781186549,0.));
#10992=DIRECTION('center_axis',(1.,-1.22464679914735E-16,0.));
#10993=DIRECTION('ref_axis',(-8.65956056235492E-17,-0.707106781186546,0.707106781186549));
#10994=DIRECTION('',(1.,-1.22464679914735E-16,0.));
#10995=DIRECTION('center_axis',(0.707106781186551,-0.707106781186544,0.));
#10996=DIRECTION('ref_axis',(-0.707106781186544,-0.707106781186551,0.));
#10997=DIRECTION('',(-1.,1.22464679914735E-16,0.));
#10998=DIRECTION('center_axis',(-1.22464679914735E-16,-1.,0.));
#10999=DIRECTION('ref_axis',(1.,-1.22464679914735E-16,0.));
#11000=DIRECTION('center_axis',(-1.22464679914735E-16,-1.,0.));
#11001=DIRECTION('ref_axis',(-0.707106781186546,8.65956056235492E-17,0.707106781186549));
#11002=DIRECTION('center_axis',(1.22464679914735E-16,1.,0.));
#11003=DIRECTION('ref_axis',(-1.,1.22464679914735E-16,0.));
#11004=DIRECTION('',(1.22464679914735E-16,1.,0.));
#11005=DIRECTION('center_axis',(-1.,1.22464679914735E-16,0.));
#11006=DIRECTION('ref_axis',(0.,0.,-1.));
#11007=DIRECTION('center_axis',(1.,-1.22464679914735E-16,0.));
#11008=DIRECTION('ref_axis',(-8.65956056235494E-17,-0.707106781186548,-0.707106781186547));
#11009=DIRECTION('center_axis',(0.408248290463861,0.816496580927722,0.408248290463872));
#11010=DIRECTION('ref_axis',(-0.577350269189623,0.577350269189623,-0.577350269189631));
#11011=DIRECTION('center_axis',(0.,0.,1.));
#11012=DIRECTION('ref_axis',(-1.,1.22464679914735E-16,0.));
#11013=DIRECTION('center_axis',(-1.22464679914735E-16,-1.,0.));
#11014=DIRECTION('ref_axis',(0.,0.,-1.));
#11015=DIRECTION('center_axis',(1.,-1.22464679914735E-16,-1.77635683940025E-14));
#11016=DIRECTION('ref_axis',(1.22464679914735E-16,1.,0.));
#11017=DIRECTION('center_axis',(-1.22464679914735E-16,-1.,0.));
#11018=DIRECTION('ref_axis',(-0.70710678118654,8.65956056235484E-17,-0.707106781186555));
#11019=DIRECTION('',(1.22464679914735E-16,1.,0.));
#11020=DIRECTION('center_axis',(-0.40824829046386,-0.40824829046386,-0.816496580927729));
#11021=DIRECTION('ref_axis',(0.577350269189625,0.577350269189625,-0.577350269189628));
#11022=DIRECTION('center_axis',(-1.,1.22464679914735E-16,0.));
#11023=DIRECTION('ref_axis',(0.,0.,-1.));
#11024=DIRECTION('center_axis',(-1.22464679914735E-16,-1.,0.));
#11025=DIRECTION('ref_axis',(1.,-1.22464679914735E-16,0.));
#11026=DIRECTION('center_axis',(0.,0.,1.));
#11027=DIRECTION('ref_axis',(1.22464679914735E-16,1.,0.));
#11028=DIRECTION('center_axis',(1.22464679914735E-16,1.,0.));
#11029=DIRECTION('ref_axis',(0.707106781186549,-8.65956056235496E-17,-0.707106781186546));
#11030=DIRECTION('',(-1.22464679914735E-16,-1.,0.));
#11031=DIRECTION('center_axis',(-0.707106781186548,-0.707106781186547,0.));
#11032=DIRECTION('ref_axis',(0.707106781186547,-0.707106781186548,0.));
#11033=DIRECTION('center_axis',(0.,0.,1.));
#11034=DIRECTION('ref_axis',(0.707106781186546,0.707106781186549,0.));
#11035=DIRECTION('',(0.,0.,-1.));
#11036=DIRECTION('center_axis',(-1.,1.22464679914735E-16,0.));
#11037=DIRECTION('ref_axis',(8.65956056235494E-17,0.707106781186548,-0.707106781186547));
#11038=DIRECTION('',(1.,-1.22464679914735E-16,0.));
#11039=DIRECTION('',(-1.,1.22464679914735E-16,0.));
#11040=DIRECTION('center_axis',(0.,0.,1.));
#11041=DIRECTION('ref_axis',(-0.707106781186552,0.707106781186543,0.));
#11042=DIRECTION('',(0.,0.,1.));
#11043=DIRECTION('center_axis',(1.,-1.22464679914735E-16,0.));
#11044=DIRECTION('ref_axis',(-8.65956056235494E-17,-0.707106781186548,-0.707106781186547));
#11045=DIRECTION('',(1.,-1.22464679914735E-16,0.));
#11046=DIRECTION('',(-1.,1.22464679914735E-16,0.));
#11047=DIRECTION('center_axis',(1.22464679914735E-16,1.,0.));
#11048=DIRECTION('ref_axis',(-1.,1.22464679914735E-16,0.));
#11049=DIRECTION('center_axis',(0.,0.,1.));
#11050=DIRECTION('ref_axis',(-1.,1.22464679914735E-16,0.));
#11051=DIRECTION('center_axis',(-1.22464679914735E-16,-1.,0.));
#11052=DIRECTION('ref_axis',(0.,0.,-1.));
#11053=DIRECTION('center_axis',(-1.22464679914735E-16,-1.,0.));
#11054=DIRECTION('ref_axis',(0.,0.,-1.));
#11055=DIRECTION('center_axis',(-1.22464679914735E-16,-1.,0.));
#11056=DIRECTION('ref_axis',(0.,0.,-1.));
#11057=DIRECTION('center_axis',(-1.22464679914735E-16,-1.,0.));
#11058=DIRECTION('ref_axis',(0.,0.,-1.));
#11059=DIRECTION('',(-1.22464679914735E-16,-1.,0.));
#11060=DIRECTION('center_axis',(-1.22464679914735E-16,-1.,0.));
#11061=DIRECTION('ref_axis',(0.,0.,-1.));
#11062=DIRECTION('',(-1.22464679914735E-16,-1.,0.));
#11063=DIRECTION('center_axis',(-1.22464679914735E-16,-1.,0.));
#11064=DIRECTION('ref_axis',(0.,0.,-1.));
#11065=DIRECTION('center_axis',(-1.22464679914735E-16,-1.,0.));
#11066=DIRECTION('ref_axis',(0.,0.,-1.));
#11067=DIRECTION('center_axis',(1.22464679914735E-16,1.,0.));
#11068=DIRECTION('ref_axis',(0.,0.,1.));
#11069=DIRECTION('center_axis',(1.22464679914735E-16,1.,0.));
#11070=DIRECTION('ref_axis',(0.,0.,1.));
#11071=DIRECTION('center_axis',(1.22464679914735E-16,1.,0.));
#11072=DIRECTION('ref_axis',(0.,0.,1.));
#11073=DIRECTION('center_axis',(1.22464679914735E-16,1.,0.));
#11074=DIRECTION('ref_axis',(0.,0.,1.));
#11075=DIRECTION('',(1.22464679914735E-16,1.,0.));
#11076=DIRECTION('center_axis',(1.22464679914735E-16,1.,0.));
#11077=DIRECTION('ref_axis',(0.,0.,1.));
#11078=DIRECTION('',(1.22464679914735E-16,1.,0.));
#11079=DIRECTION('center_axis',(1.22464679914735E-16,1.,0.));
#11080=DIRECTION('ref_axis',(0.,0.,1.));
#11081=DIRECTION('center_axis',(1.22464679914735E-16,1.,0.));
#11082=DIRECTION('ref_axis',(0.,0.,1.));
#11083=DIRECTION('center_axis',(1.,-1.22464679914735E-16,0.));
#11084=DIRECTION('ref_axis',(-1.22464679914735E-16,-1.,0.));
#11085=DIRECTION('',(1.,-1.22464679914735E-16,0.));
#11086=DIRECTION('center_axis',(1.,-1.22464679914735E-16,0.));
#11087=DIRECTION('ref_axis',(-1.22464679914735E-16,-1.,0.));
#11088=DIRECTION('',(1.,-1.22464679914735E-16,0.));
#11089=DIRECTION('center_axis',(0.,0.,-1.));
#11090=DIRECTION('ref_axis',(-1.,1.22464679914735E-16,0.));
#11091=DIRECTION('center_axis',(0.,0.,-1.));
#11092=DIRECTION('ref_axis',(-1.,1.22464679914735E-16,0.));
#11093=DIRECTION('center_axis',(0.,0.,-1.));
#11094=DIRECTION('ref_axis',(-1.,1.22464679914735E-16,0.));
#11095=DIRECTION('center_axis',(0.,0.,-1.));
#11096=DIRECTION('ref_axis',(-1.,1.22464679914735E-16,0.));
#11097=DIRECTION('',(0.,0.,-1.));
#11098=DIRECTION('center_axis',(0.,0.,-1.));
#11099=DIRECTION('ref_axis',(-1.,1.22464679914735E-16,0.));
#11100=DIRECTION('',(0.,0.,-1.));
#11101=DIRECTION('center_axis',(0.,0.,-1.));
#11102=DIRECTION('ref_axis',(-1.,1.22464679914735E-16,0.));
#11103=DIRECTION('center_axis',(0.,0.,-1.));
#11104=DIRECTION('ref_axis',(-1.,1.22464679914735E-16,0.));
#11105=DIRECTION('center_axis',(0.,0.,-1.));
#11106=DIRECTION('ref_axis',(-1.,1.22464679914735E-16,0.));
#11107=DIRECTION('center_axis',(0.,0.,-1.));
#11108=DIRECTION('ref_axis',(-1.,1.22464679914735E-16,0.));
#11109=DIRECTION('',(0.,0.,-1.));
#11110=DIRECTION('center_axis',(0.,0.,-1.));
#11111=DIRECTION('ref_axis',(-1.,1.22464679914735E-16,0.));
#11112=DIRECTION('',(0.,0.,-1.));
#11113=DIRECTION('center_axis',(0.,0.,-1.));
#11114=DIRECTION('ref_axis',(-1.,1.22464679914735E-16,0.));
#11115=DIRECTION('center_axis',(0.,0.,-1.));
#11116=DIRECTION('ref_axis',(-1.,1.22464679914735E-16,0.));
#11117=DIRECTION('center_axis',(0.,0.,-1.));
#11118=DIRECTION('ref_axis',(-1.,1.22464679914735E-16,0.));
#11119=DIRECTION('center_axis',(0.,0.,-1.));
#11120=DIRECTION('ref_axis',(-1.,1.22464679914735E-16,0.));
#11121=DIRECTION('',(0.,0.,-1.));
#11122=DIRECTION('center_axis',(0.,0.,-1.));
#11123=DIRECTION('ref_axis',(-1.,1.22464679914735E-16,0.));
#11124=DIRECTION('',(0.,0.,-1.));
#11125=DIRECTION('center_axis',(0.,0.,-1.));
#11126=DIRECTION('ref_axis',(-1.,1.22464679914735E-16,0.));
#11127=DIRECTION('center_axis',(0.,0.,-1.));
#11128=DIRECTION('ref_axis',(-1.,1.22464679914735E-16,0.));
#11129=DIRECTION('center_axis',(0.,0.,-1.));
#11130=DIRECTION('ref_axis',(-1.,1.22464679914735E-16,0.));
#11131=DIRECTION('center_axis',(0.,0.,-1.));
#11132=DIRECTION('ref_axis',(-1.,1.22464679914735E-16,0.));
#11133=DIRECTION('',(0.,0.,-1.));
#11134=DIRECTION('center_axis',(0.,0.,-1.));
#11135=DIRECTION('ref_axis',(-1.,1.22464679914735E-16,0.));
#11136=DIRECTION('',(0.,0.,-1.));
#11137=DIRECTION('center_axis',(-1.,1.22464679914735E-16,0.));
#11138=DIRECTION('ref_axis',(-1.22464679914735E-16,-1.,0.));
#11139=DIRECTION('center_axis',(-1.,1.94978906587762E-16,0.));
#11140=DIRECTION('ref_axis',(-1.94978906587762E-16,-1.,0.));
#11141=DIRECTION('center_axis',(-1.22464679914735E-16,-1.,0.));
#11142=DIRECTION('ref_axis',(1.,-1.22464679914735E-16,0.));
#11143=DIRECTION('center_axis',(-3.82499496319694E-15,1.,0.));
#11144=DIRECTION('ref_axis',(-1.,-3.82499496319694E-15,0.));
#11145=DIRECTION('',(0.,0.,1.));
#11146=DIRECTION('',(0.,0.,1.));
#11147=DIRECTION('center_axis',(0.,0.,1.));
#11148=DIRECTION('ref_axis',(-1.22464679914735E-16,-1.,0.));
#11149=DIRECTION('',(0.,0.,1.));
#11150=DIRECTION('center_axis',(-1.,1.22464679914735E-16,0.));
#11151=DIRECTION('ref_axis',(-1.22464679914735E-16,-1.,0.));
#11152=DIRECTION('',(0.,0.,1.));
#11153=DIRECTION('center_axis',(0.,0.,1.));
#11154=DIRECTION('ref_axis',(1.22464679914735E-16,1.,0.));
#11155=DIRECTION('center_axis',(0.,0.,1.));
#11156=DIRECTION('ref_axis',(-1.,1.22464679914735E-16,0.));
#11157=DIRECTION('center_axis',(0.,0.,1.));
#11158=DIRECTION('ref_axis',(-1.,7.52395151074911E-15,0.));
#11159=DIRECTION('',(0.,0.,1.));
#11160=DIRECTION('',(1.,0.,0.));
#11161=DIRECTION('',(0.,0.,1.));
#11162=DIRECTION('',(1.,0.,0.));
#11163=CARTESIAN_POINT('',(0.,0.,0.));
#11164=CARTESIAN_POINT('',(0.,0.,0.));
#11165=CARTESIAN_POINT('Origin',(130.65,195.,2.5));
#11166=CARTESIAN_POINT('',(133.05,195.,4.));
#11167=CARTESIAN_POINT('Origin',(130.65,195.,4.));
#11168=CARTESIAN_POINT('',(132.75,195.,0.999999999999998));
#11169=CARTESIAN_POINT('',(132.9,195.,2.5));
#11170=CARTESIAN_POINT('',(128.55,195.,1.));
#11171=CARTESIAN_POINT('Origin',(130.65,195.,1.));
#11172=CARTESIAN_POINT('Origin',(130.65,195.,1.));
#11173=CARTESIAN_POINT('Origin',(130.65,20.875,2.5));
#11174=CARTESIAN_POINT('',(133.05,20.875,4.));
#11175=CARTESIAN_POINT('Origin',(130.65,20.875,4.));
#11176=CARTESIAN_POINT('',(132.75,20.875,0.999999999999999));
#11177=CARTESIAN_POINT('',(132.9,20.875,2.5));
#11178=CARTESIAN_POINT('',(128.55,20.875,1.));
#11179=CARTESIAN_POINT('Origin',(130.65,20.875,1.));
#11180=CARTESIAN_POINT('Origin',(130.65,20.875,1.));
#11181=CARTESIAN_POINT('Origin',(135.15,9.736,6.031));
#11182=CARTESIAN_POINT('',(136.65,12.136,6.031));
#11183=CARTESIAN_POINT('Origin',(136.65,9.736,6.031));
#11184=CARTESIAN_POINT('',(133.65,11.836,6.031));
#11185=CARTESIAN_POINT('',(135.15,11.986,6.031));
#11186=CARTESIAN_POINT('',(133.65,7.636,6.031));
#11187=CARTESIAN_POINT('Origin',(133.65,9.736,6.031));
#11188=CARTESIAN_POINT('Origin',(133.65,9.736,6.031));
#11189=CARTESIAN_POINT('Origin',(22.6875,3.7,5.0313));
#11190=CARTESIAN_POINT('',(22.6875,2.2,2.6313));
#11191=CARTESIAN_POINT('Origin',(22.6875,2.2,5.0313));
#11192=CARTESIAN_POINT('',(22.6875,5.2,2.9313));
#11193=CARTESIAN_POINT('',(22.6875,3.7,2.7813));
#11194=CARTESIAN_POINT('Origin',(22.6875,5.2,5.0313));
#11195=CARTESIAN_POINT('Origin',(22.6875,5.2,5.0313));
#11196=CARTESIAN_POINT('',(22.6875,5.2,7.0813));
#11197=CARTESIAN_POINT('Origin',(22.6875,5.2,5.0313));
#11198=CARTESIAN_POINT('Origin',(22.6875,212.175,5.0313));
#11199=CARTESIAN_POINT('',(22.6875,213.675,7.4313));
#11200=CARTESIAN_POINT('Origin',(22.6875,213.675,5.0313));
#11201=CARTESIAN_POINT('',(22.6875,210.675,7.1313));
#11202=CARTESIAN_POINT('',(22.6875,212.175,7.2813));
#11203=CARTESIAN_POINT('Origin',(22.6875,210.675,5.0313));
#11204=CARTESIAN_POINT('Origin',(22.6875,210.675,5.0313));
#11205=CARTESIAN_POINT('',(22.6875,210.675,2.9813));
#11206=CARTESIAN_POINT('Origin',(22.6875,210.675,5.0313));
#11207=CARTESIAN_POINT('Origin',(135.15,206.1185,6.031));
#11208=CARTESIAN_POINT('',(136.65,208.5185,6.031));
#11209=CARTESIAN_POINT('Origin',(136.65,206.1185,6.031));
#11210=CARTESIAN_POINT('',(133.65,208.2185,6.031));
#11211=CARTESIAN_POINT('',(135.15,208.3685,6.031));
#11212=CARTESIAN_POINT('',(133.65,204.0185,6.031));
#11213=CARTESIAN_POINT('Origin',(133.65,206.1185,6.031));
#11214=CARTESIAN_POINT('Origin',(133.65,206.1185,6.031));
#11215=CARTESIAN_POINT('Origin',(38.319,21.944,2.5));
#11216=CARTESIAN_POINT('',(40.719,21.944,4.));
#11217=CARTESIAN_POINT('Origin',(38.319,21.944,4.));
#11218=CARTESIAN_POINT('',(40.419,21.944,1.));
#11219=CARTESIAN_POINT('',(40.569,21.944,2.5));
#11220=CARTESIAN_POINT('',(36.219,21.944,1.));
#11221=CARTESIAN_POINT('Origin',(38.319,21.944,1.));
#11222=CARTESIAN_POINT('Origin',(38.319,21.944,1.));
#11223=CARTESIAN_POINT('Origin',(38.319,193.931,2.5));
#11224=CARTESIAN_POINT('',(40.719,193.931,4.));
#11225=CARTESIAN_POINT('Origin',(38.319,193.931,4.));
#11226=CARTESIAN_POINT('',(40.419,193.931,0.999999999999999));
#11227=CARTESIAN_POINT('',(40.569,193.931,2.5));
#11228=CARTESIAN_POINT('',(36.219,193.931,1.));
#11229=CARTESIAN_POINT('Origin',(38.319,193.931,1.));
#11230=CARTESIAN_POINT('Origin',(38.319,193.931,1.));
#11231=CARTESIAN_POINT('Origin',(133.65,206.1185,6.031));
#11232=CARTESIAN_POINT('',(132.65,204.0185,6.031));
#11233=CARTESIAN_POINT('',(133.65,204.0185,6.031));
#11234=CARTESIAN_POINT('Origin',(132.65,206.1185,6.031));
#11235=CARTESIAN_POINT('Origin',(133.65,9.736,6.031));
#11236=CARTESIAN_POINT('',(132.65,7.636,6.031));
#11237=CARTESIAN_POINT('',(133.65,7.636,6.031));
#11238=CARTESIAN_POINT('Origin',(132.65,9.736,6.031));
#11239=CARTESIAN_POINT('Origin',(54.00625,190.,1.));
#11240=CARTESIAN_POINT('',(42.75,190.,0.));
#11241=CARTESIAN_POINT('',(42.75,189.,1.));
#11242=CARTESIAN_POINT('Origin',(42.75,190.,1.));
#11243=CARTESIAN_POINT('',(31.75,189.,1.));
#11244=CARTESIAN_POINT('',(54.00625,189.,1.));
#11245=CARTESIAN_POINT('',(30.75,190.,0.));
#11246=CARTESIAN_POINT('Origin',(30.75,190.,1.));
#11247=CARTESIAN_POINT('',(54.00625,190.,0.));
#11248=CARTESIAN_POINT('Origin',(42.75,148.46875,1.));
#11249=CARTESIAN_POINT('',(43.75,201.,1.));
#11250=CARTESIAN_POINT('',(43.75,190.,1.));
#11251=CARTESIAN_POINT('',(43.75,148.46875,1.));
#11252=CARTESIAN_POINT('Origin',(42.75,190.,1.));
#11253=CARTESIAN_POINT('',(42.75,202.,0.));
#11254=CARTESIAN_POINT('',(42.75,148.46875,0.));
#11255=CARTESIAN_POINT('Origin',(42.75,202.,1.));
#11256=CARTESIAN_POINT('Origin',(60.00625,202.,1.));
#11257=CARTESIAN_POINT('',(125.65,202.,0.));
#11258=CARTESIAN_POINT('',(60.00625,202.,0.));
#11259=CARTESIAN_POINT('',(124.65,201.,1.));
#11260=CARTESIAN_POINT('Origin',(125.65,202.,1.));
#11261=CARTESIAN_POINT('',(60.00625,201.,1.));
#11262=CARTESIAN_POINT('Origin',(42.75,190.,1.));
#11263=CARTESIAN_POINT('Origin',(42.75,190.,1.));
#11264=CARTESIAN_POINT('Origin',(31.75,189.,0.));
#11265=CARTESIAN_POINT('',(42.75,189.,3.19999999999997));
#11266=CARTESIAN_POINT('',(42.75,189.,0.));
#11267=CARTESIAN_POINT('',(33.688,189.,3.2));
#11268=CARTESIAN_POINT('',(35.0345,189.,3.2));
#11269=CARTESIAN_POINT('',(33.688,189.,1.2625));
#11270=CARTESIAN_POINT('',(33.688,189.,1.03125));
#11271=CARTESIAN_POINT('',(31.7297958971133,189.,1.2625));
#11272=CARTESIAN_POINT('',(54.00625,189.,1.2625));
#11273=CARTESIAN_POINT('',(31.75,189.,1.0625));
#11274=CARTESIAN_POINT('Origin',(30.75,189.,1.0625));
#11275=CARTESIAN_POINT('',(31.75,189.,0.));
#11276=CARTESIAN_POINT('Origin',(42.75,190.,0.));
#11277=CARTESIAN_POINT('',(43.75,190.,3.));
#11278=CARTESIAN_POINT('',(43.75,190.,0.));
#11279=CARTESIAN_POINT('Origin',(42.75,190.,3.));
#11280=CARTESIAN_POINT('Origin',(43.75,189.,0.));
#11281=CARTESIAN_POINT('',(43.75,201.,1.0625));
#11282=CARTESIAN_POINT('',(43.75,201.,0.));
#11283=CARTESIAN_POINT('',(43.75,197.862,1.0625));
#11284=CARTESIAN_POINT('',(43.75,148.46875,1.0625));
#11285=CARTESIAN_POINT('',(43.75,197.862,3.));
#11286=CARTESIAN_POINT('',(43.75,197.862,1.03125));
#11287=CARTESIAN_POINT('',(43.75,191.4655,3.));
#11288=CARTESIAN_POINT('Origin',(43.75,201.,0.));
#11289=CARTESIAN_POINT('',(124.65,201.,1.0625));
#11290=CARTESIAN_POINT('',(124.65,201.,0.));
#11291=CARTESIAN_POINT('',(60.00625,201.,1.0625));
#11292=CARTESIAN_POINT('Ctrl Pts',(42.75,25.875,0.));
#11293=CARTESIAN_POINT('Ctrl Pts',(42.7948798950513,26.0993994752564,1.55708415089673E-17));
#11294=CARTESIAN_POINT('Ctrl Pts',(42.8694092078408,26.4720460392037,0.131098017012421));
#11295=CARTESIAN_POINT('Ctrl Pts',(42.9363162324055,26.8065811620274,0.551719910340896));
#11296=CARTESIAN_POINT('Ctrl Pts',(42.95,26.875,0.850400349829058));
#11297=CARTESIAN_POINT('Ctrl Pts',(42.95,26.875,1.));
#11298=CARTESIAN_POINT('Ctrl Pts',(42.75,25.875,0.));
#11299=CARTESIAN_POINT('Ctrl Pts',(42.8290741008046,26.0652052695031,1.55708415089673E-17));
#11300=CARTESIAN_POINT('Ctrl Pts',(42.9598597057809,26.3818847303903,0.0832664037856762));
#11301=CARTESIAN_POINT('Ctrl Pts',(43.133373649875,26.7662069423869,0.452719433886296));
#11302=CARTESIAN_POINT('Ctrl Pts',(43.1893594402735,26.875,0.814054635029073));
#11303=CARTESIAN_POINT('Ctrl Pts',(43.1893594402735,26.875,1.));
#11304=CARTESIAN_POINT('Ctrl Pts',(42.75,25.875,0.));
#11305=CARTESIAN_POINT('Ctrl Pts',(42.888913960873,26.0053654094347,1.55708415089673E-17));
#11306=CARTESIAN_POINT('Ctrl Pts',(43.1202393450005,26.2221508479365,0.0480557169673723));
#11307=CARTESIAN_POINT('Ctrl Pts',(43.4769822858061,26.5547766801966,0.369451972482537));
#11308=CARTESIAN_POINT('Ctrl Pts',(43.6036666262041,26.6740188823141,0.78282903573292));
#11309=CARTESIAN_POINT('Ctrl Pts',(43.6036666262041,26.6740188823141,1.));
#11310=CARTESIAN_POINT('Ctrl Pts',(42.75,25.875,0.));
#11311=CARTESIAN_POINT('Ctrl Pts',(42.9487538209414,25.9455255493663,1.55708415089673E-17));
#11312=CARTESIAN_POINT('Ctrl Pts',(43.2800869866642,26.0628437599969,0.095049086075135));
#11313=CARTESIAN_POINT('Ctrl Pts',(43.6514698877767,26.2092674422509,0.478092170875616));
#11314=CARTESIAN_POINT('Ctrl Pts',(43.75,26.2545195802051,0.823501950336413));
#11315=CARTESIAN_POINT('Ctrl Pts',(43.75,26.2545195802051,1.));
#11316=CARTESIAN_POINT('Ctrl Pts',(42.75,25.875,0.));
#11317=CARTESIAN_POINT('Ctrl Pts',(42.9743994752564,25.9198798950513,1.55708415089673E-17));
#11318=CARTESIAN_POINT('Ctrl Pts',(43.3470460392037,25.9944092078408,0.131098017012428));
#11319=CARTESIAN_POINT('Ctrl Pts',(43.6815811620274,26.0613162324055,0.551719910340896));
#11320=CARTESIAN_POINT('Ctrl Pts',(43.75,26.075,0.850400349829059));
#11321=CARTESIAN_POINT('Ctrl Pts',(43.75,26.075,1.));
#11322=CARTESIAN_POINT('',(42.95,26.875,1.));
#11323=CARTESIAN_POINT('',(43.75,26.075,1.));
#11324=CARTESIAN_POINT('Origin',(42.95,26.075,1.));
#11325=CARTESIAN_POINT('',(42.75,25.875,2.77555756156289E-16));
#11326=CARTESIAN_POINT('Origin',(42.75,25.875,1.));
#11327=CARTESIAN_POINT('Origin',(42.75,25.875,1.));
#11328=CARTESIAN_POINT('Origin',(42.75,61.40625,1.));
#11329=CARTESIAN_POINT('',(43.75,14.875,1.));
#11330=CARTESIAN_POINT('',(43.75,61.40625,1.));
#11331=CARTESIAN_POINT('',(42.75,14.875,0.));
#11332=CARTESIAN_POINT('Origin',(42.75,14.875,1.));
#11333=CARTESIAN_POINT('',(42.75,61.40625,0.));
#11334=CARTESIAN_POINT('Origin',(60.00625,25.875,1.));
#11335=CARTESIAN_POINT('',(30.75,25.875,0.));
#11336=CARTESIAN_POINT('',(60.00625,25.875,0.));
#11337=CARTESIAN_POINT('',(31.75,26.875,1.));
#11338=CARTESIAN_POINT('Origin',(30.75,25.875,1.));
#11339=CARTESIAN_POINT('',(60.00625,26.875,1.));
#11340=CARTESIAN_POINT('Origin',(30.75,67.40625,1.));
#11341=CARTESIAN_POINT('',(30.75,67.40625,0.));
#11342=CARTESIAN_POINT('',(31.75,67.40625,1.));
#11343=CARTESIAN_POINT('Origin',(43.75,14.875,0.));
#11344=CARTESIAN_POINT('',(43.75,26.075,3.2));
#11345=CARTESIAN_POINT('',(43.75,26.075,0.));
#11346=CARTESIAN_POINT('',(43.75,18.013,3.2));
#11347=CARTESIAN_POINT('',(43.75,18.4095,3.2));
#11348=CARTESIAN_POINT('',(43.75,18.013,3.0625));
#11349=CARTESIAN_POINT('',(43.75,18.013,1.03125));
#11350=CARTESIAN_POINT('',(43.75,16.013,1.0625));
#11351=CARTESIAN_POINT('Origin',(43.75,16.013,3.0625));
#11352=CARTESIAN_POINT('',(43.75,14.875,1.0625));
#11353=CARTESIAN_POINT('',(43.75,61.40625,1.0625));
#11354=CARTESIAN_POINT('',(43.75,14.875,0.));
#11355=CARTESIAN_POINT('Origin',(42.95,26.075,0.));
#11356=CARTESIAN_POINT('',(42.95,26.875,3.2));
#11357=CARTESIAN_POINT('',(42.95,26.875,0.));
#11358=CARTESIAN_POINT('Origin',(42.95,26.075,3.2));
#11359=CARTESIAN_POINT('Origin',(43.75,26.875,0.));
#11360=CARTESIAN_POINT('',(31.75,26.875,1.0625));
#11361=CARTESIAN_POINT('',(31.75,26.875,0.));
#11362=CARTESIAN_POINT('',(33.688,26.875,1.0625));
#11363=CARTESIAN_POINT('',(60.00625,26.875,1.0625));
#11364=CARTESIAN_POINT('',(33.688,26.875,3.2));
#11365=CARTESIAN_POINT('',(33.688,26.875,1.03125));
#11366=CARTESIAN_POINT('',(41.0345,26.875,3.2));
#11367=CARTESIAN_POINT('Origin',(31.75,26.875,0.));
#11368=CARTESIAN_POINT('',(31.75,67.40625,1.0625));
#11369=CARTESIAN_POINT('Origin',(135.65,212.675,1.03125));
#11370=CARTESIAN_POINT('',(136.65,212.675,1.));
#11371=CARTESIAN_POINT('',(135.65,213.675,1.));
#11372=CARTESIAN_POINT('Origin',(135.65,212.675,1.));
#11373=CARTESIAN_POINT('',(135.65,213.675,9.0625));
#11374=CARTESIAN_POINT('',(135.65,213.675,1.03125));
#11375=CARTESIAN_POINT('',(136.65,212.675,9.0625));
#11376=CARTESIAN_POINT('Origin',(135.65,212.675,9.0625));
#11377=CARTESIAN_POINT('',(136.65,212.675,1.03125));
#11378=CARTESIAN_POINT('Origin',(106.45625,212.675,9.0625));
#11379=CARTESIAN_POINT('',(135.65,212.675,10.0625));
#11380=CARTESIAN_POINT('Origin',(135.65,212.675,9.0625));
#11381=CARTESIAN_POINT('',(32.95,213.675,9.0625));
#11382=CARTESIAN_POINT('',(106.45625,213.675,9.0625));
#11383=CARTESIAN_POINT('',(32.95,212.675,10.0625));
#11384=CARTESIAN_POINT('Origin',(32.95,212.675,9.0625));
#11385=CARTESIAN_POINT('',(106.45625,212.675,10.0625));
#11386=CARTESIAN_POINT('Origin',(135.65,212.675,9.0625));
#11387=CARTESIAN_POINT('Origin',(135.65,212.675,9.0625));
#11388=CARTESIAN_POINT('Origin',(32.95,212.675,1.03125));
#11389=CARTESIAN_POINT('',(31.95,212.675,9.0625));
#11390=CARTESIAN_POINT('Origin',(32.95,212.675,9.0625));
#11391=CARTESIAN_POINT('',(32.95,213.675,1.));
#11392=CARTESIAN_POINT('',(32.95,213.675,1.03125));
#11393=CARTESIAN_POINT('',(31.95,212.675,1.));
#11394=CARTESIAN_POINT('Origin',(32.95,212.675,1.));
#11395=CARTESIAN_POINT('',(31.95,212.675,1.03125));
#11396=CARTESIAN_POINT('Origin',(32.95,212.675,9.0625));
#11397=CARTESIAN_POINT('Origin',(32.95,212.675,9.0625));
#11398=CARTESIAN_POINT('Origin',(106.45625,212.675,1.));
#11399=CARTESIAN_POINT('',(32.95,212.675,0.));
#11400=CARTESIAN_POINT('Origin',(32.95,212.675,1.));
#11401=CARTESIAN_POINT('',(106.45625,213.675,1.));
#11402=CARTESIAN_POINT('',(135.65,212.675,0.));
#11403=CARTESIAN_POINT('Origin',(135.65,212.675,1.));
#11404=CARTESIAN_POINT('',(106.45625,212.675,0.));
#11405=CARTESIAN_POINT('Origin',(32.95,212.675,1.));
#11406=CARTESIAN_POINT('Origin',(32.95,212.675,1.));
#11407=CARTESIAN_POINT('Origin',(135.65,212.675,1.));
#11408=CARTESIAN_POINT('Origin',(135.65,212.675,1.));
#11409=CARTESIAN_POINT('Origin',(32.95,161.39551974496,9.0625));
#11410=CARTESIAN_POINT('',(31.95,201.,9.0625));
#11411=CARTESIAN_POINT('',(31.95,161.39551974496,9.0625));
#11412=CARTESIAN_POINT('',(32.95,201.,10.0625));
#11413=CARTESIAN_POINT('Origin',(32.95,201.,9.0625));
#11414=CARTESIAN_POINT('',(32.95,161.39551974496,10.0625));
#11415=CARTESIAN_POINT('Origin',(31.95,214.875,0.));
#11416=CARTESIAN_POINT('',(31.95,201.,1.));
#11417=CARTESIAN_POINT('',(31.95,161.40625,1.));
#11418=CARTESIAN_POINT('',(31.95,201.,0.));
#11419=CARTESIAN_POINT('',(31.95,205.9375,5.0313));
#11420=CARTESIAN_POINT('Origin',(31.95,207.9375,5.0313));
#11421=CARTESIAN_POINT('Origin',(32.95,161.40625,1.));
#11422=CARTESIAN_POINT('',(32.95,201.,0.));
#11423=CARTESIAN_POINT('',(32.95,161.40625,0.));
#11424=CARTESIAN_POINT('Origin',(32.95,201.,1.));
#11425=CARTESIAN_POINT('Origin',(76.2625,107.9375,0.));
#11426=CARTESIAN_POINT('',(125.65,14.875,0.));
#11427=CARTESIAN_POINT('',(31.75,14.875,0.));
#11428=CARTESIAN_POINT('',(125.65,25.875,0.));
#11429=CARTESIAN_POINT('',(125.65,67.40625,0.));
#11430=CARTESIAN_POINT('',(135.65,25.875,0.));
#11431=CARTESIAN_POINT('',(106.45625,25.875,0.));
#11432=CARTESIAN_POINT('',(135.65,3.15746695403412,0.));
#11433=CARTESIAN_POINT('',(135.65,53.96875,0.));
#11434=CARTESIAN_POINT('',(32.95,3.19730417744592,0.));
#11435=CARTESIAN_POINT('',(54.0861271461476,3.18910549566227,0.));
#11436=CARTESIAN_POINT('',(32.95,14.875,0.));
#11437=CARTESIAN_POINT('',(32.95,61.40625,0.));
#11438=CARTESIAN_POINT('',(30.75,17.075,0.));
#11439=CARTESIAN_POINT('Origin',(30.75,14.875,0.));
#11440=CARTESIAN_POINT('',(28.5,17.075,0.));
#11441=CARTESIAN_POINT('',(52.3812500000002,17.0750000000001,0.));
#11442=CARTESIAN_POINT('',(26.3,14.875,0.));
#11443=CARTESIAN_POINT('Origin',(28.5,14.875,0.));
#11444=CARTESIAN_POINT('',(26.3,3.5,0.));
#11445=CARTESIAN_POINT('',(26.3,55.71875,0.));
#11446=CARTESIAN_POINT('',(26.,3.2,0.));
#11447=CARTESIAN_POINT('Origin',(26.,3.5,0.));
#11448=CARTESIAN_POINT('',(16.875,3.2,0.));
#11449=CARTESIAN_POINT('',(46.06875,3.2,0.));
#11450=CARTESIAN_POINT('',(16.875,212.675,0.));
#11451=CARTESIAN_POINT('',(16.875,160.80625,0.));
#11452=CARTESIAN_POINT('',(26.,212.675,0.));
#11453=CARTESIAN_POINT('',(51.1312500000001,212.675,0.));
#11454=CARTESIAN_POINT('',(26.3,212.375,0.));
#11455=CARTESIAN_POINT('Origin',(26.,212.375,0.));
#11456=CARTESIAN_POINT('',(26.3,201.,0.));
#11457=CARTESIAN_POINT('',(26.3,154.46875,0.));
#11458=CARTESIAN_POINT('',(28.5,198.8,0.));
#11459=CARTESIAN_POINT('Origin',(28.5000000000001,201.,0.));
#11460=CARTESIAN_POINT('',(30.75,198.8,0.));
#11461=CARTESIAN_POINT('',(53.50625,198.8,0.));
#11462=CARTESIAN_POINT('Origin',(30.75,201.,0.));
#11463=CARTESIAN_POINT('',(135.65,190.,0.));
#11464=CARTESIAN_POINT('',(135.65,148.46875,0.));
#11465=CARTESIAN_POINT('',(125.65,190.,0.));
#11466=CARTESIAN_POINT('',(100.45625,190.,0.));
#11467=CARTESIAN_POINT('',(125.65,154.46875,0.));
#11468=CARTESIAN_POINT('',(36.219,193.931,0.));
#11469=CARTESIAN_POINT('Origin',(38.319,193.931,0.));
#11470=CARTESIAN_POINT('',(128.55,20.875,0.));
#11471=CARTESIAN_POINT('Origin',(130.65,20.875,0.));
#11472=CARTESIAN_POINT('',(36.219,21.944,0.));
#11473=CARTESIAN_POINT('Origin',(38.319,21.944,0.));
#11474=CARTESIAN_POINT('',(128.55,195.,0.));
#11475=CARTESIAN_POINT('Origin',(130.65,195.,0.));
#11476=CARTESIAN_POINT('Origin',(136.65,213.675,2.0625));
#11477=CARTESIAN_POINT('Origin',(106.45625,25.875,1.));
#11478=CARTESIAN_POINT('',(125.65,26.875,1.));
#11479=CARTESIAN_POINT('Origin',(125.65,25.875,1.));
#11480=CARTESIAN_POINT('',(135.65,26.875,1.));
#11481=CARTESIAN_POINT('',(106.45625,26.875,1.));
#11482=CARTESIAN_POINT('Origin',(135.65,25.875,1.));
#11483=CARTESIAN_POINT('Origin',(125.65,67.40625,1.));
#11484=CARTESIAN_POINT('',(124.65,25.875,1.));
#11485=CARTESIAN_POINT('Origin',(125.65,25.875,1.));
#11486=CARTESIAN_POINT('',(124.65,14.875,1.));
#11487=CARTESIAN_POINT('Origin',(125.65,14.875,1.));
#11488=CARTESIAN_POINT('',(124.65,67.40625,1.));
#11489=CARTESIAN_POINT('Origin',(125.65,25.875,1.));
#11490=CARTESIAN_POINT('Origin',(125.65,25.875,1.));
#11491=CARTESIAN_POINT('Origin',(135.65,25.875,0.));
#11492=CARTESIAN_POINT('',(136.65,25.875,1.));
#11493=CARTESIAN_POINT('Origin',(135.65,25.875,1.));
#11494=CARTESIAN_POINT('',(135.65,26.875,3.));
#11495=CARTESIAN_POINT('',(135.65,26.875,0.));
#11496=CARTESIAN_POINT('',(136.65,25.875,3.));
#11497=CARTESIAN_POINT('Origin',(135.65,25.875,3.));
#11498=CARTESIAN_POINT('',(136.65,25.875,0.));
#11499=CARTESIAN_POINT('Origin',(135.65,25.875,3.));
#11500=CARTESIAN_POINT('',(135.65,25.875,4.));
#11501=CARTESIAN_POINT('Origin',(135.65,25.875,3.));
#11502=CARTESIAN_POINT('Origin',(135.65,25.875,3.));
#11503=CARTESIAN_POINT('Origin',(135.65,25.875,1.));
#11504=CARTESIAN_POINT('Origin',(135.65,25.875,1.));
#11505=CARTESIAN_POINT('Origin',(135.65,53.96875,1.));
#11506=CARTESIAN_POINT('',(136.65,3.15746695403412,1.));
#11507=CARTESIAN_POINT('',(136.65,53.96875,1.));
#11508=CARTESIAN_POINT('Origin',(135.65,3.15746695403412,1.));
#11509=CARTESIAN_POINT('Origin',(136.65,0.,0.));
#11510=CARTESIAN_POINT('',(136.65,13.875,3.));
#11511=CARTESIAN_POINT('',(136.65,10.4375,3.));
#11512=CARTESIAN_POINT('',(136.65,13.875,9.0625));
#11513=CARTESIAN_POINT('',(136.65,13.875,1.03125));
#11514=CARTESIAN_POINT('',(136.65,3.15746695403412,9.0625));
#11515=CARTESIAN_POINT('',(136.65,53.9580197449598,9.0625));
#11516=CARTESIAN_POINT('',(136.65,3.15746695403412,1.03125));
#11517=CARTESIAN_POINT('Origin',(135.65,148.46875,1.));
#11518=CARTESIAN_POINT('',(136.65,190.,1.));
#11519=CARTESIAN_POINT('',(136.65,148.46875,1.));
#11520=CARTESIAN_POINT('Origin',(135.65,190.,1.));
#11521=CARTESIAN_POINT('Origin',(135.65,190.,0.));
#11522=CARTESIAN_POINT('',(135.65,189.,1.));
#11523=CARTESIAN_POINT('Origin',(135.65,190.,1.));
#11524=CARTESIAN_POINT('',(136.65,190.,3.));
#11525=CARTESIAN_POINT('',(136.65,190.,0.));
#11526=CARTESIAN_POINT('',(135.65,189.,3.));
#11527=CARTESIAN_POINT('Origin',(135.65,190.,3.));
#11528=CARTESIAN_POINT('',(135.65,189.,0.));
#11529=CARTESIAN_POINT('Origin',(135.65,192.,3.));
#11530=CARTESIAN_POINT('',(135.65,190.,4.));
#11531=CARTESIAN_POINT('Origin',(135.65,190.,3.));
#11532=CARTESIAN_POINT('',(136.65,202.,3.));
#11533=CARTESIAN_POINT('',(136.65,192.,3.));
#11534=CARTESIAN_POINT('',(135.65,201.,4.));
#11535=CARTESIAN_POINT('Origin',(135.65,202.,3.));
#11536=CARTESIAN_POINT('',(135.65,192.,4.));
#11537=CARTESIAN_POINT('Origin',(135.65,190.,3.));
#11538=CARTESIAN_POINT('Origin',(135.65,190.,3.));
#11539=CARTESIAN_POINT('Origin',(135.65,190.,1.));
#11540=CARTESIAN_POINT('Origin',(135.65,190.,1.));
#11541=CARTESIAN_POINT('Origin',(100.45625,190.,1.));
#11542=CARTESIAN_POINT('',(125.65,189.,1.));
#11543=CARTESIAN_POINT('',(100.45625,189.,1.));
#11544=CARTESIAN_POINT('Origin',(125.65,190.,1.));
#11545=CARTESIAN_POINT('Origin',(124.65,189.,0.));
#11546=CARTESIAN_POINT('',(125.65,189.,3.));
#11547=CARTESIAN_POINT('',(127.65,189.,3.));
#11548=CARTESIAN_POINT('',(125.65,189.,0.));
#11549=CARTESIAN_POINT('Origin',(127.65,190.,3.));
#11550=CARTESIAN_POINT('',(125.65,190.,4.));
#11551=CARTESIAN_POINT('',(127.65,190.,4.));
#11552=CARTESIAN_POINT('Origin',(125.65,190.,3.));
#11553=CARTESIAN_POINT('Origin',(130.65,195.,4.));
#11554=CARTESIAN_POINT('',(133.65,201.,4.));
#11555=CARTESIAN_POINT('',(131.65,201.,4.));
#11556=CARTESIAN_POINT('',(133.45,201.020204102887,4.));
#11557=CARTESIAN_POINT('Origin',(133.65,202.,4.));
#11558=CARTESIAN_POINT('',(133.45,200.,4.));
#11559=CARTESIAN_POINT('',(133.45,203.1185,4.));
#11560=CARTESIAN_POINT('',(125.65,200.,4.));
#11561=CARTESIAN_POINT('',(133.65,200.,4.));
#11562=CARTESIAN_POINT('',(125.65,198.,4.));
#11563=CARTESIAN_POINT('Origin',(133.65,159.57651974496,9.0625));
#11564=CARTESIAN_POINT('',(133.65,212.237,10.0625));
#11565=CARTESIAN_POINT('',(132.65,211.237,9.0625));
#11566=CARTESIAN_POINT('Origin',(133.65,212.237,9.0625));
#11567=CARTESIAN_POINT('',(132.65,202.,9.0625));
#11568=CARTESIAN_POINT('',(132.65,159.57651974496,9.0625));
#11569=CARTESIAN_POINT('',(133.65,202.,10.0625));
#11570=CARTESIAN_POINT('Origin',(133.65,202.,9.0625));
#11571=CARTESIAN_POINT('',(133.65,159.57651974496,10.0625));
#11572=CARTESIAN_POINT('Origin',(133.65,202.,9.0625));
#11573=CARTESIAN_POINT('',(133.65,201.,9.0625));
#11574=CARTESIAN_POINT('Origin',(133.65,202.,9.0625));
#11575=CARTESIAN_POINT('Origin',(133.65,202.,9.0625));
#11576=CARTESIAN_POINT('Origin',(132.65,211.237,2.0625));
#11577=CARTESIAN_POINT('',(132.65,211.237,3.0625));
#11578=CARTESIAN_POINT('',(132.65,211.237,2.0625));
#11579=CARTESIAN_POINT('',(132.65,210.237,2.0625));
#11580=CARTESIAN_POINT('Origin',(132.65,210.237,3.0625));
#11581=CARTESIAN_POINT('',(132.65,201.,2.0625));
#11582=CARTESIAN_POINT('',(132.65,159.58725,2.0625));
#11583=CARTESIAN_POINT('',(132.65,201.,3.));
#11584=CARTESIAN_POINT('',(132.65,201.,2.0625));
#11585=CARTESIAN_POINT('',(132.65,200.979795897113,3.2));
#11586=CARTESIAN_POINT('Origin',(132.65,200.,3.));
#11587=CARTESIAN_POINT('',(132.65,202.,3.2));
#11588=CARTESIAN_POINT('',(132.65,203.1185,3.2));
#11589=CARTESIAN_POINT('',(132.65,202.,2.0625));
#11590=CARTESIAN_POINT('Origin',(135.65,148.45801974496,9.0625));
#11591=CARTESIAN_POINT('',(135.65,202.,10.0625));
#11592=CARTESIAN_POINT('',(135.65,148.45801974496,10.0625));
#11593=CARTESIAN_POINT('',(136.65,202.,9.0625));
#11594=CARTESIAN_POINT('Origin',(135.65,202.,9.0625));
#11595=CARTESIAN_POINT('',(136.65,148.45801974496,9.0625));
#11596=CARTESIAN_POINT('Origin',(135.65,202.,9.0625));
#11597=CARTESIAN_POINT('',(135.65,201.,9.0625));
#11598=CARTESIAN_POINT('Origin',(135.65,202.,9.0625));
#11599=CARTESIAN_POINT('Origin',(135.65,202.,9.0625));
#11600=CARTESIAN_POINT('Origin',(135.65,202.,1.03125));
#11601=CARTESIAN_POINT('',(135.65,201.,1.03125));
#11602=CARTESIAN_POINT('',(136.65,202.,1.03125));
#11603=CARTESIAN_POINT('Origin',(104.45625,202.,9.0625));
#11604=CARTESIAN_POINT('',(104.45625,201.,9.0625));
#11605=CARTESIAN_POINT('',(104.45625,202.,10.0625));
#11606=CARTESIAN_POINT('Origin',(76.2625,107.91603948992,10.0625));
#11607=CARTESIAN_POINT('',(30.7500000000001,198.8,10.0625));
#11608=CARTESIAN_POINT('Origin',(30.75,201.,10.0625));
#11609=CARTESIAN_POINT('',(28.5,198.8,10.0625));
#11610=CARTESIAN_POINT('',(53.50625,198.8,10.0625));
#11611=CARTESIAN_POINT('',(26.3,201.,10.0625));
#11612=CARTESIAN_POINT('Origin',(28.5000000000001,201.,10.0625));
#11613=CARTESIAN_POINT('',(26.3,212.375,10.0625));
#11614=CARTESIAN_POINT('',(26.3,154.45801974496,10.0625));
#11615=CARTESIAN_POINT('',(26.,212.675,10.0625));
#11616=CARTESIAN_POINT('Origin',(26.,212.375,10.0625));
#11617=CARTESIAN_POINT('',(16.875,212.675,10.0625));
#11618=CARTESIAN_POINT('',(51.1312500000001,212.675,10.0625));
#11619=CARTESIAN_POINT('',(16.875,3.2,10.0625));
#11620=CARTESIAN_POINT('',(16.875,160.79551974496,10.0625));
#11621=CARTESIAN_POINT('',(26.,3.2,10.0625));
#11622=CARTESIAN_POINT('',(46.06875,3.2,10.0625));
#11623=CARTESIAN_POINT('',(26.3,3.5,10.0625));
#11624=CARTESIAN_POINT('Origin',(26.,3.5,10.0625));
#11625=CARTESIAN_POINT('',(26.3,14.875,10.0625));
#11626=CARTESIAN_POINT('',(26.3,55.7080197449598,10.0625));
#11627=CARTESIAN_POINT('',(28.5,17.075,10.0625));
#11628=CARTESIAN_POINT('Origin',(28.5,14.875,10.0625));
#11629=CARTESIAN_POINT('',(30.75,17.075,10.0625));
#11630=CARTESIAN_POINT('',(52.3812500000002,17.0750000000001,10.0625));
#11631=CARTESIAN_POINT('',(32.95,14.875,10.0625));
#11632=CARTESIAN_POINT('Origin',(30.75,14.875,10.0625));
#11633=CARTESIAN_POINT('',(32.95,3.19730417744593,10.0625));
#11634=CARTESIAN_POINT('',(32.95,61.3955197449598,10.0625));
#11635=CARTESIAN_POINT('',(135.65,3.15746695403413,10.0625));
#11636=CARTESIAN_POINT('',(54.0861313084018,3.18910549404774,10.0625));
#11637=CARTESIAN_POINT('',(135.65,13.875,10.0625));
#11638=CARTESIAN_POINT('',(135.65,53.9580197449598,10.0625));
#11639=CARTESIAN_POINT('',(133.65,13.875,10.0625));
#11640=CARTESIAN_POINT('',(106.45625,13.875,10.0625));
#11641=CARTESIAN_POINT('',(133.65,5.59663061524819,10.0625));
#11642=CARTESIAN_POINT('',(133.65,61.3955197449598,10.0625));
#11643=CARTESIAN_POINT('',(131.65,3.59663061524819,10.0625));
#11644=CARTESIAN_POINT('Origin',(131.65,5.59663061524819,10.0625));
#11645=CARTESIAN_POINT('',(35.388,3.59663061524819,10.0625));
#11646=CARTESIAN_POINT('',(104.45625,3.59663061524819,10.0625));
#11647=CARTESIAN_POINT('',(33.388,5.59663061524819,10.0625));
#11648=CARTESIAN_POINT('Origin',(35.388,5.59663061524819,10.0625));
#11649=CARTESIAN_POINT('',(33.388,17.513,10.0625));
#11650=CARTESIAN_POINT('',(33.388,56.2563350525839,10.0625));
#11651=CARTESIAN_POINT('',(17.313,17.513,10.0625));
#11652=CARTESIAN_POINT('',(55.32525,17.513,10.0625));
#11653=CARTESIAN_POINT('',(17.313,196.362,10.0625));
#11654=CARTESIAN_POINT('',(17.313,63.2145197449598,10.0625));
#11655=CARTESIAN_POINT('',(19.313,198.362,10.0625));
#11656=CARTESIAN_POINT('Origin',(19.313,196.362,10.0625));
#11657=CARTESIAN_POINT('',(33.388,198.362,10.0625));
#11658=CARTESIAN_POINT('',(47.28775,198.362,10.0625));
#11659=CARTESIAN_POINT('',(33.388,212.237,10.0625));
#11660=CARTESIAN_POINT('',(33.3879999999999,152.63901974496,10.0625));
#11661=CARTESIAN_POINT('',(55.32525,212.237,10.0625));
#11662=CARTESIAN_POINT('Origin',(133.65,202.,2.0625));
#11663=CARTESIAN_POINT('Ctrl Pts',(133.45,201.020204102887,4.));
#11664=CARTESIAN_POINT('Ctrl Pts',(133.347859950782,201.041053353127,4.));
#11665=CARTESIAN_POINT('Ctrl Pts',(133.244993421854,201.079742681189,3.97942179606429));
#11666=CARTESIAN_POINT('Ctrl Pts',(133.063614396553,201.183265222607,3.90727093868314));
#11667=CARTESIAN_POINT('Ctrl Pts',(132.984888522686,201.247927803206,3.85599042123104));
#11668=CARTESIAN_POINT('Ctrl Pts',(132.83285628195,201.408670616456,3.72308971041186));
#11669=CARTESIAN_POINT('Ctrl Pts',(132.762109701408,201.522569476501,3.6242062146464));
#11670=CARTESIAN_POINT('Ctrl Pts',(132.67065768026,201.760881607487,3.41393831733957));
#11671=CARTESIAN_POINT('Ctrl Pts',(132.65,201.885325567963,3.30256793012629));
#11672=CARTESIAN_POINT('Ctrl Pts',(132.65,202.,3.2));
#11673=CARTESIAN_POINT('',(133.65,201.,2.0625));
#11674=CARTESIAN_POINT('Origin',(132.65,201.,2.0625));
#11675=CARTESIAN_POINT('Origin',(133.45,203.1185,3.2));
#11676=CARTESIAN_POINT('Ctrl Pts',(133.45,200.,4.));
#11677=CARTESIAN_POINT('Ctrl Pts',(133.347432069874,200.114674432037,4.));
#11678=CARTESIAN_POINT('Ctrl Pts',(133.236061682661,200.239118392513,3.97934231974008));
#11679=CARTESIAN_POINT('Ctrl Pts',(133.025793785354,200.477430523499,3.88789029859167));
#11680=CARTESIAN_POINT('Ctrl Pts',(132.926910289588,200.591329383544,3.81714371805044));
#11681=CARTESIAN_POINT('Ctrl Pts',(132.794009578769,200.752072196794,3.6651114773136));
#11682=CARTESIAN_POINT('Ctrl Pts',(132.742729061317,200.816734777393,3.58638560344682));
#11683=CARTESIAN_POINT('Ctrl Pts',(132.670578203936,200.920257318811,3.40500657814613));
#11684=CARTESIAN_POINT('Ctrl Pts',(132.65,200.958946646873,3.30214004921845));
#11685=CARTESIAN_POINT('Ctrl Pts',(132.65,200.979795897113,3.2));
#11686=CARTESIAN_POINT('Origin',(125.65,154.46875,1.0625));
#11687=CARTESIAN_POINT('',(124.65,200.,1.0625));
#11688=CARTESIAN_POINT('',(125.65,201.,2.0625));
#11689=CARTESIAN_POINT('Origin',(125.65,200.,1.0625));
#11690=CARTESIAN_POINT('',(125.65,202.,2.0625));
#11691=CARTESIAN_POINT('',(125.65,154.46875,2.0625));
#11692=CARTESIAN_POINT('Origin',(125.65,202.,1.0625));
#11693=CARTESIAN_POINT('',(124.65,154.46875,1.0625));
#11694=CARTESIAN_POINT('Origin',(76.2625,107.9375,2.0625));
#11695=CARTESIAN_POINT('',(42.75,202.,2.0625));
#11696=CARTESIAN_POINT('',(60.00625,202.,2.0625));
#11697=CARTESIAN_POINT('',(106.45625,201.,2.0625));
#11698=CARTESIAN_POINT('',(35.388,210.237,2.0625));
#11699=CARTESIAN_POINT('',(55.32525,210.237,2.0625));
#11700=CARTESIAN_POINT('',(35.388,198.862,2.0625));
#11701=CARTESIAN_POINT('',(35.3879999999999,152.64975,2.0625));
#11702=CARTESIAN_POINT('',(42.75,198.862,2.0625));
#11703=CARTESIAN_POINT('',(60.00625,198.862,2.0625));
#11704=CARTESIAN_POINT('',(42.75,148.46875,2.0625));
#11705=CARTESIAN_POINT('Origin',(133.65,200.,3.));
#11706=CARTESIAN_POINT('',(125.65,201.,3.));
#11707=CARTESIAN_POINT('',(133.65,201.,3.));
#11708=CARTESIAN_POINT('Origin',(125.65,200.,3.));
#11709=CARTESIAN_POINT('Origin',(125.65,200.,1.03125));
#11710=CARTESIAN_POINT('',(124.65,200.,3.));
#11711=CARTESIAN_POINT('Origin',(125.65,200.,3.));
#11712=CARTESIAN_POINT('',(125.65,201.,1.03125));
#11713=CARTESIAN_POINT('',(124.65,200.,1.03125));
#11714=CARTESIAN_POINT('Origin',(125.65,200.,3.));
#11715=CARTESIAN_POINT('Origin',(125.65,200.,3.));
#11716=CARTESIAN_POINT('Origin',(125.65,198.,3.));
#11717=CARTESIAN_POINT('',(124.65,190.,3.));
#11718=CARTESIAN_POINT('',(124.65,198.,3.));
#11719=CARTESIAN_POINT('Origin',(125.65,190.,3.));
#11720=CARTESIAN_POINT('Origin',(124.65,201.,0.));
#11721=CARTESIAN_POINT('',(124.65,190.,1.));
#11722=CARTESIAN_POINT('',(124.65,154.46875,1.));
#11723=CARTESIAN_POINT('',(124.65,190.,0.));
#11724=CARTESIAN_POINT('Origin',(125.65,190.,1.));
#11725=CARTESIAN_POINT('Origin',(125.65,190.,1.));
#11726=CARTESIAN_POINT('Origin',(125.65,190.,1.));
#11727=CARTESIAN_POINT('Origin',(125.65,154.46875,1.));
#11728=CARTESIAN_POINT('Origin',(125.65,190.,3.));
#11729=CARTESIAN_POINT('Origin',(125.65,190.,3.));
#11730=CARTESIAN_POINT('Origin',(125.65,190.,0.));
#11731=CARTESIAN_POINT('Origin',(136.65,201.,2.0625));
#11732=CARTESIAN_POINT('Origin',(30.75,201.,9.0625));
#11733=CARTESIAN_POINT('',(30.75,199.8,9.0625));
#11734=CARTESIAN_POINT('Origin',(30.7500000000001,198.8,9.0625));
#11735=CARTESIAN_POINT('Origin',(30.75,201.,9.0625));
#11736=CARTESIAN_POINT('Origin',(53.50625,198.8,9.0625));
#11737=CARTESIAN_POINT('',(28.5,199.8,9.0625));
#11738=CARTESIAN_POINT('Origin',(28.5,198.8,9.0625));
#11739=CARTESIAN_POINT('',(53.50625,199.8,9.0625));
#11740=CARTESIAN_POINT('Origin',(28.5000000000001,201.,9.0625));
#11741=CARTESIAN_POINT('',(27.3,201.,9.0625));
#11742=CARTESIAN_POINT('Origin',(26.3,201.,9.0625));
#11743=CARTESIAN_POINT('Origin',(28.5000000000001,201.,9.0625));
#11744=CARTESIAN_POINT('Origin',(26.3,154.45801974496,9.0625));
#11745=CARTESIAN_POINT('',(27.3,212.375,9.0625));
#11746=CARTESIAN_POINT('Origin',(26.3,212.375,9.0625));
#11747=CARTESIAN_POINT('',(27.3,154.45801974496,9.0625));
#11748=CARTESIAN_POINT('Ctrl Pts',(27.3,212.375,9.0625));
#11749=CARTESIAN_POINT('Ctrl Pts',(27.3,213.675,9.0625));
#11750=CARTESIAN_POINT('Ctrl Pts',(26.,213.675,9.0625));
#11751=CARTESIAN_POINT('Ctrl Pts',(27.3,212.375,10.0625));
#11752=CARTESIAN_POINT('Ctrl Pts',(27.3,213.675,10.0625));
#11753=CARTESIAN_POINT('Ctrl Pts',(26.,213.675,10.0625));
#11754=CARTESIAN_POINT('Ctrl Pts',(26.3,212.375,10.0625));
#11755=CARTESIAN_POINT('Ctrl Pts',(26.3,212.675,10.0625));
#11756=CARTESIAN_POINT('Ctrl Pts',(26.,212.675,10.0625));
#11757=CARTESIAN_POINT('',(26.,213.675,9.0625));
#11758=CARTESIAN_POINT('Origin',(26.,212.675,9.0625));
#11759=CARTESIAN_POINT('Origin',(26.,212.375,9.0625));
#11760=CARTESIAN_POINT('Origin',(51.1312500000001,212.675,9.0625));
#11761=CARTESIAN_POINT('',(16.875,213.675,9.0625));
#11762=CARTESIAN_POINT('Origin',(16.875,212.675,9.0625));
#11763=CARTESIAN_POINT('',(51.1312500000001,213.675,9.0625));
#11764=CARTESIAN_POINT('Origin',(16.875,212.675,0.));
#11765=CARTESIAN_POINT('',(16.875,213.675,1.));
#11766=CARTESIAN_POINT('',(15.875,212.675,1.));
#11767=CARTESIAN_POINT('Origin',(16.875,212.675,1.));
#11768=CARTESIAN_POINT('',(15.875,212.675,9.0625));
#11769=CARTESIAN_POINT('',(15.875,212.675,0.));
#11770=CARTESIAN_POINT('Origin',(16.875,212.675,9.0625));
#11771=CARTESIAN_POINT('',(16.875,213.675,0.));
#11772=CARTESIAN_POINT('Origin',(16.875,212.675,9.0625));
#11773=CARTESIAN_POINT('Origin',(16.875,212.675,9.0625));
#11774=CARTESIAN_POINT('Origin',(51.1312500000001,212.675,1.));
#11775=CARTESIAN_POINT('',(26.,213.675,1.));
#11776=CARTESIAN_POINT('Origin',(26.,212.675,1.));
#11777=CARTESIAN_POINT('Origin',(16.875,212.675,1.));
#11778=CARTESIAN_POINT('',(51.1312500000001,213.675,1.));
#11779=CARTESIAN_POINT('Ctrl Pts',(26.3,212.375,0.));
#11780=CARTESIAN_POINT('Ctrl Pts',(26.3,212.675,0.));
#11781=CARTESIAN_POINT('Ctrl Pts',(26.,212.675,0.));
#11782=CARTESIAN_POINT('Ctrl Pts',(27.3,212.375,-2.74751592651099E-14));
#11783=CARTESIAN_POINT('Ctrl Pts',(27.3,213.675,-2.74751592651099E-14));
#11784=CARTESIAN_POINT('Ctrl Pts',(26.,213.675,-2.74780198594726E-14));
#11785=CARTESIAN_POINT('Ctrl Pts',(27.3,212.375,1.));
#11786=CARTESIAN_POINT('Ctrl Pts',(27.3,213.675,1.));
#11787=CARTESIAN_POINT('Ctrl Pts',(26.,213.675,1.));
#11788=CARTESIAN_POINT('',(27.3,212.375,1.));
#11789=CARTESIAN_POINT('Origin',(26.3,212.375,1.));
#11790=CARTESIAN_POINT('Origin',(26.,212.375,1.));
#11791=CARTESIAN_POINT('Origin',(26.3,154.46875,1.));
#11792=CARTESIAN_POINT('',(27.3,201.,1.));
#11793=CARTESIAN_POINT('Origin',(26.3,201.,1.));
#11794=CARTESIAN_POINT('',(27.3,154.46875,1.));
#11795=CARTESIAN_POINT('Origin',(28.5000000000001,201.,1.));
#11796=CARTESIAN_POINT('',(28.5,199.8,1.));
#11797=CARTESIAN_POINT('Origin',(28.5,198.8,1.));
#11798=CARTESIAN_POINT('Origin',(28.5000000000001,201.,1.));
#11799=CARTESIAN_POINT('Origin',(53.50625,198.8,1.));
#11800=CARTESIAN_POINT('',(30.75,199.8,1.));
#11801=CARTESIAN_POINT('Origin',(30.75,198.8,1.));
#11802=CARTESIAN_POINT('',(53.50625,199.8,1.));
#11803=CARTESIAN_POINT('Origin',(30.75,201.,1.));
#11804=CARTESIAN_POINT('Origin',(30.75,201.,1.));
#11805=CARTESIAN_POINT('Origin',(16.875,212.675,1.));
#11806=CARTESIAN_POINT('Origin',(16.875,212.675,1.));
#11807=CARTESIAN_POINT('Origin',(27.3,201.,0.));
#11808=CARTESIAN_POINT('',(27.3,201.,0.));
#11809=CARTESIAN_POINT('',(27.3,212.375,0.));
#11810=CARTESIAN_POINT('Origin',(28.5000000000001,201.,0.));
#11811=CARTESIAN_POINT('',(28.5,199.8,0.));
#11812=CARTESIAN_POINT('Origin',(30.75,199.8,0.));
#11813=CARTESIAN_POINT('',(30.75,199.8,0.));
#11814=CARTESIAN_POINT('Origin',(30.75,201.,0.));
#11815=CARTESIAN_POINT('Origin',(16.875,160.79551974496,9.0625));
#11816=CARTESIAN_POINT('',(15.875,3.2,9.0625));
#11817=CARTESIAN_POINT('',(15.875,160.79551974496,9.0625));
#11818=CARTESIAN_POINT('Origin',(16.875,3.2,9.0625));
#11819=CARTESIAN_POINT('Origin',(15.875,213.675,0.));
#11820=CARTESIAN_POINT('',(15.875,3.2,1.));
#11821=CARTESIAN_POINT('',(15.875,160.80625,1.));
#11822=CARTESIAN_POINT('',(15.875,3.2,0.));
#11823=CARTESIAN_POINT('Origin',(16.875,160.80625,1.));
#11824=CARTESIAN_POINT('Origin',(16.875,3.2,1.));
#11825=CARTESIAN_POINT('Origin',(35.388,210.237,3.0625));
#11826=CARTESIAN_POINT('',(34.388,210.237,3.0625));
#11827=CARTESIAN_POINT('Origin',(35.388,210.237,3.0625));
#11828=CARTESIAN_POINT('',(35.388,211.237,3.0625));
#11829=CARTESIAN_POINT('Origin',(35.388,210.237,3.0625));
#11830=CARTESIAN_POINT('Origin',(35.388,210.237,3.0625));
#11831=CARTESIAN_POINT('Origin',(55.32525,210.237,3.0625));
#11832=CARTESIAN_POINT('',(55.32525,211.237,3.0625));
#11833=CARTESIAN_POINT('Origin',(35.388,210.237,2.0625));
#11834=CARTESIAN_POINT('',(35.388,211.237,9.0625));
#11835=CARTESIAN_POINT('',(34.388,210.237,9.0625));
#11836=CARTESIAN_POINT('Origin',(35.388,210.237,9.0625));
#11837=CARTESIAN_POINT('',(34.388,210.237,2.0625));
#11838=CARTESIAN_POINT('',(35.388,211.237,2.0625));
#11839=CARTESIAN_POINT('Ctrl Pts',(33.388,212.237,10.0625));
#11840=CARTESIAN_POINT('Ctrl Pts',(33.8367989505128,212.012600524744,10.0625));
#11841=CARTESIAN_POINT('Ctrl Pts',(34.5820044710163,211.639997764492,9.93129623283627));
#11842=CARTESIAN_POINT('Ctrl Pts',(35.2510991460971,211.305450426951,9.51073073833834));
#11843=CARTESIAN_POINT('Ctrl Pts',(35.388,211.237,9.21209965017095));
#11844=CARTESIAN_POINT('Ctrl Pts',(35.388,211.237,9.0625));
#11845=CARTESIAN_POINT('Ctrl Pts',(33.388,212.237,10.0625));
#11846=CARTESIAN_POINT('Ctrl Pts',(33.7940561933211,211.969857767552,10.0625));
#11847=CARTESIAN_POINT('Ctrl Pts',(34.4692258813664,211.526818191546,9.87135861817133));
#11848=CARTESIAN_POINT('Ctrl Pts',(35.0049960191948,211.254626953171,9.38692616165213));
#11849=CARTESIAN_POINT('Ctrl Pts',(35.0888006996581,211.237,9.16666750667097));
#11850=CARTESIAN_POINT('Ctrl Pts',(35.0888006996581,211.237,9.0625));
#11851=CARTESIAN_POINT('Ctrl Pts',(33.388,212.237,10.0625));
#11852=CARTESIAN_POINT('Ctrl Pts',(33.7192563682357,211.895057942466,10.0625));
#11853=CARTESIAN_POINT('Ctrl Pts',(34.268821666396,211.327375444778,9.82754878212998));
#11854=CARTESIAN_POINT('Ctrl Pts',(34.5756529825929,210.990386361994,9.28329822015727));
#11855=CARTESIAN_POINT('Ctrl Pts',(34.5710227489885,210.985685232721,9.12763550755078));
#11856=CARTESIAN_POINT('Ctrl Pts',(34.5710227489885,210.985685232721,9.0625));
#11857=CARTESIAN_POINT('Ctrl Pts',(33.388,212.237,10.0625));
#11858=CARTESIAN_POINT('Ctrl Pts',(33.6444565431502,211.820258117381,10.0625));
#11859=CARTESIAN_POINT('Ctrl Pts',(34.0688802873613,211.128487703344,9.88618343873836));
#11860=CARTESIAN_POINT('Ctrl Pts',(34.3573563158868,210.558766220812,9.41877588151172));
#11861=CARTESIAN_POINT('Ctrl Pts',(34.388,210.461399475256,9.17847665080514));
#11862=CARTESIAN_POINT('Ctrl Pts',(34.388,210.461399475256,9.0625));
#11863=CARTESIAN_POINT('Ctrl Pts',(33.388,212.237,10.0625));
#11864=CARTESIAN_POINT('Ctrl Pts',(33.6123994752564,211.788201049487,10.0625));
#11865=CARTESIAN_POINT('Ctrl Pts',(33.9850022355082,211.042995528984,9.93129623283628));
#11866=CARTESIAN_POINT('Ctrl Pts',(34.3195495730486,210.373900853903,9.51073073833834));
#11867=CARTESIAN_POINT('Ctrl Pts',(34.388,210.237,9.21209965017095));
#11868=CARTESIAN_POINT('Ctrl Pts',(34.388,210.237,9.0625));
#11869=CARTESIAN_POINT('Origin',(33.388,212.237,9.0625));
#11870=CARTESIAN_POINT('Origin',(33.388,212.237,9.0625));
#11871=CARTESIAN_POINT('Origin',(35.3879999999999,152.64975,3.0625));
#11872=CARTESIAN_POINT('',(34.388,207.585610017193,3.0625));
#11873=CARTESIAN_POINT('',(34.388,208.289389982807,3.0625));
#11874=CARTESIAN_POINT('Ctrl Pts',(34.388,208.289389982807,3.0625));
#11875=CARTESIAN_POINT('Ctrl Pts',(34.388,208.172398044528,3.04158965301221));
#11876=CARTESIAN_POINT('Ctrl Pts',(34.3884868385059,208.053984214974,3.03130000000001));
#11877=CARTESIAN_POINT('Ctrl Pts',(34.3884868385059,207.821015785026,3.03130000000001));
#11878=CARTESIAN_POINT('Ctrl Pts',(34.388,207.702601955472,3.04158965301222));
#11879=CARTESIAN_POINT('Ctrl Pts',(34.388,207.585610017193,3.0625));
#11880=CARTESIAN_POINT('',(34.388,198.862,3.0625));
#11881=CARTESIAN_POINT('',(34.3879999999999,152.64975,3.0625));
#11882=CARTESIAN_POINT('Origin',(35.388,198.862,3.0625));
#11883=CARTESIAN_POINT('',(34.3879999999999,152.64975,3.0625));
#11884=CARTESIAN_POINT('Origin',(55.32525,212.237,9.0625));
#11885=CARTESIAN_POINT('',(55.32525,211.237,9.0625));
#11886=CARTESIAN_POINT('Origin',(34.388,211.237,2.0625));
#11887=CARTESIAN_POINT('Origin',(60.00625,202.,1.0625));
#11888=CARTESIAN_POINT('Origin',(42.75,202.,1.0625));
#11889=CARTESIAN_POINT('Origin',(42.75,148.46875,1.0625));
#11890=CARTESIAN_POINT('Origin',(42.75,197.862,1.0625));
#11891=CARTESIAN_POINT('Ctrl Pts',(43.75,197.862,3.));
#11892=CARTESIAN_POINT('Ctrl Pts',(43.75,198.086399475256,3.04487989505128));
#11893=CARTESIAN_POINT('Ctrl Pts',(43.6187984186303,198.459003163172,3.11940063263448));
#11894=CARTESIAN_POINT('Ctrl Pts',(43.1982318225778,198.793550234736,3.18631004694728));
#11895=CARTESIAN_POINT('Ctrl Pts',(42.899599650171,198.862,3.2));
#11896=CARTESIAN_POINT('Ctrl Pts',(42.75,198.862,3.2));
#11897=CARTESIAN_POINT('Ctrl Pts',(43.75,197.862,3.));
#11898=CARTESIAN_POINT('Ctrl Pts',(43.75,198.052205269503,3.07907410080464));
#11899=CARTESIAN_POINT('Ctrl Pts',(43.6667460856653,198.36846761976,3.2096283464706));
#11900=CARTESIAN_POINT('Ctrl Pts',(43.297274500064,198.752897399755,3.38319619220362));
#11901=CARTESIAN_POINT('Ctrl Pts',(42.935945364971,198.862,3.43935944027351));
#11902=CARTESIAN_POINT('Ctrl Pts',(42.75,198.862,3.43935944027351));
#11903=CARTESIAN_POINT('Ctrl Pts',(43.75,197.862,3.));
#11904=CARTESIAN_POINT('Ctrl Pts',(43.75,197.992365409435,3.13891396087302));
#11905=CARTESIAN_POINT('Ctrl Pts',(43.7017978030715,198.208909824154,3.36995312458731));
#11906=CARTESIAN_POINT('Ctrl Pts',(43.3801838990286,198.541503974478,3.72667326937052));
#11907=CARTESIAN_POINT('Ctrl Pts',(42.9671709642671,198.660949492221,3.85358336787786));
#11908=CARTESIAN_POINT('Ctrl Pts',(42.75,198.660949492221,3.85358336787786));
#11909=CARTESIAN_POINT('Ctrl Pts',(43.75,197.862,3.));
#11910=CARTESIAN_POINT('Ctrl Pts',(43.75,197.932525549366,3.19875382094139));
#11911=CARTESIAN_POINT('Ctrl Pts',(43.6548879662375,198.049795295344,3.52990381970579));
#11912=CARTESIAN_POINT('Ctrl Pts',(43.2717968698928,198.196203519266,3.90130759222416));
#11913=CARTESIAN_POINT('Ctrl Pts',(42.9264980496636,198.241519580205,4.00000000000002));
#11914=CARTESIAN_POINT('Ctrl Pts',(42.75,198.241519580205,4.00000000000002));
#11915=CARTESIAN_POINT('Ctrl Pts',(43.75,197.862,3.));
#11916=CARTESIAN_POINT('Ctrl Pts',(43.75,197.906879895051,3.22439947525641));
#11917=CARTESIAN_POINT('Ctrl Pts',(43.6187984186303,197.981400632634,3.59700316317242));
#11918=CARTESIAN_POINT('Ctrl Pts',(43.1982318225779,198.048310046947,3.93155023473642));
#11919=CARTESIAN_POINT('Ctrl Pts',(42.899599650171,198.062,4.00000000000002));
#11920=CARTESIAN_POINT('Ctrl Pts',(42.75,198.062,4.00000000000002));
#11921=CARTESIAN_POINT('',(42.75,198.862,3.2));
#11922=CARTESIAN_POINT('',(42.75,198.062,4.));
#11923=CARTESIAN_POINT('Origin',(42.75,198.062,3.2));
#11924=CARTESIAN_POINT('Origin',(42.75,197.862,3.));
#11925=CARTESIAN_POINT('Origin',(42.75,197.862,3.));
#11926=CARTESIAN_POINT('Ctrl Pts',(43.75,190.,3.));
#11927=CARTESIAN_POINT('Ctrl Pts',(43.75,189.955120104949,3.22439947525638));
#11928=CARTESIAN_POINT('Ctrl Pts',(43.6188002691152,189.880599210423,3.59700394788522));
#11929=CARTESIAN_POINT('Ctrl Pts',(43.1982327386344,189.813689841067,3.93155079466535));
#11930=CARTESIAN_POINT('Ctrl Pts',(42.899599650171,189.8,4.));
#11931=CARTESIAN_POINT('Ctrl Pts',(42.75,189.8,4.));
#11932=CARTESIAN_POINT('Ctrl Pts',(43.75,190.,3.));
#11933=CARTESIAN_POINT('Ctrl Pts',(43.75,189.920925899195,3.19020526950302));
#11934=CARTESIAN_POINT('Ctrl Pts',(43.6667458827113,189.790367401239,3.50647526842109));
#11935=CARTESIAN_POINT('Ctrl Pts',(43.2972745858259,189.616800611858,3.89090299008479));
#11936=CARTESIAN_POINT('Ctrl Pts',(42.935945364971,189.560640559726,4.));
#11937=CARTESIAN_POINT('Ctrl Pts',(42.75,189.560640559726,4.));
#11938=CARTESIAN_POINT('Ctrl Pts',(43.75,190.,3.));
#11939=CARTESIAN_POINT('Ctrl Pts',(43.75,189.861086039127,3.13036540943464));
#11940=CARTESIAN_POINT('Ctrl Pts',(43.7018008446693,189.630041439736,3.34691442323521));
#11941=CARTESIAN_POINT('Ctrl Pts',(43.3801899641271,189.273321289388,3.67950876348899));
#11942=CARTESIAN_POINT('Ctrl Pts',(42.9671709642671,189.1464152998,3.79895060261932));
#11943=CARTESIAN_POINT('Ctrl Pts',(42.75,189.1464152998,3.79895060261932));
#11944=CARTESIAN_POINT('Ctrl Pts',(43.75,190.,3.));
#11945=CARTESIAN_POINT('Ctrl Pts',(43.75,189.801246179059,3.07052554936627));
#11946=CARTESIAN_POINT('Ctrl Pts',(43.6548892297386,189.470092776697,3.18779623157734));
#11947=CARTESIAN_POINT('Ctrl Pts',(43.2717987741402,189.098689517628,3.33420463033914));
#11948=CARTESIAN_POINT('Ctrl Pts',(42.9264980496636,189.,3.37951958020511));
#11949=CARTESIAN_POINT('Ctrl Pts',(42.75,189.,3.37951958020511));
#11950=CARTESIAN_POINT('Ctrl Pts',(43.75,190.,3.));
#11951=CARTESIAN_POINT('Ctrl Pts',(43.75,189.775600524744,3.04487989505125));
#11952=CARTESIAN_POINT('Ctrl Pts',(43.6188002691152,189.402996052115,3.11940078957701));
#11953=CARTESIAN_POINT('Ctrl Pts',(43.1982327386343,189.068449205335,3.18631015893306));
#11954=CARTESIAN_POINT('Ctrl Pts',(42.899599650171,189.,3.19999999999997));
#11955=CARTESIAN_POINT('Ctrl Pts',(42.75,189.,3.19999999999997));
#11956=CARTESIAN_POINT('',(42.75,189.8,4.));
#11957=CARTESIAN_POINT('Origin',(42.75,189.8,3.19999999999997));
#11958=CARTESIAN_POINT('Origin',(42.75,190.,3.));
#11959=CARTESIAN_POINT('Origin',(42.75,191.4655,3.));
#11960=CARTESIAN_POINT('',(42.75,191.4655,4.));
#11961=CARTESIAN_POINT('Origin',(42.75,197.862,1.03125));
#11962=CARTESIAN_POINT('',(42.75,198.862,1.03125));
#11963=CARTESIAN_POINT('Origin',(35.0345,189.8,3.2));
#11964=CARTESIAN_POINT('',(33.688,189.8,4.));
#11965=CARTESIAN_POINT('',(35.0345,189.8,4.));
#11966=CARTESIAN_POINT('Origin',(33.688,189.8,3.2));
#11967=CARTESIAN_POINT('Origin',(38.319,193.931,4.));
#11968=CARTESIAN_POINT('',(34.3419392014169,198.062,4.));
#11969=CARTESIAN_POINT('',(41.0345,198.062,4.));
#11970=CARTESIAN_POINT('',(33.688,197.408060798583,4.));
#11971=CARTESIAN_POINT('Origin',(33.388,198.362,4.));
#11972=CARTESIAN_POINT('',(33.688,195.6465,4.));
#11973=CARTESIAN_POINT('Origin',(41.0345,198.062,3.2));
#11974=CARTESIAN_POINT('',(34.388,198.862,3.2));
#11975=CARTESIAN_POINT('',(41.0345,198.862,3.2));
#11976=CARTESIAN_POINT('',(34.388,198.362,3.94161984870958));
#11977=CARTESIAN_POINT('Origin',(34.388,198.062,3.2));
#11978=CARTESIAN_POINT('Ctrl Pts',(34.388,198.362,3.94161984870959));
#11979=CARTESIAN_POINT('Ctrl Pts',(34.388,198.358445377404,3.9430577643487));
#11980=CARTESIAN_POINT('Ctrl Pts',(34.3879810383881,198.354900905403,3.94446182576618));
#11981=CARTESIAN_POINT('Ctrl Pts',(34.3871178952927,198.273712738994,3.97596135078833));
#11982=CARTESIAN_POINT('Ctrl Pts',(34.3763614962436,198.186053751019,3.99492751192253));
#11983=CARTESIAN_POINT('Ctrl Pts',(34.3497525121147,198.087750830412,3.99969085801012));
#11984=CARTESIAN_POINT('Ctrl Pts',(34.3459743285751,198.074830886596,4.));
#11985=CARTESIAN_POINT('Ctrl Pts',(34.3419392014169,198.062,4.));
#11986=CARTESIAN_POINT('Origin',(43.75,198.862,2.0625));
#11987=CARTESIAN_POINT('',(34.388,198.862,2.0625));
#11988=CARTESIAN_POINT('Origin',(33.388,198.362,2.0625));
#11989=CARTESIAN_POINT('',(33.388,197.362,3.94161984870957));
#11990=CARTESIAN_POINT('Ctrl Pts',(33.688,197.408060798583,4.));
#11991=CARTESIAN_POINT('Ctrl Pts',(33.6751691134038,197.404025671425,4.));
#11992=CARTESIAN_POINT('Ctrl Pts',(33.6622491695878,197.400247487885,3.99969085801012));
#11993=CARTESIAN_POINT('Ctrl Pts',(33.5639462489805,197.373638503756,3.99492751192253));
#11994=CARTESIAN_POINT('Ctrl Pts',(33.4762872610063,197.362882104707,3.97596135078832));
#11995=CARTESIAN_POINT('Ctrl Pts',(33.395099094597,197.362018961612,3.94446182576617));
#11996=CARTESIAN_POINT('Ctrl Pts',(33.3915546225958,197.362,3.94305776434868));
#11997=CARTESIAN_POINT('Ctrl Pts',(33.388,197.362,3.94161984870957));
#11998=CARTESIAN_POINT('',(34.388,198.362,9.0625));
#11999=CARTESIAN_POINT('',(34.388,198.362,2.0625));
#12000=CARTESIAN_POINT('',(33.388,197.362,9.0625));
#12001=CARTESIAN_POINT('Origin',(33.388,198.362,9.0625));
#12002=CARTESIAN_POINT('',(33.388,197.362,2.0625));
#12003=CARTESIAN_POINT('Origin',(33.388,198.362,9.0625));
#12004=CARTESIAN_POINT('Origin',(33.388,198.362,9.0625));
#12005=CARTESIAN_POINT('Origin',(33.388,198.362,9.0625));
#12006=CARTESIAN_POINT('Origin',(34.388,197.362,2.0625));
#12007=CARTESIAN_POINT('',(34.3879999999999,152.63901974496,9.0625));
#12008=CARTESIAN_POINT('',(34.388,205.9375,5.0313));
#12009=CARTESIAN_POINT('Origin',(34.388,207.9375,5.0313));
#12010=CARTESIAN_POINT('Origin',(34.388,207.9375,5.0313));
#12011=CARTESIAN_POINT('Origin',(33.3879999999999,152.63901974496,9.0625));
#12012=CARTESIAN_POINT('Origin',(47.28775,198.362,9.0625));
#12013=CARTESIAN_POINT('',(19.313,197.362,9.0625));
#12014=CARTESIAN_POINT('Origin',(19.313,198.362,9.0625));
#12015=CARTESIAN_POINT('',(47.28775,197.362,9.0625));
#12016=CARTESIAN_POINT('Origin',(19.313,196.362,9.0625));
#12017=CARTESIAN_POINT('',(18.313,196.362,9.0625));
#12018=CARTESIAN_POINT('Origin',(17.313,196.362,9.0625));
#12019=CARTESIAN_POINT('Origin',(19.313,196.362,9.0625));
#12020=CARTESIAN_POINT('Origin',(19.313,196.362,2.0625));
#12021=CARTESIAN_POINT('',(18.313,196.362,3.0625));
#12022=CARTESIAN_POINT('',(19.313,197.362,3.0625));
#12023=CARTESIAN_POINT('Origin',(19.313,196.362,3.0625));
#12024=CARTESIAN_POINT('',(19.313,197.362,2.0625));
#12025=CARTESIAN_POINT('',(18.313,196.362,2.0625));
#12026=CARTESIAN_POINT('Origin',(47.28775,196.362,3.0625));
#12027=CARTESIAN_POINT('',(32.888,197.362,3.0625));
#12028=CARTESIAN_POINT('',(32.888,196.362,2.0625));
#12029=CARTESIAN_POINT('Origin',(32.888,196.362,3.0625));
#12030=CARTESIAN_POINT('',(47.28775,197.362,3.0625));
#12031=CARTESIAN_POINT('',(19.313,196.362,2.0625));
#12032=CARTESIAN_POINT('Origin',(19.313,196.362,3.0625));
#12033=CARTESIAN_POINT('',(47.28775,196.362,2.0625));
#12034=CARTESIAN_POINT('Origin',(19.313,196.362,3.0625));
#12035=CARTESIAN_POINT('Origin',(19.313,196.362,3.0625));
#12036=CARTESIAN_POINT('Origin',(18.313,197.362,2.0625));
#12037=CARTESIAN_POINT('',(32.888,197.362,3.2));
#12038=CARTESIAN_POINT('',(32.888,197.362,2.0625));
#12039=CARTESIAN_POINT('Origin',(33.688,197.362,3.2));
#12040=CARTESIAN_POINT('Origin',(32.888,197.362,2.0625));
#12041=CARTESIAN_POINT('',(32.888,189.8,2.0625));
#12042=CARTESIAN_POINT('',(32.888,152.64975,2.0625));
#12043=CARTESIAN_POINT('',(32.888,189.8,3.2));
#12044=CARTESIAN_POINT('',(32.888,189.8,1.03125));
#12045=CARTESIAN_POINT('',(32.888,195.6465,3.2));
#12046=CARTESIAN_POINT('Origin',(76.2625,107.9375,2.0625));
#12047=CARTESIAN_POINT('',(19.313,18.513,2.0625));
#12048=CARTESIAN_POINT('',(19.313,63.22525,2.0625));
#12049=CARTESIAN_POINT('',(32.888,18.513,2.0625));
#12050=CARTESIAN_POINT('',(55.32525,18.513,2.0625));
#12051=CARTESIAN_POINT('',(32.888,25.875,2.0625));
#12052=CARTESIAN_POINT('',(32.888,67.40625,2.0625));
#12053=CARTESIAN_POINT('',(30.75,25.875,2.0625));
#12054=CARTESIAN_POINT('',(60.00625,25.875,2.0625));
#12055=CARTESIAN_POINT('',(30.75,189.8,2.0625));
#12056=CARTESIAN_POINT('',(30.75,67.40625,2.0625));
#12057=CARTESIAN_POINT('',(54.00625,189.8,2.0625));
#12058=CARTESIAN_POINT('Origin',(54.00625,189.8,1.2625));
#12059=CARTESIAN_POINT('Ctrl Pts',(31.7297958971133,189.,1.2625));
#12060=CARTESIAN_POINT('Ctrl Pts',(31.7089466468726,189.,1.36464004921845));
#12061=CARTESIAN_POINT('Ctrl Pts',(31.6702573188111,189.020578203936,1.46750657814613));
#12062=CARTESIAN_POINT('Ctrl Pts',(31.5667347773933,189.092729061317,1.64888560344684));
#12063=CARTESIAN_POINT('Ctrl Pts',(31.5020721967942,189.144009578769,1.7276114773136));
#12064=CARTESIAN_POINT('Ctrl Pts',(31.3413293835437,189.276910289588,1.87964371805045));
#12065=CARTESIAN_POINT('Ctrl Pts',(31.2274305234987,189.375793785354,1.95039029859166));
#12066=CARTESIAN_POINT('Ctrl Pts',(30.9891183925134,189.58606168266,2.04184231974007));
#12067=CARTESIAN_POINT('Ctrl Pts',(30.8646744320369,189.697432069874,2.0625));
#12068=CARTESIAN_POINT('Ctrl Pts',(30.75,189.8,2.0625));
#12069=CARTESIAN_POINT('Origin',(33.688,189.8,1.2625));
#12070=CARTESIAN_POINT('Origin',(33.688,189.8,3.2));
#12071=CARTESIAN_POINT('Origin',(33.688,189.8,3.2));
#12072=CARTESIAN_POINT('Origin',(33.688,189.8,3.2));
#12073=CARTESIAN_POINT('Origin',(33.688,189.8,1.03125));
#12074=CARTESIAN_POINT('Origin',(33.688,195.6465,3.2));
#12075=CARTESIAN_POINT('Origin',(30.75,67.40625,1.0625));
#12076=CARTESIAN_POINT('Origin',(30.75,25.875,1.0625));
#12077=CARTESIAN_POINT('Origin',(60.00625,25.875,1.0625));
#12078=CARTESIAN_POINT('',(32.888,26.075,2.04229589711327));
#12079=CARTESIAN_POINT('Ctrl Pts',(33.688,26.875,1.0625));
#12080=CARTESIAN_POINT('Ctrl Pts',(33.5854320698737,26.875,1.17717443203692));
#12081=CARTESIAN_POINT('Ctrl Pts',(33.4740616826605,26.8543423197401,1.30161839251341));
#12082=CARTESIAN_POINT('Ctrl Pts',(33.2637937853536,26.7628902985917,1.53993052349873));
#12083=CARTESIAN_POINT('Ctrl Pts',(33.1649102895881,26.6921437180504,1.65382938354373));
#12084=CARTESIAN_POINT('Ctrl Pts',(33.032009578769,26.5401114773136,1.81457219679417));
#12085=CARTESIAN_POINT('Ctrl Pts',(32.9807290613169,26.4613856034468,1.87923477739328));
#12086=CARTESIAN_POINT('Ctrl Pts',(32.9085782039357,26.2800065781461,1.98275731881111));
#12087=CARTESIAN_POINT('Ctrl Pts',(32.888,26.1771400492185,2.02144664687261));
#12088=CARTESIAN_POINT('Ctrl Pts',(32.888,26.075,2.04229589711327));
#12089=CARTESIAN_POINT('Origin',(32.888,25.875,1.0625));
#12090=CARTESIAN_POINT('Origin',(41.0345,26.075,3.2));
#12091=CARTESIAN_POINT('',(42.95,26.075,4.));
#12092=CARTESIAN_POINT('Origin',(42.95,26.075,3.2));
#12093=CARTESIAN_POINT('',(33.688,26.075,4.));
#12094=CARTESIAN_POINT('Origin',(33.688,26.075,3.2));
#12095=CARTESIAN_POINT('',(41.0345,26.075,4.));
#12096=CARTESIAN_POINT('Origin',(42.95,26.075,3.2));
#12097=CARTESIAN_POINT('Origin',(42.95,26.075,3.2));
#12098=CARTESIAN_POINT('Origin',(33.688,26.075,1.03125));
#12099=CARTESIAN_POINT('',(32.888,26.075,3.2));
#12100=CARTESIAN_POINT('Origin',(33.688,26.075,3.2));
#12101=CARTESIAN_POINT('',(32.888,26.075,1.03125));
#12102=CARTESIAN_POINT('Origin',(33.688,26.075,3.2));
#12103=CARTESIAN_POINT('Origin',(33.688,26.075,3.2));
#12104=CARTESIAN_POINT('Origin',(42.95,18.4095,3.2));
#12105=CARTESIAN_POINT('',(42.95,18.013,4.));
#12106=CARTESIAN_POINT('',(42.95,18.4095,4.));
#12107=CARTESIAN_POINT('Origin',(42.95,18.013,3.2));
#12108=CARTESIAN_POINT('Origin',(38.319,21.944,4.));
#12109=CARTESIAN_POINT('',(33.688,19.2878239349299,4.));
#12110=CARTESIAN_POINT('',(33.688,24.4095,4.));
#12111=CARTESIAN_POINT('',(35.1628239349299,17.813,4.));
#12112=CARTESIAN_POINT('Origin',(33.388,17.513,4.));
#12113=CARTESIAN_POINT('',(42.75,17.813,4.));
#12114=CARTESIAN_POINT('',(36.3535,17.813,4.));
#12115=CARTESIAN_POINT('Origin',(42.75,18.013,4.));
#12116=CARTESIAN_POINT('Origin',(33.688,24.4095,3.2));
#12117=CARTESIAN_POINT('',(32.888,19.2878239349299,3.2));
#12118=CARTESIAN_POINT('',(32.888,24.4095,3.2));
#12119=CARTESIAN_POINT('Origin',(33.688,19.2878239349299,3.2));
#12120=CARTESIAN_POINT('Origin',(32.888,26.875,2.0625));
#12121=CARTESIAN_POINT('',(32.888,18.5130000000001,3.38985449573176));
#12122=CARTESIAN_POINT('',(32.888,18.513,2.0625));
#12123=CARTESIAN_POINT('Ctrl Pts',(32.888,19.2878239349299,3.2));
#12124=CARTESIAN_POINT('Ctrl Pts',(32.888,19.0632343177923,3.2));
#12125=CARTESIAN_POINT('Ctrl Pts',(32.888,18.7951116047432,3.25608251230874));
#12126=CARTESIAN_POINT('Ctrl Pts',(32.888,18.552004421151,3.36987597015841));
#12127=CARTESIAN_POINT('Ctrl Pts',(32.888,18.5130247011253,3.38990257392682));
#12128=CARTESIAN_POINT('Ctrl Pts',(32.888,19.2878239349299,3.2));
#12129=CARTESIAN_POINT('Ctrl Pts',(32.888,19.0632343177923,3.2));
#12130=CARTESIAN_POINT('Ctrl Pts',(32.888,18.6893599935644,3.27820229458365));
#12131=CARTESIAN_POINT('Ctrl Pts',(32.888,18.299078831989,3.50670036537756));
#12132=CARTESIAN_POINT('Ctrl Pts',(32.888,18.0699517178183,3.70075968545887));
#12133=CARTESIAN_POINT('Ctrl Pts',(32.888,17.9663356563219,3.80796030602791));
#12134=CARTESIAN_POINT('Ctrl Pts',(32.888,17.9161689753529,3.86373381157816));
#12135=CARTESIAN_POINT('Ctrl Pts',(32.888,19.2878239349299,3.31967972013675));
#12136=CARTESIAN_POINT('Ctrl Pts',(32.887993658311,19.0795736394314,3.32144006299833));
#12137=CARTESIAN_POINT('Ctrl Pts',(32.8881120221029,18.733524975248,3.39786225617685));
#12138=CARTESIAN_POINT('Ctrl Pts',(32.8880840452753,18.3763626579872,3.61824984148158));
#12139=CARTESIAN_POINT('Ctrl Pts',(32.8880545209028,18.1699364785689,3.8072949519105));
#12140=CARTESIAN_POINT('Ctrl Pts',(32.8880281759003,18.0780186634772,3.91331184571473));
#12141=CARTESIAN_POINT('Ctrl Pts',(32.888,18.0337745197048,3.9695166517542));
#12142=CARTESIAN_POINT('Ctrl Pts',(32.9427399348085,19.2878239349299,3.55867445437954));
#12143=CARTESIAN_POINT('Ctrl Pts',(32.9443712926905,19.1122084754759,3.56393532228633));
#12144=CARTESIAN_POINT('Ctrl Pts',(32.9479329799151,18.8216032084766,3.6366848639602));
#12145=CARTESIAN_POINT('Ctrl Pts',(32.957728111343,18.5304990841431,3.84077783955418));
#12146=CARTESIAN_POINT('Ctrl Pts',(32.9697070020106,18.3692599949468,4.01969327334858));
#12147=CARTESIAN_POINT('Ctrl Pts',(32.9787316136399,18.3005802650552,4.123261388935));
#12148=CARTESIAN_POINT('Ctrl Pts',(32.9846023537781,18.2680905549437,4.18027725698729));
#12149=CARTESIAN_POINT('Ctrl Pts',(33.2103947462722,19.2878239349299,3.89506666765879));
#12150=CARTESIAN_POINT('Ctrl Pts',(33.219473424616,19.1580845631172,3.90288058827769));
#12151=CARTESIAN_POINT('Ctrl Pts',(33.2397353368162,18.9448359772143,3.9653048338933));
#12152=CARTESIAN_POINT('Ctrl Pts',(33.2932828154063,18.7351603318936,4.13393866900244));
#12153=CARTESIAN_POINT('Ctrl Pts',(33.3571910557992,18.6188851563137,4.28463582997405));
#12154=CARTESIAN_POINT('Ctrl Pts',(33.4042734926486,18.5670478244568,4.37423713466064));
#12155=CARTESIAN_POINT('Ctrl Pts',(33.4342519806096,18.5401765196468,4.42501083886862));
#12156=CARTESIAN_POINT('Ctrl Pts',(33.5084804197949,19.2878239349299,4.));
#12157=CARTESIAN_POINT('Ctrl Pts',(33.524303200409,19.1725324747268,4.00419862851523));
#12158=CARTESIAN_POINT('Ctrl Pts',(33.5587112045897,18.9794542757428,4.05229049886301));
#12159=CARTESIAN_POINT('Ctrl Pts',(33.6487928913795,18.7742027449438,4.18692528760162));
#12160=CARTESIAN_POINT('Ctrl Pts',(33.7512806084084,18.6388788512208,4.30428930453879));
#12161=CARTESIAN_POINT('Ctrl Pts',(33.8235019040076,18.5650633461077,4.37178753585262));
#12162=CARTESIAN_POINT('Ctrl Pts',(33.8676557287291,18.5220199519323,4.40867952293217));
#12163=CARTESIAN_POINT('Ctrl Pts',(33.688,19.2878239349299,4.));
#12164=CARTESIAN_POINT('Ctrl Pts',(33.7064540290756,19.1724098261229,4.));
#12165=CARTESIAN_POINT('Ctrl Pts',(33.7471166589145,18.978211008978,4.03910114729182));
#12166=CARTESIAN_POINT('Ctrl Pts',(33.8485563019314,18.7535045499248,4.15335018268878));
#12167=CARTESIAN_POINT('Ctrl Pts',(33.9584607473159,18.5897446189251,4.25037984272944));
#12168=CARTESIAN_POINT('Ctrl Pts',(34.0322433439015,18.4937236086949,4.30398015301396));
#12169=CARTESIAN_POINT('Ctrl Pts',(34.0752719722292,18.4366224561081,4.33186690578908));
#12170=CARTESIAN_POINT('',(34.0174147087304,18.5129999997057,4.29248327017873));
#12171=CARTESIAN_POINT('Ctrl Pts',(34.0174147085081,18.513,4.29248327001959));
#12172=CARTESIAN_POINT('Ctrl Pts',(33.9516071088786,18.513,4.3351971156309));
#12173=CARTESIAN_POINT('Ctrl Pts',(33.8797839584993,18.513,4.36748476412204));
#12174=CARTESIAN_POINT('Ctrl Pts',(33.7328011460622,18.513,4.3992645216525));
#12175=CARTESIAN_POINT('Ctrl Pts',(33.6616981654213,18.513,4.40053409421387));
#12176=CARTESIAN_POINT('Ctrl Pts',(33.5146193132493,18.513,4.37376528455605));
#12177=CARTESIAN_POINT('Ctrl Pts',(33.4427796014114,18.513,4.344180729012));
#12178=CARTESIAN_POINT('Ctrl Pts',(33.2960925136389,18.513,4.25472250705056));
#12179=CARTESIAN_POINT('Ctrl Pts',(33.2241171464765,18.513,4.18985385643325));
#12180=CARTESIAN_POINT('Ctrl Pts',(33.0829992650236,18.513,4.02516305329391));
#12181=CARTESIAN_POINT('Ctrl Pts',(33.0135011553841,18.513,3.91179480891081));
#12182=CARTESIAN_POINT('Ctrl Pts',(32.9151428874328,18.513,3.65959450613045));
#12183=CARTESIAN_POINT('Ctrl Pts',(32.888,18.513,3.52512732350959));
#12184=CARTESIAN_POINT('Ctrl Pts',(32.888,18.513,3.38985449573181));
#12185=CARTESIAN_POINT('Ctrl Pts',(34.0174826278623,18.5130625815578,4.29254432811298));
#12186=CARTESIAN_POINT('Ctrl Pts',(33.9979664751413,18.5389267578619,4.27858587536181));
#12187=CARTESIAN_POINT('Ctrl Pts',(33.9452936927635,18.6093638066424,4.23875524626762));
#12188=CARTESIAN_POINT('Ctrl Pts',(33.8485563019314,18.7535045499248,4.15335018268878));
#12189=CARTESIAN_POINT('Ctrl Pts',(33.7471166589145,18.978211008978,4.03910114729182));
#12190=CARTESIAN_POINT('Ctrl Pts',(33.7064540290756,19.1724098261229,4.));
#12191=CARTESIAN_POINT('Ctrl Pts',(33.688,19.2878239349299,4.));
#12192=CARTESIAN_POINT('Origin',(36.3535,17.813,3.2));
#12193=CARTESIAN_POINT('',(35.1628239349299,17.013,3.2));
#12194=CARTESIAN_POINT('Origin',(35.1628239349299,17.813,3.2));
#12195=CARTESIAN_POINT('',(42.75,17.013,3.2));
#12196=CARTESIAN_POINT('',(36.3535,17.013,3.2));
#12197=CARTESIAN_POINT('Origin',(42.75,17.813,3.2));
#12198=CARTESIAN_POINT('Ctrl Pts',(42.95,18.013,4.));
#12199=CARTESIAN_POINT('Ctrl Pts',(42.95,17.813,4.));
#12200=CARTESIAN_POINT('Ctrl Pts',(42.75,17.813,4.));
#12201=CARTESIAN_POINT('Ctrl Pts',(43.75,18.013,4.));
#12202=CARTESIAN_POINT('Ctrl Pts',(43.75,17.013,4.));
#12203=CARTESIAN_POINT('Ctrl Pts',(42.75,17.013,4.));
#12204=CARTESIAN_POINT('Ctrl Pts',(43.75,18.013,3.2));
#12205=CARTESIAN_POINT('Ctrl Pts',(43.75,17.013,3.2));
#12206=CARTESIAN_POINT('Ctrl Pts',(42.75,17.013,3.2));
#12207=CARTESIAN_POINT('Origin',(42.75,18.013,3.2));
#12208=CARTESIAN_POINT('Ctrl Pts',(33.7925008364516,17.013,3.86225400659347));
#12209=CARTESIAN_POINT('Ctrl Pts',(33.817549719514,17.013,3.83443981754692));
#12210=CARTESIAN_POINT('Ctrl Pts',(33.8938563143146,17.013,3.75256196046707));
#12211=CARTESIAN_POINT('Ctrl Pts',(34.057504690509,17.013,3.59907881488501));
#12212=CARTESIAN_POINT('Ctrl Pts',(34.4547648581093,17.013,3.31560528536028));
#12213=CARTESIAN_POINT('Ctrl Pts',(34.8637742777609,17.013,3.2));
#12214=CARTESIAN_POINT('Ctrl Pts',(35.1628239349299,17.013,3.2));
#12215=CARTESIAN_POINT('Ctrl Pts',(33.9099494110437,17.013,3.96802576236453));
#12216=CARTESIAN_POINT('Ctrl Pts',(33.9320429245323,17.013013993604,3.94000640178807));
#12217=CARTESIAN_POINT('Ctrl Pts',(33.9995136771878,17.0130439616325,3.85835238190446));
#12218=CARTESIAN_POINT('Ctrl Pts',(34.1458854359931,17.0130736208458,3.70793224660205));
#12219=CARTESIAN_POINT('Ctrl Pts',(34.5070612519639,17.0131390820459,3.43364468501044));
#12220=CARTESIAN_POINT('Ctrl Pts',(34.8855307088765,17.0129915557987,3.32202368392263));
#12221=CARTESIAN_POINT('Ctrl Pts',(35.1628239349299,17.013,3.31967972013675));
#12222=CARTESIAN_POINT('Ctrl Pts',(34.1439548280251,17.1094476531495,4.17876619833837));
#12223=CARTESIAN_POINT('Ctrl Pts',(34.1601826692901,17.1065304636842,4.15036206446572));
#12224=CARTESIAN_POINT('Ctrl Pts',(34.2101088221796,17.0988363077527,4.06922380958711));
#12225=CARTESIAN_POINT('Ctrl Pts',(34.3221214986752,17.087880066808,3.92502450527237));
#12226=CARTESIAN_POINT('Ctrl Pts',(34.611355505207,17.0737377746503,3.66920296102851));
#12227=CARTESIAN_POINT('Ctrl Pts',(34.9289852401022,17.0699121501654,3.56567950102413));
#12228=CARTESIAN_POINT('Ctrl Pts',(35.1628239349299,17.0677399348085,3.55867445437954));
#12229=CARTESIAN_POINT('Ctrl Pts',(34.4158890839509,17.5584567777962,4.42366456175785));
#12230=CARTESIAN_POINT('Ctrl Pts',(34.4292864305595,17.5435556244524,4.3983831585596));
#12231=CARTESIAN_POINT('Ctrl Pts',(34.4684769800176,17.5038354814434,4.32724434983258));
#12232=CARTESIAN_POINT('Ctrl Pts',(34.5502993178304,17.4459558968475,4.20443219053131));
#12233=CARTESIAN_POINT('Ctrl Pts',(34.757826994211,17.3695400805004,3.99180660497152));
#12234=CARTESIAN_POINT('Ctrl Pts',(34.9900710037998,17.3474833533987,3.90547120154603));
#12235=CARTESIAN_POINT('Ctrl Pts',(35.1628239349299,17.3353947462722,3.89506666765879));
#12236=CARTESIAN_POINT('Ctrl Pts',(34.3981680504061,17.9914913521856,4.40770536567041));
#12237=CARTESIAN_POINT('Ctrl Pts',(34.4195877111872,17.9695293741403,4.38932373490078));
#12238=CARTESIAN_POINT('Ctrl Pts',(34.4788528394352,17.909789377643,4.33661227421638));
#12239=CARTESIAN_POINT('Ctrl Pts',(34.5830457318357,17.8187423649361,4.24226131604034));
#12240=CARTESIAN_POINT('Ctrl Pts',(34.7996855901629,17.6925850470698,4.07377507242919));
#12241=CARTESIAN_POINT('Ctrl Pts',(35.0093089501872,17.654549056798,4.00559063430475));
#12242=CARTESIAN_POINT('Ctrl Pts',(35.1628239349299,17.6334804197949,4.));
#12243=CARTESIAN_POINT('Ctrl Pts',(34.3131357141286,18.1991313728626,4.33112700329673));
#12244=CARTESIAN_POINT('Ctrl Pts',(34.3415454679329,18.1777126325233,4.31721990877346));
#12245=CARTESIAN_POINT('Ctrl Pts',(34.4195613599224,18.1180489321549,4.27628098023356));
#12246=CARTESIAN_POINT('Ctrl Pts',(34.5504729249506,18.0224372630185,4.19953940744249));
#12247=CARTESIAN_POINT('Ctrl Pts',(34.7987169340864,17.8833505657276,4.05780264268018));
#12248=CARTESIAN_POINT('Ctrl Pts',(35.0091456388845,17.8375722448739,4.));
#12249=CARTESIAN_POINT('Ctrl Pts',(35.1628239349299,17.813,4.));
#12250=CARTESIAN_POINT('',(34.3879999999999,18.1424147085081,4.29248327001965));
#12251=CARTESIAN_POINT('',(34.388000002903,17.013,3.38985449275051));
#12252=CARTESIAN_POINT('Ctrl Pts',(34.388,17.013,3.38985449573181));
#12253=CARTESIAN_POINT('Ctrl Pts',(34.388,17.013,3.5279085847166));
#12254=CARTESIAN_POINT('Ctrl Pts',(34.388,17.0412725670271,3.66512483925537));
#12255=CARTESIAN_POINT('Ctrl Pts',(34.388,17.1491827444426,3.93608104942105));
#12256=CARTESIAN_POINT('Ctrl Pts',(34.388,17.2322046008276,4.06281044861457));
#12257=CARTESIAN_POINT('Ctrl Pts',(34.388,17.3973211707989,4.23479844082662));
#12258=CARTESIAN_POINT('Ctrl Pts',(34.388,17.4794174889545,4.29850580882923));
#12259=CARTESIAN_POINT('Ctrl Pts',(34.388,17.641077448763,4.37359740124809));
#12260=CARTESIAN_POINT('Ctrl Pts',(34.388,17.7152746031376,4.39310741160548));
#12261=CARTESIAN_POINT('Ctrl Pts',(34.388,17.8568225545873,4.39854699625864));
#12262=CARTESIAN_POINT('Ctrl Pts',(34.388,17.9201189453797,4.38936263562228));
#12263=CARTESIAN_POINT('Ctrl Pts',(34.388,18.0384862100586,4.35162338758884));
#12264=CARTESIAN_POINT('Ctrl Pts',(34.388,18.0922817485963,4.32502315176222));
#12265=CARTESIAN_POINT('Ctrl Pts',(34.388,18.1424147085081,4.2924832700196));
#12266=CARTESIAN_POINT('Ctrl Pts',(34.3880583640971,17.013,3.38996869160163));
#12267=CARTESIAN_POINT('Ctrl Pts',(34.627214597143,17.013,3.26774817947553));
#12268=CARTESIAN_POINT('Ctrl Pts',(34.8943793624714,17.013,3.2));
#12269=CARTESIAN_POINT('Ctrl Pts',(35.1628239349299,17.013,3.2));
#12270=CARTESIAN_POINT('Ctrl Pts',(35.1628239349299,17.813,4.));
#12271=CARTESIAN_POINT('Ctrl Pts',(35.0091456388845,17.8375722448739,4.));
#12272=CARTESIAN_POINT('Ctrl Pts',(34.7987169340864,17.8833505657276,4.05780264268018));
#12273=CARTESIAN_POINT('Ctrl Pts',(34.5504729249506,18.0224372630185,4.19953940744249));
#12274=CARTESIAN_POINT('Ctrl Pts',(34.4401507731063,18.103011390127,4.2642112753894));
#12275=CARTESIAN_POINT('Ctrl Pts',(34.3893832186303,18.1413509288143,4.29171896125456));
#12276=CARTESIAN_POINT('Ctrl Pts',(34.3879877562622,18.1424055172936,4.29247347650993));
#12277=CARTESIAN_POINT('Origin',(42.75,18.013,1.03125));
#12278=CARTESIAN_POINT('',(42.75,17.013,3.0625));
#12279=CARTESIAN_POINT('',(42.75,17.013,1.03125));
#12280=CARTESIAN_POINT('Origin',(42.75,18.013,3.0625));
#12281=CARTESIAN_POINT('Origin',(33.388,17.513,4.8));
#12282=CARTESIAN_POINT('',(33.388,18.513,4.8));
#12283=CARTESIAN_POINT('Ctrl Pts',(33.388,18.513,4.8));
#12284=CARTESIAN_POINT('Ctrl Pts',(33.5757673019658,18.513,4.63205581954112));
#12285=CARTESIAN_POINT('Ctrl Pts',(33.7922933623598,18.513,4.4386031479141));
#12286=CARTESIAN_POINT('Ctrl Pts',(34.0174147085918,18.513,4.29248326996522));
#12287=CARTESIAN_POINT('',(34.388,17.513,4.8));
#12288=CARTESIAN_POINT('Origin',(33.388,17.513,4.8));
#12289=CARTESIAN_POINT('Ctrl Pts',(34.388,18.1424147085081,4.29248327001957));
#12290=CARTESIAN_POINT('Ctrl Pts',(34.388,17.9172933623056,4.43860314796151));
#12291=CARTESIAN_POINT('Ctrl Pts',(34.388,17.7007673019425,4.63205581956193));
#12292=CARTESIAN_POINT('Ctrl Pts',(34.388,17.513,4.8));
#12293=CARTESIAN_POINT('Origin',(19.313,63.22525,3.0625));
#12294=CARTESIAN_POINT('',(18.313,18.513,3.0625));
#12295=CARTESIAN_POINT('',(18.313,63.22525,3.0625));
#12296=CARTESIAN_POINT('Origin',(19.313,18.513,3.0625));
#12297=CARTESIAN_POINT('Origin',(33.388,17.513,2.0625));
#12298=CARTESIAN_POINT('',(33.388,18.513,9.0625));
#12299=CARTESIAN_POINT('',(33.388,18.513,2.0625));
#12300=CARTESIAN_POINT('',(34.388,17.513,9.0625));
#12301=CARTESIAN_POINT('Origin',(33.388,17.513,9.0625));
#12302=CARTESIAN_POINT('',(34.388,17.513,2.0625));
#12303=CARTESIAN_POINT('Origin',(17.313,63.2145197449598,9.0625));
#12304=CARTESIAN_POINT('',(18.313,18.513,9.0625));
#12305=CARTESIAN_POINT('Origin',(17.313,17.513,9.0625));
#12306=CARTESIAN_POINT('',(18.313,63.2145197449598,9.0625));
#12307=CARTESIAN_POINT('Origin',(55.32525,17.513,9.0625));
#12308=CARTESIAN_POINT('Origin',(33.388,17.513,9.0625));
#12309=CARTESIAN_POINT('',(55.32525,18.513,9.0625));
#12310=CARTESIAN_POINT('Origin',(33.388,17.513,9.0625));
#12311=CARTESIAN_POINT('Origin',(33.388,17.513,9.0625));
#12312=CARTESIAN_POINT('Origin',(34.388,4.59663061524819,2.0625));
#12313=CARTESIAN_POINT('',(34.388,5.59663061524819,9.0625));
#12314=CARTESIAN_POINT('',(34.388,56.2563350525839,9.0625));
#12315=CARTESIAN_POINT('',(34.388,5.59663061524819,3.0625));
#12316=CARTESIAN_POINT('',(34.388,5.59663061524819,2.0625));
#12317=CARTESIAN_POINT('',(34.388,7.58561001719287,3.0625));
#12318=CARTESIAN_POINT('',(34.388,56.2670653076241,3.0625));
#12319=CARTESIAN_POINT('',(34.388,5.9375,5.0313));
#12320=CARTESIAN_POINT('Origin',(34.388,7.9375,5.0313));
#12321=CARTESIAN_POINT('',(34.388,8.28938998280714,3.0625));
#12322=CARTESIAN_POINT('Origin',(34.388,7.9375,5.0313));
#12323=CARTESIAN_POINT('',(34.388,17.013,3.0625));
#12324=CARTESIAN_POINT('',(34.388,56.2670653076241,3.0625));
#12325=CARTESIAN_POINT('',(34.388,17.013,2.0625));
#12326=CARTESIAN_POINT('Origin',(33.388,56.2563350525839,9.0625));
#12327=CARTESIAN_POINT('Origin',(33.388,5.59663061524819,9.0625));
#12328=CARTESIAN_POINT('Origin',(16.875,3.2,1.));
#12329=CARTESIAN_POINT('',(16.875,2.2,1.));
#12330=CARTESIAN_POINT('Origin',(16.875,3.2,1.));
#12331=CARTESIAN_POINT('Origin',(16.875,3.2,1.));
#12332=CARTESIAN_POINT('Origin',(46.06875,3.2,1.));
#12333=CARTESIAN_POINT('',(26.,2.2,1.));
#12334=CARTESIAN_POINT('Origin',(26.,3.2,1.));
#12335=CARTESIAN_POINT('',(46.06875,2.2,1.));
#12336=CARTESIAN_POINT('Ctrl Pts',(26.,3.20000000000001,0.));
#12337=CARTESIAN_POINT('Ctrl Pts',(26.3,3.20000000000001,0.));
#12338=CARTESIAN_POINT('Ctrl Pts',(26.3,3.5,0.));
#12339=CARTESIAN_POINT('Ctrl Pts',(26.,2.2,-2.63677968348475E-15));
#12340=CARTESIAN_POINT('Ctrl Pts',(27.3,2.2,-2.62004130131388E-15));
#12341=CARTESIAN_POINT('Ctrl Pts',(27.3,3.5,-2.62004130131388E-15));
#12342=CARTESIAN_POINT('Ctrl Pts',(26.,2.2,1.));
#12343=CARTESIAN_POINT('Ctrl Pts',(27.3,2.2,1.));
#12344=CARTESIAN_POINT('Ctrl Pts',(27.3,3.5,1.));
#12345=CARTESIAN_POINT('',(27.3,3.5,1.));
#12346=CARTESIAN_POINT('Origin',(26.3,3.5,1.));
#12347=CARTESIAN_POINT('Origin',(26.,3.5,1.));
#12348=CARTESIAN_POINT('Origin',(26.3,55.71875,1.));
#12349=CARTESIAN_POINT('',(27.3,14.875,1.));
#12350=CARTESIAN_POINT('Origin',(26.3,14.875,1.));
#12351=CARTESIAN_POINT('',(27.3,55.71875,1.));
#12352=CARTESIAN_POINT('Origin',(28.5,14.875,1.));
#12353=CARTESIAN_POINT('',(28.5,16.075,1.));
#12354=CARTESIAN_POINT('Origin',(28.5,17.075,1.));
#12355=CARTESIAN_POINT('Origin',(28.5,14.875,1.));
#12356=CARTESIAN_POINT('Origin',(52.3812500000002,17.0750000000001,1.));
#12357=CARTESIAN_POINT('',(30.75,16.075,1.));
#12358=CARTESIAN_POINT('Origin',(30.75,17.075,1.));
#12359=CARTESIAN_POINT('',(52.3812500000002,16.0750000000001,1.));
#12360=CARTESIAN_POINT('Origin',(30.75,14.875,1.));
#12361=CARTESIAN_POINT('',(31.95,14.875,1.));
#12362=CARTESIAN_POINT('Origin',(32.95,14.875,1.));
#12363=CARTESIAN_POINT('Origin',(30.75,14.875,1.));
#12364=CARTESIAN_POINT('Origin',(32.95,61.40625,1.));
#12365=CARTESIAN_POINT('',(31.95,3.19730417744593,1.));
#12366=CARTESIAN_POINT('Origin',(32.95,3.19730417744593,1.));
#12367=CARTESIAN_POINT('',(31.95,61.40625,1.));
#12368=CARTESIAN_POINT('Origin',(32.95,3.19730417744592,1.));
#12369=CARTESIAN_POINT('',(32.949612101067,2.19730425267872,1.));
#12370=CARTESIAN_POINT('Origin',(32.95,3.19730417744592,1.));
#12371=CARTESIAN_POINT('Origin',(32.95,3.19730417744593,1.));
#12372=CARTESIAN_POINT('Origin',(16.875,3.2,0.));
#12373=CARTESIAN_POINT('',(16.875,2.2,9.0625));
#12374=CARTESIAN_POINT('Origin',(16.875,3.2,9.0625));
#12375=CARTESIAN_POINT('',(16.875,2.2,0.));
#12376=CARTESIAN_POINT('Origin',(16.875,3.2,9.0625));
#12377=CARTESIAN_POINT('Origin',(16.875,3.2,9.0625));
#12378=CARTESIAN_POINT('Origin',(26.,213.675,0.));
#12379=CARTESIAN_POINT('',(26.,213.675,0.));
#12380=CARTESIAN_POINT('Origin',(46.06875,3.2,9.0625));
#12381=CARTESIAN_POINT('',(26.,2.2,9.0625));
#12382=CARTESIAN_POINT('',(46.06875,2.2,9.0625));
#12383=CARTESIAN_POINT('Origin',(26.,3.2,9.0625));
#12384=CARTESIAN_POINT('Origin',(15.875,2.2,0.));
#12385=CARTESIAN_POINT('',(26.,2.2,0.));
#12386=CARTESIAN_POINT('Origin',(32.95,61.3955197449598,9.0625));
#12387=CARTESIAN_POINT('',(31.95,14.875,9.0625));
#12388=CARTESIAN_POINT('Origin',(32.95,14.875,9.0625));
#12389=CARTESIAN_POINT('',(31.95,3.19730417744593,9.0625));
#12390=CARTESIAN_POINT('',(31.95,61.3955197449598,9.0625));
#12391=CARTESIAN_POINT('Origin',(32.95,3.19730417744593,9.0625));
#12392=CARTESIAN_POINT('Origin',(30.75,14.875,9.0625));
#12393=CARTESIAN_POINT('',(30.75,16.075,9.0625));
#12394=CARTESIAN_POINT('Origin',(30.75,17.075,9.0625));
#12395=CARTESIAN_POINT('Origin',(30.75,14.875,9.0625));
#12396=CARTESIAN_POINT('Origin',(52.3812500000002,17.0750000000001,9.0625));
#12397=CARTESIAN_POINT('',(28.5,16.075,9.0625));
#12398=CARTESIAN_POINT('Origin',(28.5,17.075,9.0625));
#12399=CARTESIAN_POINT('',(52.3812500000002,16.0750000000001,9.0625));
#12400=CARTESIAN_POINT('Origin',(28.5,14.875,9.0625));
#12401=CARTESIAN_POINT('',(27.3,14.875,9.0625));
#12402=CARTESIAN_POINT('Origin',(26.3,14.875,9.0625));
#12403=CARTESIAN_POINT('Origin',(28.5,14.875,9.0625));
#12404=CARTESIAN_POINT('Origin',(26.3,55.7080197449598,9.0625));
#12405=CARTESIAN_POINT('',(27.3,3.5,9.0625));
#12406=CARTESIAN_POINT('Origin',(26.3,3.5,9.0625));
#12407=CARTESIAN_POINT('',(27.3,55.7080197449598,9.0625));
#12408=CARTESIAN_POINT('Ctrl Pts',(26.,2.2,9.0625));
#12409=CARTESIAN_POINT('Ctrl Pts',(27.3,2.2,9.0625));
#12410=CARTESIAN_POINT('Ctrl Pts',(27.3,3.5,9.0625));
#12411=CARTESIAN_POINT('Ctrl Pts',(26.,2.2,10.0625));
#12412=CARTESIAN_POINT('Ctrl Pts',(27.3,2.2,10.0625));
#12413=CARTESIAN_POINT('Ctrl Pts',(27.3,3.5,10.0625));
#12414=CARTESIAN_POINT('Ctrl Pts',(26.,3.2,10.0625));
#12415=CARTESIAN_POINT('Ctrl Pts',(26.3,3.2,10.0625));
#12416=CARTESIAN_POINT('Ctrl Pts',(26.3,3.5,10.0625));
#12417=CARTESIAN_POINT('Origin',(26.,3.5,9.0625));
#12418=CARTESIAN_POINT('Origin',(32.95,3.19730417744593,1.03125));
#12419=CARTESIAN_POINT('',(32.949612101067,2.19730425267872,9.0625));
#12420=CARTESIAN_POINT('',(32.949612101067,2.19730425267872,1.03125));
#12421=CARTESIAN_POINT('Origin',(32.95,3.19730417744593,9.0625));
#12422=CARTESIAN_POINT('',(31.95,3.19730417744593,1.03125));
#12423=CARTESIAN_POINT('Origin',(54.0861271461476,3.18910549566227,1.));
#12424=CARTESIAN_POINT('',(135.649612101067,2.15746702926692,1.));
#12425=CARTESIAN_POINT('Origin',(135.65,3.15746695403412,1.));
#12426=CARTESIAN_POINT('',(54.0857392472147,2.18910557089506,1.));
#12427=CARTESIAN_POINT('Origin',(32.95,3.19730417744593,9.0625));
#12428=CARTESIAN_POINT('Origin',(32.95,3.19730417744593,9.0625));
#12429=CARTESIAN_POINT('Origin',(135.65,3.15746695403412,1.));
#12430=CARTESIAN_POINT('Origin',(135.65,3.15746695403412,1.));
#12431=CARTESIAN_POINT('Origin',(54.0861313084018,3.18910549404774,9.0625));
#12432=CARTESIAN_POINT('',(135.649612101067,2.15746702926692,9.0625));
#12433=CARTESIAN_POINT('',(54.0857434094689,2.18910556928053,9.0625));
#12434=CARTESIAN_POINT('Origin',(135.65,3.15746695403413,9.0625));
#12435=CARTESIAN_POINT('Origin',(31.9500015175436,2.19769200058661,2.0625));
#12436=CARTESIAN_POINT('',(135.649612101067,2.15746702926692,1.03125));
#12437=CARTESIAN_POINT('Origin',(135.65,3.15746695403412,1.03125));
#12438=CARTESIAN_POINT('Origin',(135.65,3.15746695403412,9.0625));
#12439=CARTESIAN_POINT('Origin',(136.65,26.875,0.));
#12440=CARTESIAN_POINT('',(125.65,26.875,3.));
#12441=CARTESIAN_POINT('',(125.65,26.875,0.));
#12442=CARTESIAN_POINT('',(133.65,26.875,3.));
#12443=CARTESIAN_POINT('Origin',(133.45,17.875,3.2));
#12444=CARTESIAN_POINT('',(133.45,14.875,4.));
#12445=CARTESIAN_POINT('',(133.45,15.8740231989649,4.));
#12446=CARTESIAN_POINT('',(133.45,17.875,4.));
#12447=CARTESIAN_POINT('',(132.65,14.8942273018517,3.2));
#12448=CARTESIAN_POINT('Ctrl Pts',(132.65,14.8942273018517,3.2));
#12449=CARTESIAN_POINT('Ctrl Pts',(132.65,14.9150765520923,3.30214004921845));
#12450=CARTESIAN_POINT('Ctrl Pts',(132.670578203936,14.9537658801538,3.40500657814613));
#12451=CARTESIAN_POINT('Ctrl Pts',(132.742729061317,15.0572884215717,3.58638560344683));
#12452=CARTESIAN_POINT('Ctrl Pts',(132.794009578769,15.1219510021708,3.6651114773136));
#12453=CARTESIAN_POINT('Ctrl Pts',(132.926910289588,15.2826938154212,3.81714371805044));
#12454=CARTESIAN_POINT('Ctrl Pts',(133.025793785354,15.3965926754662,3.88789029859165));
#12455=CARTESIAN_POINT('Ctrl Pts',(133.23606168266,15.6349048064515,3.97934231974007));
#12456=CARTESIAN_POINT('Ctrl Pts',(133.347432069874,15.759348766928,4.));
#12457=CARTESIAN_POINT('Ctrl Pts',(133.45,15.8740231989649,4.));
#12458=CARTESIAN_POINT('',(132.65,14.075,3.2));
#12459=CARTESIAN_POINT('',(132.65,17.875,3.2));
#12460=CARTESIAN_POINT('Origin',(133.45,14.075,3.2));
#12461=CARTESIAN_POINT('Origin',(133.45,14.075,2.0625));
#12462=CARTESIAN_POINT('',(132.65,14.075,9.0625));
#12463=CARTESIAN_POINT('',(132.65,14.075,2.0625));
#12464=CARTESIAN_POINT('',(133.45,14.875,9.0625));
#12465=CARTESIAN_POINT('Origin',(133.45,14.075,9.0625));
#12466=CARTESIAN_POINT('',(133.45,14.875,2.0625));
#12467=CARTESIAN_POINT('Ctrl Pts',(133.65,13.875,10.0625));
#12468=CARTESIAN_POINT('Ctrl Pts',(133.649337748118,13.8783112594107,10.0625));
#12469=CARTESIAN_POINT('Ctrl Pts',(133.648673415269,13.8816329236541,10.0624902715244));
#12470=CARTESIAN_POINT('Ctrl Pts',(133.59484251838,14.1507874081029,10.0590122161916));
#12471=CARTESIAN_POINT('Ctrl Pts',(133.521261503265,14.5186924836768,9.92019135617912));
#12472=CARTESIAN_POINT('Ctrl Pts',(133.459976614705,14.8251169264781,9.44149695828477));
#12473=CARTESIAN_POINT('Ctrl Pts',(133.45,14.875,9.1883977519646));
#12474=CARTESIAN_POINT('Ctrl Pts',(133.45,14.875,9.0625));
#12475=CARTESIAN_POINT('Ctrl Pts',(133.65,13.875,10.0625));
#12476=CARTESIAN_POINT('Ctrl Pts',(133.648857759226,13.8777789653057,10.0621324965739));
#12477=CARTESIAN_POINT('Ctrl Pts',(133.647640675013,13.88065091101,10.0628548293334));
#12478=CARTESIAN_POINT('Ctrl Pts',(133.552882512233,14.1081572898552,10.0542100346262));
#12479=CARTESIAN_POINT('Ctrl Pts',(133.423430860327,14.4236468270829,9.98514010167056));
#12480=CARTESIAN_POINT('Ctrl Pts',(133.250503350289,14.797387397479,9.52831235701836));
#12481=CARTESIAN_POINT('Ctrl Pts',(133.209919453907,14.8759542972652,9.21865380814373));
#12482=CARTESIAN_POINT('Ctrl Pts',(133.210640559726,14.875,9.0625));
#12483=CARTESIAN_POINT('Ctrl Pts',(133.65,13.875,10.0625));
#12484=CARTESIAN_POINT('Ctrl Pts',(133.647932644207,13.8769191059971,10.0618951506798));
#12485=CARTESIAN_POINT('Ctrl Pts',(133.645910091194,13.8788564690945,10.0630947145247));
#12486=CARTESIAN_POINT('Ctrl Pts',(133.479089159469,14.0353991313102,10.0508354345694));
#12487=CARTESIAN_POINT('Ctrl Pts',(133.251321005815,14.2483005230066,10.034042130406));
#12488=CARTESIAN_POINT('Ctrl Pts',(132.886676540699,14.5889709730566,9.60427757586892));
#12489=CARTESIAN_POINT('Ctrl Pts',(132.79458366274,14.6756807238488,9.24592152763805));
#12490=CARTESIAN_POINT('Ctrl Pts',(132.796396267062,14.6739664650988,9.0625));
#12491=CARTESIAN_POINT('Ctrl Pts',(133.65,13.875,10.0625));
#12492=CARTESIAN_POINT('Ctrl Pts',(133.647087961168,13.8760222435504,10.0622243724304));
#12493=CARTESIAN_POINT('Ctrl Pts',(133.644103585829,13.8771011399227,10.0627636898811));
#12494=CARTESIAN_POINT('Ctrl Pts',(133.406185180585,13.9616274862322,10.0554105800175));
#12495=CARTESIAN_POINT('Ctrl Pts',(133.077591758768,14.0771114789385,9.96890291529771));
#12496=CARTESIAN_POINT('Ctrl Pts',(132.720680220272,14.2221283336076,9.50660850733497));
#12497=CARTESIAN_POINT('Ctrl Pts',(132.649284277051,14.2550604095701,9.21108979409894));
#12498=CARTESIAN_POINT('Ctrl Pts',(132.65,14.2545195802051,9.0625));
#12499=CARTESIAN_POINT('Ctrl Pts',(133.65,13.875,10.0625));
#12500=CARTESIAN_POINT('Ctrl Pts',(133.646688740589,13.8756622518818,10.0625));
#12501=CARTESIAN_POINT('Ctrl Pts',(133.643367076346,13.876326584731,10.0624902715243));
#12502=CARTESIAN_POINT('Ctrl Pts',(133.374212591899,13.9301574816218,10.0590122161916));
#12503=CARTESIAN_POINT('Ctrl Pts',(133.006307516323,14.0037384967354,9.92019135617912));
#12504=CARTESIAN_POINT('Ctrl Pts',(132.699883073522,14.0650233852959,9.44149695828477));
#12505=CARTESIAN_POINT('Ctrl Pts',(132.65,14.075,9.1883977519646));
#12506=CARTESIAN_POINT('Ctrl Pts',(132.65,14.075,9.0625));
#12507=CARTESIAN_POINT('Ctrl Pts',(132.65,14.075,9.0625));
#12508=CARTESIAN_POINT('Ctrl Pts',(132.65,14.075,9.1883977519646));
#12509=CARTESIAN_POINT('Ctrl Pts',(132.699883073522,14.0650233852959,9.44149695828477));
#12510=CARTESIAN_POINT('Ctrl Pts',(133.006307516323,14.0037384967354,9.92019135617912));
#12511=CARTESIAN_POINT('Ctrl Pts',(133.374212591899,13.9301574816218,10.0590122161916));
#12512=CARTESIAN_POINT('Ctrl Pts',(133.643367076346,13.876326584731,10.0624902715243));
#12513=CARTESIAN_POINT('Ctrl Pts',(133.646688740589,13.8756622518818,10.0625));
#12514=CARTESIAN_POINT('Ctrl Pts',(133.65,13.875,10.0625));
#12515=CARTESIAN_POINT('Ctrl Pts',(133.65,13.875,10.0625));
#12516=CARTESIAN_POINT('Ctrl Pts',(133.649337748118,13.8783112594107,10.0625));
#12517=CARTESIAN_POINT('Ctrl Pts',(133.648673415269,13.8816329236541,10.0624902715244));
#12518=CARTESIAN_POINT('Ctrl Pts',(133.59484251838,14.1507874081029,10.0590122161916));
#12519=CARTESIAN_POINT('Ctrl Pts',(133.521261503265,14.5186924836768,9.92019135617912));
#12520=CARTESIAN_POINT('Ctrl Pts',(133.459976614705,14.8251169264781,9.44149695828477));
#12521=CARTESIAN_POINT('Ctrl Pts',(133.45,14.875,9.1883977519646));
#12522=CARTESIAN_POINT('Ctrl Pts',(133.45,14.875,9.0625));
#12523=CARTESIAN_POINT('Origin',(133.65,61.3955197449598,9.0625));
#12524=CARTESIAN_POINT('',(132.65,5.59663061524819,9.0625));
#12525=CARTESIAN_POINT('',(132.65,61.3955197449598,9.0625));
#12526=CARTESIAN_POINT('Origin',(133.65,5.59663061524819,9.0625));
#12527=CARTESIAN_POINT('Origin',(132.65,14.875,2.0625));
#12528=CARTESIAN_POINT('',(132.65,14.875978235048,3.0625));
#12529=CARTESIAN_POINT('Origin',(132.65,15.8740231989649,3.));
#12530=CARTESIAN_POINT('',(132.65,5.59663061524819,3.0625));
#12531=CARTESIAN_POINT('',(132.65,61.40625,3.0625));
#12532=CARTESIAN_POINT('',(132.65,5.59663061524819,2.0625));
#12533=CARTESIAN_POINT('Origin',(136.65,14.875,2.0625));
#12534=CARTESIAN_POINT('',(135.65,14.875,9.0625));
#12535=CARTESIAN_POINT('',(106.45625,14.875,9.0625));
#12536=CARTESIAN_POINT('',(135.65,14.875,4.));
#12537=CARTESIAN_POINT('',(135.65,14.875,1.03125));
#12538=CARTESIAN_POINT('',(133.65,14.875,4.));
#12539=CARTESIAN_POINT('Origin',(125.65,25.875,0.));
#12540=CARTESIAN_POINT('',(124.65,25.875,3.));
#12541=CARTESIAN_POINT('',(124.65,25.875,0.));
#12542=CARTESIAN_POINT('Origin',(125.65,25.875,3.));
#12543=CARTESIAN_POINT('Origin',(125.65,23.875,3.));
#12544=CARTESIAN_POINT('',(125.65,25.875,4.));
#12545=CARTESIAN_POINT('Origin',(125.65,25.875,3.));
#12546=CARTESIAN_POINT('',(124.65,15.8740231989649,3.));
#12547=CARTESIAN_POINT('',(124.65,23.875,3.));
#12548=CARTESIAN_POINT('',(125.65,15.8740231989649,4.));
#12549=CARTESIAN_POINT('Origin',(125.65,15.8740231989649,3.));
#12550=CARTESIAN_POINT('',(125.65,23.875,4.));
#12551=CARTESIAN_POINT('Origin',(125.65,25.875,3.));
#12552=CARTESIAN_POINT('Origin',(125.65,25.875,3.));
#12553=CARTESIAN_POINT('Origin',(125.65,15.8740231989649,3.));
#12554=CARTESIAN_POINT('',(125.65,14.8745115994825,3.03125));
#12555=CARTESIAN_POINT('Origin',(125.65,15.8740231989649,3.));
#12556=CARTESIAN_POINT('Origin',(125.65,15.8740231989649,3.));
#12557=CARTESIAN_POINT('Origin',(100.45625,15.8740231989649,3.));
#12558=CARTESIAN_POINT('',(100.45625,15.8740231989649,4.));
#12559=CARTESIAN_POINT('',(132.649511599482,14.8745115994825,3.03125));
#12560=CARTESIAN_POINT('',(100.45625,14.8745115994825,3.03125));
#12561=CARTESIAN_POINT('Ctrl Pts',(132.65,14.875978235048,3.0625));
#12562=CARTESIAN_POINT('Ctrl Pts',(132.65,14.8753283257427,3.05212178065431));
#12563=CARTESIAN_POINT('Ctrl Pts',(132.649838007734,14.8748380077337,3.04168996266581));
#12564=CARTESIAN_POINT('Ctrl Pts',(132.649511599482,14.8745115994825,3.03125));
#12565=CARTESIAN_POINT('Origin',(124.65,26.875,0.));
#12566=CARTESIAN_POINT('',(124.65,14.875,1.0625));
#12567=CARTESIAN_POINT('',(124.65,14.875,0.));
#12568=CARTESIAN_POINT('',(124.65,14.8432458365519,1.3125));
#12569=CARTESIAN_POINT('Origin',(124.65,13.875,1.0625));
#12570=CARTESIAN_POINT('Origin',(124.65,13.875,3.0625));
#12571=CARTESIAN_POINT('Origin',(133.65,25.875,3.));
#12572=CARTESIAN_POINT('',(133.65,25.875,4.));
#12573=CARTESIAN_POINT('Origin',(135.65,13.875,1.03125));
#12574=CARTESIAN_POINT('Origin',(135.65,13.875,9.0625));
#12575=CARTESIAN_POINT('Origin',(135.65,13.875,3.));
#12576=CARTESIAN_POINT('Origin',(135.65,10.4375,3.));
#12577=CARTESIAN_POINT('',(135.65,10.4375,4.));
#12578=CARTESIAN_POINT('Origin',(106.45625,13.875,9.0625));
#12579=CARTESIAN_POINT('Origin',(135.65,13.875,9.0625));
#12580=CARTESIAN_POINT('Origin',(135.65,13.875,9.0625));
#12581=CARTESIAN_POINT('Origin',(135.65,13.875,9.0625));
#12582=CARTESIAN_POINT('Origin',(135.65,53.9580197449598,9.0625));
#12583=CARTESIAN_POINT('Origin',(135.65,3.15746695403413,9.0625));
#12584=CARTESIAN_POINT('Origin',(135.65,3.15746695403413,9.0625));
#12585=CARTESIAN_POINT('Origin',(31.95,14.875,0.));
#12586=CARTESIAN_POINT('',(31.95,14.875,0.));
#12587=CARTESIAN_POINT('',(31.95,5.9375,5.0313));
#12588=CARTESIAN_POINT('Origin',(31.95,7.9375,5.0313));
#12589=CARTESIAN_POINT('Origin',(131.65,5.59663061524819,9.0625));
#12590=CARTESIAN_POINT('',(131.65,4.59663061524819,9.0625));
#12591=CARTESIAN_POINT('Origin',(131.65,3.59663061524819,9.0625));
#12592=CARTESIAN_POINT('Origin',(131.65,5.59663061524819,9.0625));
#12593=CARTESIAN_POINT('Origin',(104.45625,3.59663061524819,9.0625));
#12594=CARTESIAN_POINT('',(35.388,4.59663061524819,9.0625));
#12595=CARTESIAN_POINT('Origin',(35.388,3.59663061524819,9.0625));
#12596=CARTESIAN_POINT('',(104.45625,4.59663061524819,9.0625));
#12597=CARTESIAN_POINT('Origin',(35.388,5.59663061524819,9.0625));
#12598=CARTESIAN_POINT('Origin',(35.388,5.59663061524819,9.0625));
#12599=CARTESIAN_POINT('Origin',(34.388,18.513,2.0625));
#12600=CARTESIAN_POINT('',(18.313,18.513,2.0625));
#12601=CARTESIAN_POINT('Origin',(125.65,13.875,3.0625));
#12602=CARTESIAN_POINT('',(125.65,13.875,2.0625));
#12603=CARTESIAN_POINT('Ctrl Pts',(125.65,13.875,2.0625));
#12604=CARTESIAN_POINT('Ctrl Pts',(125.648782839156,13.8758606626869,2.0625));
#12605=CARTESIAN_POINT('Ctrl Pts',(125.647565674423,13.8767213281231,2.06249888888961));
#12606=CARTESIAN_POINT('Ctrl Pts',(125.475614771056,13.998309889835,2.06218494688723));
#12607=CARTESIAN_POINT('Ctrl Pts',(125.260004323301,14.1499228487009,2.03992864770008));
#12608=CARTESIAN_POINT('Ctrl Pts',(124.955396489238,14.412194093837,1.91377705434678));
#12609=CARTESIAN_POINT('Ctrl Pts',(124.870225992302,14.4995609362437,1.84990150585985));
#12610=CARTESIAN_POINT('Ctrl Pts',(124.753273286959,14.6363894763747,1.71705645133803));
#12611=CARTESIAN_POINT('Ctrl Pts',(124.710643384674,14.6965172540288,1.64174783003216));
#12612=CARTESIAN_POINT('Ctrl Pts',(124.66085324657,14.7884071437151,1.47839888168387));
#12613=CARTESIAN_POINT('Ctrl Pts',(124.65,14.8212624826776,1.39764116344882));
#12614=CARTESIAN_POINT('Ctrl Pts',(124.65,14.8432458365519,1.3125));
#12615=CARTESIAN_POINT('Origin',(125.65,13.875,3.0625));
#12616=CARTESIAN_POINT('Origin',(130.65,20.875,4.));
#12617=CARTESIAN_POINT('Origin',(100.45625,13.875,3.0625));
#12618=CARTESIAN_POINT('',(131.65,13.875,2.0625));
#12619=CARTESIAN_POINT('',(100.45625,13.875,2.0625));
#12620=CARTESIAN_POINT('Origin',(131.65,13.875,3.0625));
#12621=CARTESIAN_POINT('Origin',(100.45625,13.875,1.0625));
#12622=CARTESIAN_POINT('',(100.45625,14.875,1.0625));
#12623=CARTESIAN_POINT('',(42.75,13.875,2.0625));
#12624=CARTESIAN_POINT('Origin',(42.75,13.875,1.0625));
#12625=CARTESIAN_POINT('',(100.45625,13.875,2.0625));
#12626=CARTESIAN_POINT('Origin',(124.65,14.875,0.));
#12627=CARTESIAN_POINT('Origin',(42.75,61.40625,1.0625));
#12628=CARTESIAN_POINT('',(42.75,16.013,2.0625));
#12629=CARTESIAN_POINT('Origin',(42.75,16.013,1.0625));
#12630=CARTESIAN_POINT('',(42.75,61.40625,2.0625));
#12631=CARTESIAN_POINT('Origin',(42.75,16.013,3.0625));
#12632=CARTESIAN_POINT('Origin',(42.75,16.013,3.0625));
#12633=CARTESIAN_POINT('Origin',(131.65,5.59663061524819,3.0625));
#12634=CARTESIAN_POINT('',(131.65,4.59663061524819,3.0625));
#12635=CARTESIAN_POINT('Origin',(131.65,5.59663061524819,3.0625));
#12636=CARTESIAN_POINT('',(131.65,5.59663061524819,2.0625));
#12637=CARTESIAN_POINT('Origin',(131.65,5.59663061524819,3.0625));
#12638=CARTESIAN_POINT('Origin',(131.65,5.59663061524819,3.0625));
#12639=CARTESIAN_POINT('Origin',(131.65,61.40625,3.0625));
#12640=CARTESIAN_POINT('',(131.65,61.40625,2.0625));
#12641=CARTESIAN_POINT('Origin',(35.388,5.59663061524819,3.0625));
#12642=CARTESIAN_POINT('',(35.388,5.59663061524819,2.0625));
#12643=CARTESIAN_POINT('',(35.388,4.59663061524819,3.0625));
#12644=CARTESIAN_POINT('Origin',(35.388,5.59663061524819,3.0625));
#12645=CARTESIAN_POINT('Origin',(35.388,5.59663061524819,3.0625));
#12646=CARTESIAN_POINT('Origin',(35.388,5.59663061524819,3.0625));
#12647=CARTESIAN_POINT('Origin',(35.388,56.2670653076241,3.0625));
#12648=CARTESIAN_POINT('Ctrl Pts',(34.388,8.28938998280714,3.0625));
#12649=CARTESIAN_POINT('Ctrl Pts',(34.388,8.17239804452816,3.04158965301221));
#12650=CARTESIAN_POINT('Ctrl Pts',(34.3884868385059,8.05398421497394,3.0313));
#12651=CARTESIAN_POINT('Ctrl Pts',(34.3884868385059,7.82101578502607,3.0313));
#12652=CARTESIAN_POINT('Ctrl Pts',(34.388,7.70260195547184,3.04158965301221));
#12653=CARTESIAN_POINT('Ctrl Pts',(34.388,7.58561001719287,3.0625));
#12654=CARTESIAN_POINT('',(35.388,16.013,2.0625));
#12655=CARTESIAN_POINT('',(35.388,56.2670653076241,2.0625));
#12656=CARTESIAN_POINT('Origin',(35.388,16.013,3.0625));
#12657=CARTESIAN_POINT('Origin',(35.388,5.59663061524819,2.0625));
#12658=CARTESIAN_POINT('',(35.388,4.59663061524819,2.0625));
#12659=CARTESIAN_POINT('Origin',(104.45625,5.59663061524819,3.0625));
#12660=CARTESIAN_POINT('',(104.45625,5.59663061524819,2.0625));
#12661=CARTESIAN_POINT('',(104.45625,4.59663061524819,3.0625));
#12662=CARTESIAN_POINT('Origin',(131.65,5.59663061524819,2.0625));
#12663=CARTESIAN_POINT('',(131.65,4.59663061524819,2.0625));
#12664=CARTESIAN_POINT('Origin',(55.32525,16.013,3.0625));
#12665=CARTESIAN_POINT('',(55.32525,17.013,3.0625));
#12666=CARTESIAN_POINT('',(55.32525,16.013,2.0625));
#12667=CARTESIAN_POINT('Origin',(34.388,17.013,2.0625));
#12668=CARTESIAN_POINT('Origin',(76.2625,107.9375,2.0625));
#12669=CARTESIAN_POINT('Origin',(22.6875,6.2,5.0313));
#12670=CARTESIAN_POINT('',(22.6875,10.2,7.0813));
#12671=CARTESIAN_POINT('',(22.6875,6.2,7.0813));
#12672=CARTESIAN_POINT('Origin',(22.6875,10.2,5.0313));
#12673=CARTESIAN_POINT('Origin',(22.6875,10.2,5.0313));
#12674=CARTESIAN_POINT('Origin',(22.6875,209.675,5.0313));
#12675=CARTESIAN_POINT('',(22.6875,205.675,2.9813));
#12676=CARTESIAN_POINT('',(22.6875,209.675,2.9813));
#12677=CARTESIAN_POINT('Origin',(22.6875,205.675,5.0313));
#12678=CARTESIAN_POINT('Origin',(22.6875,205.675,5.0313));
#12679=CARTESIAN_POINT('Origin',(34.388,207.9375,5.0313));
#12680=CARTESIAN_POINT('',(34.388,205.9375,5.0313));
#12681=CARTESIAN_POINT('Origin',(34.388,7.9375,5.0313));
#12682=CARTESIAN_POINT('',(34.388,5.9375,5.0313));
#12683=CARTESIAN_POINT('Origin',(130.65,195.,1.75));
#12684=CARTESIAN_POINT('',(128.55,195.,1.75));
#12685=CARTESIAN_POINT('Origin',(38.319,21.944,1.75));
#12686=CARTESIAN_POINT('',(36.219,21.944,1.75));
#12687=CARTESIAN_POINT('Origin',(130.65,20.875,1.75));
#12688=CARTESIAN_POINT('',(128.55,20.875,1.75));
#12689=CARTESIAN_POINT('Origin',(38.319,193.931,1.75));
#12690=CARTESIAN_POINT('',(36.219,193.931,1.75));
#12691=CARTESIAN_POINT('Origin',(136.65,189.,0.));
#12692=CARTESIAN_POINT('Origin',(18.313,18.513,2.0625));
#12693=CARTESIAN_POINT('Origin',(132.65,4.59663061524819,2.0625));
#12694=CARTESIAN_POINT('Origin',(28.5,16.075,0.));
#12695=CARTESIAN_POINT('',(30.75,16.075,0.));
#12696=CARTESIAN_POINT('',(28.5,16.075,0.));
#12697=CARTESIAN_POINT('Origin',(28.5,14.875,0.));
#12698=CARTESIAN_POINT('',(27.3,14.875,0.));
#12699=CARTESIAN_POINT('Origin',(27.3,3.5,0.));
#12700=CARTESIAN_POINT('',(27.3,3.5,0.));
#12701=CARTESIAN_POINT('Origin',(26.,3.5,0.));
#12702=CARTESIAN_POINT('Origin',(26.,212.375,0.));
#12703=CARTESIAN_POINT('Origin',(30.75,14.875,0.));
#12704=CARTESIAN_POINT('',(0.,0.,0.));
#12705=CARTESIAN_POINT('Origin',(219.49375,25.8649339080682,1.));
#12706=CARTESIAN_POINT('',(230.75,25.8649339080682,0.));
#12707=CARTESIAN_POINT('',(230.75,26.8649339080682,1.));
#12708=CARTESIAN_POINT('Origin',(230.75,25.8649339080682,1.));
#12709=CARTESIAN_POINT('',(241.75,26.8649339080682,1.));
#12710=CARTESIAN_POINT('',(219.49375,26.8649339080682,1.));
#12711=CARTESIAN_POINT('',(242.75,25.8649339080682,0.));
#12712=CARTESIAN_POINT('Origin',(242.75,25.8649339080682,1.));
#12713=CARTESIAN_POINT('',(219.49375,25.8649339080682,0.));
#12714=CARTESIAN_POINT('Origin',(230.75,67.3961839080682,1.));
#12715=CARTESIAN_POINT('',(229.75,14.8649339080682,1.));
#12716=CARTESIAN_POINT('',(229.75,25.8649339080682,1.));
#12717=CARTESIAN_POINT('',(229.75,67.3961839080682,1.));
#12718=CARTESIAN_POINT('Origin',(230.75,25.8649339080682,1.));
#12719=CARTESIAN_POINT('',(230.75,13.8649339080683,0.));
#12720=CARTESIAN_POINT('',(230.75,67.3961839080682,0.));
#12721=CARTESIAN_POINT('Origin',(230.75,13.8649339080683,1.));
#12722=CARTESIAN_POINT('Origin',(213.49375,13.8649339080683,1.));
#12723=CARTESIAN_POINT('',(147.85,13.8649339080683,0.));
#12724=CARTESIAN_POINT('',(213.49375,13.8649339080683,0.));
#12725=CARTESIAN_POINT('',(148.85,14.8649339080683,1.));
#12726=CARTESIAN_POINT('Origin',(147.85,13.8649339080683,1.));
#12727=CARTESIAN_POINT('',(213.49375,14.8649339080683,1.));
#12728=CARTESIAN_POINT('Origin',(230.75,25.8649339080682,1.));
#12729=CARTESIAN_POINT('Origin',(230.75,25.8649339080682,1.));
#12730=CARTESIAN_POINT('Origin',(241.75,26.8649339080682,0.));
#12731=CARTESIAN_POINT('',(230.75,26.8649339080682,3.19999999999997));
#12732=CARTESIAN_POINT('',(230.75,26.8649339080682,0.));
#12733=CARTESIAN_POINT('',(239.812,26.8649339080682,3.2));
#12734=CARTESIAN_POINT('',(238.4655,26.8649339080682,3.2));
#12735=CARTESIAN_POINT('',(239.812,26.8649339080682,1.2625));
#12736=CARTESIAN_POINT('',(239.812,26.8649339080682,1.03125));
#12737=CARTESIAN_POINT('',(241.770204102887,26.8649339080682,1.2625));
#12738=CARTESIAN_POINT('',(219.49375,26.8649339080682,1.2625));
#12739=CARTESIAN_POINT('',(241.75,26.8649339080682,1.0625));
#12740=CARTESIAN_POINT('Origin',(242.75,26.8649339080682,1.0625));
#12741=CARTESIAN_POINT('',(241.75,26.8649339080682,0.));
#12742=CARTESIAN_POINT('Origin',(230.75,25.8649339080682,0.));
#12743=CARTESIAN_POINT('',(229.75,25.8649339080682,3.));
#12744=CARTESIAN_POINT('',(229.75,25.8649339080682,0.));
#12745=CARTESIAN_POINT('Origin',(230.75,25.8649339080682,3.));
#12746=CARTESIAN_POINT('Origin',(229.75,26.8649339080682,0.));
#12747=CARTESIAN_POINT('',(229.75,14.8649339080682,1.0625));
#12748=CARTESIAN_POINT('',(229.75,14.8649339080682,0.));
#12749=CARTESIAN_POINT('',(229.75,18.0029339080683,1.0625));
#12750=CARTESIAN_POINT('',(229.75,67.3961839080682,1.0625));
#12751=CARTESIAN_POINT('',(229.75,18.0029339080683,3.));
#12752=CARTESIAN_POINT('',(229.75,18.0029339080683,1.03125));
#12753=CARTESIAN_POINT('',(229.75,24.3994339080682,3.));
#12754=CARTESIAN_POINT('Origin',(229.75,14.8649339080683,0.));
#12755=CARTESIAN_POINT('',(148.85,14.8649339080683,1.0625));
#12756=CARTESIAN_POINT('',(148.85,14.8649339080683,0.));
#12757=CARTESIAN_POINT('',(213.49375,14.8649339080683,1.0625));
#12758=CARTESIAN_POINT('Ctrl Pts',(230.75,189.989933908068,0.));
#12759=CARTESIAN_POINT('Ctrl Pts',(230.705120104949,189.765534432812,-4.82696086777987E-16));
#12760=CARTESIAN_POINT('Ctrl Pts',(230.630601304386,189.392940429997,0.131224309669017));
#12761=CARTESIAN_POINT('Ctrl Pts',(230.563691332199,189.058390569062,0.551779564159638));
#12762=CARTESIAN_POINT('Ctrl Pts',(230.55,188.989933908068,0.850400349829045));
#12763=CARTESIAN_POINT('Ctrl Pts',(230.55,188.989933908068,1.));
#12764=CARTESIAN_POINT('Ctrl Pts',(230.75,189.989933908068,0.));
#12765=CARTESIAN_POINT('Ctrl Pts',(230.670925899195,189.799728638565,-4.82696086777987E-16));
#12766=CARTESIAN_POINT('Ctrl Pts',(230.540424180561,189.483560726137,0.0832514726131917));
#12767=CARTESIAN_POINT('Ctrl Pts',(230.366843124883,189.099105320768,0.452726496154108));
#12768=CARTESIAN_POINT('Ctrl Pts',(230.310640559727,188.989933908068,0.814054635029059));
#12769=CARTESIAN_POINT('Ctrl Pts',(230.310640559727,188.989933908068,1.));
#12770=CARTESIAN_POINT('Ctrl Pts',(230.75,189.989933908068,0.));
#12771=CARTESIAN_POINT('Ctrl Pts',(230.611086039127,189.859568498634,-4.82696086777987E-16));
#12772=CARTESIAN_POINT('Ctrl Pts',(230.380114451333,189.643081311242,0.0482405960777964));
#12773=CARTESIAN_POINT('Ctrl Pts',(230.023393362181,189.310488545021,0.36988948696867));
#12774=CARTESIAN_POINT('Ctrl Pts',(229.896432580912,189.190997708068,0.782829035732908));
#12775=CARTESIAN_POINT('Ctrl Pts',(229.896432580912,189.190997708068,1.));
#12776=CARTESIAN_POINT('Ctrl Pts',(230.75,189.989933908068,0.));
#12777=CARTESIAN_POINT('Ctrl Pts',(230.551246179059,189.919408358702,-4.82696086777988E-16));
#12778=CARTESIAN_POINT('Ctrl Pts',(230.220138314719,189.802150289325,0.0951279029225417));
#12779=CARTESIAN_POINT('Ctrl Pts',(229.848727880972,189.655743956855,0.478226320827617));
#12780=CARTESIAN_POINT('Ctrl Pts',(229.75,189.610414327863,0.823501950336407));
#12781=CARTESIAN_POINT('Ctrl Pts',(229.75,189.610414327863,1.));
#12782=CARTESIAN_POINT('Ctrl Pts',(230.75,189.989933908068,0.));
#12783=CARTESIAN_POINT('Ctrl Pts',(230.525600524744,189.945054013017,-4.82696086777987E-16));
#12784=CARTESIAN_POINT('Ctrl Pts',(230.153006521929,189.870535212454,0.13122430966899));
#12785=CARTESIAN_POINT('Ctrl Pts',(229.818456660994,189.803625240267,0.551779564159639));
#12786=CARTESIAN_POINT('Ctrl Pts',(229.75,189.789933908068,0.850400349829056));
#12787=CARTESIAN_POINT('Ctrl Pts',(229.75,189.789933908068,1.));
#12788=CARTESIAN_POINT('',(230.55,188.989933908068,1.));
#12789=CARTESIAN_POINT('',(229.75,189.789933908068,1.));
#12790=CARTESIAN_POINT('Origin',(230.55,189.789933908068,1.));
#12791=CARTESIAN_POINT('',(230.75,189.989933908068,2.77555756156289E-16));
#12792=CARTESIAN_POINT('Origin',(230.75,189.989933908068,1.));
#12793=CARTESIAN_POINT('Origin',(230.75,189.989933908068,1.));
#12794=CARTESIAN_POINT('Origin',(230.75,154.458683908068,1.));
#12795=CARTESIAN_POINT('',(229.75,200.989933908068,1.));
#12796=CARTESIAN_POINT('',(229.75,154.458683908068,1.));
#12797=CARTESIAN_POINT('',(230.75,200.989933908068,0.));
#12798=CARTESIAN_POINT('Origin',(230.75,200.989933908068,1.));
#12799=CARTESIAN_POINT('',(230.75,154.458683908068,0.));
#12800=CARTESIAN_POINT('Origin',(213.49375,189.989933908068,1.));
#12801=CARTESIAN_POINT('',(242.75,189.989933908068,0.));
#12802=CARTESIAN_POINT('',(213.49375,189.989933908068,0.));
#12803=CARTESIAN_POINT('',(241.75,188.989933908068,1.));
#12804=CARTESIAN_POINT('Origin',(242.75,189.989933908068,1.));
#12805=CARTESIAN_POINT('',(213.49375,188.989933908068,1.));
#12806=CARTESIAN_POINT('Origin',(242.75,148.458683908068,1.));
#12807=CARTESIAN_POINT('',(242.75,148.458683908068,0.));
#12808=CARTESIAN_POINT('',(241.75,148.458683908068,1.));
#12809=CARTESIAN_POINT('Origin',(229.75,200.989933908068,0.));
#12810=CARTESIAN_POINT('',(229.75,189.789933908068,3.2));
#12811=CARTESIAN_POINT('',(229.75,189.789933908068,0.));
#12812=CARTESIAN_POINT('',(229.75,197.851933908068,3.2));
#12813=CARTESIAN_POINT('',(229.75,197.455433908068,3.2));
#12814=CARTESIAN_POINT('',(229.75,197.851933908068,3.0625));
#12815=CARTESIAN_POINT('',(229.75,197.851933908068,1.03125));
#12816=CARTESIAN_POINT('',(229.75,199.851933908068,1.0625));
#12817=CARTESIAN_POINT('Origin',(229.75,199.851933908068,3.0625));
#12818=CARTESIAN_POINT('',(229.75,200.989933908068,1.0625));
#12819=CARTESIAN_POINT('',(229.75,154.458683908068,1.0625));
#12820=CARTESIAN_POINT('',(229.75,200.989933908068,0.));
#12821=CARTESIAN_POINT('Origin',(230.55,189.789933908068,0.));
#12822=CARTESIAN_POINT('',(230.55,188.989933908068,3.2));
#12823=CARTESIAN_POINT('',(230.55,188.989933908068,0.));
#12824=CARTESIAN_POINT('Origin',(230.55,189.789933908068,3.2));
#12825=CARTESIAN_POINT('Origin',(229.75,188.989933908068,0.));
#12826=CARTESIAN_POINT('',(241.75,188.989933908068,1.0625));
#12827=CARTESIAN_POINT('',(241.75,188.989933908068,0.));
#12828=CARTESIAN_POINT('',(239.812,188.989933908068,1.0625));
#12829=CARTESIAN_POINT('',(213.49375,188.989933908068,1.0625));
#12830=CARTESIAN_POINT('',(239.812,188.989933908068,3.2));
#12831=CARTESIAN_POINT('',(239.812,188.989933908068,1.03125));
#12832=CARTESIAN_POINT('',(232.4655,188.989933908068,3.2));
#12833=CARTESIAN_POINT('Origin',(241.75,188.989933908068,0.));
#12834=CARTESIAN_POINT('',(241.75,148.458683908068,1.0625));
#12835=CARTESIAN_POINT('Origin',(137.85,3.18993390806831,1.03125));
#12836=CARTESIAN_POINT('',(136.85,3.18993390806831,1.));
#12837=CARTESIAN_POINT('',(137.85,2.1899339080683,1.));
#12838=CARTESIAN_POINT('Origin',(137.85,3.18993390806831,1.));
#12839=CARTESIAN_POINT('',(137.85,2.1899339080683,9.0625));
#12840=CARTESIAN_POINT('',(137.85,2.1899339080683,1.03125));
#12841=CARTESIAN_POINT('',(136.85,3.18993390806831,9.0625));
#12842=CARTESIAN_POINT('Origin',(137.85,3.18993390806831,9.0625));
#12843=CARTESIAN_POINT('',(136.85,3.18993390806831,1.03125));
#12844=CARTESIAN_POINT('Origin',(167.04375,3.18993390806831,9.0625));
#12845=CARTESIAN_POINT('',(137.85,3.18993390806831,10.0625));
#12846=CARTESIAN_POINT('Origin',(137.85,3.18993390806831,9.0625));
#12847=CARTESIAN_POINT('',(240.55,2.1899339080683,9.0625));
#12848=CARTESIAN_POINT('',(167.04375,2.1899339080683,9.0625));
#12849=CARTESIAN_POINT('',(240.55,3.18993390806831,10.0625));
#12850=CARTESIAN_POINT('Origin',(240.55,3.18993390806831,9.0625));
#12851=CARTESIAN_POINT('',(167.04375,3.18993390806831,10.0625));
#12852=CARTESIAN_POINT('Origin',(137.85,3.18993390806831,9.0625));
#12853=CARTESIAN_POINT('Origin',(137.85,3.18993390806831,9.0625));
#12854=CARTESIAN_POINT('Origin',(240.55,3.18993390806831,1.03125));
#12855=CARTESIAN_POINT('',(241.55,3.18993390806831,9.0625));
#12856=CARTESIAN_POINT('Origin',(240.55,3.18993390806831,9.0625));
#12857=CARTESIAN_POINT('',(240.55,2.1899339080683,1.));
#12858=CARTESIAN_POINT('',(240.55,2.1899339080683,1.03125));
#12859=CARTESIAN_POINT('',(241.55,3.18993390806831,1.));
#12860=CARTESIAN_POINT('Origin',(240.55,3.18993390806831,1.));
#12861=CARTESIAN_POINT('',(241.55,3.18993390806831,1.03125));
#12862=CARTESIAN_POINT('Origin',(240.55,3.18993390806831,9.0625));
#12863=CARTESIAN_POINT('Origin',(240.55,3.18993390806831,9.0625));
#12864=CARTESIAN_POINT('Origin',(167.04375,3.18993390806831,1.));
#12865=CARTESIAN_POINT('',(240.55,3.18993390806831,0.));
#12866=CARTESIAN_POINT('Origin',(240.55,3.18993390806831,1.));
#12867=CARTESIAN_POINT('',(167.04375,2.1899339080683,1.));
#12868=CARTESIAN_POINT('',(137.85,3.18993390806831,0.));
#12869=CARTESIAN_POINT('Origin',(137.85,3.18993390806831,1.));
#12870=CARTESIAN_POINT('',(167.04375,3.18993390806831,0.));
#12871=CARTESIAN_POINT('Origin',(240.55,3.18993390806831,1.));
#12872=CARTESIAN_POINT('Origin',(240.55,3.18993390806831,1.));
#12873=CARTESIAN_POINT('Origin',(137.85,3.18993390806831,1.));
#12874=CARTESIAN_POINT('Origin',(137.85,3.18993390806831,1.));
#12875=CARTESIAN_POINT('Origin',(240.55,54.4694141631084,9.0625));
#12876=CARTESIAN_POINT('',(241.55,14.8649339080682,9.0625));
#12877=CARTESIAN_POINT('',(241.55,54.4694141631084,9.0625));
#12878=CARTESIAN_POINT('',(240.55,14.8649339080682,10.0625));
#12879=CARTESIAN_POINT('Origin',(240.55,14.8649339080682,9.0625));
#12880=CARTESIAN_POINT('',(240.55,54.4694141631084,10.0625));
#12881=CARTESIAN_POINT('Origin',(241.55,0.989933908068252,0.));
#12882=CARTESIAN_POINT('',(241.55,14.8649339080682,1.));
#12883=CARTESIAN_POINT('',(241.55,54.4586839080682,1.));
#12884=CARTESIAN_POINT('',(241.55,14.8649339080682,0.));
#12885=CARTESIAN_POINT('',(241.55,9.92743390806815,5.0313));
#12886=CARTESIAN_POINT('Origin',(241.55,7.92743390806816,5.0313));
#12887=CARTESIAN_POINT('Origin',(240.55,54.4586839080682,1.));
#12888=CARTESIAN_POINT('',(240.55,14.8649339080682,0.));
#12889=CARTESIAN_POINT('',(240.55,54.4586839080682,0.));
#12890=CARTESIAN_POINT('Origin',(240.55,14.8649339080682,1.));
#12891=CARTESIAN_POINT('Origin',(197.2375,107.927433908068,0.));
#12892=CARTESIAN_POINT('',(147.85,200.989933908068,0.));
#12893=CARTESIAN_POINT('',(241.75,200.989933908068,0.));
#12894=CARTESIAN_POINT('',(147.85,189.989933908068,0.));
#12895=CARTESIAN_POINT('',(147.85,148.458683908068,0.));
#12896=CARTESIAN_POINT('',(137.85,189.989933908068,0.));
#12897=CARTESIAN_POINT('',(167.04375,189.989933908068,0.));
#12898=CARTESIAN_POINT('',(137.85,212.707466954034,0.));
#12899=CARTESIAN_POINT('',(137.85,161.896183908068,0.));
#12900=CARTESIAN_POINT('',(240.55,212.667629730622,0.));
#12901=CARTESIAN_POINT('',(219.413872853852,212.675828412406,0.));
#12902=CARTESIAN_POINT('',(240.55,200.989933908068,0.));
#12903=CARTESIAN_POINT('',(240.55,154.458683908068,0.));
#12904=CARTESIAN_POINT('',(242.75,198.789933908068,0.));
#12905=CARTESIAN_POINT('Origin',(242.75,200.989933908068,0.));
#12906=CARTESIAN_POINT('',(245.,198.789933908068,0.));
#12907=CARTESIAN_POINT('',(221.11875,198.789933908068,0.));
#12908=CARTESIAN_POINT('',(247.2,200.989933908068,0.));
#12909=CARTESIAN_POINT('Origin',(245.,200.989933908068,0.));
#12910=CARTESIAN_POINT('',(247.2,212.364933908068,0.));
#12911=CARTESIAN_POINT('',(247.2,160.146183908068,0.));
#12912=CARTESIAN_POINT('',(247.5,212.664933908068,0.));
#12913=CARTESIAN_POINT('Origin',(247.5,212.364933908068,0.));
#12914=CARTESIAN_POINT('',(256.625,212.664933908068,0.));
#12915=CARTESIAN_POINT('',(227.43125,212.664933908068,0.));
#12916=CARTESIAN_POINT('',(256.625,3.18993390806824,0.));
#12917=CARTESIAN_POINT('',(256.625,55.0586839080682,0.));
#12918=CARTESIAN_POINT('',(247.5,3.18993390806828,0.));
#12919=CARTESIAN_POINT('',(222.36875,3.18993390806831,0.));
#12920=CARTESIAN_POINT('',(247.2,3.48993390806825,0.));
#12921=CARTESIAN_POINT('Origin',(247.5,3.48993390806825,0.));
#12922=CARTESIAN_POINT('',(247.2,14.8649339080682,0.));
#12923=CARTESIAN_POINT('',(247.2,61.3961839080682,0.));
#12924=CARTESIAN_POINT('',(245.,17.0649339080682,0.));
#12925=CARTESIAN_POINT('Origin',(245.,14.8649339080682,0.));
#12926=CARTESIAN_POINT('',(242.75,17.0649339080682,0.));
#12927=CARTESIAN_POINT('',(219.99375,17.0649339080682,0.));
#12928=CARTESIAN_POINT('Origin',(242.75,14.8649339080682,0.));
#12929=CARTESIAN_POINT('',(137.85,25.8649339080683,0.));
#12930=CARTESIAN_POINT('',(137.85,67.3961839080683,0.));
#12931=CARTESIAN_POINT('',(147.85,25.8649339080683,0.));
#12932=CARTESIAN_POINT('',(173.04375,25.8649339080683,0.));
#12933=CARTESIAN_POINT('',(147.85,61.3961839080683,0.));
#12934=CARTESIAN_POINT('',(237.281,21.9339339080682,0.));
#12935=CARTESIAN_POINT('Origin',(235.181,21.9339339080682,0.));
#12936=CARTESIAN_POINT('',(144.95,194.989933908068,0.));
#12937=CARTESIAN_POINT('Origin',(142.85,194.989933908068,0.));
#12938=CARTESIAN_POINT('',(237.281,193.920933908068,0.));
#12939=CARTESIAN_POINT('Origin',(235.181,193.920933908068,0.));
#12940=CARTESIAN_POINT('',(144.95,20.8649339080683,0.));
#12941=CARTESIAN_POINT('Origin',(142.85,20.8649339080683,0.));
#12942=CARTESIAN_POINT('Origin',(136.85,2.1899339080683,2.0625));
#12943=CARTESIAN_POINT('Origin',(167.04375,189.989933908068,1.));
#12944=CARTESIAN_POINT('',(147.85,188.989933908068,1.));
#12945=CARTESIAN_POINT('Origin',(147.85,189.989933908068,1.));
#12946=CARTESIAN_POINT('',(137.85,188.989933908068,1.));
#12947=CARTESIAN_POINT('',(167.04375,188.989933908068,1.));
#12948=CARTESIAN_POINT('Origin',(137.85,189.989933908068,1.));
#12949=CARTESIAN_POINT('Origin',(147.85,148.458683908068,1.));
#12950=CARTESIAN_POINT('',(148.85,189.989933908068,1.));
#12951=CARTESIAN_POINT('Origin',(147.85,189.989933908068,1.));
#12952=CARTESIAN_POINT('',(148.85,200.989933908068,1.));
#12953=CARTESIAN_POINT('Origin',(147.85,200.989933908068,1.));
#12954=CARTESIAN_POINT('',(148.85,148.458683908068,1.));
#12955=CARTESIAN_POINT('Origin',(147.85,189.989933908068,1.));
#12956=CARTESIAN_POINT('Origin',(147.85,189.989933908068,1.));
#12957=CARTESIAN_POINT('Origin',(137.85,189.989933908068,0.));
#12958=CARTESIAN_POINT('',(136.85,189.989933908068,1.));
#12959=CARTESIAN_POINT('Origin',(137.85,189.989933908068,1.));
#12960=CARTESIAN_POINT('',(137.85,188.989933908068,3.));
#12961=CARTESIAN_POINT('',(137.85,188.989933908068,0.));
#12962=CARTESIAN_POINT('',(136.85,189.989933908068,3.));
#12963=CARTESIAN_POINT('Origin',(137.85,189.989933908068,3.));
#12964=CARTESIAN_POINT('',(136.85,189.989933908068,0.));
#12965=CARTESIAN_POINT('Origin',(137.85,189.989933908068,3.));
#12966=CARTESIAN_POINT('',(137.85,189.989933908068,4.));
#12967=CARTESIAN_POINT('Origin',(137.85,189.989933908068,3.));
#12968=CARTESIAN_POINT('Origin',(137.85,189.989933908068,3.));
#12969=CARTESIAN_POINT('Origin',(137.85,189.989933908068,1.));
#12970=CARTESIAN_POINT('Origin',(137.85,189.989933908068,1.));
#12971=CARTESIAN_POINT('Origin',(137.85,161.896183908068,1.));
#12972=CARTESIAN_POINT('',(136.85,212.707466954034,1.));
#12973=CARTESIAN_POINT('',(136.85,161.896183908068,1.));
#12974=CARTESIAN_POINT('Origin',(137.85,212.707466954034,1.));
#12975=CARTESIAN_POINT('Origin',(136.85,215.864933908068,0.));
#12976=CARTESIAN_POINT('',(136.85,201.989933908068,3.));
#12977=CARTESIAN_POINT('',(136.85,205.427433908068,3.));
#12978=CARTESIAN_POINT('',(136.85,201.989933908068,9.0625));
#12979=CARTESIAN_POINT('',(136.85,201.989933908068,1.03125));
#12980=CARTESIAN_POINT('',(136.85,212.707466954034,9.0625));
#12981=CARTESIAN_POINT('',(136.85,161.906914163108,9.0625));
#12982=CARTESIAN_POINT('',(136.85,212.707466954034,1.03125));
#12983=CARTESIAN_POINT('Origin',(137.85,67.3961839080683,1.));
#12984=CARTESIAN_POINT('',(136.85,25.8649339080683,1.));
#12985=CARTESIAN_POINT('',(136.85,67.3961839080683,1.));
#12986=CARTESIAN_POINT('Origin',(137.85,25.8649339080683,1.));
#12987=CARTESIAN_POINT('Origin',(137.85,25.8649339080683,0.));
#12988=CARTESIAN_POINT('',(137.85,26.8649339080683,1.));
#12989=CARTESIAN_POINT('Origin',(137.85,25.8649339080683,1.));
#12990=CARTESIAN_POINT('',(136.85,25.8649339080683,3.));
#12991=CARTESIAN_POINT('',(136.85,25.8649339080683,0.));
#12992=CARTESIAN_POINT('',(137.85,26.8649339080683,3.));
#12993=CARTESIAN_POINT('Origin',(137.85,25.8649339080683,3.));
#12994=CARTESIAN_POINT('',(137.85,26.8649339080683,0.));
#12995=CARTESIAN_POINT('Origin',(137.85,23.8649339080683,3.));
#12996=CARTESIAN_POINT('',(137.85,25.8649339080683,4.));
#12997=CARTESIAN_POINT('Origin',(137.85,25.8649339080683,3.));
#12998=CARTESIAN_POINT('',(136.85,13.8649339080683,3.));
#12999=CARTESIAN_POINT('',(136.85,23.8649339080683,3.));
#13000=CARTESIAN_POINT('',(137.85,14.8649339080683,4.));
#13001=CARTESIAN_POINT('Origin',(137.85,13.8649339080683,3.));
#13002=CARTESIAN_POINT('',(137.85,23.8649339080683,4.));
#13003=CARTESIAN_POINT('Origin',(137.85,25.8649339080683,3.));
#13004=CARTESIAN_POINT('Origin',(137.85,25.8649339080683,3.));
#13005=CARTESIAN_POINT('Origin',(137.85,25.8649339080683,1.));
#13006=CARTESIAN_POINT('Origin',(137.85,25.8649339080683,1.));
#13007=CARTESIAN_POINT('Origin',(173.04375,25.8649339080683,1.));
#13008=CARTESIAN_POINT('',(147.85,26.8649339080683,1.));
#13009=CARTESIAN_POINT('',(173.04375,26.8649339080683,1.));
#13010=CARTESIAN_POINT('Origin',(147.85,25.8649339080683,1.));
#13011=CARTESIAN_POINT('Origin',(148.85,26.8649339080683,0.));
#13012=CARTESIAN_POINT('',(147.85,26.8649339080683,3.));
#13013=CARTESIAN_POINT('',(145.85,26.8649339080683,3.));
#13014=CARTESIAN_POINT('',(147.85,26.8649339080683,0.));
#13015=CARTESIAN_POINT('Origin',(145.85,25.8649339080683,3.));
#13016=CARTESIAN_POINT('',(147.85,25.8649339080683,4.));
#13017=CARTESIAN_POINT('',(145.85,25.8649339080683,4.));
#13018=CARTESIAN_POINT('Origin',(147.85,25.8649339080683,3.));
#13019=CARTESIAN_POINT('Origin',(142.85,20.8649339080683,4.));
#13020=CARTESIAN_POINT('',(139.85,14.8649339080683,4.));
#13021=CARTESIAN_POINT('',(141.85,14.8649339080683,4.));
#13022=CARTESIAN_POINT('',(140.05,14.8447298051815,4.));
#13023=CARTESIAN_POINT('Origin',(139.85,13.8649339080683,4.));
#13024=CARTESIAN_POINT('',(140.05,15.8649339080683,4.));
#13025=CARTESIAN_POINT('',(140.05,12.7464339080683,4.));
#13026=CARTESIAN_POINT('',(147.85,15.8649339080683,4.));
#13027=CARTESIAN_POINT('',(139.85,15.8649339080683,4.));
#13028=CARTESIAN_POINT('',(147.85,17.8649339080683,4.));
#13029=CARTESIAN_POINT('',(145.25,20.8649339080683,4.));
#13030=CARTESIAN_POINT('Origin',(142.85,20.8649339080683,4.));
#13031=CARTESIAN_POINT('Origin',(139.85,56.2884141631085,9.0625));
#13032=CARTESIAN_POINT('',(139.85,3.62793390806829,10.0625));
#13033=CARTESIAN_POINT('',(140.85,4.6279339080683,9.0625));
#13034=CARTESIAN_POINT('Origin',(139.85,3.62793390806829,9.0625));
#13035=CARTESIAN_POINT('',(140.85,13.8649339080683,9.0625));
#13036=CARTESIAN_POINT('',(140.85,56.2884141631085,9.0625));
#13037=CARTESIAN_POINT('',(139.85,13.8649339080683,10.0625));
#13038=CARTESIAN_POINT('Origin',(139.85,13.8649339080683,9.0625));
#13039=CARTESIAN_POINT('',(139.85,56.2884141631085,10.0625));
#13040=CARTESIAN_POINT('Origin',(139.85,13.8649339080683,9.0625));
#13041=CARTESIAN_POINT('',(139.85,14.8649339080683,9.0625));
#13042=CARTESIAN_POINT('Origin',(139.85,13.8649339080683,9.0625));
#13043=CARTESIAN_POINT('Origin',(139.85,13.8649339080683,9.0625));
#13044=CARTESIAN_POINT('Origin',(140.85,4.6279339080683,2.0625));
#13045=CARTESIAN_POINT('',(140.85,4.6279339080683,3.0625));
#13046=CARTESIAN_POINT('',(140.85,4.6279339080683,2.0625));
#13047=CARTESIAN_POINT('',(140.85,5.62793390806831,2.0625));
#13048=CARTESIAN_POINT('Origin',(140.85,5.62793390806831,3.0625));
#13049=CARTESIAN_POINT('',(140.85,14.8649339080683,2.0625));
#13050=CARTESIAN_POINT('',(140.85,56.2776839080683,2.0625));
#13051=CARTESIAN_POINT('',(140.85,14.8649339080683,3.));
#13052=CARTESIAN_POINT('',(140.85,14.8649339080683,2.0625));
#13053=CARTESIAN_POINT('',(140.85,14.885138010955,3.2));
#13054=CARTESIAN_POINT('Origin',(140.85,15.8649339080683,3.));
#13055=CARTESIAN_POINT('',(140.85,13.8649339080683,3.2));
#13056=CARTESIAN_POINT('',(140.85,12.7464339080683,3.2));
#13057=CARTESIAN_POINT('',(140.85,13.8649339080683,2.0625));
#13058=CARTESIAN_POINT('Origin',(137.85,67.4069141631085,9.0625));
#13059=CARTESIAN_POINT('',(137.85,13.8649339080683,10.0625));
#13060=CARTESIAN_POINT('',(137.85,67.4069141631085,10.0625));
#13061=CARTESIAN_POINT('',(136.85,13.8649339080683,9.0625));
#13062=CARTESIAN_POINT('Origin',(137.85,13.8649339080683,9.0625));
#13063=CARTESIAN_POINT('',(136.85,67.4069141631085,9.0625));
#13064=CARTESIAN_POINT('Origin',(137.85,13.8649339080683,9.0625));
#13065=CARTESIAN_POINT('',(137.85,14.8649339080683,9.0625));
#13066=CARTESIAN_POINT('Origin',(137.85,13.8649339080683,9.0625));
#13067=CARTESIAN_POINT('Origin',(137.85,13.8649339080683,9.0625));
#13068=CARTESIAN_POINT('Origin',(137.85,13.8649339080683,1.03125));
#13069=CARTESIAN_POINT('',(137.85,14.8649339080683,1.03125));
#13070=CARTESIAN_POINT('',(136.85,13.8649339080683,1.03125));
#13071=CARTESIAN_POINT('Origin',(169.04375,13.8649339080683,9.0625));
#13072=CARTESIAN_POINT('',(169.04375,14.8649339080683,9.0625));
#13073=CARTESIAN_POINT('',(169.04375,13.8649339080683,10.0625));
#13074=CARTESIAN_POINT('Origin',(197.2375,107.948894418149,10.0625));
#13075=CARTESIAN_POINT('',(242.75,17.0649339080682,10.0625));
#13076=CARTESIAN_POINT('Origin',(242.75,14.8649339080682,10.0625));
#13077=CARTESIAN_POINT('',(245.,17.0649339080682,10.0625));
#13078=CARTESIAN_POINT('',(219.99375,17.0649339080682,10.0625));
#13079=CARTESIAN_POINT('',(247.2,14.8649339080682,10.0625));
#13080=CARTESIAN_POINT('Origin',(245.,14.8649339080682,10.0625));
#13081=CARTESIAN_POINT('',(247.2,3.48993390806825,10.0625));
#13082=CARTESIAN_POINT('',(247.2,61.4069141631084,10.0625));
#13083=CARTESIAN_POINT('',(247.5,3.18993390806824,10.0625));
#13084=CARTESIAN_POINT('Origin',(247.5,3.48993390806825,10.0625));
#13085=CARTESIAN_POINT('',(256.625,3.18993390806824,10.0625));
#13086=CARTESIAN_POINT('',(222.36875,3.18993390806831,10.0625));
#13087=CARTESIAN_POINT('',(256.625,212.664933908068,10.0625));
#13088=CARTESIAN_POINT('',(256.625,55.0694141631084,10.0625));
#13089=CARTESIAN_POINT('',(247.5,212.664933908068,10.0625));
#13090=CARTESIAN_POINT('',(227.43125,212.664933908068,10.0625));
#13091=CARTESIAN_POINT('',(247.2,212.364933908068,10.0625));
#13092=CARTESIAN_POINT('Origin',(247.5,212.364933908068,10.0625));
#13093=CARTESIAN_POINT('',(247.2,200.989933908068,10.0625));
#13094=CARTESIAN_POINT('',(247.2,160.156914163108,10.0625));
#13095=CARTESIAN_POINT('',(245.,198.789933908068,10.0625));
#13096=CARTESIAN_POINT('Origin',(245.,200.989933908068,10.0625));
#13097=CARTESIAN_POINT('',(242.75,198.789933908068,10.0625));
#13098=CARTESIAN_POINT('',(221.11875,198.789933908068,10.0625));
#13099=CARTESIAN_POINT('',(240.55,200.989933908068,10.0625));
#13100=CARTESIAN_POINT('Origin',(242.75,200.989933908068,10.0625));
#13101=CARTESIAN_POINT('',(240.55,212.667629730622,10.0625));
#13102=CARTESIAN_POINT('',(240.55,154.469414163108,10.0625));
#13103=CARTESIAN_POINT('',(137.85,212.707466954034,10.0625));
#13104=CARTESIAN_POINT('',(219.413868691598,212.67582841402,10.0625));
#13105=CARTESIAN_POINT('',(137.85,201.989933908068,10.0625));
#13106=CARTESIAN_POINT('',(137.85,161.906914163108,10.0625));
#13107=CARTESIAN_POINT('',(139.85,201.989933908068,10.0625));
#13108=CARTESIAN_POINT('',(167.04375,201.989933908068,10.0625));
#13109=CARTESIAN_POINT('',(139.85,210.26830329282,10.0625));
#13110=CARTESIAN_POINT('',(139.85,154.469414163108,10.0625));
#13111=CARTESIAN_POINT('',(141.85,212.26830329282,10.0625));
#13112=CARTESIAN_POINT('Origin',(141.85,210.26830329282,10.0625));
#13113=CARTESIAN_POINT('',(238.112,212.26830329282,10.0625));
#13114=CARTESIAN_POINT('',(169.04375,212.26830329282,10.0625));
#13115=CARTESIAN_POINT('',(240.112,210.26830329282,10.0625));
#13116=CARTESIAN_POINT('Origin',(238.112,210.26830329282,10.0625));
#13117=CARTESIAN_POINT('',(240.112,198.351933908068,10.0625));
#13118=CARTESIAN_POINT('',(240.112,159.608598855484,10.0625));
#13119=CARTESIAN_POINT('',(256.187,198.351933908068,10.0625));
#13120=CARTESIAN_POINT('',(218.17475,198.351933908068,10.0625));
#13121=CARTESIAN_POINT('',(256.187,19.5029339080683,10.0625));
#13122=CARTESIAN_POINT('',(256.187,152.650414163108,10.0625));
#13123=CARTESIAN_POINT('',(254.187,17.5029339080682,10.0625));
#13124=CARTESIAN_POINT('Origin',(254.187,19.5029339080683,10.0625));
#13125=CARTESIAN_POINT('',(240.112,17.5029339080682,10.0625));
#13126=CARTESIAN_POINT('',(226.21225,17.5029339080682,10.0625));
#13127=CARTESIAN_POINT('',(240.112,3.62793390806829,10.0625));
#13128=CARTESIAN_POINT('',(240.112,63.2259141631084,10.0625));
#13129=CARTESIAN_POINT('',(218.17475,3.62793390806829,10.0625));
#13130=CARTESIAN_POINT('Origin',(139.85,13.8649339080683,2.0625));
#13131=CARTESIAN_POINT('Ctrl Pts',(140.05,14.8447298051815,4.));
#13132=CARTESIAN_POINT('Ctrl Pts',(140.152140049218,14.8238805549409,4.));
#13133=CARTESIAN_POINT('Ctrl Pts',(140.255006578146,14.7851912268793,3.97942179606429));
#13134=CARTESIAN_POINT('Ctrl Pts',(140.436385603447,14.6816686854616,3.90727093868314));
#13135=CARTESIAN_POINT('Ctrl Pts',(140.515111477314,14.6170061048625,3.85599042123104));
#13136=CARTESIAN_POINT('Ctrl Pts',(140.66714371805,14.456263291612,3.72308971041186));
#13137=CARTESIAN_POINT('Ctrl Pts',(140.737890298592,14.342364431567,3.6242062146464));
#13138=CARTESIAN_POINT('Ctrl Pts',(140.82934231974,14.1040523005816,3.41393831733957));
#13139=CARTESIAN_POINT('Ctrl Pts',(140.85,13.9796083401052,3.30256793012629));
#13140=CARTESIAN_POINT('Ctrl Pts',(140.85,13.8649339080683,3.2));
#13141=CARTESIAN_POINT('',(139.85,14.8649339080683,2.0625));
#13142=CARTESIAN_POINT('Origin',(140.85,14.8649339080683,2.0625));
#13143=CARTESIAN_POINT('Origin',(140.05,12.7464339080683,3.2));
#13144=CARTESIAN_POINT('Ctrl Pts',(140.05,15.8649339080683,4.));
#13145=CARTESIAN_POINT('Ctrl Pts',(140.152567930126,15.7502594760314,4.));
#13146=CARTESIAN_POINT('Ctrl Pts',(140.263938317339,15.6258155155549,3.97934231974008));
#13147=CARTESIAN_POINT('Ctrl Pts',(140.474206214646,15.3875033845696,3.88789029859167));
#13148=CARTESIAN_POINT('Ctrl Pts',(140.573089710412,15.2736045245246,3.81714371805044));
#13149=CARTESIAN_POINT('Ctrl Pts',(140.705990421231,15.1128617112741,3.6651114773136));
#13150=CARTESIAN_POINT('Ctrl Pts',(140.757270938683,15.048199130675,3.58638560344682));
#13151=CARTESIAN_POINT('Ctrl Pts',(140.829421796064,14.9446765892572,3.40500657814613));
#13152=CARTESIAN_POINT('Ctrl Pts',(140.85,14.9059872611957,3.30214004921845));
#13153=CARTESIAN_POINT('Ctrl Pts',(140.85,14.885138010955,3.2));
#13154=CARTESIAN_POINT('Origin',(147.85,61.3961839080683,1.0625));
#13155=CARTESIAN_POINT('',(148.85,15.8649339080683,1.0625));
#13156=CARTESIAN_POINT('',(147.85,14.8649339080683,2.0625));
#13157=CARTESIAN_POINT('Origin',(147.85,15.8649339080683,1.0625));
#13158=CARTESIAN_POINT('',(147.85,13.8649339080683,2.0625));
#13159=CARTESIAN_POINT('',(147.85,61.3961839080683,2.0625));
#13160=CARTESIAN_POINT('Origin',(147.85,13.8649339080683,1.0625));
#13161=CARTESIAN_POINT('',(148.85,61.3961839080683,1.0625));
#13162=CARTESIAN_POINT('Origin',(197.2375,107.927433908068,2.0625));
#13163=CARTESIAN_POINT('',(230.75,13.8649339080683,2.0625));
#13164=CARTESIAN_POINT('',(213.49375,13.8649339080683,2.0625));
#13165=CARTESIAN_POINT('',(167.04375,14.8649339080683,2.0625));
#13166=CARTESIAN_POINT('',(238.112,5.62793390806831,2.0625));
#13167=CARTESIAN_POINT('',(218.17475,5.62793390806831,2.0625));
#13168=CARTESIAN_POINT('',(238.112,17.0029339080682,2.0625));
#13169=CARTESIAN_POINT('',(238.112,63.2151839080682,2.0625));
#13170=CARTESIAN_POINT('',(230.75,17.0029339080682,2.0625));
#13171=CARTESIAN_POINT('',(213.49375,17.0029339080682,2.0625));
#13172=CARTESIAN_POINT('',(230.75,67.3961839080682,2.0625));
#13173=CARTESIAN_POINT('Origin',(139.85,15.8649339080683,3.));
#13174=CARTESIAN_POINT('',(147.85,14.8649339080683,3.));
#13175=CARTESIAN_POINT('',(139.85,14.8649339080683,3.));
#13176=CARTESIAN_POINT('Origin',(147.85,15.8649339080683,3.));
#13177=CARTESIAN_POINT('Origin',(147.85,15.8649339080683,1.03125));
#13178=CARTESIAN_POINT('',(148.85,15.8649339080683,3.));
#13179=CARTESIAN_POINT('Origin',(147.85,15.8649339080683,3.));
#13180=CARTESIAN_POINT('',(147.85,14.8649339080683,1.03125));
#13181=CARTESIAN_POINT('',(148.85,15.8649339080683,1.03125));
#13182=CARTESIAN_POINT('Origin',(147.85,15.8649339080683,3.));
#13183=CARTESIAN_POINT('Origin',(147.85,15.8649339080683,3.));
#13184=CARTESIAN_POINT('Origin',(147.85,17.8649339080683,3.));
#13185=CARTESIAN_POINT('',(148.85,25.8649339080683,3.));
#13186=CARTESIAN_POINT('',(148.85,17.8649339080683,3.));
#13187=CARTESIAN_POINT('Origin',(147.85,25.8649339080683,3.));
#13188=CARTESIAN_POINT('Origin',(148.85,14.8649339080683,0.));
#13189=CARTESIAN_POINT('',(148.85,25.8649339080683,1.));
#13190=CARTESIAN_POINT('',(148.85,61.3961839080683,1.));
#13191=CARTESIAN_POINT('',(148.85,25.8649339080683,0.));
#13192=CARTESIAN_POINT('Origin',(147.85,25.8649339080683,1.));
#13193=CARTESIAN_POINT('Origin',(147.85,25.8649339080683,1.));
#13194=CARTESIAN_POINT('Origin',(147.85,25.8649339080683,1.));
#13195=CARTESIAN_POINT('Origin',(147.85,61.3961839080683,1.));
#13196=CARTESIAN_POINT('Origin',(147.85,25.8649339080683,3.));
#13197=CARTESIAN_POINT('Origin',(147.85,25.8649339080683,3.));
#13198=CARTESIAN_POINT('Origin',(147.85,25.8649339080683,0.));
#13199=CARTESIAN_POINT('Origin',(136.85,14.8649339080683,2.0625));
#13200=CARTESIAN_POINT('Origin',(242.75,14.8649339080682,9.0625));
#13201=CARTESIAN_POINT('',(242.75,16.0649339080682,9.0625));
#13202=CARTESIAN_POINT('Origin',(242.75,17.0649339080682,9.0625));
#13203=CARTESIAN_POINT('Origin',(242.75,14.8649339080682,9.0625));
#13204=CARTESIAN_POINT('Origin',(219.99375,17.0649339080682,9.0625));
#13205=CARTESIAN_POINT('',(245.,16.0649339080683,9.0625));
#13206=CARTESIAN_POINT('Origin',(245.,17.0649339080682,9.0625));
#13207=CARTESIAN_POINT('',(219.99375,16.0649339080682,9.0625));
#13208=CARTESIAN_POINT('Origin',(245.,14.8649339080682,9.0625));
#13209=CARTESIAN_POINT('',(246.2,14.8649339080682,9.0625));
#13210=CARTESIAN_POINT('Origin',(247.2,14.8649339080682,9.0625));
#13211=CARTESIAN_POINT('Origin',(245.,14.8649339080682,9.0625));
#13212=CARTESIAN_POINT('Origin',(247.2,61.4069141631084,9.0625));
#13213=CARTESIAN_POINT('',(246.2,3.48993390806825,9.0625));
#13214=CARTESIAN_POINT('Origin',(247.2,3.48993390806825,9.0625));
#13215=CARTESIAN_POINT('',(246.2,61.4069141631084,9.0625));
#13216=CARTESIAN_POINT('Ctrl Pts',(246.2,3.48993390806825,9.0625));
#13217=CARTESIAN_POINT('Ctrl Pts',(246.2,2.18993390806823,9.0625));
#13218=CARTESIAN_POINT('Ctrl Pts',(247.5,2.18993390806823,9.0625));
#13219=CARTESIAN_POINT('Ctrl Pts',(246.2,3.48993390806825,10.0625));
#13220=CARTESIAN_POINT('Ctrl Pts',(246.2,2.18993390806823,10.0625));
#13221=CARTESIAN_POINT('Ctrl Pts',(247.5,2.18993390806823,10.0625));
#13222=CARTESIAN_POINT('Ctrl Pts',(247.2,3.48993390806825,10.0625));
#13223=CARTESIAN_POINT('Ctrl Pts',(247.2,3.18993390806824,10.0625));
#13224=CARTESIAN_POINT('Ctrl Pts',(247.5,3.18993390806824,10.0625));
#13225=CARTESIAN_POINT('',(247.5,2.18993390806826,9.0625));
#13226=CARTESIAN_POINT('Origin',(247.5,3.18993390806824,9.0625));
#13227=CARTESIAN_POINT('Origin',(247.5,3.48993390806825,9.0625));
#13228=CARTESIAN_POINT('Origin',(222.36875,3.18993390806831,9.0625));
#13229=CARTESIAN_POINT('',(256.625,2.18993390806823,9.0625));
#13230=CARTESIAN_POINT('Origin',(256.625,3.18993390806824,9.0625));
#13231=CARTESIAN_POINT('',(222.36875,2.1899339080683,9.0625));
#13232=CARTESIAN_POINT('Origin',(256.625,3.18993390806828,0.));
#13233=CARTESIAN_POINT('',(256.625,2.18993390806826,1.));
#13234=CARTESIAN_POINT('',(257.625,3.18993390806828,1.));
#13235=CARTESIAN_POINT('Origin',(256.625,3.18993390806828,1.));
#13236=CARTESIAN_POINT('',(257.625,3.18993390806828,9.0625));
#13237=CARTESIAN_POINT('',(257.625,3.18993390806828,0.));
#13238=CARTESIAN_POINT('Origin',(256.625,3.18993390806828,9.0625));
#13239=CARTESIAN_POINT('',(256.625,2.18993390806826,0.));
#13240=CARTESIAN_POINT('Origin',(256.625,3.18993390806824,9.0625));
#13241=CARTESIAN_POINT('Origin',(256.625,3.18993390806824,9.0625));
#13242=CARTESIAN_POINT('Origin',(222.36875,3.18993390806831,1.));
#13243=CARTESIAN_POINT('',(247.5,2.18993390806826,1.));
#13244=CARTESIAN_POINT('Origin',(247.5,3.18993390806828,1.));
#13245=CARTESIAN_POINT('Origin',(256.625,3.18993390806824,1.));
#13246=CARTESIAN_POINT('',(222.36875,2.1899339080683,1.));
#13247=CARTESIAN_POINT('Ctrl Pts',(247.2,3.48993390806825,0.));
#13248=CARTESIAN_POINT('Ctrl Pts',(247.2,3.18993390806828,0.));
#13249=CARTESIAN_POINT('Ctrl Pts',(247.5,3.18993390806828,0.));
#13250=CARTESIAN_POINT('Ctrl Pts',(246.2,3.48993390806825,-2.74751592651103E-14));
#13251=CARTESIAN_POINT('Ctrl Pts',(246.2,2.18993390806823,-2.74751592651103E-14));
#13252=CARTESIAN_POINT('Ctrl Pts',(247.5,2.18993390806823,-2.74780198594726E-14));
#13253=CARTESIAN_POINT('Ctrl Pts',(246.2,3.48993390806825,1.));
#13254=CARTESIAN_POINT('Ctrl Pts',(246.2,2.18993390806823,1.));
#13255=CARTESIAN_POINT('Ctrl Pts',(247.5,2.18993390806823,1.));
#13256=CARTESIAN_POINT('',(246.2,3.48993390806825,1.));
#13257=CARTESIAN_POINT('Origin',(247.2,3.48993390806825,1.));
#13258=CARTESIAN_POINT('Origin',(247.5,3.48993390806825,1.));
#13259=CARTESIAN_POINT('Origin',(247.2,61.3961839080682,1.));
#13260=CARTESIAN_POINT('',(246.2,14.8649339080682,1.));
#13261=CARTESIAN_POINT('Origin',(247.2,14.8649339080682,1.));
#13262=CARTESIAN_POINT('',(246.2,61.3961839080682,1.));
#13263=CARTESIAN_POINT('Origin',(245.,14.8649339080682,1.));
#13264=CARTESIAN_POINT('',(245.,16.0649339080683,1.));
#13265=CARTESIAN_POINT('Origin',(245.,17.0649339080682,1.));
#13266=CARTESIAN_POINT('Origin',(245.,14.8649339080682,1.));
#13267=CARTESIAN_POINT('Origin',(219.99375,17.0649339080682,1.));
#13268=CARTESIAN_POINT('',(242.75,16.0649339080682,1.));
#13269=CARTESIAN_POINT('Origin',(242.75,17.0649339080682,1.));
#13270=CARTESIAN_POINT('',(219.99375,16.0649339080682,1.));
#13271=CARTESIAN_POINT('Origin',(242.75,14.8649339080682,1.));
#13272=CARTESIAN_POINT('Origin',(242.75,14.8649339080682,1.));
#13273=CARTESIAN_POINT('Origin',(256.625,3.18993390806828,1.));
#13274=CARTESIAN_POINT('Origin',(256.625,3.18993390806828,1.));
#13275=CARTESIAN_POINT('Origin',(246.2,14.8649339080682,0.));
#13276=CARTESIAN_POINT('',(246.2,14.8649339080682,0.));
#13277=CARTESIAN_POINT('',(246.2,3.48993390806825,0.));
#13278=CARTESIAN_POINT('Origin',(245.,14.8649339080682,0.));
#13279=CARTESIAN_POINT('',(245.,16.0649339080683,0.));
#13280=CARTESIAN_POINT('Origin',(242.75,16.0649339080682,0.));
#13281=CARTESIAN_POINT('',(242.75,16.0649339080682,0.));
#13282=CARTESIAN_POINT('Origin',(242.75,14.8649339080682,0.));
#13283=CARTESIAN_POINT('Origin',(256.625,55.0694141631084,9.0625));
#13284=CARTESIAN_POINT('',(257.625,212.664933908068,9.0625));
#13285=CARTESIAN_POINT('',(257.625,55.0694141631084,9.0625));
#13286=CARTESIAN_POINT('Origin',(256.625,212.664933908068,9.0625));
#13287=CARTESIAN_POINT('Origin',(257.625,2.18993390806823,0.));
#13288=CARTESIAN_POINT('',(257.625,212.664933908068,1.));
#13289=CARTESIAN_POINT('',(257.625,55.0586839080682,1.));
#13290=CARTESIAN_POINT('',(257.625,212.664933908068,0.));
#13291=CARTESIAN_POINT('Origin',(256.625,55.0586839080682,1.));
#13292=CARTESIAN_POINT('Origin',(256.625,212.664933908068,1.));
#13293=CARTESIAN_POINT('Origin',(238.112,5.62793390806831,3.0625));
#13294=CARTESIAN_POINT('',(239.112,5.62793390806831,3.0625));
#13295=CARTESIAN_POINT('Origin',(238.112,5.62793390806831,3.0625));
#13296=CARTESIAN_POINT('',(238.112,4.6279339080683,3.0625));
#13297=CARTESIAN_POINT('Origin',(238.112,5.62793390806831,3.0625));
#13298=CARTESIAN_POINT('Origin',(238.112,5.62793390806831,3.0625));
#13299=CARTESIAN_POINT('Origin',(218.17475,5.62793390806831,3.0625));
#13300=CARTESIAN_POINT('',(218.17475,4.6279339080683,3.0625));
#13301=CARTESIAN_POINT('Origin',(238.112,5.62793390806831,2.0625));
#13302=CARTESIAN_POINT('',(238.112,4.6279339080683,9.0625));
#13303=CARTESIAN_POINT('',(239.112,5.62793390806831,9.0625));
#13304=CARTESIAN_POINT('Origin',(238.112,5.62793390806831,9.0625));
#13305=CARTESIAN_POINT('',(239.112,5.62793390806831,2.0625));
#13306=CARTESIAN_POINT('',(238.112,4.6279339080683,2.0625));
#13307=CARTESIAN_POINT('Ctrl Pts',(240.112,3.62793390806829,10.0625));
#13308=CARTESIAN_POINT('Ctrl Pts',(239.663201049487,3.8523333833247,10.0625));
#13309=CARTESIAN_POINT('Ctrl Pts',(238.917995210936,4.22493630260021,9.93129660739629));
#13310=CARTESIAN_POINT('Ctrl Pts',(238.248900627082,4.55948359452731,9.51073092430266));
#13311=CARTESIAN_POINT('Ctrl Pts',(238.112,4.62793390806828,9.21209965017094));
#13312=CARTESIAN_POINT('Ctrl Pts',(238.112,4.62793390806828,9.0625));
#13313=CARTESIAN_POINT('Ctrl Pts',(240.112,3.62793390806829,10.0625));
#13314=CARTESIAN_POINT('Ctrl Pts',(239.705943806679,3.8950761405164,10.0625));
#13315=CARTESIAN_POINT('Ctrl Pts',(239.030774838223,4.3381141366208,9.87135951202563));
#13316=CARTESIAN_POINT('Ctrl Pts',(238.49500453457,4.61030579488192,9.38692655865958));
#13317=CARTESIAN_POINT('Ctrl Pts',(238.411199300342,4.62793390806828,9.16666750667096));
#13318=CARTESIAN_POINT('Ctrl Pts',(238.411199300342,4.62793390806828,9.0625));
#13319=CARTESIAN_POINT('Ctrl Pts',(240.112,3.62793390806829,10.0625));
#13320=CARTESIAN_POINT('Ctrl Pts',(239.780743631764,3.96987596560187,10.0625));
#13321=CARTESIAN_POINT('Ctrl Pts',(239.231179355187,4.53755765374599,9.82754885007481));
#13322=CARTESIAN_POINT('Ctrl Pts',(238.924348137944,4.87454659060731,9.28329710958057));
#13323=CARTESIAN_POINT('Ctrl Pts',(238.928977586041,4.87924839612389,9.12763550755077));
#13324=CARTESIAN_POINT('Ctrl Pts',(238.928977586041,4.87924839612389,9.0625));
#13325=CARTESIAN_POINT('Ctrl Pts',(240.112,3.62793390806829,10.0625));
#13326=CARTESIAN_POINT('Ctrl Pts',(239.85554345685,4.04467579068734,10.0625));
#13327=CARTESIAN_POINT('Ctrl Pts',(239.431120217653,4.73644632475604,9.88618396005546));
#13328=CARTESIAN_POINT('Ctrl Pts',(239.142644160066,5.30616766170622,9.41877581912191));
#13329=CARTESIAN_POINT('Ctrl Pts',(239.112,5.40353443281187,9.17847665080514));
#13330=CARTESIAN_POINT('Ctrl Pts',(239.112,5.40353443281187,9.0625));
#13331=CARTESIAN_POINT('Ctrl Pts',(240.112,3.62793390806829,10.0625));
#13332=CARTESIAN_POINT('Ctrl Pts',(239.887600524744,4.07673285858111,10.0625));
#13333=CARTESIAN_POINT('Ctrl Pts',(239.514997605468,4.82193869713215,9.93129660739629));
#13334=CARTESIAN_POINT('Ctrl Pts',(239.180450313541,5.49103328098635,9.51073092430266));
#13335=CARTESIAN_POINT('Ctrl Pts',(239.112,5.62793390806829,9.21209965017094));
#13336=CARTESIAN_POINT('Ctrl Pts',(239.112,5.62793390806828,9.0625));
#13337=CARTESIAN_POINT('Origin',(240.112,3.62793390806829,9.0625));
#13338=CARTESIAN_POINT('Origin',(240.112,3.62793390806829,9.0625));
#13339=CARTESIAN_POINT('Origin',(238.112,63.2151839080682,3.0625));
#13340=CARTESIAN_POINT('',(239.112,8.27932389087525,3.0625));
#13341=CARTESIAN_POINT('',(239.112,7.57554392526107,3.0625));
#13342=CARTESIAN_POINT('Ctrl Pts',(239.112,7.57554392526107,3.0625));
#13343=CARTESIAN_POINT('Ctrl Pts',(239.112,7.69253586354003,3.04158965301222));
#13344=CARTESIAN_POINT('Ctrl Pts',(239.111513161494,7.81094969309424,3.03130000000001));
#13345=CARTESIAN_POINT('Ctrl Pts',(239.111513161494,8.04391812304208,3.03130000000001));
#13346=CARTESIAN_POINT('Ctrl Pts',(239.112,8.1623319525963,3.04158965301221));
#13347=CARTESIAN_POINT('Ctrl Pts',(239.112,8.27932389087526,3.0625));
#13348=CARTESIAN_POINT('',(239.112,17.0029339080682,3.0625));
#13349=CARTESIAN_POINT('',(239.112,63.2151839080682,3.0625));
#13350=CARTESIAN_POINT('Origin',(238.112,17.0029339080682,3.0625));
#13351=CARTESIAN_POINT('',(239.112,63.2151839080682,3.0625));
#13352=CARTESIAN_POINT('Origin',(218.17475,3.62793390806829,9.0625));
#13353=CARTESIAN_POINT('',(218.17475,4.6279339080683,9.0625));
#13354=CARTESIAN_POINT('Origin',(239.112,4.6279339080683,2.0625));
#13355=CARTESIAN_POINT('Origin',(213.49375,13.8649339080683,1.0625));
#13356=CARTESIAN_POINT('Origin',(230.75,13.8649339080683,1.0625));
#13357=CARTESIAN_POINT('Origin',(230.75,67.3961839080682,1.0625));
#13358=CARTESIAN_POINT('Origin',(230.75,18.0029339080683,1.0625));
#13359=CARTESIAN_POINT('Ctrl Pts',(229.75,18.0029339080683,3.));
#13360=CARTESIAN_POINT('Ctrl Pts',(229.75,17.7785344328118,3.04487989505128));
#13361=CARTESIAN_POINT('Ctrl Pts',(229.881203057826,17.405931371423,3.11940050732905));
#13362=CARTESIAN_POINT('Ctrl Pts',(230.301768909543,17.0713841202522,3.1863099575632));
#13363=CARTESIAN_POINT('Ctrl Pts',(230.600400349829,17.0029339080683,3.2));
#13364=CARTESIAN_POINT('Ctrl Pts',(230.75,17.0029339080683,3.2));
#13365=CARTESIAN_POINT('Ctrl Pts',(229.75,18.0029339080683,3.));
#13366=CARTESIAN_POINT('Ctrl Pts',(229.75,17.8127286385652,3.07907410080465));
#13367=CARTESIAN_POINT('Ctrl Pts',(229.833253752863,17.4964723954479,3.20962495097497));
#13368=CARTESIAN_POINT('Ctrl Pts',(230.202725567848,17.1120409700539,3.38319364167034));
#13369=CARTESIAN_POINT('Ctrl Pts',(230.564054635029,17.0029339080683,3.43935944027351));
#13370=CARTESIAN_POINT('Ctrl Pts',(230.75,17.0029339080683,3.43935944027351));
#13371=CARTESIAN_POINT('Ctrl Pts',(229.75,18.0029339080683,3.));
#13372=CARTESIAN_POINT('Ctrl Pts',(229.75,17.8725684986336,3.13891396087304));
#13373=CARTESIAN_POINT('Ctrl Pts',(229.798204633182,17.6560277600837,3.36994878025837));
#13374=CARTESIAN_POINT('Ctrl Pts',(230.11982093016,17.323433752737,3.72666892974356));
#13375=CARTESIAN_POINT('Ctrl Pts',(230.532829035733,17.2039852987102,3.85358230856729));
#13376=CARTESIAN_POINT('Ctrl Pts',(230.75,17.2039852987102,3.85358230856729));
#13377=CARTESIAN_POINT('Ctrl Pts',(229.75,18.0029339080683,3.));
#13378=CARTESIAN_POINT('Ctrl Pts',(229.75,17.932408358702,3.19875382094142));
#13379=CARTESIAN_POINT('Ctrl Pts',(229.845113045041,17.8151393613239,3.52990110107841));
#13380=CARTESIAN_POINT('Ctrl Pts',(230.228204647673,17.6687312745921,3.90130528646816));
#13381=CARTESIAN_POINT('Ctrl Pts',(230.573501950336,17.6234143278631,4.00000000000001));
#13382=CARTESIAN_POINT('Ctrl Pts',(230.75,17.6234143278631,4.00000000000001));
#13383=CARTESIAN_POINT('Ctrl Pts',(229.75,18.0029339080683,3.));
#13384=CARTESIAN_POINT('Ctrl Pts',(229.75,17.958054013017,3.22439947525645));
#13385=CARTESIAN_POINT('Ctrl Pts',(229.881203057826,17.8835334007392,3.59700253664525));
#13386=CARTESIAN_POINT('Ctrl Pts',(230.301768909543,17.8166239505051,3.93154978781603));
#13387=CARTESIAN_POINT('Ctrl Pts',(230.600400349829,17.8029339080683,4.00000000000001));
#13388=CARTESIAN_POINT('Ctrl Pts',(230.75,17.8029339080683,4.00000000000001));
#13389=CARTESIAN_POINT('',(230.75,17.0029339080682,3.2));
#13390=CARTESIAN_POINT('',(230.75,17.8029339080683,4.));
#13391=CARTESIAN_POINT('Origin',(230.75,17.8029339080683,3.2));
#13392=CARTESIAN_POINT('Origin',(230.75,18.0029339080683,3.));
#13393=CARTESIAN_POINT('Origin',(230.75,18.0029339080683,3.));
#13394=CARTESIAN_POINT('Ctrl Pts',(229.75,25.8649339080682,3.));
#13395=CARTESIAN_POINT('Ctrl Pts',(229.75,25.9098138031195,3.2243994752564));
#13396=CARTESIAN_POINT('Ctrl Pts',(229.881204745393,25.9843342720835,3.59700182007637));
#13397=CARTESIAN_POINT('Ctrl Pts',(230.301769747666,26.0512437634308,3.93154927681271));
#13398=CARTESIAN_POINT('Ctrl Pts',(230.600400349829,26.0649339080682,4.));
#13399=CARTESIAN_POINT('Ctrl Pts',(230.75,26.0649339080682,4.));
#13400=CARTESIAN_POINT('Ctrl Pts',(229.75,25.8649339080682,3.));
#13401=CARTESIAN_POINT('Ctrl Pts',(229.75,25.9440080088729,3.19020526950303));
#13402=CARTESIAN_POINT('Ctrl Pts',(229.833253568801,26.0745549751305,3.50645452743596));
#13403=CARTESIAN_POINT('Ctrl Pts',(230.202725644913,26.2481246339002,3.89088783685099));
#13404=CARTESIAN_POINT('Ctrl Pts',(230.564054635029,26.3042933483417,4.));
#13405=CARTESIAN_POINT('Ctrl Pts',(230.75,26.3042933483417,4.));
#13406=CARTESIAN_POINT('Ctrl Pts',(229.75,25.8649339080682,3.));
#13407=CARTESIAN_POINT('Ctrl Pts',(229.75,26.0038478689412,3.13036540943464));
#13408=CARTESIAN_POINT('Ctrl Pts',(229.798207427966,26.2348777149013,3.34690193896949));
#13409=CARTESIAN_POINT('Ctrl Pts',(230.119826439041,26.591597879636,3.67949579214579));
#13410=CARTESIAN_POINT('Ctrl Pts',(230.532829035733,26.718515009883,3.79894760361274));
#13411=CARTESIAN_POINT('Ctrl Pts',(230.75,26.718515009883,3.79894760361274));
#13412=CARTESIAN_POINT('Ctrl Pts',(229.75,25.8649339080682,3.));
#13413=CARTESIAN_POINT('Ctrl Pts',(229.75,26.0636877290096,3.07052554936626));
#13414=CARTESIAN_POINT('Ctrl Pts',(229.845114204333,26.3948318985783,3.18779368937701));
#13415=CARTESIAN_POINT('Ctrl Pts',(230.228206380298,26.7662365593333,3.33420162179833));
#13416=CARTESIAN_POINT('Ctrl Pts',(230.573501950336,26.8649339080683,3.37951958020511));
#13417=CARTESIAN_POINT('Ctrl Pts',(230.75,26.8649339080683,3.37951958020511));
#13418=CARTESIAN_POINT('Ctrl Pts',(229.75,25.8649339080682,3.));
#13419=CARTESIAN_POINT('Ctrl Pts',(229.75,26.0893333833246,3.04487989505123));
#13420=CARTESIAN_POINT('Ctrl Pts',(229.881204745393,26.4619357281446,3.11940036401522));
#13421=CARTESIAN_POINT('Ctrl Pts',(230.301769747666,26.796483184881,3.18630985536252));
#13422=CARTESIAN_POINT('Ctrl Pts',(230.600400349829,26.8649339080683,3.19999999999997));
#13423=CARTESIAN_POINT('Ctrl Pts',(230.75,26.8649339080683,3.19999999999997));
#13424=CARTESIAN_POINT('',(230.75,26.0649339080682,4.));
#13425=CARTESIAN_POINT('Origin',(230.75,26.0649339080682,3.19999999999997));
#13426=CARTESIAN_POINT('Origin',(230.75,25.8649339080682,3.));
#13427=CARTESIAN_POINT('Origin',(230.75,24.3994339080682,3.));
#13428=CARTESIAN_POINT('',(230.75,24.3994339080682,4.));
#13429=CARTESIAN_POINT('Origin',(230.75,18.0029339080683,1.03125));
#13430=CARTESIAN_POINT('',(230.75,17.0029339080682,1.03125));
#13431=CARTESIAN_POINT('Origin',(238.4655,26.0649339080683,3.2));
#13432=CARTESIAN_POINT('',(239.812,26.0649339080683,4.));
#13433=CARTESIAN_POINT('',(238.4655,26.0649339080683,4.));
#13434=CARTESIAN_POINT('Origin',(239.812,26.0649339080683,3.2));
#13435=CARTESIAN_POINT('Origin',(235.181,21.9339339080683,4.));
#13436=CARTESIAN_POINT('',(239.158060798583,17.8029339080682,4.));
#13437=CARTESIAN_POINT('',(232.4655,17.8029339080682,4.));
#13438=CARTESIAN_POINT('',(239.812,18.4568731094852,4.));
#13439=CARTESIAN_POINT('Origin',(240.112,17.5029339080682,4.));
#13440=CARTESIAN_POINT('',(239.812,20.2184339080682,4.));
#13441=CARTESIAN_POINT('',(237.581,21.9339339080682,4.));
#13442=CARTESIAN_POINT('Origin',(235.181,21.9339339080682,4.));
#13443=CARTESIAN_POINT('Origin',(232.4655,17.8029339080682,3.2));
#13444=CARTESIAN_POINT('',(239.112,17.0029339080682,3.2));
#13445=CARTESIAN_POINT('',(232.4655,17.0029339080682,3.2));
#13446=CARTESIAN_POINT('',(239.112,17.5029339080682,3.94161984870958));
#13447=CARTESIAN_POINT('Origin',(239.112,17.8029339080682,3.2));
#13448=CARTESIAN_POINT('Ctrl Pts',(239.112,17.5029339080683,3.94161984870958));
#13449=CARTESIAN_POINT('Ctrl Pts',(239.112,17.506488530664,3.94305776434869));
#13450=CARTESIAN_POINT('Ctrl Pts',(239.112018961612,17.5100330026653,3.94446182576618));
#13451=CARTESIAN_POINT('Ctrl Pts',(239.112882104707,17.5912211690745,3.97596135078833));
#13452=CARTESIAN_POINT('Ctrl Pts',(239.123638503756,17.6788801570488,3.99492751192253));
#13453=CARTESIAN_POINT('Ctrl Pts',(239.150247487885,17.7771830776561,3.99969085801012));
#13454=CARTESIAN_POINT('Ctrl Pts',(239.154025671425,17.7901030214721,4.));
#13455=CARTESIAN_POINT('Ctrl Pts',(239.158060798583,17.8029339080682,4.));
#13456=CARTESIAN_POINT('Origin',(229.75,17.0029339080682,2.0625));
#13457=CARTESIAN_POINT('',(239.112,17.0029339080682,2.0625));
#13458=CARTESIAN_POINT('Origin',(240.112,17.5029339080682,2.0625));
#13459=CARTESIAN_POINT('',(240.112,18.5029339080683,3.94161984870957));
#13460=CARTESIAN_POINT('Ctrl Pts',(239.812,18.4568731094852,4.));
#13461=CARTESIAN_POINT('Ctrl Pts',(239.824830886596,18.4609082366433,4.));
#13462=CARTESIAN_POINT('Ctrl Pts',(239.837750830412,18.4646864201829,3.99969085801012));
#13463=CARTESIAN_POINT('Ctrl Pts',(239.93605375102,18.4912954043118,3.99492751192253));
#13464=CARTESIAN_POINT('Ctrl Pts',(240.023712738994,18.5020518033609,3.97596135078832));
#13465=CARTESIAN_POINT('Ctrl Pts',(240.104900905403,18.5029149464564,3.94446182576617));
#13466=CARTESIAN_POINT('Ctrl Pts',(240.108445377404,18.5029339080682,3.94305776434868));
#13467=CARTESIAN_POINT('Ctrl Pts',(240.112,18.5029339080682,3.94161984870958));
#13468=CARTESIAN_POINT('',(239.112,17.5029339080682,9.0625));
#13469=CARTESIAN_POINT('',(239.112,17.5029339080682,2.0625));
#13470=CARTESIAN_POINT('',(240.112,18.5029339080683,9.0625));
#13471=CARTESIAN_POINT('Origin',(240.112,17.5029339080682,9.0625));
#13472=CARTESIAN_POINT('',(240.112,18.5029339080683,2.0625));
#13473=CARTESIAN_POINT('Origin',(240.112,17.5029339080682,9.0625));
#13474=CARTESIAN_POINT('Origin',(240.112,17.5029339080682,9.0625));
#13475=CARTESIAN_POINT('Origin',(240.112,17.5029339080682,9.0625));
#13476=CARTESIAN_POINT('Origin',(239.112,18.5029339080682,2.0625));
#13477=CARTESIAN_POINT('',(239.112,63.2259141631084,9.0625));
#13478=CARTESIAN_POINT('',(239.112,9.92743390806815,5.0313));
#13479=CARTESIAN_POINT('Origin',(239.112,7.92743390806816,5.0313));
#13480=CARTESIAN_POINT('Origin',(239.112,7.92743390806816,5.0313));
#13481=CARTESIAN_POINT('Origin',(240.112,63.2259141631084,9.0625));
#13482=CARTESIAN_POINT('Origin',(226.21225,17.5029339080682,9.0625));
#13483=CARTESIAN_POINT('',(254.187,18.5029339080683,9.0625));
#13484=CARTESIAN_POINT('Origin',(254.187,17.5029339080682,9.0625));
#13485=CARTESIAN_POINT('',(226.21225,18.5029339080683,9.0625));
#13486=CARTESIAN_POINT('Origin',(254.187,19.5029339080683,9.0625));
#13487=CARTESIAN_POINT('',(255.187,19.5029339080683,9.0625));
#13488=CARTESIAN_POINT('Origin',(256.187,19.5029339080683,9.0625));
#13489=CARTESIAN_POINT('Origin',(254.187,19.5029339080683,9.0625));
#13490=CARTESIAN_POINT('Origin',(254.187,19.5029339080683,2.0625));
#13491=CARTESIAN_POINT('',(255.187,19.5029339080683,3.0625));
#13492=CARTESIAN_POINT('',(254.187,18.5029339080683,3.0625));
#13493=CARTESIAN_POINT('Origin',(254.187,19.5029339080683,3.0625));
#13494=CARTESIAN_POINT('',(254.187,18.5029339080683,2.0625));
#13495=CARTESIAN_POINT('',(255.187,19.5029339080683,2.0625));
#13496=CARTESIAN_POINT('Origin',(226.21225,19.5029339080683,3.0625));
#13497=CARTESIAN_POINT('',(240.612,18.5029339080683,3.0625));
#13498=CARTESIAN_POINT('',(240.612,19.5029339080683,2.0625));
#13499=CARTESIAN_POINT('Origin',(240.612,19.5029339080683,3.0625));
#13500=CARTESIAN_POINT('',(226.21225,18.5029339080683,3.0625));
#13501=CARTESIAN_POINT('',(254.187,19.5029339080683,2.0625));
#13502=CARTESIAN_POINT('Origin',(254.187,19.5029339080683,3.0625));
#13503=CARTESIAN_POINT('',(226.21225,19.5029339080683,2.0625));
#13504=CARTESIAN_POINT('Origin',(254.187,19.5029339080683,3.0625));
#13505=CARTESIAN_POINT('Origin',(254.187,19.5029339080683,3.0625));
#13506=CARTESIAN_POINT('Origin',(255.187,18.5029339080683,2.0625));
#13507=CARTESIAN_POINT('',(240.612,18.5029339080683,3.2));
#13508=CARTESIAN_POINT('',(240.612,18.5029339080683,2.0625));
#13509=CARTESIAN_POINT('Origin',(239.812,18.5029339080683,3.2));
#13510=CARTESIAN_POINT('Origin',(240.612,18.5029339080682,2.0625));
#13511=CARTESIAN_POINT('',(240.612,26.0649339080683,2.0625));
#13512=CARTESIAN_POINT('',(240.612,63.2151839080682,2.0625));
#13513=CARTESIAN_POINT('',(240.612,26.0649339080683,3.2));
#13514=CARTESIAN_POINT('',(240.612,26.0649339080683,1.03125));
#13515=CARTESIAN_POINT('',(240.612,20.2184339080682,3.2));
#13516=CARTESIAN_POINT('Origin',(197.2375,107.927433908068,2.0625));
#13517=CARTESIAN_POINT('',(254.187,197.351933908068,2.0625));
#13518=CARTESIAN_POINT('',(254.187,152.639683908068,2.0625));
#13519=CARTESIAN_POINT('',(240.612,197.351933908068,2.0625));
#13520=CARTESIAN_POINT('',(218.17475,197.351933908068,2.0625));
#13521=CARTESIAN_POINT('',(240.612,189.989933908068,2.0625));
#13522=CARTESIAN_POINT('',(240.612,148.458683908068,2.0625));
#13523=CARTESIAN_POINT('',(242.75,189.989933908068,2.0625));
#13524=CARTESIAN_POINT('',(213.49375,189.989933908068,2.0625));
#13525=CARTESIAN_POINT('',(242.75,26.0649339080683,2.0625));
#13526=CARTESIAN_POINT('',(242.75,148.458683908068,2.0625));
#13527=CARTESIAN_POINT('',(219.49375,26.0649339080683,2.0625));
#13528=CARTESIAN_POINT('Origin',(219.49375,26.0649339080683,1.2625));
#13529=CARTESIAN_POINT('Ctrl Pts',(241.770204102887,26.8649339080682,1.2625));
#13530=CARTESIAN_POINT('Ctrl Pts',(241.791053353127,26.8649339080682,1.36464004921845));
#13531=CARTESIAN_POINT('Ctrl Pts',(241.829742681189,26.8443557041326,1.46750657814613));
#13532=CARTESIAN_POINT('Ctrl Pts',(241.933265222607,26.7722048467514,1.64888560344684));
#13533=CARTESIAN_POINT('Ctrl Pts',(241.997927803206,26.7209243292993,1.7276114773136));
#13534=CARTESIAN_POINT('Ctrl Pts',(242.158670616456,26.5880236184801,1.87964371805045));
#13535=CARTESIAN_POINT('Ctrl Pts',(242.272569476501,26.4891401227146,1.95039029859166));
#13536=CARTESIAN_POINT('Ctrl Pts',(242.510881607487,26.2788722254078,2.04184231974007));
#13537=CARTESIAN_POINT('Ctrl Pts',(242.635325567963,26.1675018381946,2.0625));
#13538=CARTESIAN_POINT('Ctrl Pts',(242.75,26.0649339080683,2.0625));
#13539=CARTESIAN_POINT('Origin',(239.812,26.0649339080683,1.2625));
#13540=CARTESIAN_POINT('Origin',(239.812,26.0649339080683,3.2));
#13541=CARTESIAN_POINT('Origin',(239.812,26.0649339080683,3.2));
#13542=CARTESIAN_POINT('Origin',(239.812,26.0649339080683,3.2));
#13543=CARTESIAN_POINT('Origin',(239.812,26.0649339080683,1.03125));
#13544=CARTESIAN_POINT('Origin',(239.812,20.2184339080682,3.2));
#13545=CARTESIAN_POINT('Origin',(242.75,148.458683908068,1.0625));
#13546=CARTESIAN_POINT('Origin',(242.75,189.989933908068,1.0625));
#13547=CARTESIAN_POINT('Origin',(213.49375,189.989933908068,1.0625));
#13548=CARTESIAN_POINT('',(240.612,189.789933908068,2.04229589711327));
#13549=CARTESIAN_POINT('Ctrl Pts',(239.812,188.989933908068,1.0625));
#13550=CARTESIAN_POINT('Ctrl Pts',(239.914567930126,188.989933908068,1.17717443203692));
#13551=CARTESIAN_POINT('Ctrl Pts',(240.02593831734,189.010591588328,1.30161839251341));
#13552=CARTESIAN_POINT('Ctrl Pts',(240.236206214646,189.102043609477,1.53993052349873));
#13553=CARTESIAN_POINT('Ctrl Pts',(240.335089710412,189.172790190018,1.65382938354373));
#13554=CARTESIAN_POINT('Ctrl Pts',(240.467990421231,189.324822430755,1.81457219679417));
#13555=CARTESIAN_POINT('Ctrl Pts',(240.519270938683,189.403548304621,1.87923477739328));
#13556=CARTESIAN_POINT('Ctrl Pts',(240.591421796064,189.584927329922,1.98275731881111));
#13557=CARTESIAN_POINT('Ctrl Pts',(240.612,189.68779385885,2.02144664687261));
#13558=CARTESIAN_POINT('Ctrl Pts',(240.612,189.789933908068,2.04229589711327));
#13559=CARTESIAN_POINT('Origin',(240.612,189.989933908068,1.0625));
#13560=CARTESIAN_POINT('Origin',(232.4655,189.789933908068,3.2));
#13561=CARTESIAN_POINT('',(230.55,189.789933908068,4.));
#13562=CARTESIAN_POINT('Origin',(230.55,189.789933908068,3.2));
#13563=CARTESIAN_POINT('',(239.812,189.789933908068,4.));
#13564=CARTESIAN_POINT('Origin',(239.812,189.789933908068,3.2));
#13565=CARTESIAN_POINT('',(232.4655,189.789933908068,4.));
#13566=CARTESIAN_POINT('Origin',(230.55,189.789933908068,3.2));
#13567=CARTESIAN_POINT('Origin',(230.55,189.789933908068,3.2));
#13568=CARTESIAN_POINT('Origin',(239.812,189.789933908068,1.03125));
#13569=CARTESIAN_POINT('',(240.612,189.789933908068,3.2));
#13570=CARTESIAN_POINT('Origin',(239.812,189.789933908068,3.2));
#13571=CARTESIAN_POINT('',(240.612,189.789933908068,1.03125));
#13572=CARTESIAN_POINT('Origin',(239.812,189.789933908068,3.2));
#13573=CARTESIAN_POINT('Origin',(239.812,189.789933908068,3.2));
#13574=CARTESIAN_POINT('Origin',(230.55,197.455433908068,3.2));
#13575=CARTESIAN_POINT('',(230.55,197.851933908068,4.));
#13576=CARTESIAN_POINT('',(230.55,197.455433908068,4.));
#13577=CARTESIAN_POINT('Origin',(230.55,197.851933908068,3.2));
#13578=CARTESIAN_POINT('Origin',(235.181,193.920933908068,4.));
#13579=CARTESIAN_POINT('',(239.812,196.577109973138,4.));
#13580=CARTESIAN_POINT('',(239.812,191.455433908068,4.));
#13581=CARTESIAN_POINT('',(238.33717606507,198.051933908068,4.));
#13582=CARTESIAN_POINT('Origin',(240.112,198.351933908068,4.));
#13583=CARTESIAN_POINT('',(230.75,198.051933908068,4.));
#13584=CARTESIAN_POINT('',(237.1465,198.051933908068,4.));
#13585=CARTESIAN_POINT('Origin',(230.75,197.851933908068,4.));
#13586=CARTESIAN_POINT('',(237.581,193.920933908068,4.));
#13587=CARTESIAN_POINT('Origin',(235.181,193.920933908068,4.));
#13588=CARTESIAN_POINT('Origin',(239.812,191.455433908068,3.2));
#13589=CARTESIAN_POINT('',(240.612,196.577109973138,3.2));
#13590=CARTESIAN_POINT('',(240.612,191.455433908068,3.2));
#13591=CARTESIAN_POINT('Origin',(239.812,196.577109973138,3.2));
#13592=CARTESIAN_POINT('Origin',(240.612,188.989933908068,2.0625));
#13593=CARTESIAN_POINT('',(240.612,197.351933908068,3.38985449573176));
#13594=CARTESIAN_POINT('',(240.612,197.351933908068,2.0625));
#13595=CARTESIAN_POINT('Ctrl Pts',(240.612,196.577109973138,3.20000000000001));
#13596=CARTESIAN_POINT('Ctrl Pts',(240.612,196.801699590276,3.20000000000001));
#13597=CARTESIAN_POINT('Ctrl Pts',(240.612,197.069821911437,3.25608367271664));
#13598=CARTESIAN_POINT('Ctrl Pts',(240.612,197.312929067722,3.36987697138825));
#13599=CARTESIAN_POINT('Ctrl Pts',(240.612,197.351908732589,3.38990349732909));
#13600=CARTESIAN_POINT('Ctrl Pts',(240.612,196.577109973138,3.20000000000001));
#13601=CARTESIAN_POINT('Ctrl Pts',(240.612,196.801699590276,3.20000000000001));
#13602=CARTESIAN_POINT('Ctrl Pts',(240.612,197.175573476161,3.2782039352877));
#13603=CARTESIAN_POINT('Ctrl Pts',(240.612,197.565854928635,3.50670097384751));
#13604=CARTESIAN_POINT('Ctrl Pts',(240.612,197.794982093932,3.70076018930892));
#13605=CARTESIAN_POINT('Ctrl Pts',(240.612,197.898598251746,3.80796030602791));
#13606=CARTESIAN_POINT('Ctrl Pts',(240.612,197.948764932715,3.86373381157816));
#13607=CARTESIAN_POINT('Ctrl Pts',(240.612,196.577109973138,3.31967972013676));
#13608=CARTESIAN_POINT('Ctrl Pts',(240.612006341689,196.785360268637,3.32144006299834));
#13609=CARTESIAN_POINT('Ctrl Pts',(240.611886467022,197.13140900409,3.39786323511976));
#13610=CARTESIAN_POINT('Ctrl Pts',(240.611915150979,197.488571333248,3.61825009650403));
#13611=CARTESIAN_POINT('Ctrl Pts',(240.611944903978,197.694997486109,3.80729518617113));
#13612=CARTESIAN_POINT('Ctrl Pts',(240.6119718241,197.786915244591,3.91331184571472));
#13613=CARTESIAN_POINT('Ctrl Pts',(240.612,197.831159388363,3.9695166517542));
#13614=CARTESIAN_POINT('Ctrl Pts',(240.557232384913,196.577109973138,3.55863735099274));
#13615=CARTESIAN_POINT('Ctrl Pts',(240.555601027031,196.752725432593,3.56389821889954));
#13616=CARTESIAN_POINT('Ctrl Pts',(240.55203466138,197.043395381026,3.63661751181766));
#13617=CARTESIAN_POINT('Ctrl Pts',(240.542238423666,197.334503898655,3.84070821210441));
#13618=CARTESIAN_POINT('Ctrl Pts',(240.530258302786,197.4957534641,4.01961887381416));
#13619=CARTESIAN_POINT('Ctrl Pts',(240.521232484689,197.564439165747,4.12318446366974));
#13620=CARTESIAN_POINT('Ctrl Pts',(240.515361744551,197.596928875859,4.18020033172207));
#13621=CARTESIAN_POINT('Ctrl Pts',(240.289573633055,196.577109973138,3.89500626942803));
#13622=CARTESIAN_POINT('Ctrl Pts',(240.280494954712,196.706849344951,3.90282019004693));
#13623=CARTESIAN_POINT('Ctrl Pts',(240.260242560142,196.920198107531,3.96519648688373));
#13624=CARTESIAN_POINT('Ctrl Pts',(240.206696303007,197.129883760782,4.13382576556551));
#13625=CARTESIAN_POINT('Ctrl Pts',(240.142790009531,197.246177087865,4.28451458583601));
#13626=CARTESIAN_POINT('Ctrl Pts',(240.095709045917,197.298026624899,4.37411072177166));
#13627=CARTESIAN_POINT('Ctrl Pts',(240.065730557956,197.324897929709,4.4248844259797));
#13628=CARTESIAN_POINT('Ctrl Pts',(239.991519580205,196.577109973138,3.99999999999999));
#13629=CARTESIAN_POINT('Ctrl Pts',(239.975696799591,196.692401433342,4.00419862851523));
#13630=CARTESIAN_POINT('Ctrl Pts',(239.941298496325,196.88549252679,4.05228319339508));
#13631=CARTESIAN_POINT('Ctrl Pts',(239.85121236241,197.090737908283,4.1869211667253));
#13632=CARTESIAN_POINT('Ctrl Pts',(239.748723256051,197.226059815746,4.30428635199704));
#13633=CARTESIAN_POINT('Ctrl Pts',(239.676498095992,197.299870561961,4.37178753585255));
#13634=CARTESIAN_POINT('Ctrl Pts',(239.632344271271,197.342913956136,4.40867952293216));
#13635=CARTESIAN_POINT('Ctrl Pts',(239.812,196.577109973138,3.99999999999999));
#13636=CARTESIAN_POINT('Ctrl Pts',(239.793545970924,196.692524081946,3.99999999999999));
#13637=CARTESIAN_POINT('Ctrl Pts',(239.752884256165,196.886720617612,4.03910196764385));
#13638=CARTESIAN_POINT('Ctrl Pts',(239.651443976853,197.111428112227,4.15335048692363));
#13639=CARTESIAN_POINT('Ctrl Pts',(239.541539449922,197.275188358577,4.25038009465456));
#13640=CARTESIAN_POINT('Ctrl Pts',(239.467756656098,197.371210299373,4.30398015301389));
#13641=CARTESIAN_POINT('Ctrl Pts',(239.424728027771,197.42831145196,4.33186690578907));
#13642=CARTESIAN_POINT('',(239.48258529127,197.351933908362,4.29248327017873));
#13643=CARTESIAN_POINT('Ctrl Pts',(239.482585291492,197.351933908068,4.29248327001956));
#13644=CARTESIAN_POINT('Ctrl Pts',(239.548392891121,197.351933908068,4.33519711563086));
#13645=CARTESIAN_POINT('Ctrl Pts',(239.620216041501,197.351933908068,4.36748476412204));
#13646=CARTESIAN_POINT('Ctrl Pts',(239.767198853938,197.351933908068,4.3992645216525));
#13647=CARTESIAN_POINT('Ctrl Pts',(239.838301834579,197.351933908068,4.40053409421387));
#13648=CARTESIAN_POINT('Ctrl Pts',(239.985380686751,197.351933908068,4.37376528455605));
#13649=CARTESIAN_POINT('Ctrl Pts',(240.057220398589,197.351933908068,4.344180729012));
#13650=CARTESIAN_POINT('Ctrl Pts',(240.203907486361,197.351933908068,4.25472250705056));
#13651=CARTESIAN_POINT('Ctrl Pts',(240.275882853524,197.351933908068,4.18985385643325));
#13652=CARTESIAN_POINT('Ctrl Pts',(240.417000734976,197.351933908068,4.02516305329391));
#13653=CARTESIAN_POINT('Ctrl Pts',(240.486498844616,197.351933908068,3.91179480891081));
#13654=CARTESIAN_POINT('Ctrl Pts',(240.584857112567,197.351933908068,3.65959450613045));
#13655=CARTESIAN_POINT('Ctrl Pts',(240.612,197.351933908068,3.5251273235096));
#13656=CARTESIAN_POINT('Ctrl Pts',(240.612,197.351933908068,3.38985449573181));
#13657=CARTESIAN_POINT('Ctrl Pts',(239.48251733692,197.351871195052,4.29254445776258));
#13658=CARTESIAN_POINT('Ctrl Pts',(239.502033556172,197.326006821147,4.27858602412992));
#13659=CARTESIAN_POINT('Ctrl Pts',(239.554706492737,197.255569165126,4.23875552344781));
#13660=CARTESIAN_POINT('Ctrl Pts',(239.651443976853,197.111428112227,4.15335048692363));
#13661=CARTESIAN_POINT('Ctrl Pts',(239.752884256165,196.886720617612,4.03910196764385));
#13662=CARTESIAN_POINT('Ctrl Pts',(239.793545970924,196.692524081946,3.99999999999999));
#13663=CARTESIAN_POINT('Ctrl Pts',(239.812,196.577109973138,3.99999999999999));
#13664=CARTESIAN_POINT('Origin',(237.1465,198.051933908068,3.2));
#13665=CARTESIAN_POINT('',(238.33717606507,198.851933908068,3.2));
#13666=CARTESIAN_POINT('Origin',(238.33717606507,198.051933908068,3.2));
#13667=CARTESIAN_POINT('',(230.75,198.851933908068,3.2));
#13668=CARTESIAN_POINT('',(237.1465,198.851933908068,3.2));
#13669=CARTESIAN_POINT('Origin',(230.75,198.051933908068,3.2));
#13670=CARTESIAN_POINT('Ctrl Pts',(230.55,197.851933908068,4.));
#13671=CARTESIAN_POINT('Ctrl Pts',(230.55,198.051933908068,4.));
#13672=CARTESIAN_POINT('Ctrl Pts',(230.75,198.051933908068,4.));
#13673=CARTESIAN_POINT('Ctrl Pts',(229.75,197.851933908068,4.00000000000002));
#13674=CARTESIAN_POINT('Ctrl Pts',(229.75,198.851933908068,4.00000000000002));
#13675=CARTESIAN_POINT('Ctrl Pts',(230.75,198.851933908068,4.00000000000002));
#13676=CARTESIAN_POINT('Ctrl Pts',(229.75,197.851933908068,3.2));
#13677=CARTESIAN_POINT('Ctrl Pts',(229.75,198.851933908068,3.2));
#13678=CARTESIAN_POINT('Ctrl Pts',(230.75,198.851933908068,3.2));
#13679=CARTESIAN_POINT('Origin',(230.75,197.851933908068,3.2));
#13680=CARTESIAN_POINT('Ctrl Pts',(239.707499163548,198.851933908068,3.86225400659346));
#13681=CARTESIAN_POINT('Ctrl Pts',(239.682450280486,198.851933908068,3.83443981754692));
#13682=CARTESIAN_POINT('Ctrl Pts',(239.606143424539,198.851933908068,3.75256232306532));
#13683=CARTESIAN_POINT('Ctrl Pts',(239.442495003965,198.851933908068,3.59907934379391));
#13684=CARTESIAN_POINT('Ctrl Pts',(239.045233534949,198.851933908068,3.31560737733111));
#13685=CARTESIAN_POINT('Ctrl Pts',(238.636225722239,198.851933908068,3.2));
#13686=CARTESIAN_POINT('Ctrl Pts',(238.33717606507,198.851933908068,3.2));
#13687=CARTESIAN_POINT('Ctrl Pts',(239.590050588956,198.851933908068,3.96802576236451));
#13688=CARTESIAN_POINT('Ctrl Pts',(239.567957075468,198.851919914464,3.94000640178808));
#13689=CARTESIAN_POINT('Ctrl Pts',(239.500486230032,198.851889605822,3.85835263469633));
#13690=CARTESIAN_POINT('Ctrl Pts',(239.354114563957,198.851859603554,3.70793259536073));
#13691=CARTESIAN_POINT('Ctrl Pts',(238.992937963049,198.851793387044,3.43364619820704));
#13692=CARTESIAN_POINT('Ctrl Pts',(238.614469291123,198.85194235227,3.32202368392263));
#13693=CARTESIAN_POINT('Ctrl Pts',(238.33717606507,198.851933908068,3.31967972013675));
#13694=CARTESIAN_POINT('Ctrl Pts',(239.356130400512,198.755450311045,4.17868944328143));
#13695=CARTESIAN_POINT('Ctrl Pts',(239.339902559247,198.75836750051,4.15028530940881));
#13696=CARTESIAN_POINT('Ctrl Pts',(239.28997422386,198.766062252061,4.06914814519095));
#13697=CARTESIAN_POINT('Ctrl Pts',(239.177953129769,198.777019646216,3.92495281310417));
#13698=CARTESIAN_POINT('Ctrl Pts',(238.888722667757,198.791162510181,3.66912995756501));
#13699=CARTESIAN_POINT('Ctrl Pts',(238.571014759897,198.794994077656,3.56564239768195));
#13700=CARTESIAN_POINT('Ctrl Pts',(238.33717606507,198.797166293013,3.55863735103737));
#13701=CARTESIAN_POINT('Ctrl Pts',(239.084250968221,198.30645947008,4.42353843367031));
#13702=CARTESIAN_POINT('Ctrl Pts',(239.070853621612,198.321360623424,4.39825703047211));
#13703=CARTESIAN_POINT('Ctrl Pts',(239.031658219418,198.361080207475,4.32712050780713));
#13704=CARTESIAN_POINT('Ctrl Pts',(238.949820694191,198.418957946142,4.20431553103507));
#13705=CARTESIAN_POINT('Ctrl Pts',(238.742296213257,198.495374919328,3.99168831700874));
#13706=CARTESIAN_POINT('Ctrl Pts',(238.509928996199,198.517418934034,3.90541080338345));
#13707=CARTESIAN_POINT('Ctrl Pts',(238.33717606507,198.52950754116,3.89500626949622));
#13708=CARTESIAN_POINT('Ctrl Pts',(239.101831949594,197.873442555883,4.4077053656704));
#13709=CARTESIAN_POINT('Ctrl Pts',(239.080412288813,197.895404533928,4.38932373490082));
#13710=CARTESIAN_POINT('Ctrl Pts',(239.021150138776,197.955147067777,4.33661062965494));
#13711=CARTESIAN_POINT('Ctrl Pts',(238.916960551298,198.046196206546,4.24225796980479));
#13712=CARTESIAN_POINT('Ctrl Pts',(238.700326306154,198.172360000298,4.07376842533631));
#13713=CARTESIAN_POINT('Ctrl Pts',(238.490691049811,198.21038485127,4.00559063430473));
#13714=CARTESIAN_POINT('Ctrl Pts',(238.33717606507,198.231453488273,3.99999999999998));
#13715=CARTESIAN_POINT('Ctrl Pts',(239.186864285871,197.665802535206,4.33112700329673));
#13716=CARTESIAN_POINT('Ctrl Pts',(239.158454532067,197.687221275545,4.3172199087735));
#13717=CARTESIAN_POINT('Ctrl Pts',(239.080438056632,197.746885466379,4.27628116153265));
#13718=CARTESIAN_POINT('Ctrl Pts',(238.949526322215,197.842497282555,4.19953967189716));
#13719=CARTESIAN_POINT('Ctrl Pts',(238.701279483288,197.981586288233,4.05780368866562));
#13720=CARTESIAN_POINT('Ctrl Pts',(238.490854361114,198.027361663194,3.99999999999998));
#13721=CARTESIAN_POINT('Ctrl Pts',(238.33717606507,198.051933908068,3.99999999999998));
#13722=CARTESIAN_POINT('',(239.112,197.72251919956,4.29248327001965));
#13723=CARTESIAN_POINT('',(239.111999997097,198.851933908068,3.38985449275051));
#13724=CARTESIAN_POINT('Ctrl Pts',(239.112,198.851933908068,3.38985449573181));
#13725=CARTESIAN_POINT('Ctrl Pts',(239.112,198.851933908068,3.5279085847166));
#13726=CARTESIAN_POINT('Ctrl Pts',(239.112,198.823661341041,3.66512483925537));
#13727=CARTESIAN_POINT('Ctrl Pts',(239.112,198.715751163626,3.93608104942105));
#13728=CARTESIAN_POINT('Ctrl Pts',(239.112,198.632729307241,4.06281044861457));
#13729=CARTESIAN_POINT('Ctrl Pts',(239.112,198.467612737269,4.23479844082662));
#13730=CARTESIAN_POINT('Ctrl Pts',(239.112,198.385516419114,4.29850580882923));
#13731=CARTESIAN_POINT('Ctrl Pts',(239.112,198.223856459305,4.37359740124809));
#13732=CARTESIAN_POINT('Ctrl Pts',(239.112,198.149659304931,4.39310741160548));
#13733=CARTESIAN_POINT('Ctrl Pts',(239.112,198.008111353481,4.39854699625864));
#13734=CARTESIAN_POINT('Ctrl Pts',(239.112,197.944814962689,4.38936263562228));
#13735=CARTESIAN_POINT('Ctrl Pts',(239.112,197.82644769801,4.35162338758884));
#13736=CARTESIAN_POINT('Ctrl Pts',(239.112,197.772652159472,4.32502315176218));
#13737=CARTESIAN_POINT('Ctrl Pts',(239.112,197.72251919956,4.29248327001955));
#13738=CARTESIAN_POINT('Ctrl Pts',(239.111940925398,198.851933908068,3.38997008180295));
#13739=CARTESIAN_POINT('Ctrl Pts',(238.872784634821,198.851933908068,3.26774944947663));
#13740=CARTESIAN_POINT('Ctrl Pts',(238.605620724785,198.851933908068,3.2));
#13741=CARTESIAN_POINT('Ctrl Pts',(238.33717606507,198.851933908068,3.2));
#13742=CARTESIAN_POINT('Ctrl Pts',(238.33717606507,198.051933908068,3.99999999999998));
#13743=CARTESIAN_POINT('Ctrl Pts',(238.490854361114,198.027361663194,3.99999999999998));
#13744=CARTESIAN_POINT('Ctrl Pts',(238.701279483288,197.981586288233,4.05780368866562));
#13745=CARTESIAN_POINT('Ctrl Pts',(238.949526322215,197.842497282555,4.19953967189716));
#13746=CARTESIAN_POINT('Ctrl Pts',(239.059848688267,197.761922979342,4.26421151165718));
#13747=CARTESIAN_POINT('Ctrl Pts',(239.110616625385,197.723583124427,4.29171914911059));
#13748=CARTESIAN_POINT('Ctrl Pts',(239.112012177558,197.72252846729,4.2924737057201));
#13749=CARTESIAN_POINT('Origin',(230.75,197.851933908068,1.03125));
#13750=CARTESIAN_POINT('',(230.75,198.851933908068,3.0625));
#13751=CARTESIAN_POINT('',(230.75,198.851933908068,1.03125));
#13752=CARTESIAN_POINT('Origin',(230.75,197.851933908068,3.0625));
#13753=CARTESIAN_POINT('Origin',(240.112,198.351933908068,4.8));
#13754=CARTESIAN_POINT('',(240.112,197.351933908068,4.8));
#13755=CARTESIAN_POINT('Ctrl Pts',(240.112,197.351933908068,4.8));
#13756=CARTESIAN_POINT('Ctrl Pts',(239.924232698034,197.351933908068,4.63205581954112));
#13757=CARTESIAN_POINT('Ctrl Pts',(239.70770663764,197.351933908068,4.43860314791405));
#13758=CARTESIAN_POINT('Ctrl Pts',(239.482585291408,197.351933908068,4.29248326996519));
#13759=CARTESIAN_POINT('',(239.112,198.351933908068,4.8));
#13760=CARTESIAN_POINT('Origin',(240.112,198.351933908068,4.8));
#13761=CARTESIAN_POINT('Ctrl Pts',(239.112,197.72251919956,4.29248327001957));
#13762=CARTESIAN_POINT('Ctrl Pts',(239.112,197.947640545763,4.43860314796149));
#13763=CARTESIAN_POINT('Ctrl Pts',(239.112,198.164166606126,4.63205581956193));
#13764=CARTESIAN_POINT('Ctrl Pts',(239.112,198.351933908068,4.8));
#13765=CARTESIAN_POINT('Origin',(254.187,152.639683908068,3.0625));
#13766=CARTESIAN_POINT('',(255.187,197.351933908068,3.0625));
#13767=CARTESIAN_POINT('',(255.187,152.639683908068,3.0625));
#13768=CARTESIAN_POINT('Origin',(254.187,197.351933908068,3.0625));
#13769=CARTESIAN_POINT('Origin',(240.112,198.351933908068,2.0625));
#13770=CARTESIAN_POINT('',(240.112,197.351933908068,9.0625));
#13771=CARTESIAN_POINT('',(240.112,197.351933908068,2.0625));
#13772=CARTESIAN_POINT('',(239.112,198.351933908068,9.0625));
#13773=CARTESIAN_POINT('Origin',(240.112,198.351933908068,9.0625));
#13774=CARTESIAN_POINT('',(239.112,198.351933908068,2.0625));
#13775=CARTESIAN_POINT('Origin',(256.187,152.650414163108,9.0625));
#13776=CARTESIAN_POINT('',(255.187,197.351933908068,9.0625));
#13777=CARTESIAN_POINT('Origin',(256.187,198.351933908068,9.0625));
#13778=CARTESIAN_POINT('',(255.187,152.650414163108,9.0625));
#13779=CARTESIAN_POINT('Origin',(218.17475,198.351933908068,9.0625));
#13780=CARTESIAN_POINT('Origin',(240.112,198.351933908068,9.0625));
#13781=CARTESIAN_POINT('',(218.17475,197.351933908068,9.0625));
#13782=CARTESIAN_POINT('Origin',(240.112,198.351933908068,9.0625));
#13783=CARTESIAN_POINT('Origin',(240.112,198.351933908068,9.0625));
#13784=CARTESIAN_POINT('Origin',(239.112,211.26830329282,2.0625));
#13785=CARTESIAN_POINT('',(239.112,210.26830329282,9.0625));
#13786=CARTESIAN_POINT('',(239.112,159.608598855484,9.0625));
#13787=CARTESIAN_POINT('',(239.112,210.26830329282,3.0625));
#13788=CARTESIAN_POINT('',(239.112,210.26830329282,2.0625));
#13789=CARTESIAN_POINT('',(239.112,208.279323890875,3.0625));
#13790=CARTESIAN_POINT('',(239.112,159.597868600444,3.0625));
#13791=CARTESIAN_POINT('',(239.112,209.927433908068,5.0313));
#13792=CARTESIAN_POINT('Origin',(239.112,207.927433908068,5.0313));
#13793=CARTESIAN_POINT('',(239.112,207.575543925261,3.0625));
#13794=CARTESIAN_POINT('Origin',(239.112,207.927433908068,5.0313));
#13795=CARTESIAN_POINT('',(239.112,198.851933908068,3.0625));
#13796=CARTESIAN_POINT('',(239.112,159.597868600444,3.0625));
#13797=CARTESIAN_POINT('',(239.112,198.851933908068,2.0625));
#13798=CARTESIAN_POINT('Origin',(240.112,159.608598855484,9.0625));
#13799=CARTESIAN_POINT('Origin',(240.112,210.26830329282,9.0625));
#13800=CARTESIAN_POINT('Origin',(256.625,212.664933908068,1.));
#13801=CARTESIAN_POINT('',(256.625,213.664933908068,1.));
#13802=CARTESIAN_POINT('Origin',(256.625,212.664933908068,1.));
#13803=CARTESIAN_POINT('Origin',(256.625,212.664933908068,1.));
#13804=CARTESIAN_POINT('Origin',(227.43125,212.664933908068,1.));
#13805=CARTESIAN_POINT('',(247.5,213.664933908068,1.));
#13806=CARTESIAN_POINT('Origin',(247.5,212.664933908068,1.));
#13807=CARTESIAN_POINT('',(227.43125,213.664933908068,1.));
#13808=CARTESIAN_POINT('Ctrl Pts',(247.5,212.664933908068,0.));
#13809=CARTESIAN_POINT('Ctrl Pts',(247.2,212.664933908068,0.));
#13810=CARTESIAN_POINT('Ctrl Pts',(247.2,212.364933908068,0.));
#13811=CARTESIAN_POINT('Ctrl Pts',(247.5,213.664933908068,4.44089209850063E-15));
#13812=CARTESIAN_POINT('Ctrl Pts',(246.2,213.664933908068,4.47150826847934E-15));
#13813=CARTESIAN_POINT('Ctrl Pts',(246.2,212.364933908068,4.47150826847934E-15));
#13814=CARTESIAN_POINT('Ctrl Pts',(247.5,213.664933908068,1.));
#13815=CARTESIAN_POINT('Ctrl Pts',(246.2,213.664933908068,1.));
#13816=CARTESIAN_POINT('Ctrl Pts',(246.2,212.364933908068,1.));
#13817=CARTESIAN_POINT('',(246.2,212.364933908068,1.));
#13818=CARTESIAN_POINT('Origin',(247.2,212.364933908068,1.));
#13819=CARTESIAN_POINT('Origin',(247.5,212.364933908068,1.));
#13820=CARTESIAN_POINT('Origin',(247.2,160.146183908068,1.));
#13821=CARTESIAN_POINT('',(246.2,200.989933908068,1.));
#13822=CARTESIAN_POINT('Origin',(247.2,200.989933908068,1.));
#13823=CARTESIAN_POINT('',(246.2,160.146183908068,1.));
#13824=CARTESIAN_POINT('Origin',(245.,200.989933908068,1.));
#13825=CARTESIAN_POINT('',(245.,199.789933908068,1.));
#13826=CARTESIAN_POINT('Origin',(245.,198.789933908068,1.));
#13827=CARTESIAN_POINT('Origin',(245.,200.989933908068,1.));
#13828=CARTESIAN_POINT('Origin',(221.11875,198.789933908068,1.));
#13829=CARTESIAN_POINT('',(242.75,199.789933908068,1.));
#13830=CARTESIAN_POINT('Origin',(242.75,198.789933908068,1.));
#13831=CARTESIAN_POINT('',(221.11875,199.789933908068,1.));
#13832=CARTESIAN_POINT('Origin',(242.75,200.989933908068,1.));
#13833=CARTESIAN_POINT('',(241.55,200.989933908068,1.));
#13834=CARTESIAN_POINT('Origin',(240.55,200.989933908068,1.));
#13835=CARTESIAN_POINT('Origin',(242.75,200.989933908068,1.));
#13836=CARTESIAN_POINT('Origin',(240.55,154.458683908068,1.));
#13837=CARTESIAN_POINT('',(241.55,212.667629730622,1.));
#13838=CARTESIAN_POINT('Origin',(240.55,212.667629730622,1.));
#13839=CARTESIAN_POINT('',(241.55,154.458683908068,1.));
#13840=CARTESIAN_POINT('Origin',(240.55,212.667629730622,1.));
#13841=CARTESIAN_POINT('',(240.550387898933,213.66762965539,1.));
#13842=CARTESIAN_POINT('Origin',(240.55,212.667629730622,1.));
#13843=CARTESIAN_POINT('Origin',(240.55,212.667629730622,1.));
#13844=CARTESIAN_POINT('Origin',(256.625,212.664933908068,0.));
#13845=CARTESIAN_POINT('',(256.625,213.664933908068,9.0625));
#13846=CARTESIAN_POINT('Origin',(256.625,212.664933908068,9.0625));
#13847=CARTESIAN_POINT('',(256.625,213.664933908068,0.));
#13848=CARTESIAN_POINT('Origin',(256.625,212.664933908068,9.0625));
#13849=CARTESIAN_POINT('Origin',(256.625,212.664933908068,9.0625));
#13850=CARTESIAN_POINT('Origin',(247.5,2.18993390806826,0.));
#13851=CARTESIAN_POINT('',(247.5,2.18993390806826,0.));
#13852=CARTESIAN_POINT('',(250.8125,2.18993390806826,2.6313));
#13853=CARTESIAN_POINT('Origin',(250.8125,2.18993390806826,5.0313));
#13854=CARTESIAN_POINT('Origin',(227.43125,212.664933908068,9.0625));
#13855=CARTESIAN_POINT('',(247.5,213.664933908068,9.0625));
#13856=CARTESIAN_POINT('',(227.43125,213.664933908068,9.0625));
#13857=CARTESIAN_POINT('Origin',(247.5,212.664933908068,9.0625));
#13858=CARTESIAN_POINT('Origin',(257.625,213.664933908068,0.));
#13859=CARTESIAN_POINT('',(247.5,213.664933908068,0.));
#13860=CARTESIAN_POINT('',(250.8125,213.664933908068,7.4313));
#13861=CARTESIAN_POINT('Origin',(250.8125,213.664933908068,5.0313));
#13862=CARTESIAN_POINT('Origin',(240.55,154.469414163108,9.0625));
#13863=CARTESIAN_POINT('',(241.55,200.989933908068,9.0625));
#13864=CARTESIAN_POINT('Origin',(240.55,200.989933908068,9.0625));
#13865=CARTESIAN_POINT('',(241.55,212.667629730622,9.0625));
#13866=CARTESIAN_POINT('',(241.55,154.469414163108,9.0625));
#13867=CARTESIAN_POINT('Origin',(240.55,212.667629730622,9.0625));
#13868=CARTESIAN_POINT('Origin',(242.75,200.989933908068,9.0625));
#13869=CARTESIAN_POINT('',(242.75,199.789933908068,9.0625));
#13870=CARTESIAN_POINT('Origin',(242.75,198.789933908068,9.0625));
#13871=CARTESIAN_POINT('Origin',(242.75,200.989933908068,9.0625));
#13872=CARTESIAN_POINT('Origin',(221.11875,198.789933908068,9.0625));
#13873=CARTESIAN_POINT('',(245.,199.789933908068,9.0625));
#13874=CARTESIAN_POINT('Origin',(245.,198.789933908068,9.0625));
#13875=CARTESIAN_POINT('',(221.11875,199.789933908068,9.0625));
#13876=CARTESIAN_POINT('Origin',(245.,200.989933908068,9.0625));
#13877=CARTESIAN_POINT('',(246.2,200.989933908068,9.0625));
#13878=CARTESIAN_POINT('Origin',(247.2,200.989933908068,9.0625));
#13879=CARTESIAN_POINT('Origin',(245.,200.989933908068,9.0625));
#13880=CARTESIAN_POINT('Origin',(247.2,160.156914163108,9.0625));
#13881=CARTESIAN_POINT('',(246.2,212.364933908068,9.0625));
#13882=CARTESIAN_POINT('Origin',(247.2,212.364933908068,9.0625));
#13883=CARTESIAN_POINT('',(246.2,160.156914163108,9.0625));
#13884=CARTESIAN_POINT('Ctrl Pts',(247.5,213.664933908068,9.0625));
#13885=CARTESIAN_POINT('Ctrl Pts',(246.2,213.664933908068,9.0625));
#13886=CARTESIAN_POINT('Ctrl Pts',(246.2,212.364933908068,9.0625));
#13887=CARTESIAN_POINT('Ctrl Pts',(247.5,213.664933908068,10.0625));
#13888=CARTESIAN_POINT('Ctrl Pts',(246.2,213.664933908068,10.0625));
#13889=CARTESIAN_POINT('Ctrl Pts',(246.2,212.364933908068,10.0625));
#13890=CARTESIAN_POINT('Ctrl Pts',(247.5,212.664933908068,10.0625));
#13891=CARTESIAN_POINT('Ctrl Pts',(247.2,212.664933908068,10.0625));
#13892=CARTESIAN_POINT('Ctrl Pts',(247.2,212.364933908068,10.0625));
#13893=CARTESIAN_POINT('Origin',(247.5,212.364933908068,9.0625));
#13894=CARTESIAN_POINT('Origin',(240.55,212.667629730622,1.03125));
#13895=CARTESIAN_POINT('',(240.550387898933,213.66762965539,9.0625));
#13896=CARTESIAN_POINT('',(240.550387898933,213.66762965539,1.03125));
#13897=CARTESIAN_POINT('Origin',(240.55,212.667629730622,9.0625));
#13898=CARTESIAN_POINT('',(241.55,212.667629730622,1.03125));
#13899=CARTESIAN_POINT('Origin',(219.413872853852,212.675828412406,1.));
#13900=CARTESIAN_POINT('',(137.850387898933,213.707466878801,1.));
#13901=CARTESIAN_POINT('Origin',(137.85,212.707466954034,1.));
#13902=CARTESIAN_POINT('',(219.414260752785,213.675828337173,1.));
#13903=CARTESIAN_POINT('Origin',(240.55,212.667629730622,9.0625));
#13904=CARTESIAN_POINT('Origin',(240.55,212.667629730622,9.0625));
#13905=CARTESIAN_POINT('Origin',(137.85,212.707466954034,1.));
#13906=CARTESIAN_POINT('Origin',(137.85,212.707466954034,1.));
#13907=CARTESIAN_POINT('Origin',(219.413868691598,212.67582841402,9.0625));
#13908=CARTESIAN_POINT('',(137.850387898933,213.707466878801,9.0625));
#13909=CARTESIAN_POINT('',(219.414256590531,213.675828338788,9.0625));
#13910=CARTESIAN_POINT('Origin',(137.85,212.707466954034,9.0625));
#13911=CARTESIAN_POINT('Origin',(241.549998482456,213.667241907482,2.0625));
#13912=CARTESIAN_POINT('',(137.850387898933,213.707466878801,1.03125));
#13913=CARTESIAN_POINT('Origin',(137.85,212.707466954034,1.03125));
#13914=CARTESIAN_POINT('Origin',(137.85,212.707466954034,9.0625));
#13915=CARTESIAN_POINT('Origin',(136.85,188.989933908068,0.));
#13916=CARTESIAN_POINT('',(147.85,188.989933908068,3.));
#13917=CARTESIAN_POINT('',(147.85,188.989933908068,0.));
#13918=CARTESIAN_POINT('',(139.85,188.989933908068,3.));
#13919=CARTESIAN_POINT('Origin',(140.05,197.989933908068,3.2));
#13920=CARTESIAN_POINT('',(140.05,200.989933908068,4.));
#13921=CARTESIAN_POINT('',(140.05,199.990910709103,4.));
#13922=CARTESIAN_POINT('',(140.05,197.989933908068,4.));
#13923=CARTESIAN_POINT('',(140.85,200.970706606217,3.2));
#13924=CARTESIAN_POINT('Ctrl Pts',(140.85,200.970706606217,3.2));
#13925=CARTESIAN_POINT('Ctrl Pts',(140.85,200.949857355976,3.30214004921845));
#13926=CARTESIAN_POINT('Ctrl Pts',(140.829421796064,200.911168027914,3.40500657814613));
#13927=CARTESIAN_POINT('Ctrl Pts',(140.757270938683,200.807645486497,3.58638560344683));
#13928=CARTESIAN_POINT('Ctrl Pts',(140.705990421231,200.742982905897,3.6651114773136));
#13929=CARTESIAN_POINT('Ctrl Pts',(140.573089710412,200.582240092647,3.81714371805044));
#13930=CARTESIAN_POINT('Ctrl Pts',(140.474206214646,200.468341232602,3.88789029859165));
#13931=CARTESIAN_POINT('Ctrl Pts',(140.26393831734,200.230029101617,3.97934231974007));
#13932=CARTESIAN_POINT('Ctrl Pts',(140.152567930126,200.10558514114,4.));
#13933=CARTESIAN_POINT('Ctrl Pts',(140.05,199.990910709103,4.));
#13934=CARTESIAN_POINT('',(140.85,201.789933908068,3.2));
#13935=CARTESIAN_POINT('',(140.85,197.989933908068,3.2));
#13936=CARTESIAN_POINT('Origin',(140.05,201.789933908068,3.2));
#13937=CARTESIAN_POINT('Origin',(140.05,201.789933908068,2.0625));
#13938=CARTESIAN_POINT('',(140.85,201.789933908068,9.0625));
#13939=CARTESIAN_POINT('',(140.85,201.789933908068,2.0625));
#13940=CARTESIAN_POINT('',(140.05,200.989933908068,9.0625));
#13941=CARTESIAN_POINT('Origin',(140.05,201.789933908068,9.0625));
#13942=CARTESIAN_POINT('',(140.05,200.989933908068,2.0625));
#13943=CARTESIAN_POINT('Ctrl Pts',(139.85,201.989933908068,10.0625));
#13944=CARTESIAN_POINT('Ctrl Pts',(139.850662251882,201.986622648658,10.0625));
#13945=CARTESIAN_POINT('Ctrl Pts',(139.851326584403,201.983300986051,10.0624902705406));
#13946=CARTESIAN_POINT('Ctrl Pts',(139.905157522452,201.714146295818,10.0590123394641));
#13947=CARTESIAN_POINT('Ctrl Pts',(139.978738600443,201.346240905854,9.92019163838791));
#13948=CARTESIAN_POINT('Ctrl Pts',(140.040023399668,201.03981690973,9.4414970509647));
#13949=CARTESIAN_POINT('Ctrl Pts',(140.05,200.989933908068,9.18839775196463));
#13950=CARTESIAN_POINT('Ctrl Pts',(140.05,200.989933908068,9.0625));
#13951=CARTESIAN_POINT('Ctrl Pts',(139.85,201.989933908068,10.0625));
#13952=CARTESIAN_POINT('Ctrl Pts',(139.851142240774,201.987154942763,10.0621324965739));
#13953=CARTESIAN_POINT('Ctrl Pts',(139.852359324659,201.984282998695,10.0628548283497));
#13954=CARTESIAN_POINT('Ctrl Pts',(139.947117528599,201.756776414066,10.0542101578988));
#13955=CARTESIAN_POINT('Ctrl Pts',(140.07656924338,201.441286562448,9.98514038387935));
#13956=CARTESIAN_POINT('Ctrl Pts',(140.249496664084,201.067546438729,9.52831244969829));
#13957=CARTESIAN_POINT('Ctrl Pts',(140.290080546094,200.988979610803,9.21865380814376));
#13958=CARTESIAN_POINT('Ctrl Pts',(140.289359440274,200.989933908068,9.0625));
#13959=CARTESIAN_POINT('Ctrl Pts',(139.85,201.989933908068,10.0625));
#13960=CARTESIAN_POINT('Ctrl Pts',(139.852066862222,201.988016134283,10.0618561787797));
#13961=CARTESIAN_POINT('Ctrl Pts',(139.854090351905,201.986076231123,10.063130366345));
#13962=CARTESIAN_POINT('Ctrl Pts',(140.020910800468,201.829539259995,10.0505316746299));
#13963=CARTESIAN_POINT('Ctrl Pts',(140.248731126416,201.616585545709,10.0340082892696));
#13964=CARTESIAN_POINT('Ctrl Pts',(140.613307725552,201.275973075466,9.6042481628987));
#13965=CARTESIAN_POINT('Ctrl Pts',(140.705489264232,201.189178037643,9.24594004381155));
#13966=CARTESIAN_POINT('Ctrl Pts',(140.703571823879,201.190994036977,9.0625));
#13967=CARTESIAN_POINT('Ctrl Pts',(139.85,201.989933908068,10.0625));
#13968=CARTESIAN_POINT('Ctrl Pts',(139.852912038832,201.988911664518,10.0622243724304));
#13969=CARTESIAN_POINT('Ctrl Pts',(139.855896412534,201.987832768473,10.0627636888974));
#13970=CARTESIAN_POINT('Ctrl Pts',(140.093815023563,201.903306381016,10.0554107032902));
#13971=CARTESIAN_POINT('Ctrl Pts',(140.422408759769,201.787822325422,9.9689031975065));
#13972=CARTESIAN_POINT('Ctrl Pts',(140.779319851589,201.642805560091,9.50660860001491));
#13973=CARTESIAN_POINT('Ctrl Pts',(140.850715722949,201.609873498498,9.21108979409896));
#13974=CARTESIAN_POINT('Ctrl Pts',(140.85,201.610414327863,9.0625));
#13975=CARTESIAN_POINT('Ctrl Pts',(139.85,201.989933908068,10.0625));
#13976=CARTESIAN_POINT('Ctrl Pts',(139.853311259411,201.989271656186,10.0625));
#13977=CARTESIAN_POINT('Ctrl Pts',(139.856632922017,201.988607323665,10.0624902705406));
#13978=CARTESIAN_POINT('Ctrl Pts',(140.125787612249,201.934776385627,10.0590123394642));
#13979=CARTESIAN_POINT('Ctrl Pts',(140.493693002214,201.861195307625,9.92019163838792));
#13980=CARTESIAN_POINT('Ctrl Pts',(140.800116998338,201.799910508403,9.44149705096471));
#13981=CARTESIAN_POINT('Ctrl Pts',(140.85,201.789933908068,9.18839775196463));
#13982=CARTESIAN_POINT('Ctrl Pts',(140.85,201.789933908068,9.0625));
#13983=CARTESIAN_POINT('Ctrl Pts',(140.85,201.789933908068,9.0625));
#13984=CARTESIAN_POINT('Ctrl Pts',(140.85,201.789933908068,9.18839775196463));
#13985=CARTESIAN_POINT('Ctrl Pts',(140.800116998338,201.799910508403,9.44149705096471));
#13986=CARTESIAN_POINT('Ctrl Pts',(140.493693002214,201.861195307625,9.92019163838792));
#13987=CARTESIAN_POINT('Ctrl Pts',(140.125787612249,201.934776385627,10.0590123394642));
#13988=CARTESIAN_POINT('Ctrl Pts',(139.856632922017,201.988607323665,10.0624902705406));
#13989=CARTESIAN_POINT('Ctrl Pts',(139.853311259411,201.989271656186,10.0625));
#13990=CARTESIAN_POINT('Ctrl Pts',(139.85,201.989933908068,10.0625));
#13991=CARTESIAN_POINT('Ctrl Pts',(139.85,201.989933908068,10.0625));
#13992=CARTESIAN_POINT('Ctrl Pts',(139.850662251882,201.986622648658,10.0625));
#13993=CARTESIAN_POINT('Ctrl Pts',(139.851326584403,201.983300986051,10.0624902705406));
#13994=CARTESIAN_POINT('Ctrl Pts',(139.905157522452,201.714146295818,10.0590123394641));
#13995=CARTESIAN_POINT('Ctrl Pts',(139.978738600443,201.346240905854,9.92019163838791));
#13996=CARTESIAN_POINT('Ctrl Pts',(140.040023399668,201.03981690973,9.4414970509647));
#13997=CARTESIAN_POINT('Ctrl Pts',(140.05,200.989933908068,9.18839775196463));
#13998=CARTESIAN_POINT('Ctrl Pts',(140.05,200.989933908068,9.0625));
#13999=CARTESIAN_POINT('Origin',(139.85,154.469414163108,9.0625));
#14000=CARTESIAN_POINT('',(140.85,210.26830329282,9.0625));
#14001=CARTESIAN_POINT('',(140.85,154.469414163108,9.0625));
#14002=CARTESIAN_POINT('Origin',(139.85,210.26830329282,9.0625));
#14003=CARTESIAN_POINT('Origin',(140.85,200.989933908068,2.0625));
#14004=CARTESIAN_POINT('',(140.85,200.98895567302,3.0625));
#14005=CARTESIAN_POINT('Origin',(140.85,199.990910709103,3.));
#14006=CARTESIAN_POINT('',(140.85,210.26830329282,3.0625));
#14007=CARTESIAN_POINT('',(140.85,154.458683908068,3.0625));
#14008=CARTESIAN_POINT('',(140.85,210.26830329282,2.0625));
#14009=CARTESIAN_POINT('Origin',(136.85,200.989933908068,2.0625));
#14010=CARTESIAN_POINT('',(137.85,200.989933908068,9.0625));
#14011=CARTESIAN_POINT('',(167.04375,200.989933908068,9.0625));
#14012=CARTESIAN_POINT('',(137.85,200.989933908068,4.));
#14013=CARTESIAN_POINT('',(137.85,200.989933908068,1.03125));
#14014=CARTESIAN_POINT('',(139.85,200.989933908068,4.));
#14015=CARTESIAN_POINT('Origin',(147.85,189.989933908068,0.));
#14016=CARTESIAN_POINT('',(148.85,189.989933908068,3.));
#14017=CARTESIAN_POINT('',(148.85,189.989933908068,0.));
#14018=CARTESIAN_POINT('Origin',(147.85,189.989933908068,3.));
#14019=CARTESIAN_POINT('Origin',(147.85,191.989933908068,3.));
#14020=CARTESIAN_POINT('',(147.85,189.989933908068,4.));
#14021=CARTESIAN_POINT('Origin',(147.85,189.989933908068,3.));
#14022=CARTESIAN_POINT('',(148.85,199.990910709103,3.));
#14023=CARTESIAN_POINT('',(148.85,191.989933908068,3.));
#14024=CARTESIAN_POINT('',(147.85,199.990910709103,4.));
#14025=CARTESIAN_POINT('Origin',(147.85,199.990910709103,3.));
#14026=CARTESIAN_POINT('',(147.85,191.989933908068,4.));
#14027=CARTESIAN_POINT('Origin',(147.85,189.989933908068,3.));
#14028=CARTESIAN_POINT('Origin',(147.85,189.989933908068,3.));
#14029=CARTESIAN_POINT('Origin',(147.85,199.990910709103,3.));
#14030=CARTESIAN_POINT('',(147.85,200.990422308586,3.03125));
#14031=CARTESIAN_POINT('Origin',(147.85,199.990910709103,3.));
#14032=CARTESIAN_POINT('Origin',(147.85,199.990910709103,3.));
#14033=CARTESIAN_POINT('Origin',(173.04375,199.990910709103,3.));
#14034=CARTESIAN_POINT('',(173.04375,199.990910709103,4.));
#14035=CARTESIAN_POINT('',(140.850488400518,200.990422308586,3.03125));
#14036=CARTESIAN_POINT('',(173.04375,200.990422308586,3.03125));
#14037=CARTESIAN_POINT('Ctrl Pts',(140.85,200.98895567302,3.0625));
#14038=CARTESIAN_POINT('Ctrl Pts',(140.85,200.989605582326,3.05212178065431));
#14039=CARTESIAN_POINT('Ctrl Pts',(140.850161992266,200.990095900335,3.04168996266581));
#14040=CARTESIAN_POINT('Ctrl Pts',(140.850488400518,200.990422308586,3.03125));
#14041=CARTESIAN_POINT('Origin',(148.85,188.989933908068,0.));
#14042=CARTESIAN_POINT('',(148.85,200.989933908068,1.0625));
#14043=CARTESIAN_POINT('',(148.85,200.989933908068,0.));
#14044=CARTESIAN_POINT('',(148.85,201.021688071516,1.3125));
#14045=CARTESIAN_POINT('Origin',(148.85,201.989933908068,1.0625));
#14046=CARTESIAN_POINT('Origin',(148.85,201.989933908068,3.0625));
#14047=CARTESIAN_POINT('Origin',(139.85,189.989933908068,3.));
#14048=CARTESIAN_POINT('',(139.85,189.989933908068,4.));
#14049=CARTESIAN_POINT('Origin',(137.85,201.989933908068,1.03125));
#14050=CARTESIAN_POINT('Origin',(137.85,201.989933908068,9.0625));
#14051=CARTESIAN_POINT('Origin',(137.85,201.989933908068,3.));
#14052=CARTESIAN_POINT('Origin',(137.85,205.427433908068,3.));
#14053=CARTESIAN_POINT('',(137.85,205.427433908068,4.));
#14054=CARTESIAN_POINT('Origin',(167.04375,201.989933908068,9.0625));
#14055=CARTESIAN_POINT('Origin',(137.85,201.989933908068,9.0625));
#14056=CARTESIAN_POINT('Origin',(137.85,201.989933908068,9.0625));
#14057=CARTESIAN_POINT('Origin',(137.85,201.989933908068,9.0625));
#14058=CARTESIAN_POINT('Origin',(137.85,161.906914163108,9.0625));
#14059=CARTESIAN_POINT('Origin',(137.85,212.707466954034,9.0625));
#14060=CARTESIAN_POINT('Origin',(137.85,212.707466954034,9.0625));
#14061=CARTESIAN_POINT('Origin',(241.55,200.989933908068,0.));
#14062=CARTESIAN_POINT('',(241.55,200.989933908068,0.));
#14063=CARTESIAN_POINT('',(241.55,209.927433908068,5.0313));
#14064=CARTESIAN_POINT('Origin',(241.55,207.927433908068,5.0313));
#14065=CARTESIAN_POINT('Origin',(141.85,210.26830329282,9.0625));
#14066=CARTESIAN_POINT('',(141.85,211.26830329282,9.0625));
#14067=CARTESIAN_POINT('Origin',(141.85,212.26830329282,9.0625));
#14068=CARTESIAN_POINT('Origin',(141.85,210.26830329282,9.0625));
#14069=CARTESIAN_POINT('Origin',(169.04375,212.26830329282,9.0625));
#14070=CARTESIAN_POINT('',(238.112,211.26830329282,9.0625));
#14071=CARTESIAN_POINT('Origin',(238.112,212.26830329282,9.0625));
#14072=CARTESIAN_POINT('',(169.04375,211.26830329282,9.0625));
#14073=CARTESIAN_POINT('Origin',(238.112,210.26830329282,9.0625));
#14074=CARTESIAN_POINT('Origin',(238.112,210.26830329282,9.0625));
#14075=CARTESIAN_POINT('Origin',(239.112,197.351933908068,2.0625));
#14076=CARTESIAN_POINT('',(255.187,197.351933908068,2.0625));
#14077=CARTESIAN_POINT('Origin',(147.85,201.989933908068,3.0625));
#14078=CARTESIAN_POINT('',(147.85,201.989933908068,2.0625));
#14079=CARTESIAN_POINT('Ctrl Pts',(147.85,201.989933908068,2.0625));
#14080=CARTESIAN_POINT('Ctrl Pts',(147.851217160844,201.989073245381,2.0625));
#14081=CARTESIAN_POINT('Ctrl Pts',(147.852434325577,201.988212579945,2.06249888888961));
#14082=CARTESIAN_POINT('Ctrl Pts',(148.024385228944,201.866624018233,2.06218494688723));
#14083=CARTESIAN_POINT('Ctrl Pts',(148.239995676699,201.715011059367,2.03992864770008));
#14084=CARTESIAN_POINT('Ctrl Pts',(148.544603510762,201.452739814231,1.91377705434678));
#14085=CARTESIAN_POINT('Ctrl Pts',(148.629774007698,201.365372971825,1.84990150585985));
#14086=CARTESIAN_POINT('Ctrl Pts',(148.746726713041,201.228544431694,1.71705645133803));
#14087=CARTESIAN_POINT('Ctrl Pts',(148.789356615326,201.168416654039,1.64174783003216));
#14088=CARTESIAN_POINT('Ctrl Pts',(148.83914675343,201.076526764353,1.47839888168387));
#14089=CARTESIAN_POINT('Ctrl Pts',(148.85,201.043671425391,1.39764116344881));
#14090=CARTESIAN_POINT('Ctrl Pts',(148.85,201.021688071516,1.3125));
#14091=CARTESIAN_POINT('Origin',(147.85,201.989933908068,3.0625));
#14092=CARTESIAN_POINT('Origin',(142.85,194.989933908068,4.));
#14093=CARTESIAN_POINT('',(145.25,194.989933908068,4.));
#14094=CARTESIAN_POINT('Origin',(142.85,194.989933908068,4.));
#14095=CARTESIAN_POINT('Origin',(173.04375,201.989933908068,3.0625));
#14096=CARTESIAN_POINT('',(141.85,201.989933908068,2.0625));
#14097=CARTESIAN_POINT('',(173.04375,201.989933908068,2.0625));
#14098=CARTESIAN_POINT('Origin',(141.85,201.989933908068,3.0625));
#14099=CARTESIAN_POINT('Origin',(173.04375,201.989933908068,1.0625));
#14100=CARTESIAN_POINT('',(173.04375,200.989933908068,1.0625));
#14101=CARTESIAN_POINT('',(230.75,201.989933908068,2.0625));
#14102=CARTESIAN_POINT('Origin',(230.75,201.989933908068,1.0625));
#14103=CARTESIAN_POINT('',(173.04375,201.989933908068,2.0625));
#14104=CARTESIAN_POINT('Origin',(148.85,200.989933908068,0.));
#14105=CARTESIAN_POINT('Origin',(230.75,154.458683908068,1.0625));
#14106=CARTESIAN_POINT('',(230.75,199.851933908068,2.0625));
#14107=CARTESIAN_POINT('Origin',(230.75,199.851933908068,1.0625));
#14108=CARTESIAN_POINT('',(230.75,154.458683908068,2.0625));
#14109=CARTESIAN_POINT('Origin',(230.75,199.851933908068,3.0625));
#14110=CARTESIAN_POINT('Origin',(230.75,199.851933908068,3.0625));
#14111=CARTESIAN_POINT('Origin',(141.85,210.26830329282,3.0625));
#14112=CARTESIAN_POINT('',(141.85,211.26830329282,3.0625));
#14113=CARTESIAN_POINT('Origin',(141.85,210.26830329282,3.0625));
#14114=CARTESIAN_POINT('',(141.85,210.26830329282,2.0625));
#14115=CARTESIAN_POINT('Origin',(141.85,210.26830329282,3.0625));
#14116=CARTESIAN_POINT('Origin',(141.85,210.26830329282,3.0625));
#14117=CARTESIAN_POINT('Origin',(141.85,154.458683908068,3.0625));
#14118=CARTESIAN_POINT('',(141.85,154.458683908068,2.0625));
#14119=CARTESIAN_POINT('Origin',(238.112,210.26830329282,3.0625));
#14120=CARTESIAN_POINT('',(238.112,210.26830329282,2.0625));
#14121=CARTESIAN_POINT('',(238.112,211.26830329282,3.0625));
#14122=CARTESIAN_POINT('Origin',(238.112,210.26830329282,3.0625));
#14123=CARTESIAN_POINT('Origin',(238.112,210.26830329282,3.0625));
#14124=CARTESIAN_POINT('Origin',(238.112,210.26830329282,3.0625));
#14125=CARTESIAN_POINT('Origin',(238.112,159.597868600444,3.0625));
#14126=CARTESIAN_POINT('Ctrl Pts',(239.112,207.575543925261,3.0625));
#14127=CARTESIAN_POINT('Ctrl Pts',(239.112,207.69253586354,3.04158965301221));
#14128=CARTESIAN_POINT('Ctrl Pts',(239.111513161494,207.810949693094,3.0313));
#14129=CARTESIAN_POINT('Ctrl Pts',(239.111513161494,208.043918123042,3.0313));
#14130=CARTESIAN_POINT('Ctrl Pts',(239.112,208.162331952596,3.04158965301222));
#14131=CARTESIAN_POINT('Ctrl Pts',(239.112,208.279323890875,3.0625));
#14132=CARTESIAN_POINT('',(238.112,199.851933908068,2.0625));
#14133=CARTESIAN_POINT('',(238.112,159.597868600444,2.0625));
#14134=CARTESIAN_POINT('Origin',(238.112,199.851933908068,3.0625));
#14135=CARTESIAN_POINT('Origin',(238.112,210.26830329282,2.0625));
#14136=CARTESIAN_POINT('',(238.112,211.26830329282,2.0625));
#14137=CARTESIAN_POINT('Origin',(169.04375,210.26830329282,3.0625));
#14138=CARTESIAN_POINT('',(169.04375,210.26830329282,2.0625));
#14139=CARTESIAN_POINT('',(169.04375,211.26830329282,3.0625));
#14140=CARTESIAN_POINT('Origin',(141.85,210.26830329282,2.0625));
#14141=CARTESIAN_POINT('',(141.85,211.26830329282,2.0625));
#14142=CARTESIAN_POINT('Origin',(218.17475,199.851933908068,3.0625));
#14143=CARTESIAN_POINT('',(218.17475,198.851933908068,3.0625));
#14144=CARTESIAN_POINT('',(218.17475,199.851933908068,2.0625));
#14145=CARTESIAN_POINT('Origin',(239.112,198.851933908068,2.0625));
#14146=CARTESIAN_POINT('Origin',(197.2375,107.927433908068,2.0625));
#14147=CARTESIAN_POINT('Origin',(250.8125,210.664933908068,5.0313));
#14148=CARTESIAN_POINT('',(250.8125,210.664933908068,7.4313));
#14149=CARTESIAN_POINT('Origin',(250.8125,210.664933908068,5.0313));
#14150=CARTESIAN_POINT('',(250.8125,210.664933908068,7.0813));
#14151=CARTESIAN_POINT('Origin',(250.8125,210.664933908068,5.0313));
#14152=CARTESIAN_POINT('Origin',(250.8125,212.164933908068,5.0313));
#14153=CARTESIAN_POINT('',(250.8125,212.164933908068,7.4313));
#14154=CARTESIAN_POINT('Origin',(250.8125,209.664933908068,5.0313));
#14155=CARTESIAN_POINT('',(250.8125,205.664933908068,7.0813));
#14156=CARTESIAN_POINT('',(250.8125,209.664933908068,7.0813));
#14157=CARTESIAN_POINT('Origin',(250.8125,205.664933908068,5.0313));
#14158=CARTESIAN_POINT('Origin',(250.8125,205.664933908068,5.0313));
#14159=CARTESIAN_POINT('Origin',(250.8125,5.18993390806827,5.0313));
#14160=CARTESIAN_POINT('',(250.8125,5.18993390806827,2.6313));
#14161=CARTESIAN_POINT('Origin',(250.8125,5.18993390806827,5.0313));
#14162=CARTESIAN_POINT('',(250.8125,5.18993390806827,2.9813));
#14163=CARTESIAN_POINT('Origin',(250.8125,5.18993390806827,5.0313));
#14164=CARTESIAN_POINT('Origin',(250.8125,3.68993390806825,5.0313));
#14165=CARTESIAN_POINT('',(250.8125,3.68993390806825,2.6313));
#14166=CARTESIAN_POINT('Origin',(250.8125,6.18993390806825,5.0313));
#14167=CARTESIAN_POINT('',(250.8125,10.1899339080683,2.9813));
#14168=CARTESIAN_POINT('',(250.8125,6.18993390806825,2.9813));
#14169=CARTESIAN_POINT('Origin',(250.8125,10.1899339080683,5.0313));
#14170=CARTESIAN_POINT('Origin',(250.8125,10.1899339080683,5.0313));
#14171=CARTESIAN_POINT('Origin',(239.112,7.92743390806816,5.0313));
#14172=CARTESIAN_POINT('',(239.112,9.92743390806815,5.0313));
#14173=CARTESIAN_POINT('Origin',(239.112,207.927433908068,5.0313));
#14174=CARTESIAN_POINT('',(239.112,209.927433908068,5.0313));
#14175=CARTESIAN_POINT('Origin',(142.85,20.8649339080683,1.));
#14176=CARTESIAN_POINT('',(145.25,20.8649339080683,1.));
#14177=CARTESIAN_POINT('Origin',(142.85,20.8649339080683,1.));
#14178=CARTESIAN_POINT('',(144.95,20.8649339080683,1.));
#14179=CARTESIAN_POINT('Origin',(142.85,20.8649339080683,1.));
#14180=CARTESIAN_POINT('Origin',(142.85,20.8649339080683,2.5));
#14181=CARTESIAN_POINT('',(145.25,20.8649339080683,2.5));
#14182=CARTESIAN_POINT('Origin',(142.85,20.8649339080683,1.75));
#14183=CARTESIAN_POINT('',(144.95,20.8649339080683,1.75));
#14184=CARTESIAN_POINT('Origin',(235.181,193.920933908068,1.));
#14185=CARTESIAN_POINT('',(237.581,193.920933908068,1.));
#14186=CARTESIAN_POINT('Origin',(235.181,193.920933908068,1.));
#14187=CARTESIAN_POINT('',(237.281,193.920933908068,1.));
#14188=CARTESIAN_POINT('Origin',(235.181,193.920933908068,1.));
#14189=CARTESIAN_POINT('Origin',(235.181,193.920933908068,2.5));
#14190=CARTESIAN_POINT('',(237.581,193.920933908068,2.5));
#14191=CARTESIAN_POINT('Origin',(235.181,193.920933908068,1.75));
#14192=CARTESIAN_POINT('',(237.281,193.920933908068,1.75));
#14193=CARTESIAN_POINT('Origin',(142.85,194.989933908068,1.));
#14194=CARTESIAN_POINT('',(145.25,194.989933908068,1.));
#14195=CARTESIAN_POINT('Origin',(142.85,194.989933908068,1.));
#14196=CARTESIAN_POINT('',(144.95,194.989933908068,1.));
#14197=CARTESIAN_POINT('Origin',(142.85,194.989933908068,1.));
#14198=CARTESIAN_POINT('Origin',(142.85,194.989933908068,2.5));
#14199=CARTESIAN_POINT('',(145.25,194.989933908068,2.5));
#14200=CARTESIAN_POINT('Origin',(142.85,194.989933908068,1.75));
#14201=CARTESIAN_POINT('',(144.95,194.989933908068,1.75));
#14202=CARTESIAN_POINT('Origin',(235.181,21.9339339080682,1.));
#14203=CARTESIAN_POINT('',(237.581,21.9339339080682,1.));
#14204=CARTESIAN_POINT('Origin',(235.181,21.9339339080682,1.));
#14205=CARTESIAN_POINT('',(237.281,21.9339339080682,1.));
#14206=CARTESIAN_POINT('Origin',(235.181,21.9339339080682,1.));
#14207=CARTESIAN_POINT('Origin',(235.181,21.9339339080682,2.5));
#14208=CARTESIAN_POINT('',(237.581,21.9339339080682,2.5));
#14209=CARTESIAN_POINT('Origin',(235.181,21.9339339080682,1.75));
#14210=CARTESIAN_POINT('',(237.281,21.9339339080682,1.75));
#14211=CARTESIAN_POINT('Origin',(136.85,26.8649339080683,0.));
#14212=CARTESIAN_POINT('Origin',(255.187,197.351933908068,2.0625));
#14213=CARTESIAN_POINT('Origin',(140.85,211.26830329282,2.0625));
#14214=CARTESIAN_POINT('Origin',(245.,199.789933908068,0.));
#14215=CARTESIAN_POINT('',(242.75,199.789933908068,0.));
#14216=CARTESIAN_POINT('',(245.,199.789933908068,0.));
#14217=CARTESIAN_POINT('Origin',(245.,200.989933908068,0.));
#14218=CARTESIAN_POINT('',(246.2,200.989933908068,0.));
#14219=CARTESIAN_POINT('Origin',(246.2,212.364933908068,0.));
#14220=CARTESIAN_POINT('',(246.2,212.364933908068,0.));
#14221=CARTESIAN_POINT('Origin',(247.5,212.364933908068,0.));
#14222=CARTESIAN_POINT('Origin',(247.5,3.48993390806825,0.));
#14223=CARTESIAN_POINT('Origin',(242.75,200.989933908068,0.));
#14224=CARTESIAN_POINT('',(0.,0.,0.));
#14225=CARTESIAN_POINT('',(0.,0.,0.));
#14226=UNCERTAINTY_MEASURE_WITH_UNIT(LENGTH_MEASURE(0.01),#14234,
'DISTANCE_ACCURACY_VALUE',
'Maximum model space distance between geometric entities at asserted c
onnectivities');
#14227=UNCERTAINTY_MEASURE_WITH_UNIT(LENGTH_MEASURE(0.01),#14234,
'DISTANCE_ACCURACY_VALUE',
'Maximum model space distance between geometric entities at asserted c
onnectivities');
#14228=UNCERTAINTY_MEASURE_WITH_UNIT(LENGTH_MEASURE(0.01),#14234,
'DISTANCE_ACCURACY_VALUE',
'Maximum model space distance between geometric entities at asserted c
onnectivities');
#14229=UNCERTAINTY_MEASURE_WITH_UNIT(LENGTH_MEASURE(0.01),#14234,
'DISTANCE_ACCURACY_VALUE',
'Maximum model space distance between geometric entities at asserted c
onnectivities');
#14230=(
GEOMETRIC_REPRESENTATION_CONTEXT(3)
GLOBAL_UNCERTAINTY_ASSIGNED_CONTEXT((#14226))
GLOBAL_UNIT_ASSIGNED_CONTEXT((#14234,#14236,#14237))
REPRESENTATION_CONTEXT('','3D')
);
#14231=(
GEOMETRIC_REPRESENTATION_CONTEXT(3)
GLOBAL_UNCERTAINTY_ASSIGNED_CONTEXT((#14227))
GLOBAL_UNIT_ASSIGNED_CONTEXT((#14234,#14236,#14237))
REPRESENTATION_CONTEXT('','3D')
);
#14232=(
GEOMETRIC_REPRESENTATION_CONTEXT(3)
GLOBAL_UNCERTAINTY_ASSIGNED_CONTEXT((#14228))
GLOBAL_UNIT_ASSIGNED_CONTEXT((#14234,#14236,#14237))
REPRESENTATION_CONTEXT('','3D')
);
#14233=(
GEOMETRIC_REPRESENTATION_CONTEXT(3)
GLOBAL_UNCERTAINTY_ASSIGNED_CONTEXT((#14229))
GLOBAL_UNIT_ASSIGNED_CONTEXT((#14234,#14236,#14237))
REPRESENTATION_CONTEXT('','3D')
);
#14234=(
LENGTH_UNIT()
NAMED_UNIT(*)
SI_UNIT(.MILLI.,.METRE.)
);
#14235=(
LENGTH_UNIT()
NAMED_UNIT(*)
SI_UNIT($,.METRE.)
);
#14236=(
NAMED_UNIT(*)
PLANE_ANGLE_UNIT()
SI_UNIT($,.RADIAN.)
);
#14237=(
NAMED_UNIT(*)
SI_UNIT($,.STERADIAN.)
SOLID_ANGLE_UNIT()
);
#14238=SHAPE_DEFINITION_REPRESENTATION(#14241,#14246);
#14239=SHAPE_DEFINITION_REPRESENTATION(#14242,#14247);
#14240=SHAPE_DEFINITION_REPRESENTATION(#14243,#14248);
#14241=PRODUCT_DEFINITION_SHAPE('',$,#14250);
#14242=PRODUCT_DEFINITION_SHAPE('',$,#14251);
#14243=PRODUCT_DEFINITION_SHAPE('',$,#14252);
#14244=PRODUCT_DEFINITION_SHAPE($,$,#17);
#14245=PRODUCT_DEFINITION_SHAPE($,$,#18);
#14246=SHAPE_REPRESENTATION('',(#7646,#8637,#8638),#14230);
#14247=SHAPE_REPRESENTATION('',(#7647),#14231);
#14248=SHAPE_REPRESENTATION('',(#8146),#14232);
#14249=PRODUCT_DEFINITION_CONTEXT('part definition',#14260,'design');
#14250=PRODUCT_DEFINITION('split cross brace','split cross brace',#14253,
#14249);
#14251=PRODUCT_DEFINITION('Component1','Component1',#14254,#14249);
#14252=PRODUCT_DEFINITION('Component2','Component2',#14255,#14249);
#14253=PRODUCT_DEFINITION_FORMATION('',$,#14262);
#14254=PRODUCT_DEFINITION_FORMATION('',$,#14263);
#14255=PRODUCT_DEFINITION_FORMATION('',$,#14264);
#14256=PRODUCT_RELATED_PRODUCT_CATEGORY('split cross brace',
'split cross brace',(#14262));
#14257=PRODUCT_RELATED_PRODUCT_CATEGORY('Component1','Component1',(#14263));
#14258=PRODUCT_RELATED_PRODUCT_CATEGORY('Component2','Component2',(#14264));
#14259=APPLICATION_PROTOCOL_DEFINITION('international standard',
'automotive_design',2009,#14260);
#14260=APPLICATION_CONTEXT(
'Core Data for Automotive Mechanical Design Process');
#14261=PRODUCT_CONTEXT('part definition',#14260,'mechanical');
#14262=PRODUCT('split cross brace','split cross brace',$,(#14261));
#14263=PRODUCT('Component1','Component1',$,(#14261));
#14264=PRODUCT('Component2','Component2',$,(#14261));
#14265=PRESENTATION_STYLE_ASSIGNMENT((#14266));
#14266=SURFACE_STYLE_USAGE(.BOTH.,#14267);
#14267=SURFACE_SIDE_STYLE('',(#14268));
#14268=SURFACE_STYLE_FILL_AREA(#14269);
#14269=FILL_AREA_STYLE('Steel - Satin',(#14270));
#14270=FILL_AREA_STYLE_COLOUR('Steel - Satin',#14271);
#14271=COLOUR_RGB('Steel - Satin',0.627450980392157,0.627450980392157,0.627450980392157);
ENDSEC;
END-ISO-10303-21;
