ISO-10303-21;
HEADER;
/* Generated by software containing ST-Developer
 * from STEP Tools, Inc. (www.steptools.com) 
 */

FILE_DESCRIPTION(
/* description */ (''),
/* implementation_level */ '2;1');

FILE_NAME(
/* name */ 'frame_rail_connector_block.step',
/* time_stamp */ '2026-09-08T14:28:57-04:00',
/* author */ (''),
/* organization */ (''),
/* preprocessor_version */ 'ST-DEVELOPER v20.1',
/* originating_system */ 'Autodesk Translation Framework v14.24.0.0',
/* authorisation */ '');

FILE_SCHEMA (('AUTOMOTIVE_DESIGN { 1 0 10303 214 3 1 1 }'));
ENDSEC;

DATA;
#10=MECHANICAL_DESIGN_GEOMETRIC_PRESENTATION_REPRESENTATION('',(#13),#2637);
#11=SHAPE_REPRESENTATION_RELATIONSHIP('SRR','None',#2644,#12);
#12=ADVANCED_BREP_SHAPE_REPRESENTATION('',(#14),#2636);
#13=STYLED_ITEM('',(#2653),#14);
#14=MANIFOLD_SOLID_BREP('Body2',#1601);
#15=CYLINDRICAL_SURFACE('',#1720,2.05);
#16=CYLINDRICAL_SURFACE('',#1723,2.05);
#17=CYLINDRICAL_SURFACE('',#1726,2.05);
#18=CYLINDRICAL_SURFACE('',#1729,2.05);
#19=CYLINDRICAL_SURFACE('',#1732,2.05);
#20=CYLINDRICAL_SURFACE('',#1735,2.05);
#21=CYLINDRICAL_SURFACE('',#1738,2.05);
#22=CYLINDRICAL_SURFACE('',#1741,2.05);
#23=CYLINDRICAL_SURFACE('',#1745,1.39999999999999);
#24=CYLINDRICAL_SURFACE('',#1746,1.4);
#25=CONICAL_SURFACE('',#1688,2.25,0.0996686524911622);
#26=CONICAL_SURFACE('',#1692,2.25,0.0996686524911622);
#27=CONICAL_SURFACE('',#1696,2.25,0.0996686524911622);
#28=CONICAL_SURFACE('',#1700,2.25,0.0996686524911622);
#29=CONICAL_SURFACE('',#1704,2.25,0.0996686524911621);
#30=CONICAL_SURFACE('',#1708,2.25,0.0996686524911621);
#31=CONICAL_SURFACE('',#1712,2.25,0.0996686524911621);
#32=CONICAL_SURFACE('',#1716,2.25,0.0996686524911621);
#33=FACE_BOUND('',#190,.T.);
#34=FACE_BOUND('',#191,.T.);
#35=FACE_BOUND('',#192,.T.);
#36=FACE_BOUND('',#193,.T.);
#37=FACE_BOUND('',#197,.T.);
#38=FACE_BOUND('',#198,.T.);
#39=FACE_BOUND('',#199,.T.);
#40=FACE_BOUND('',#200,.T.);
#41=FACE_BOUND('',#201,.T.);
#42=FACE_BOUND('',#202,.T.);
#43=FACE_BOUND('',#203,.T.);
#44=FACE_BOUND('',#204,.T.);
#45=FACE_BOUND('',#207,.T.);
#46=FACE_BOUND('',#208,.T.);
#47=FACE_BOUND('',#209,.T.);
#48=FACE_BOUND('',#210,.T.);
#49=FACE_BOUND('',#268,.T.);
#50=FACE_BOUND('',#271,.T.);
#51=FACE_BOUND('',#274,.T.);
#52=FACE_BOUND('',#277,.T.);
#53=FACE_BOUND('',#280,.T.);
#54=FACE_BOUND('',#283,.T.);
#55=FACE_BOUND('',#286,.T.);
#56=FACE_BOUND('',#289,.T.);
#57=CIRCLE('',#1616,2.4);
#58=CIRCLE('',#1617,2.4);
#59=CIRCLE('',#1618,2.4);
#60=CIRCLE('',#1619,2.4);
#61=CIRCLE('',#1621,1.4);
#62=CIRCLE('',#1622,1.39999999999999);
#63=CIRCLE('',#1627,2.4);
#64=CIRCLE('',#1628,2.4);
#65=CIRCLE('',#1629,2.4);
#66=CIRCLE('',#1630,2.4);
#67=CIRCLE('',#1634,1.39999999999999);
#68=CIRCLE('',#1635,1.4);
#69=CIRCLE('',#1689,2.1);
#70=CIRCLE('',#1691,2.05);
#71=CIRCLE('',#1693,2.1);
#72=CIRCLE('',#1695,2.05);
#73=CIRCLE('',#1697,2.1);
#74=CIRCLE('',#1699,2.05);
#75=CIRCLE('',#1701,2.1);
#76=CIRCLE('',#1703,2.05);
#77=CIRCLE('',#1705,2.1);
#78=CIRCLE('',#1707,2.05);
#79=CIRCLE('',#1709,2.1);
#80=CIRCLE('',#1711,2.05);
#81=CIRCLE('',#1713,2.1);
#82=CIRCLE('',#1715,2.05);
#83=CIRCLE('',#1717,2.1);
#84=CIRCLE('',#1719,2.05);
#85=CIRCLE('',#1721,2.05);
#86=CIRCLE('',#1724,2.05);
#87=CIRCLE('',#1727,2.05);
#88=CIRCLE('',#1730,2.05);
#89=CIRCLE('',#1733,2.05);
#90=CIRCLE('',#1736,2.05);
#91=CIRCLE('',#1739,2.05);
#92=CIRCLE('',#1742,2.05);
#93=FACE_OUTER_BOUND('',#189,.T.);
#94=FACE_OUTER_BOUND('',#194,.T.);
#95=FACE_OUTER_BOUND('',#195,.T.);
#96=FACE_OUTER_BOUND('',#196,.T.);
#97=FACE_OUTER_BOUND('',#205,.T.);
#98=FACE_OUTER_BOUND('',#206,.T.);
#99=FACE_OUTER_BOUND('',#211,.T.);
#100=FACE_OUTER_BOUND('',#212,.T.);
#101=FACE_OUTER_BOUND('',#213,.T.);
#102=FACE_OUTER_BOUND('',#214,.T.);
#103=FACE_OUTER_BOUND('',#215,.T.);
#104=FACE_OUTER_BOUND('',#216,.T.);
#105=FACE_OUTER_BOUND('',#217,.T.);
#106=FACE_OUTER_BOUND('',#218,.T.);
#107=FACE_OUTER_BOUND('',#219,.T.);
#108=FACE_OUTER_BOUND('',#220,.T.);
#109=FACE_OUTER_BOUND('',#221,.T.);
#110=FACE_OUTER_BOUND('',#222,.T.);
#111=FACE_OUTER_BOUND('',#223,.T.);
#112=FACE_OUTER_BOUND('',#224,.T.);
#113=FACE_OUTER_BOUND('',#225,.T.);
#114=FACE_OUTER_BOUND('',#226,.T.);
#115=FACE_OUTER_BOUND('',#227,.T.);
#116=FACE_OUTER_BOUND('',#228,.T.);
#117=FACE_OUTER_BOUND('',#229,.T.);
#118=FACE_OUTER_BOUND('',#230,.T.);
#119=FACE_OUTER_BOUND('',#231,.T.);
#120=FACE_OUTER_BOUND('',#232,.T.);
#121=FACE_OUTER_BOUND('',#233,.T.);
#122=FACE_OUTER_BOUND('',#234,.T.);
#123=FACE_OUTER_BOUND('',#235,.T.);
#124=FACE_OUTER_BOUND('',#236,.T.);
#125=FACE_OUTER_BOUND('',#237,.T.);
#126=FACE_OUTER_BOUND('',#238,.T.);
#127=FACE_OUTER_BOUND('',#239,.T.);
#128=FACE_OUTER_BOUND('',#240,.T.);
#129=FACE_OUTER_BOUND('',#241,.T.);
#130=FACE_OUTER_BOUND('',#242,.T.);
#131=FACE_OUTER_BOUND('',#243,.T.);
#132=FACE_OUTER_BOUND('',#244,.T.);
#133=FACE_OUTER_BOUND('',#245,.T.);
#134=FACE_OUTER_BOUND('',#246,.T.);
#135=FACE_OUTER_BOUND('',#247,.T.);
#136=FACE_OUTER_BOUND('',#248,.T.);
#137=FACE_OUTER_BOUND('',#249,.T.);
#138=FACE_OUTER_BOUND('',#250,.T.);
#139=FACE_OUTER_BOUND('',#251,.T.);
#140=FACE_OUTER_BOUND('',#252,.T.);
#141=FACE_OUTER_BOUND('',#253,.T.);
#142=FACE_OUTER_BOUND('',#254,.T.);
#143=FACE_OUTER_BOUND('',#255,.T.);
#144=FACE_OUTER_BOUND('',#256,.T.);
#145=FACE_OUTER_BOUND('',#257,.T.);
#146=FACE_OUTER_BOUND('',#258,.T.);
#147=FACE_OUTER_BOUND('',#259,.T.);
#148=FACE_OUTER_BOUND('',#260,.T.);
#149=FACE_OUTER_BOUND('',#261,.T.);
#150=FACE_OUTER_BOUND('',#262,.T.);
#151=FACE_OUTER_BOUND('',#263,.T.);
#152=FACE_OUTER_BOUND('',#264,.T.);
#153=FACE_OUTER_BOUND('',#265,.T.);
#154=FACE_OUTER_BOUND('',#266,.T.);
#155=FACE_OUTER_BOUND('',#267,.T.);
#156=FACE_OUTER_BOUND('',#269,.T.);
#157=FACE_OUTER_BOUND('',#270,.T.);
#158=FACE_OUTER_BOUND('',#272,.T.);
#159=FACE_OUTER_BOUND('',#273,.T.);
#160=FACE_OUTER_BOUND('',#275,.T.);
#161=FACE_OUTER_BOUND('',#276,.T.);
#162=FACE_OUTER_BOUND('',#278,.T.);
#163=FACE_OUTER_BOUND('',#279,.T.);
#164=FACE_OUTER_BOUND('',#281,.T.);
#165=FACE_OUTER_BOUND('',#282,.T.);
#166=FACE_OUTER_BOUND('',#284,.T.);
#167=FACE_OUTER_BOUND('',#285,.T.);
#168=FACE_OUTER_BOUND('',#287,.T.);
#169=FACE_OUTER_BOUND('',#288,.T.);
#170=FACE_OUTER_BOUND('',#290,.T.);
#171=FACE_OUTER_BOUND('',#291,.T.);
#172=FACE_OUTER_BOUND('',#292,.T.);
#173=FACE_OUTER_BOUND('',#293,.T.);
#174=FACE_OUTER_BOUND('',#294,.T.);
#175=FACE_OUTER_BOUND('',#295,.T.);
#176=FACE_OUTER_BOUND('',#296,.T.);
#177=FACE_OUTER_BOUND('',#297,.T.);
#178=FACE_OUTER_BOUND('',#298,.T.);
#179=FACE_OUTER_BOUND('',#299,.T.);
#180=FACE_OUTER_BOUND('',#300,.T.);
#181=FACE_OUTER_BOUND('',#301,.T.);
#182=FACE_OUTER_BOUND('',#302,.T.);
#183=FACE_OUTER_BOUND('',#303,.T.);
#184=FACE_OUTER_BOUND('',#304,.T.);
#185=FACE_OUTER_BOUND('',#305,.T.);
#186=FACE_OUTER_BOUND('',#306,.T.);
#187=FACE_OUTER_BOUND('',#307,.T.);
#188=FACE_OUTER_BOUND('',#308,.T.);
#189=EDGE_LOOP('',(#1007,#1008,#1009,#1010));
#190=EDGE_LOOP('',(#1011));
#191=EDGE_LOOP('',(#1012));
#192=EDGE_LOOP('',(#1013));
#193=EDGE_LOOP('',(#1014));
#194=EDGE_LOOP('',(#1015,#1016,#1017,#1018,#1019,#1020));
#195=EDGE_LOOP('',(#1021,#1022,#1023,#1024));
#196=EDGE_LOOP('',(#1025,#1026,#1027,#1028));
#197=EDGE_LOOP('',(#1029,#1030,#1031,#1032,#1033,#1034));
#198=EDGE_LOOP('',(#1035,#1036,#1037,#1038,#1039,#1040));
#199=EDGE_LOOP('',(#1041,#1042,#1043,#1044,#1045,#1046));
#200=EDGE_LOOP('',(#1047,#1048,#1049,#1050,#1051,#1052));
#201=EDGE_LOOP('',(#1053,#1054,#1055,#1056,#1057,#1058));
#202=EDGE_LOOP('',(#1059,#1060,#1061,#1062,#1063,#1064));
#203=EDGE_LOOP('',(#1065,#1066,#1067,#1068,#1069,#1070));
#204=EDGE_LOOP('',(#1071,#1072,#1073,#1074,#1075,#1076));
#205=EDGE_LOOP('',(#1077,#1078,#1079,#1080));
#206=EDGE_LOOP('',(#1081,#1082,#1083,#1084));
#207=EDGE_LOOP('',(#1085));
#208=EDGE_LOOP('',(#1086));
#209=EDGE_LOOP('',(#1087));
#210=EDGE_LOOP('',(#1088));
#211=EDGE_LOOP('',(#1089,#1090,#1091,#1092));
#212=EDGE_LOOP('',(#1093,#1094,#1095,#1096));
#213=EDGE_LOOP('',(#1097,#1098,#1099,#1100,#1101,#1102));
#214=EDGE_LOOP('',(#1103,#1104,#1105,#1106));
#215=EDGE_LOOP('',(#1107,#1108,#1109,#1110));
#216=EDGE_LOOP('',(#1111,#1112,#1113,#1114));
#217=EDGE_LOOP('',(#1115,#1116,#1117,#1118));
#218=EDGE_LOOP('',(#1119,#1120,#1121,#1122));
#219=EDGE_LOOP('',(#1123,#1124,#1125,#1126,#1127,#1128));
#220=EDGE_LOOP('',(#1129,#1130,#1131,#1132));
#221=EDGE_LOOP('',(#1133,#1134,#1135,#1136));
#222=EDGE_LOOP('',(#1137,#1138,#1139,#1140));
#223=EDGE_LOOP('',(#1141,#1142,#1143,#1144));
#224=EDGE_LOOP('',(#1145,#1146,#1147,#1148));
#225=EDGE_LOOP('',(#1149,#1150,#1151,#1152));
#226=EDGE_LOOP('',(#1153,#1154,#1155,#1156,#1157,#1158));
#227=EDGE_LOOP('',(#1159,#1160,#1161,#1162));
#228=EDGE_LOOP('',(#1163,#1164,#1165,#1166));
#229=EDGE_LOOP('',(#1167,#1168,#1169,#1170));
#230=EDGE_LOOP('',(#1171,#1172,#1173,#1174));
#231=EDGE_LOOP('',(#1175,#1176,#1177,#1178));
#232=EDGE_LOOP('',(#1179,#1180,#1181,#1182,#1183,#1184));
#233=EDGE_LOOP('',(#1185,#1186,#1187,#1188));
#234=EDGE_LOOP('',(#1189,#1190,#1191,#1192));
#235=EDGE_LOOP('',(#1193,#1194,#1195,#1196));
#236=EDGE_LOOP('',(#1197,#1198,#1199,#1200));
#237=EDGE_LOOP('',(#1201,#1202,#1203,#1204));
#238=EDGE_LOOP('',(#1205,#1206,#1207,#1208));
#239=EDGE_LOOP('',(#1209,#1210,#1211,#1212,#1213,#1214));
#240=EDGE_LOOP('',(#1215,#1216,#1217,#1218));
#241=EDGE_LOOP('',(#1219,#1220,#1221,#1222));
#242=EDGE_LOOP('',(#1223,#1224,#1225,#1226));
#243=EDGE_LOOP('',(#1227,#1228,#1229,#1230));
#244=EDGE_LOOP('',(#1231,#1232,#1233,#1234));
#245=EDGE_LOOP('',(#1235,#1236,#1237,#1238,#1239,#1240));
#246=EDGE_LOOP('',(#1241,#1242,#1243,#1244));
#247=EDGE_LOOP('',(#1245,#1246,#1247,#1248));
#248=EDGE_LOOP('',(#1249,#1250,#1251,#1252));
#249=EDGE_LOOP('',(#1253,#1254,#1255,#1256));
#250=EDGE_LOOP('',(#1257,#1258,#1259,#1260));
#251=EDGE_LOOP('',(#1261,#1262,#1263,#1264));
#252=EDGE_LOOP('',(#1265,#1266,#1267,#1268,#1269,#1270));
#253=EDGE_LOOP('',(#1271,#1272,#1273,#1274));
#254=EDGE_LOOP('',(#1275,#1276,#1277,#1278));
#255=EDGE_LOOP('',(#1279,#1280,#1281,#1282));
#256=EDGE_LOOP('',(#1283,#1284,#1285,#1286));
#257=EDGE_LOOP('',(#1287,#1288,#1289,#1290));
#258=EDGE_LOOP('',(#1291,#1292,#1293,#1294));
#259=EDGE_LOOP('',(#1295,#1296,#1297,#1298,#1299,#1300));
#260=EDGE_LOOP('',(#1301,#1302,#1303,#1304));
#261=EDGE_LOOP('',(#1305,#1306,#1307,#1308));
#262=EDGE_LOOP('',(#1309,#1310,#1311,#1312));
#263=EDGE_LOOP('',(#1313,#1314,#1315,#1316));
#264=EDGE_LOOP('',(#1317,#1318,#1319,#1320));
#265=EDGE_LOOP('',(#1321,#1322,#1323,#1324,#1325,#1326));
#266=EDGE_LOOP('',(#1327,#1328,#1329,#1330));
#267=EDGE_LOOP('',(#1331));
#268=EDGE_LOOP('',(#1332));
#269=EDGE_LOOP('',(#1333,#1334,#1335,#1336));
#270=EDGE_LOOP('',(#1337));
#271=EDGE_LOOP('',(#1338));
#272=EDGE_LOOP('',(#1339,#1340,#1341,#1342));
#273=EDGE_LOOP('',(#1343));
#274=EDGE_LOOP('',(#1344));
#275=EDGE_LOOP('',(#1345,#1346,#1347,#1348));
#276=EDGE_LOOP('',(#1349));
#277=EDGE_LOOP('',(#1350));
#278=EDGE_LOOP('',(#1351,#1352,#1353,#1354));
#279=EDGE_LOOP('',(#1355));
#280=EDGE_LOOP('',(#1356));
#281=EDGE_LOOP('',(#1357,#1358,#1359,#1360));
#282=EDGE_LOOP('',(#1361));
#283=EDGE_LOOP('',(#1362));
#284=EDGE_LOOP('',(#1363,#1364,#1365,#1366));
#285=EDGE_LOOP('',(#1367));
#286=EDGE_LOOP('',(#1368));
#287=EDGE_LOOP('',(#1369,#1370,#1371,#1372));
#288=EDGE_LOOP('',(#1373));
#289=EDGE_LOOP('',(#1374));
#290=EDGE_LOOP('',(#1375,#1376,#1377,#1378));
#291=EDGE_LOOP('',(#1379));
#292=EDGE_LOOP('',(#1380,#1381,#1382,#1383));
#293=EDGE_LOOP('',(#1384));
#294=EDGE_LOOP('',(#1385,#1386,#1387,#1388));
#295=EDGE_LOOP('',(#1389));
#296=EDGE_LOOP('',(#1390,#1391,#1392,#1393));
#297=EDGE_LOOP('',(#1394));
#298=EDGE_LOOP('',(#1395,#1396,#1397,#1398));
#299=EDGE_LOOP('',(#1399));
#300=EDGE_LOOP('',(#1400,#1401,#1402,#1403));
#301=EDGE_LOOP('',(#1404));
#302=EDGE_LOOP('',(#1405,#1406,#1407,#1408));
#303=EDGE_LOOP('',(#1409));
#304=EDGE_LOOP('',(#1410,#1411,#1412,#1413));
#305=EDGE_LOOP('',(#1414));
#306=EDGE_LOOP('',(#1415,#1416,#1417,#1418));
#307=EDGE_LOOP('',(#1419,#1420,#1421,#1422));
#308=EDGE_LOOP('',(#1423,#1424,#1425,#1426));
#309=LINE('',#2191,#483);
#310=LINE('',#2193,#484);
#311=LINE('',#2195,#485);
#312=LINE('',#2196,#486);
#313=LINE('',#2207,#487);
#314=LINE('',#2209,#488);
#315=LINE('',#2213,#489);
#316=LINE('',#2218,#490);
#317=LINE('',#2220,#491);
#318=LINE('',#2222,#492);
#319=LINE('',#2223,#493);
#320=LINE('',#2226,#494);
#321=LINE('',#2227,#495);
#322=LINE('',#2230,#496);
#323=LINE('',#2232,#497);
#324=LINE('',#2234,#498);
#325=LINE('',#2236,#499);
#326=LINE('',#2238,#500);
#327=LINE('',#2239,#501);
#328=LINE('',#2242,#502);
#329=LINE('',#2244,#503);
#330=LINE('',#2246,#504);
#331=LINE('',#2248,#505);
#332=LINE('',#2250,#506);
#333=LINE('',#2251,#507);
#334=LINE('',#2254,#508);
#335=LINE('',#2256,#509);
#336=LINE('',#2258,#510);
#337=LINE('',#2260,#511);
#338=LINE('',#2262,#512);
#339=LINE('',#2263,#513);
#340=LINE('',#2266,#514);
#341=LINE('',#2268,#515);
#342=LINE('',#2270,#516);
#343=LINE('',#2271,#517);
#344=LINE('',#2272,#518);
#345=LINE('',#2275,#519);
#346=LINE('',#2277,#520);
#347=LINE('',#2279,#521);
#348=LINE('',#2281,#522);
#349=LINE('',#2283,#523);
#350=LINE('',#2284,#524);
#351=LINE('',#2287,#525);
#352=LINE('',#2289,#526);
#353=LINE('',#2291,#527);
#354=LINE('',#2293,#528);
#355=LINE('',#2295,#529);
#356=LINE('',#2296,#530);
#357=LINE('',#2299,#531);
#358=LINE('',#2301,#532);
#359=LINE('',#2303,#533);
#360=LINE('',#2305,#534);
#361=LINE('',#2307,#535);
#362=LINE('',#2308,#536);
#363=LINE('',#2311,#537);
#364=LINE('',#2313,#538);
#365=LINE('',#2315,#539);
#366=LINE('',#2317,#540);
#367=LINE('',#2319,#541);
#368=LINE('',#2320,#542);
#369=LINE('',#2324,#543);
#370=LINE('',#2325,#544);
#371=LINE('',#2326,#545);
#372=LINE('',#2329,#546);
#373=LINE('',#2330,#547);
#374=LINE('',#2341,#548);
#375=LINE('',#2343,#549);
#376=LINE('',#2344,#550);
#377=LINE('',#2347,#551);
#378=LINE('',#2349,#552);
#379=LINE('',#2350,#553);
#380=LINE('',#2355,#554);
#381=LINE('',#2359,#555);
#382=LINE('',#2360,#556);
#383=LINE('',#2363,#557);
#384=LINE('',#2364,#558);
#385=LINE('',#2367,#559);
#386=LINE('',#2368,#560);
#387=LINE('',#2371,#561);
#388=LINE('',#2372,#562);
#389=LINE('',#2374,#563);
#390=LINE('',#2378,#564);
#391=LINE('',#2380,#565);
#392=LINE('',#2381,#566);
#393=LINE('',#2384,#567);
#394=LINE('',#2385,#568);
#395=LINE('',#2388,#569);
#396=LINE('',#2389,#570);
#397=LINE('',#2392,#571);
#398=LINE('',#2393,#572);
#399=LINE('',#2396,#573);
#400=LINE('',#2397,#574);
#401=LINE('',#2399,#575);
#402=LINE('',#2403,#576);
#403=LINE('',#2404,#577);
#404=LINE('',#2407,#578);
#405=LINE('',#2408,#579);
#406=LINE('',#2411,#580);
#407=LINE('',#2412,#581);
#408=LINE('',#2415,#582);
#409=LINE('',#2416,#583);
#410=LINE('',#2418,#584);
#411=LINE('',#2422,#585);
#412=LINE('',#2424,#586);
#413=LINE('',#2425,#587);
#414=LINE('',#2428,#588);
#415=LINE('',#2429,#589);
#416=LINE('',#2432,#590);
#417=LINE('',#2433,#591);
#418=LINE('',#2436,#592);
#419=LINE('',#2437,#593);
#420=LINE('',#2440,#594);
#421=LINE('',#2441,#595);
#422=LINE('',#2443,#596);
#423=LINE('',#2447,#597);
#424=LINE('',#2448,#598);
#425=LINE('',#2451,#599);
#426=LINE('',#2452,#600);
#427=LINE('',#2455,#601);
#428=LINE('',#2456,#602);
#429=LINE('',#2459,#603);
#430=LINE('',#2460,#604);
#431=LINE('',#2462,#605);
#432=LINE('',#2466,#606);
#433=LINE('',#2468,#607);
#434=LINE('',#2469,#608);
#435=LINE('',#2472,#609);
#436=LINE('',#2474,#610);
#437=LINE('',#2475,#611);
#438=LINE('',#2478,#612);
#439=LINE('',#2479,#613);
#440=LINE('',#2481,#614);
#441=LINE('',#2484,#615);
#442=LINE('',#2485,#616);
#443=LINE('',#2487,#617);
#444=LINE('',#2491,#618);
#445=LINE('',#2493,#619);
#446=LINE('',#2494,#620);
#447=LINE('',#2497,#621);
#448=LINE('',#2499,#622);
#449=LINE('',#2500,#623);
#450=LINE('',#2503,#624);
#451=LINE('',#2504,#625);
#452=LINE('',#2506,#626);
#453=LINE('',#2509,#627);
#454=LINE('',#2510,#628);
#455=LINE('',#2512,#629);
#456=LINE('',#2516,#630);
#457=LINE('',#2518,#631);
#458=LINE('',#2519,#632);
#459=LINE('',#2522,#633);
#460=LINE('',#2523,#634);
#461=LINE('',#2526,#635);
#462=LINE('',#2527,#636);
#463=LINE('',#2529,#637);
#464=LINE('',#2531,#638);
#465=LINE('',#2535,#639);
#466=LINE('',#2542,#640);
#467=LINE('',#2549,#641);
#468=LINE('',#2556,#642);
#469=LINE('',#2563,#643);
#470=LINE('',#2570,#644);
#471=LINE('',#2577,#645);
#472=LINE('',#2584,#646);
#473=LINE('',#2591,#647);
#474=LINE('',#2596,#648);
#475=LINE('',#2601,#649);
#476=LINE('',#2606,#650);
#477=LINE('',#2611,#651);
#478=LINE('',#2616,#652);
#479=LINE('',#2621,#653);
#480=LINE('',#2626,#654);
#481=LINE('',#2630,#655);
#482=LINE('',#2631,#656);
#483=VECTOR('',#1751,10.);
#484=VECTOR('',#1752,10.);
#485=VECTOR('',#1753,10.);
#486=VECTOR('',#1754,10.);
#487=VECTOR('',#1765,10.);
#488=VECTOR('',#1766,10.);
#489=VECTOR('',#1769,10.);
#490=VECTOR('',#1774,10.);
#491=VECTOR('',#1775,10.);
#492=VECTOR('',#1776,10.);
#493=VECTOR('',#1777,10.);
#494=VECTOR('',#1780,10.);
#495=VECTOR('',#1781,10.);
#496=VECTOR('',#1782,10.);
#497=VECTOR('',#1783,10.);
#498=VECTOR('',#1784,10.);
#499=VECTOR('',#1785,10.);
#500=VECTOR('',#1786,10.);
#501=VECTOR('',#1787,10.);
#502=VECTOR('',#1788,10.);
#503=VECTOR('',#1789,10.);
#504=VECTOR('',#1790,10.);
#505=VECTOR('',#1791,10.);
#506=VECTOR('',#1792,10.);
#507=VECTOR('',#1793,10.);
#508=VECTOR('',#1794,10.);
#509=VECTOR('',#1795,10.);
#510=VECTOR('',#1796,10.);
#511=VECTOR('',#1797,10.);
#512=VECTOR('',#1798,10.);
#513=VECTOR('',#1799,10.);
#514=VECTOR('',#1800,10.);
#515=VECTOR('',#1801,10.);
#516=VECTOR('',#1802,10.);
#517=VECTOR('',#1803,10.);
#518=VECTOR('',#1804,10.);
#519=VECTOR('',#1805,10.);
#520=VECTOR('',#1806,10.);
#521=VECTOR('',#1807,10.);
#522=VECTOR('',#1808,10.);
#523=VECTOR('',#1809,10.);
#524=VECTOR('',#1810,10.);
#525=VECTOR('',#1811,10.);
#526=VECTOR('',#1812,10.);
#527=VECTOR('',#1813,10.);
#528=VECTOR('',#1814,10.);
#529=VECTOR('',#1815,10.);
#530=VECTOR('',#1816,10.);
#531=VECTOR('',#1817,10.);
#532=VECTOR('',#1818,10.);
#533=VECTOR('',#1819,10.);
#534=VECTOR('',#1820,10.);
#535=VECTOR('',#1821,10.);
#536=VECTOR('',#1822,10.);
#537=VECTOR('',#1823,10.);
#538=VECTOR('',#1824,10.);
#539=VECTOR('',#1825,10.);
#540=VECTOR('',#1826,10.);
#541=VECTOR('',#1827,10.);
#542=VECTOR('',#1828,10.);
#543=VECTOR('',#1831,10.);
#544=VECTOR('',#1832,10.);
#545=VECTOR('',#1833,10.);
#546=VECTOR('',#1836,10.);
#547=VECTOR('',#1837,10.);
#548=VECTOR('',#1848,10.);
#549=VECTOR('',#1849,10.);
#550=VECTOR('',#1850,10.);
#551=VECTOR('',#1853,10.);
#552=VECTOR('',#1854,10.);
#553=VECTOR('',#1855,10.);
#554=VECTOR('',#1860,10.);
#555=VECTOR('',#1865,10.);
#556=VECTOR('',#1866,10.);
#557=VECTOR('',#1869,10.);
#558=VECTOR('',#1870,10.);
#559=VECTOR('',#1873,10.);
#560=VECTOR('',#1874,10.);
#561=VECTOR('',#1877,10.);
#562=VECTOR('',#1878,10.);
#563=VECTOR('',#1881,10.);
#564=VECTOR('',#1886,10.);
#565=VECTOR('',#1887,10.);
#566=VECTOR('',#1888,10.);
#567=VECTOR('',#1891,10.);
#568=VECTOR('',#1892,10.);
#569=VECTOR('',#1895,10.);
#570=VECTOR('',#1896,10.);
#571=VECTOR('',#1899,10.);
#572=VECTOR('',#1900,10.);
#573=VECTOR('',#1903,10.);
#574=VECTOR('',#1904,10.);
#575=VECTOR('',#1907,10.);
#576=VECTOR('',#1912,10.);
#577=VECTOR('',#1913,10.);
#578=VECTOR('',#1916,10.);
#579=VECTOR('',#1917,10.);
#580=VECTOR('',#1920,10.);
#581=VECTOR('',#1921,10.);
#582=VECTOR('',#1924,10.);
#583=VECTOR('',#1925,10.);
#584=VECTOR('',#1928,10.);
#585=VECTOR('',#1933,10.);
#586=VECTOR('',#1934,10.);
#587=VECTOR('',#1935,10.);
#588=VECTOR('',#1938,10.);
#589=VECTOR('',#1939,10.);
#590=VECTOR('',#1942,10.);
#591=VECTOR('',#1943,10.);
#592=VECTOR('',#1946,10.);
#593=VECTOR('',#1947,10.);
#594=VECTOR('',#1950,10.);
#595=VECTOR('',#1951,10.);
#596=VECTOR('',#1954,10.);
#597=VECTOR('',#1959,10.);
#598=VECTOR('',#1960,10.);
#599=VECTOR('',#1963,10.);
#600=VECTOR('',#1964,10.);
#601=VECTOR('',#1967,10.);
#602=VECTOR('',#1968,10.);
#603=VECTOR('',#1971,10.);
#604=VECTOR('',#1972,10.);
#605=VECTOR('',#1975,10.);
#606=VECTOR('',#1980,10.);
#607=VECTOR('',#1981,10.);
#608=VECTOR('',#1982,10.);
#609=VECTOR('',#1985,10.);
#610=VECTOR('',#1986,10.);
#611=VECTOR('',#1987,10.);
#612=VECTOR('',#1990,10.);
#613=VECTOR('',#1991,10.);
#614=VECTOR('',#1994,10.);
#615=VECTOR('',#1997,10.);
#616=VECTOR('',#1998,10.);
#617=VECTOR('',#2001,10.);
#618=VECTOR('',#2006,10.);
#619=VECTOR('',#2007,10.);
#620=VECTOR('',#2008,10.);
#621=VECTOR('',#2011,10.);
#622=VECTOR('',#2012,10.);
#623=VECTOR('',#2013,10.);
#624=VECTOR('',#2016,10.);
#625=VECTOR('',#2017,10.);
#626=VECTOR('',#2020,10.);
#627=VECTOR('',#2023,10.);
#628=VECTOR('',#2024,10.);
#629=VECTOR('',#2027,10.);
#630=VECTOR('',#2032,10.);
#631=VECTOR('',#2033,10.);
#632=VECTOR('',#2034,10.);
#633=VECTOR('',#2037,10.);
#634=VECTOR('',#2038,10.);
#635=VECTOR('',#2041,10.);
#636=VECTOR('',#2042,10.);
#637=VECTOR('',#2045,10.);
#638=VECTOR('',#2048,10.);
#639=VECTOR('',#2053,2.25);
#640=VECTOR('',#2062,2.25);
#641=VECTOR('',#2071,2.25);
#642=VECTOR('',#2080,2.25);
#643=VECTOR('',#2089,2.25);
#644=VECTOR('',#2098,2.25);
#645=VECTOR('',#2107,2.25);
#646=VECTOR('',#2116,2.25);
#647=VECTOR('',#2125,2.05);
#648=VECTOR('',#2132,2.05);
#649=VECTOR('',#2139,2.05);
#650=VECTOR('',#2146,2.05);
#651=VECTOR('',#2153,2.05);
#652=VECTOR('',#2160,2.05);
#653=VECTOR('',#2167,2.05);
#654=VECTOR('',#2174,2.05);
#655=VECTOR('',#2181,10.);
#656=VECTOR('',#2182,10.);
#657=VERTEX_POINT('',#2189);
#658=VERTEX_POINT('',#2190);
#659=VERTEX_POINT('',#2192);
#660=VERTEX_POINT('',#2194);
#661=VERTEX_POINT('',#2197);
#662=VERTEX_POINT('',#2199);
#663=VERTEX_POINT('',#2201);
#664=VERTEX_POINT('',#2203);
#665=VERTEX_POINT('',#2206);
#666=VERTEX_POINT('',#2208);
#667=VERTEX_POINT('',#2210);
#668=VERTEX_POINT('',#2212);
#669=VERTEX_POINT('',#2216);
#670=VERTEX_POINT('',#2217);
#671=VERTEX_POINT('',#2219);
#672=VERTEX_POINT('',#2221);
#673=VERTEX_POINT('',#2225);
#674=VERTEX_POINT('',#2228);
#675=VERTEX_POINT('',#2229);
#676=VERTEX_POINT('',#2231);
#677=VERTEX_POINT('',#2233);
#678=VERTEX_POINT('',#2235);
#679=VERTEX_POINT('',#2237);
#680=VERTEX_POINT('',#2240);
#681=VERTEX_POINT('',#2241);
#682=VERTEX_POINT('',#2243);
#683=VERTEX_POINT('',#2245);
#684=VERTEX_POINT('',#2247);
#685=VERTEX_POINT('',#2249);
#686=VERTEX_POINT('',#2252);
#687=VERTEX_POINT('',#2253);
#688=VERTEX_POINT('',#2255);
#689=VERTEX_POINT('',#2257);
#690=VERTEX_POINT('',#2259);
#691=VERTEX_POINT('',#2261);
#692=VERTEX_POINT('',#2264);
#693=VERTEX_POINT('',#2265);
#694=VERTEX_POINT('',#2267);
#695=VERTEX_POINT('',#2269);
#696=VERTEX_POINT('',#2273);
#697=VERTEX_POINT('',#2274);
#698=VERTEX_POINT('',#2276);
#699=VERTEX_POINT('',#2278);
#700=VERTEX_POINT('',#2280);
#701=VERTEX_POINT('',#2282);
#702=VERTEX_POINT('',#2285);
#703=VERTEX_POINT('',#2286);
#704=VERTEX_POINT('',#2288);
#705=VERTEX_POINT('',#2290);
#706=VERTEX_POINT('',#2292);
#707=VERTEX_POINT('',#2294);
#708=VERTEX_POINT('',#2297);
#709=VERTEX_POINT('',#2298);
#710=VERTEX_POINT('',#2300);
#711=VERTEX_POINT('',#2302);
#712=VERTEX_POINT('',#2304);
#713=VERTEX_POINT('',#2306);
#714=VERTEX_POINT('',#2309);
#715=VERTEX_POINT('',#2310);
#716=VERTEX_POINT('',#2312);
#717=VERTEX_POINT('',#2314);
#718=VERTEX_POINT('',#2316);
#719=VERTEX_POINT('',#2318);
#720=VERTEX_POINT('',#2322);
#721=VERTEX_POINT('',#2323);
#722=VERTEX_POINT('',#2328);
#723=VERTEX_POINT('',#2331);
#724=VERTEX_POINT('',#2333);
#725=VERTEX_POINT('',#2335);
#726=VERTEX_POINT('',#2337);
#727=VERTEX_POINT('',#2340);
#728=VERTEX_POINT('',#2342);
#729=VERTEX_POINT('',#2346);
#730=VERTEX_POINT('',#2348);
#731=VERTEX_POINT('',#2352);
#732=VERTEX_POINT('',#2354);
#733=VERTEX_POINT('',#2358);
#734=VERTEX_POINT('',#2362);
#735=VERTEX_POINT('',#2366);
#736=VERTEX_POINT('',#2370);
#737=VERTEX_POINT('',#2377);
#738=VERTEX_POINT('',#2379);
#739=VERTEX_POINT('',#2383);
#740=VERTEX_POINT('',#2387);
#741=VERTEX_POINT('',#2391);
#742=VERTEX_POINT('',#2395);
#743=VERTEX_POINT('',#2402);
#744=VERTEX_POINT('',#2406);
#745=VERTEX_POINT('',#2410);
#746=VERTEX_POINT('',#2414);
#747=VERTEX_POINT('',#2421);
#748=VERTEX_POINT('',#2423);
#749=VERTEX_POINT('',#2427);
#750=VERTEX_POINT('',#2431);
#751=VERTEX_POINT('',#2435);
#752=VERTEX_POINT('',#2439);
#753=VERTEX_POINT('',#2446);
#754=VERTEX_POINT('',#2450);
#755=VERTEX_POINT('',#2454);
#756=VERTEX_POINT('',#2458);
#757=VERTEX_POINT('',#2465);
#758=VERTEX_POINT('',#2467);
#759=VERTEX_POINT('',#2471);
#760=VERTEX_POINT('',#2473);
#761=VERTEX_POINT('',#2477);
#762=VERTEX_POINT('',#2483);
#763=VERTEX_POINT('',#2490);
#764=VERTEX_POINT('',#2492);
#765=VERTEX_POINT('',#2496);
#766=VERTEX_POINT('',#2498);
#767=VERTEX_POINT('',#2502);
#768=VERTEX_POINT('',#2508);
#769=VERTEX_POINT('',#2515);
#770=VERTEX_POINT('',#2517);
#771=VERTEX_POINT('',#2521);
#772=VERTEX_POINT('',#2525);
#773=VERTEX_POINT('',#2534);
#774=VERTEX_POINT('',#2538);
#775=VERTEX_POINT('',#2541);
#776=VERTEX_POINT('',#2545);
#777=VERTEX_POINT('',#2548);
#778=VERTEX_POINT('',#2552);
#779=VERTEX_POINT('',#2555);
#780=VERTEX_POINT('',#2559);
#781=VERTEX_POINT('',#2562);
#782=VERTEX_POINT('',#2566);
#783=VERTEX_POINT('',#2569);
#784=VERTEX_POINT('',#2573);
#785=VERTEX_POINT('',#2576);
#786=VERTEX_POINT('',#2580);
#787=VERTEX_POINT('',#2583);
#788=VERTEX_POINT('',#2587);
#789=VERTEX_POINT('',#2590);
#790=VERTEX_POINT('',#2595);
#791=VERTEX_POINT('',#2600);
#792=VERTEX_POINT('',#2605);
#793=VERTEX_POINT('',#2610);
#794=VERTEX_POINT('',#2615);
#795=VERTEX_POINT('',#2620);
#796=VERTEX_POINT('',#2625);
#797=EDGE_CURVE('',#657,#658,#309,.T.);
#798=EDGE_CURVE('',#659,#657,#310,.T.);
#799=EDGE_CURVE('',#659,#660,#311,.T.);
#800=EDGE_CURVE('',#658,#660,#312,.T.);
#801=EDGE_CURVE('',#661,#661,#57,.T.);
#802=EDGE_CURVE('',#662,#662,#58,.T.);
#803=EDGE_CURVE('',#663,#663,#59,.T.);
#804=EDGE_CURVE('',#664,#664,#60,.T.);
#805=EDGE_CURVE('',#657,#665,#313,.T.);
#806=EDGE_CURVE('',#665,#666,#314,.T.);
#807=EDGE_CURVE('',#666,#667,#61,.T.);
#808=EDGE_CURVE('',#667,#668,#315,.T.);
#809=EDGE_CURVE('',#668,#659,#62,.T.);
#810=EDGE_CURVE('',#669,#670,#316,.T.);
#811=EDGE_CURVE('',#671,#669,#317,.T.);
#812=EDGE_CURVE('',#671,#672,#318,.T.);
#813=EDGE_CURVE('',#672,#670,#319,.T.);
#814=EDGE_CURVE('',#673,#658,#320,.T.);
#815=EDGE_CURVE('',#673,#665,#321,.T.);
#816=EDGE_CURVE('',#674,#675,#322,.T.);
#817=EDGE_CURVE('',#674,#676,#323,.T.);
#818=EDGE_CURVE('',#676,#677,#324,.T.);
#819=EDGE_CURVE('',#677,#678,#325,.T.);
#820=EDGE_CURVE('',#678,#679,#326,.T.);
#821=EDGE_CURVE('',#679,#675,#327,.T.);
#822=EDGE_CURVE('',#680,#681,#328,.T.);
#823=EDGE_CURVE('',#681,#682,#329,.T.);
#824=EDGE_CURVE('',#682,#683,#330,.T.);
#825=EDGE_CURVE('',#683,#684,#331,.T.);
#826=EDGE_CURVE('',#684,#685,#332,.T.);
#827=EDGE_CURVE('',#685,#680,#333,.T.);
#828=EDGE_CURVE('',#686,#687,#334,.T.);
#829=EDGE_CURVE('',#687,#688,#335,.T.);
#830=EDGE_CURVE('',#688,#689,#336,.T.);
#831=EDGE_CURVE('',#689,#690,#337,.T.);
#832=EDGE_CURVE('',#690,#691,#338,.T.);
#833=EDGE_CURVE('',#691,#686,#339,.T.);
#834=EDGE_CURVE('',#692,#693,#340,.T.);
#835=EDGE_CURVE('',#693,#694,#341,.T.);
#836=EDGE_CURVE('',#694,#695,#342,.T.);
#837=EDGE_CURVE('',#695,#671,#343,.T.);
#838=EDGE_CURVE('',#669,#692,#344,.T.);
#839=EDGE_CURVE('',#696,#697,#345,.T.);
#840=EDGE_CURVE('',#697,#698,#346,.T.);
#841=EDGE_CURVE('',#698,#699,#347,.T.);
#842=EDGE_CURVE('',#699,#700,#348,.T.);
#843=EDGE_CURVE('',#700,#701,#349,.T.);
#844=EDGE_CURVE('',#701,#696,#350,.T.);
#845=EDGE_CURVE('',#702,#703,#351,.T.);
#846=EDGE_CURVE('',#703,#704,#352,.T.);
#847=EDGE_CURVE('',#704,#705,#353,.T.);
#848=EDGE_CURVE('',#705,#706,#354,.T.);
#849=EDGE_CURVE('',#706,#707,#355,.T.);
#850=EDGE_CURVE('',#707,#702,#356,.T.);
#851=EDGE_CURVE('',#708,#709,#357,.T.);
#852=EDGE_CURVE('',#709,#710,#358,.T.);
#853=EDGE_CURVE('',#710,#711,#359,.T.);
#854=EDGE_CURVE('',#711,#712,#360,.T.);
#855=EDGE_CURVE('',#712,#713,#361,.T.);
#856=EDGE_CURVE('',#713,#708,#362,.T.);
#857=EDGE_CURVE('',#714,#715,#363,.T.);
#858=EDGE_CURVE('',#715,#716,#364,.T.);
#859=EDGE_CURVE('',#716,#717,#365,.T.);
#860=EDGE_CURVE('',#717,#718,#366,.T.);
#861=EDGE_CURVE('',#718,#719,#367,.T.);
#862=EDGE_CURVE('',#719,#714,#368,.T.);
#863=EDGE_CURVE('',#720,#721,#369,.T.);
#864=EDGE_CURVE('',#674,#721,#370,.T.);
#865=EDGE_CURVE('',#675,#720,#371,.T.);
#866=EDGE_CURVE('',#722,#673,#372,.T.);
#867=EDGE_CURVE('',#666,#722,#373,.T.);
#868=EDGE_CURVE('',#723,#723,#63,.T.);
#869=EDGE_CURVE('',#724,#724,#64,.T.);
#870=EDGE_CURVE('',#725,#725,#65,.T.);
#871=EDGE_CURVE('',#726,#726,#66,.T.);
#872=EDGE_CURVE('',#703,#727,#374,.T.);
#873=EDGE_CURVE('',#702,#728,#375,.T.);
#874=EDGE_CURVE('',#728,#727,#376,.T.);
#875=EDGE_CURVE('',#715,#729,#377,.T.);
#876=EDGE_CURVE('',#729,#730,#378,.T.);
#877=EDGE_CURVE('',#716,#730,#379,.T.);
#878=EDGE_CURVE('',#660,#731,#67,.T.);
#879=EDGE_CURVE('',#731,#732,#380,.T.);
#880=EDGE_CURVE('',#732,#722,#68,.T.);
#881=EDGE_CURVE('',#733,#720,#381,.T.);
#882=EDGE_CURVE('',#679,#733,#382,.T.);
#883=EDGE_CURVE('',#678,#734,#383,.T.);
#884=EDGE_CURVE('',#734,#733,#384,.T.);
#885=EDGE_CURVE('',#677,#735,#385,.T.);
#886=EDGE_CURVE('',#735,#734,#386,.T.);
#887=EDGE_CURVE('',#676,#736,#387,.T.);
#888=EDGE_CURVE('',#736,#735,#388,.T.);
#889=EDGE_CURVE('',#721,#736,#389,.T.);
#890=EDGE_CURVE('',#691,#737,#390,.T.);
#891=EDGE_CURVE('',#690,#738,#391,.T.);
#892=EDGE_CURVE('',#738,#737,#392,.T.);
#893=EDGE_CURVE('',#737,#739,#393,.T.);
#894=EDGE_CURVE('',#686,#739,#394,.T.);
#895=EDGE_CURVE('',#739,#740,#395,.T.);
#896=EDGE_CURVE('',#687,#740,#396,.T.);
#897=EDGE_CURVE('',#689,#741,#397,.T.);
#898=EDGE_CURVE('',#741,#738,#398,.T.);
#899=EDGE_CURVE('',#688,#742,#399,.T.);
#900=EDGE_CURVE('',#742,#741,#400,.T.);
#901=EDGE_CURVE('',#740,#742,#401,.T.);
#902=EDGE_CURVE('',#670,#743,#402,.T.);
#903=EDGE_CURVE('',#692,#743,#403,.T.);
#904=EDGE_CURVE('',#743,#744,#404,.T.);
#905=EDGE_CURVE('',#693,#744,#405,.T.);
#906=EDGE_CURVE('',#695,#745,#406,.T.);
#907=EDGE_CURVE('',#745,#672,#407,.T.);
#908=EDGE_CURVE('',#694,#746,#408,.T.);
#909=EDGE_CURVE('',#746,#745,#409,.T.);
#910=EDGE_CURVE('',#744,#746,#410,.T.);
#911=EDGE_CURVE('',#685,#747,#411,.T.);
#912=EDGE_CURVE('',#684,#748,#412,.T.);
#913=EDGE_CURVE('',#748,#747,#413,.T.);
#914=EDGE_CURVE('',#747,#749,#414,.T.);
#915=EDGE_CURVE('',#680,#749,#415,.T.);
#916=EDGE_CURVE('',#749,#750,#416,.T.);
#917=EDGE_CURVE('',#681,#750,#417,.T.);
#918=EDGE_CURVE('',#683,#751,#418,.T.);
#919=EDGE_CURVE('',#751,#748,#419,.T.);
#920=EDGE_CURVE('',#682,#752,#420,.T.);
#921=EDGE_CURVE('',#752,#751,#421,.T.);
#922=EDGE_CURVE('',#750,#752,#422,.T.);
#923=EDGE_CURVE('',#714,#753,#423,.T.);
#924=EDGE_CURVE('',#753,#729,#424,.T.);
#925=EDGE_CURVE('',#719,#754,#425,.T.);
#926=EDGE_CURVE('',#754,#753,#426,.T.);
#927=EDGE_CURVE('',#718,#755,#427,.T.);
#928=EDGE_CURVE('',#755,#754,#428,.T.);
#929=EDGE_CURVE('',#717,#756,#429,.T.);
#930=EDGE_CURVE('',#756,#755,#430,.T.);
#931=EDGE_CURVE('',#730,#756,#431,.T.);
#932=EDGE_CURVE('',#696,#757,#432,.T.);
#933=EDGE_CURVE('',#757,#758,#433,.T.);
#934=EDGE_CURVE('',#697,#758,#434,.T.);
#935=EDGE_CURVE('',#699,#759,#435,.T.);
#936=EDGE_CURVE('',#759,#760,#436,.T.);
#937=EDGE_CURVE('',#700,#760,#437,.T.);
#938=EDGE_CURVE('',#698,#761,#438,.T.);
#939=EDGE_CURVE('',#761,#759,#439,.T.);
#940=EDGE_CURVE('',#758,#761,#440,.T.);
#941=EDGE_CURVE('',#701,#762,#441,.T.);
#942=EDGE_CURVE('',#762,#757,#442,.T.);
#943=EDGE_CURVE('',#760,#762,#443,.T.);
#944=EDGE_CURVE('',#708,#763,#444,.T.);
#945=EDGE_CURVE('',#763,#764,#445,.T.);
#946=EDGE_CURVE('',#709,#764,#446,.T.);
#947=EDGE_CURVE('',#711,#765,#447,.T.);
#948=EDGE_CURVE('',#765,#766,#448,.T.);
#949=EDGE_CURVE('',#712,#766,#449,.T.);
#950=EDGE_CURVE('',#710,#767,#450,.T.);
#951=EDGE_CURVE('',#767,#765,#451,.T.);
#952=EDGE_CURVE('',#764,#767,#452,.T.);
#953=EDGE_CURVE('',#713,#768,#453,.T.);
#954=EDGE_CURVE('',#768,#763,#454,.T.);
#955=EDGE_CURVE('',#766,#768,#455,.T.);
#956=EDGE_CURVE('',#704,#769,#456,.T.);
#957=EDGE_CURVE('',#769,#770,#457,.T.);
#958=EDGE_CURVE('',#705,#770,#458,.T.);
#959=EDGE_CURVE('',#707,#771,#459,.T.);
#960=EDGE_CURVE('',#771,#728,#460,.T.);
#961=EDGE_CURVE('',#706,#772,#461,.T.);
#962=EDGE_CURVE('',#772,#771,#462,.T.);
#963=EDGE_CURVE('',#770,#772,#463,.T.);
#964=EDGE_CURVE('',#727,#769,#464,.T.);
#965=EDGE_CURVE('',#663,#773,#465,.T.);
#966=EDGE_CURVE('',#773,#773,#69,.T.);
#967=EDGE_CURVE('',#774,#774,#70,.T.);
#968=EDGE_CURVE('',#664,#775,#466,.T.);
#969=EDGE_CURVE('',#775,#775,#71,.T.);
#970=EDGE_CURVE('',#776,#776,#72,.T.);
#971=EDGE_CURVE('',#662,#777,#467,.T.);
#972=EDGE_CURVE('',#777,#777,#73,.T.);
#973=EDGE_CURVE('',#778,#778,#74,.T.);
#974=EDGE_CURVE('',#661,#779,#468,.T.);
#975=EDGE_CURVE('',#779,#779,#75,.T.);
#976=EDGE_CURVE('',#780,#780,#76,.T.);
#977=EDGE_CURVE('',#726,#781,#469,.T.);
#978=EDGE_CURVE('',#781,#781,#77,.T.);
#979=EDGE_CURVE('',#782,#782,#78,.T.);
#980=EDGE_CURVE('',#724,#783,#470,.T.);
#981=EDGE_CURVE('',#783,#783,#79,.T.);
#982=EDGE_CURVE('',#784,#784,#80,.T.);
#983=EDGE_CURVE('',#723,#785,#471,.T.);
#984=EDGE_CURVE('',#785,#785,#81,.T.);
#985=EDGE_CURVE('',#786,#786,#82,.T.);
#986=EDGE_CURVE('',#725,#787,#472,.T.);
#987=EDGE_CURVE('',#787,#787,#83,.T.);
#988=EDGE_CURVE('',#788,#788,#84,.T.);
#989=EDGE_CURVE('',#784,#789,#473,.T.);
#990=EDGE_CURVE('',#789,#789,#85,.T.);
#991=EDGE_CURVE('',#788,#790,#474,.T.);
#992=EDGE_CURVE('',#790,#790,#86,.T.);
#993=EDGE_CURVE('',#786,#791,#475,.T.);
#994=EDGE_CURVE('',#791,#791,#87,.T.);
#995=EDGE_CURVE('',#782,#792,#476,.T.);
#996=EDGE_CURVE('',#792,#792,#88,.T.);
#997=EDGE_CURVE('',#778,#793,#477,.T.);
#998=EDGE_CURVE('',#793,#793,#89,.T.);
#999=EDGE_CURVE('',#774,#794,#478,.T.);
#1000=EDGE_CURVE('',#794,#794,#90,.T.);
#1001=EDGE_CURVE('',#776,#795,#479,.T.);
#1002=EDGE_CURVE('',#795,#795,#91,.T.);
#1003=EDGE_CURVE('',#780,#796,#480,.T.);
#1004=EDGE_CURVE('',#796,#796,#92,.T.);
#1005=EDGE_CURVE('',#732,#667,#481,.T.);
#1006=EDGE_CURVE('',#668,#731,#482,.T.);
#1007=ORIENTED_EDGE('',*,*,#797,.F.);
#1008=ORIENTED_EDGE('',*,*,#798,.F.);
#1009=ORIENTED_EDGE('',*,*,#799,.T.);
#1010=ORIENTED_EDGE('',*,*,#800,.F.);
#1011=ORIENTED_EDGE('',*,*,#801,.T.);
#1012=ORIENTED_EDGE('',*,*,#802,.T.);
#1013=ORIENTED_EDGE('',*,*,#803,.T.);
#1014=ORIENTED_EDGE('',*,*,#804,.T.);
#1015=ORIENTED_EDGE('',*,*,#798,.T.);
#1016=ORIENTED_EDGE('',*,*,#805,.T.);
#1017=ORIENTED_EDGE('',*,*,#806,.T.);
#1018=ORIENTED_EDGE('',*,*,#807,.T.);
#1019=ORIENTED_EDGE('',*,*,#808,.T.);
#1020=ORIENTED_EDGE('',*,*,#809,.T.);
#1021=ORIENTED_EDGE('',*,*,#810,.F.);
#1022=ORIENTED_EDGE('',*,*,#811,.F.);
#1023=ORIENTED_EDGE('',*,*,#812,.T.);
#1024=ORIENTED_EDGE('',*,*,#813,.T.);
#1025=ORIENTED_EDGE('',*,*,#797,.T.);
#1026=ORIENTED_EDGE('',*,*,#814,.F.);
#1027=ORIENTED_EDGE('',*,*,#815,.T.);
#1028=ORIENTED_EDGE('',*,*,#805,.F.);
#1029=ORIENTED_EDGE('',*,*,#816,.F.);
#1030=ORIENTED_EDGE('',*,*,#817,.T.);
#1031=ORIENTED_EDGE('',*,*,#818,.T.);
#1032=ORIENTED_EDGE('',*,*,#819,.T.);
#1033=ORIENTED_EDGE('',*,*,#820,.T.);
#1034=ORIENTED_EDGE('',*,*,#821,.T.);
#1035=ORIENTED_EDGE('',*,*,#822,.T.);
#1036=ORIENTED_EDGE('',*,*,#823,.T.);
#1037=ORIENTED_EDGE('',*,*,#824,.T.);
#1038=ORIENTED_EDGE('',*,*,#825,.T.);
#1039=ORIENTED_EDGE('',*,*,#826,.T.);
#1040=ORIENTED_EDGE('',*,*,#827,.T.);
#1041=ORIENTED_EDGE('',*,*,#828,.T.);
#1042=ORIENTED_EDGE('',*,*,#829,.T.);
#1043=ORIENTED_EDGE('',*,*,#830,.T.);
#1044=ORIENTED_EDGE('',*,*,#831,.T.);
#1045=ORIENTED_EDGE('',*,*,#832,.T.);
#1046=ORIENTED_EDGE('',*,*,#833,.T.);
#1047=ORIENTED_EDGE('',*,*,#834,.T.);
#1048=ORIENTED_EDGE('',*,*,#835,.T.);
#1049=ORIENTED_EDGE('',*,*,#836,.T.);
#1050=ORIENTED_EDGE('',*,*,#837,.T.);
#1051=ORIENTED_EDGE('',*,*,#811,.T.);
#1052=ORIENTED_EDGE('',*,*,#838,.T.);
#1053=ORIENTED_EDGE('',*,*,#839,.T.);
#1054=ORIENTED_EDGE('',*,*,#840,.T.);
#1055=ORIENTED_EDGE('',*,*,#841,.T.);
#1056=ORIENTED_EDGE('',*,*,#842,.T.);
#1057=ORIENTED_EDGE('',*,*,#843,.T.);
#1058=ORIENTED_EDGE('',*,*,#844,.T.);
#1059=ORIENTED_EDGE('',*,*,#845,.T.);
#1060=ORIENTED_EDGE('',*,*,#846,.T.);
#1061=ORIENTED_EDGE('',*,*,#847,.T.);
#1062=ORIENTED_EDGE('',*,*,#848,.T.);
#1063=ORIENTED_EDGE('',*,*,#849,.T.);
#1064=ORIENTED_EDGE('',*,*,#850,.T.);
#1065=ORIENTED_EDGE('',*,*,#851,.T.);
#1066=ORIENTED_EDGE('',*,*,#852,.T.);
#1067=ORIENTED_EDGE('',*,*,#853,.T.);
#1068=ORIENTED_EDGE('',*,*,#854,.T.);
#1069=ORIENTED_EDGE('',*,*,#855,.T.);
#1070=ORIENTED_EDGE('',*,*,#856,.T.);
#1071=ORIENTED_EDGE('',*,*,#857,.T.);
#1072=ORIENTED_EDGE('',*,*,#858,.T.);
#1073=ORIENTED_EDGE('',*,*,#859,.T.);
#1074=ORIENTED_EDGE('',*,*,#860,.T.);
#1075=ORIENTED_EDGE('',*,*,#861,.T.);
#1076=ORIENTED_EDGE('',*,*,#862,.T.);
#1077=ORIENTED_EDGE('',*,*,#863,.T.);
#1078=ORIENTED_EDGE('',*,*,#864,.F.);
#1079=ORIENTED_EDGE('',*,*,#816,.T.);
#1080=ORIENTED_EDGE('',*,*,#865,.T.);
#1081=ORIENTED_EDGE('',*,*,#815,.F.);
#1082=ORIENTED_EDGE('',*,*,#866,.F.);
#1083=ORIENTED_EDGE('',*,*,#867,.F.);
#1084=ORIENTED_EDGE('',*,*,#806,.F.);
#1085=ORIENTED_EDGE('',*,*,#868,.T.);
#1086=ORIENTED_EDGE('',*,*,#869,.T.);
#1087=ORIENTED_EDGE('',*,*,#870,.T.);
#1088=ORIENTED_EDGE('',*,*,#871,.T.);
#1089=ORIENTED_EDGE('',*,*,#872,.F.);
#1090=ORIENTED_EDGE('',*,*,#845,.F.);
#1091=ORIENTED_EDGE('',*,*,#873,.T.);
#1092=ORIENTED_EDGE('',*,*,#874,.T.);
#1093=ORIENTED_EDGE('',*,*,#875,.T.);
#1094=ORIENTED_EDGE('',*,*,#876,.T.);
#1095=ORIENTED_EDGE('',*,*,#877,.F.);
#1096=ORIENTED_EDGE('',*,*,#858,.F.);
#1097=ORIENTED_EDGE('',*,*,#800,.T.);
#1098=ORIENTED_EDGE('',*,*,#878,.T.);
#1099=ORIENTED_EDGE('',*,*,#879,.T.);
#1100=ORIENTED_EDGE('',*,*,#880,.T.);
#1101=ORIENTED_EDGE('',*,*,#866,.T.);
#1102=ORIENTED_EDGE('',*,*,#814,.T.);
#1103=ORIENTED_EDGE('',*,*,#881,.T.);
#1104=ORIENTED_EDGE('',*,*,#865,.F.);
#1105=ORIENTED_EDGE('',*,*,#821,.F.);
#1106=ORIENTED_EDGE('',*,*,#882,.T.);
#1107=ORIENTED_EDGE('',*,*,#820,.F.);
#1108=ORIENTED_EDGE('',*,*,#883,.T.);
#1109=ORIENTED_EDGE('',*,*,#884,.T.);
#1110=ORIENTED_EDGE('',*,*,#882,.F.);
#1111=ORIENTED_EDGE('',*,*,#819,.F.);
#1112=ORIENTED_EDGE('',*,*,#885,.T.);
#1113=ORIENTED_EDGE('',*,*,#886,.T.);
#1114=ORIENTED_EDGE('',*,*,#883,.F.);
#1115=ORIENTED_EDGE('',*,*,#818,.F.);
#1116=ORIENTED_EDGE('',*,*,#887,.T.);
#1117=ORIENTED_EDGE('',*,*,#888,.T.);
#1118=ORIENTED_EDGE('',*,*,#885,.F.);
#1119=ORIENTED_EDGE('',*,*,#817,.F.);
#1120=ORIENTED_EDGE('',*,*,#864,.T.);
#1121=ORIENTED_EDGE('',*,*,#889,.T.);
#1122=ORIENTED_EDGE('',*,*,#887,.F.);
#1123=ORIENTED_EDGE('',*,*,#881,.F.);
#1124=ORIENTED_EDGE('',*,*,#884,.F.);
#1125=ORIENTED_EDGE('',*,*,#886,.F.);
#1126=ORIENTED_EDGE('',*,*,#888,.F.);
#1127=ORIENTED_EDGE('',*,*,#889,.F.);
#1128=ORIENTED_EDGE('',*,*,#863,.F.);
#1129=ORIENTED_EDGE('',*,*,#890,.F.);
#1130=ORIENTED_EDGE('',*,*,#832,.F.);
#1131=ORIENTED_EDGE('',*,*,#891,.T.);
#1132=ORIENTED_EDGE('',*,*,#892,.T.);
#1133=ORIENTED_EDGE('',*,*,#890,.T.);
#1134=ORIENTED_EDGE('',*,*,#893,.T.);
#1135=ORIENTED_EDGE('',*,*,#894,.F.);
#1136=ORIENTED_EDGE('',*,*,#833,.F.);
#1137=ORIENTED_EDGE('',*,*,#894,.T.);
#1138=ORIENTED_EDGE('',*,*,#895,.T.);
#1139=ORIENTED_EDGE('',*,*,#896,.F.);
#1140=ORIENTED_EDGE('',*,*,#828,.F.);
#1141=ORIENTED_EDGE('',*,*,#831,.F.);
#1142=ORIENTED_EDGE('',*,*,#897,.T.);
#1143=ORIENTED_EDGE('',*,*,#898,.T.);
#1144=ORIENTED_EDGE('',*,*,#891,.F.);
#1145=ORIENTED_EDGE('',*,*,#830,.F.);
#1146=ORIENTED_EDGE('',*,*,#899,.T.);
#1147=ORIENTED_EDGE('',*,*,#900,.T.);
#1148=ORIENTED_EDGE('',*,*,#897,.F.);
#1149=ORIENTED_EDGE('',*,*,#829,.F.);
#1150=ORIENTED_EDGE('',*,*,#896,.T.);
#1151=ORIENTED_EDGE('',*,*,#901,.T.);
#1152=ORIENTED_EDGE('',*,*,#899,.F.);
#1153=ORIENTED_EDGE('',*,*,#901,.F.);
#1154=ORIENTED_EDGE('',*,*,#895,.F.);
#1155=ORIENTED_EDGE('',*,*,#893,.F.);
#1156=ORIENTED_EDGE('',*,*,#892,.F.);
#1157=ORIENTED_EDGE('',*,*,#898,.F.);
#1158=ORIENTED_EDGE('',*,*,#900,.F.);
#1159=ORIENTED_EDGE('',*,*,#810,.T.);
#1160=ORIENTED_EDGE('',*,*,#902,.T.);
#1161=ORIENTED_EDGE('',*,*,#903,.F.);
#1162=ORIENTED_EDGE('',*,*,#838,.F.);
#1163=ORIENTED_EDGE('',*,*,#903,.T.);
#1164=ORIENTED_EDGE('',*,*,#904,.T.);
#1165=ORIENTED_EDGE('',*,*,#905,.F.);
#1166=ORIENTED_EDGE('',*,*,#834,.F.);
#1167=ORIENTED_EDGE('',*,*,#837,.F.);
#1168=ORIENTED_EDGE('',*,*,#906,.T.);
#1169=ORIENTED_EDGE('',*,*,#907,.T.);
#1170=ORIENTED_EDGE('',*,*,#812,.F.);
#1171=ORIENTED_EDGE('',*,*,#836,.F.);
#1172=ORIENTED_EDGE('',*,*,#908,.T.);
#1173=ORIENTED_EDGE('',*,*,#909,.T.);
#1174=ORIENTED_EDGE('',*,*,#906,.F.);
#1175=ORIENTED_EDGE('',*,*,#835,.F.);
#1176=ORIENTED_EDGE('',*,*,#905,.T.);
#1177=ORIENTED_EDGE('',*,*,#910,.T.);
#1178=ORIENTED_EDGE('',*,*,#908,.F.);
#1179=ORIENTED_EDGE('',*,*,#910,.F.);
#1180=ORIENTED_EDGE('',*,*,#904,.F.);
#1181=ORIENTED_EDGE('',*,*,#902,.F.);
#1182=ORIENTED_EDGE('',*,*,#813,.F.);
#1183=ORIENTED_EDGE('',*,*,#907,.F.);
#1184=ORIENTED_EDGE('',*,*,#909,.F.);
#1185=ORIENTED_EDGE('',*,*,#911,.F.);
#1186=ORIENTED_EDGE('',*,*,#826,.F.);
#1187=ORIENTED_EDGE('',*,*,#912,.T.);
#1188=ORIENTED_EDGE('',*,*,#913,.T.);
#1189=ORIENTED_EDGE('',*,*,#911,.T.);
#1190=ORIENTED_EDGE('',*,*,#914,.T.);
#1191=ORIENTED_EDGE('',*,*,#915,.F.);
#1192=ORIENTED_EDGE('',*,*,#827,.F.);
#1193=ORIENTED_EDGE('',*,*,#915,.T.);
#1194=ORIENTED_EDGE('',*,*,#916,.T.);
#1195=ORIENTED_EDGE('',*,*,#917,.F.);
#1196=ORIENTED_EDGE('',*,*,#822,.F.);
#1197=ORIENTED_EDGE('',*,*,#825,.F.);
#1198=ORIENTED_EDGE('',*,*,#918,.T.);
#1199=ORIENTED_EDGE('',*,*,#919,.T.);
#1200=ORIENTED_EDGE('',*,*,#912,.F.);
#1201=ORIENTED_EDGE('',*,*,#824,.F.);
#1202=ORIENTED_EDGE('',*,*,#920,.T.);
#1203=ORIENTED_EDGE('',*,*,#921,.T.);
#1204=ORIENTED_EDGE('',*,*,#918,.F.);
#1205=ORIENTED_EDGE('',*,*,#823,.F.);
#1206=ORIENTED_EDGE('',*,*,#917,.T.);
#1207=ORIENTED_EDGE('',*,*,#922,.T.);
#1208=ORIENTED_EDGE('',*,*,#920,.F.);
#1209=ORIENTED_EDGE('',*,*,#922,.F.);
#1210=ORIENTED_EDGE('',*,*,#916,.F.);
#1211=ORIENTED_EDGE('',*,*,#914,.F.);
#1212=ORIENTED_EDGE('',*,*,#913,.F.);
#1213=ORIENTED_EDGE('',*,*,#919,.F.);
#1214=ORIENTED_EDGE('',*,*,#921,.F.);
#1215=ORIENTED_EDGE('',*,*,#923,.T.);
#1216=ORIENTED_EDGE('',*,*,#924,.T.);
#1217=ORIENTED_EDGE('',*,*,#875,.F.);
#1218=ORIENTED_EDGE('',*,*,#857,.F.);
#1219=ORIENTED_EDGE('',*,*,#923,.F.);
#1220=ORIENTED_EDGE('',*,*,#862,.F.);
#1221=ORIENTED_EDGE('',*,*,#925,.T.);
#1222=ORIENTED_EDGE('',*,*,#926,.T.);
#1223=ORIENTED_EDGE('',*,*,#861,.F.);
#1224=ORIENTED_EDGE('',*,*,#927,.T.);
#1225=ORIENTED_EDGE('',*,*,#928,.T.);
#1226=ORIENTED_EDGE('',*,*,#925,.F.);
#1227=ORIENTED_EDGE('',*,*,#860,.F.);
#1228=ORIENTED_EDGE('',*,*,#929,.T.);
#1229=ORIENTED_EDGE('',*,*,#930,.T.);
#1230=ORIENTED_EDGE('',*,*,#927,.F.);
#1231=ORIENTED_EDGE('',*,*,#859,.F.);
#1232=ORIENTED_EDGE('',*,*,#877,.T.);
#1233=ORIENTED_EDGE('',*,*,#931,.T.);
#1234=ORIENTED_EDGE('',*,*,#929,.F.);
#1235=ORIENTED_EDGE('',*,*,#931,.F.);
#1236=ORIENTED_EDGE('',*,*,#876,.F.);
#1237=ORIENTED_EDGE('',*,*,#924,.F.);
#1238=ORIENTED_EDGE('',*,*,#926,.F.);
#1239=ORIENTED_EDGE('',*,*,#928,.F.);
#1240=ORIENTED_EDGE('',*,*,#930,.F.);
#1241=ORIENTED_EDGE('',*,*,#932,.T.);
#1242=ORIENTED_EDGE('',*,*,#933,.T.);
#1243=ORIENTED_EDGE('',*,*,#934,.F.);
#1244=ORIENTED_EDGE('',*,*,#839,.F.);
#1245=ORIENTED_EDGE('',*,*,#842,.F.);
#1246=ORIENTED_EDGE('',*,*,#935,.T.);
#1247=ORIENTED_EDGE('',*,*,#936,.T.);
#1248=ORIENTED_EDGE('',*,*,#937,.F.);
#1249=ORIENTED_EDGE('',*,*,#841,.F.);
#1250=ORIENTED_EDGE('',*,*,#938,.T.);
#1251=ORIENTED_EDGE('',*,*,#939,.T.);
#1252=ORIENTED_EDGE('',*,*,#935,.F.);
#1253=ORIENTED_EDGE('',*,*,#840,.F.);
#1254=ORIENTED_EDGE('',*,*,#934,.T.);
#1255=ORIENTED_EDGE('',*,*,#940,.T.);
#1256=ORIENTED_EDGE('',*,*,#938,.F.);
#1257=ORIENTED_EDGE('',*,*,#941,.T.);
#1258=ORIENTED_EDGE('',*,*,#942,.T.);
#1259=ORIENTED_EDGE('',*,*,#932,.F.);
#1260=ORIENTED_EDGE('',*,*,#844,.F.);
#1261=ORIENTED_EDGE('',*,*,#941,.F.);
#1262=ORIENTED_EDGE('',*,*,#843,.F.);
#1263=ORIENTED_EDGE('',*,*,#937,.T.);
#1264=ORIENTED_EDGE('',*,*,#943,.T.);
#1265=ORIENTED_EDGE('',*,*,#943,.F.);
#1266=ORIENTED_EDGE('',*,*,#936,.F.);
#1267=ORIENTED_EDGE('',*,*,#939,.F.);
#1268=ORIENTED_EDGE('',*,*,#940,.F.);
#1269=ORIENTED_EDGE('',*,*,#933,.F.);
#1270=ORIENTED_EDGE('',*,*,#942,.F.);
#1271=ORIENTED_EDGE('',*,*,#944,.T.);
#1272=ORIENTED_EDGE('',*,*,#945,.T.);
#1273=ORIENTED_EDGE('',*,*,#946,.F.);
#1274=ORIENTED_EDGE('',*,*,#851,.F.);
#1275=ORIENTED_EDGE('',*,*,#854,.F.);
#1276=ORIENTED_EDGE('',*,*,#947,.T.);
#1277=ORIENTED_EDGE('',*,*,#948,.T.);
#1278=ORIENTED_EDGE('',*,*,#949,.F.);
#1279=ORIENTED_EDGE('',*,*,#853,.F.);
#1280=ORIENTED_EDGE('',*,*,#950,.T.);
#1281=ORIENTED_EDGE('',*,*,#951,.T.);
#1282=ORIENTED_EDGE('',*,*,#947,.F.);
#1283=ORIENTED_EDGE('',*,*,#852,.F.);
#1284=ORIENTED_EDGE('',*,*,#946,.T.);
#1285=ORIENTED_EDGE('',*,*,#952,.T.);
#1286=ORIENTED_EDGE('',*,*,#950,.F.);
#1287=ORIENTED_EDGE('',*,*,#953,.T.);
#1288=ORIENTED_EDGE('',*,*,#954,.T.);
#1289=ORIENTED_EDGE('',*,*,#944,.F.);
#1290=ORIENTED_EDGE('',*,*,#856,.F.);
#1291=ORIENTED_EDGE('',*,*,#953,.F.);
#1292=ORIENTED_EDGE('',*,*,#855,.F.);
#1293=ORIENTED_EDGE('',*,*,#949,.T.);
#1294=ORIENTED_EDGE('',*,*,#955,.T.);
#1295=ORIENTED_EDGE('',*,*,#955,.F.);
#1296=ORIENTED_EDGE('',*,*,#948,.F.);
#1297=ORIENTED_EDGE('',*,*,#951,.F.);
#1298=ORIENTED_EDGE('',*,*,#952,.F.);
#1299=ORIENTED_EDGE('',*,*,#945,.F.);
#1300=ORIENTED_EDGE('',*,*,#954,.F.);
#1301=ORIENTED_EDGE('',*,*,#956,.T.);
#1302=ORIENTED_EDGE('',*,*,#957,.T.);
#1303=ORIENTED_EDGE('',*,*,#958,.F.);
#1304=ORIENTED_EDGE('',*,*,#847,.F.);
#1305=ORIENTED_EDGE('',*,*,#850,.F.);
#1306=ORIENTED_EDGE('',*,*,#959,.T.);
#1307=ORIENTED_EDGE('',*,*,#960,.T.);
#1308=ORIENTED_EDGE('',*,*,#873,.F.);
#1309=ORIENTED_EDGE('',*,*,#849,.F.);
#1310=ORIENTED_EDGE('',*,*,#961,.T.);
#1311=ORIENTED_EDGE('',*,*,#962,.T.);
#1312=ORIENTED_EDGE('',*,*,#959,.F.);
#1313=ORIENTED_EDGE('',*,*,#848,.F.);
#1314=ORIENTED_EDGE('',*,*,#958,.T.);
#1315=ORIENTED_EDGE('',*,*,#963,.T.);
#1316=ORIENTED_EDGE('',*,*,#961,.F.);
#1317=ORIENTED_EDGE('',*,*,#872,.T.);
#1318=ORIENTED_EDGE('',*,*,#964,.T.);
#1319=ORIENTED_EDGE('',*,*,#956,.F.);
#1320=ORIENTED_EDGE('',*,*,#846,.F.);
#1321=ORIENTED_EDGE('',*,*,#874,.F.);
#1322=ORIENTED_EDGE('',*,*,#960,.F.);
#1323=ORIENTED_EDGE('',*,*,#962,.F.);
#1324=ORIENTED_EDGE('',*,*,#963,.F.);
#1325=ORIENTED_EDGE('',*,*,#957,.F.);
#1326=ORIENTED_EDGE('',*,*,#964,.F.);
#1327=ORIENTED_EDGE('',*,*,#803,.F.);
#1328=ORIENTED_EDGE('',*,*,#965,.T.);
#1329=ORIENTED_EDGE('',*,*,#966,.T.);
#1330=ORIENTED_EDGE('',*,*,#965,.F.);
#1331=ORIENTED_EDGE('',*,*,#966,.F.);
#1332=ORIENTED_EDGE('',*,*,#967,.T.);
#1333=ORIENTED_EDGE('',*,*,#804,.F.);
#1334=ORIENTED_EDGE('',*,*,#968,.T.);
#1335=ORIENTED_EDGE('',*,*,#969,.T.);
#1336=ORIENTED_EDGE('',*,*,#968,.F.);
#1337=ORIENTED_EDGE('',*,*,#969,.F.);
#1338=ORIENTED_EDGE('',*,*,#970,.T.);
#1339=ORIENTED_EDGE('',*,*,#802,.F.);
#1340=ORIENTED_EDGE('',*,*,#971,.T.);
#1341=ORIENTED_EDGE('',*,*,#972,.T.);
#1342=ORIENTED_EDGE('',*,*,#971,.F.);
#1343=ORIENTED_EDGE('',*,*,#972,.F.);
#1344=ORIENTED_EDGE('',*,*,#973,.T.);
#1345=ORIENTED_EDGE('',*,*,#801,.F.);
#1346=ORIENTED_EDGE('',*,*,#974,.T.);
#1347=ORIENTED_EDGE('',*,*,#975,.T.);
#1348=ORIENTED_EDGE('',*,*,#974,.F.);
#1349=ORIENTED_EDGE('',*,*,#975,.F.);
#1350=ORIENTED_EDGE('',*,*,#976,.T.);
#1351=ORIENTED_EDGE('',*,*,#871,.F.);
#1352=ORIENTED_EDGE('',*,*,#977,.T.);
#1353=ORIENTED_EDGE('',*,*,#978,.T.);
#1354=ORIENTED_EDGE('',*,*,#977,.F.);
#1355=ORIENTED_EDGE('',*,*,#978,.F.);
#1356=ORIENTED_EDGE('',*,*,#979,.T.);
#1357=ORIENTED_EDGE('',*,*,#869,.F.);
#1358=ORIENTED_EDGE('',*,*,#980,.T.);
#1359=ORIENTED_EDGE('',*,*,#981,.T.);
#1360=ORIENTED_EDGE('',*,*,#980,.F.);
#1361=ORIENTED_EDGE('',*,*,#981,.F.);
#1362=ORIENTED_EDGE('',*,*,#982,.T.);
#1363=ORIENTED_EDGE('',*,*,#868,.F.);
#1364=ORIENTED_EDGE('',*,*,#983,.T.);
#1365=ORIENTED_EDGE('',*,*,#984,.T.);
#1366=ORIENTED_EDGE('',*,*,#983,.F.);
#1367=ORIENTED_EDGE('',*,*,#984,.F.);
#1368=ORIENTED_EDGE('',*,*,#985,.T.);
#1369=ORIENTED_EDGE('',*,*,#870,.F.);
#1370=ORIENTED_EDGE('',*,*,#986,.T.);
#1371=ORIENTED_EDGE('',*,*,#987,.T.);
#1372=ORIENTED_EDGE('',*,*,#986,.F.);
#1373=ORIENTED_EDGE('',*,*,#987,.F.);
#1374=ORIENTED_EDGE('',*,*,#988,.T.);
#1375=ORIENTED_EDGE('',*,*,#982,.F.);
#1376=ORIENTED_EDGE('',*,*,#989,.T.);
#1377=ORIENTED_EDGE('',*,*,#990,.T.);
#1378=ORIENTED_EDGE('',*,*,#989,.F.);
#1379=ORIENTED_EDGE('',*,*,#990,.F.);
#1380=ORIENTED_EDGE('',*,*,#988,.F.);
#1381=ORIENTED_EDGE('',*,*,#991,.T.);
#1382=ORIENTED_EDGE('',*,*,#992,.T.);
#1383=ORIENTED_EDGE('',*,*,#991,.F.);
#1384=ORIENTED_EDGE('',*,*,#992,.F.);
#1385=ORIENTED_EDGE('',*,*,#985,.F.);
#1386=ORIENTED_EDGE('',*,*,#993,.T.);
#1387=ORIENTED_EDGE('',*,*,#994,.T.);
#1388=ORIENTED_EDGE('',*,*,#993,.F.);
#1389=ORIENTED_EDGE('',*,*,#994,.F.);
#1390=ORIENTED_EDGE('',*,*,#979,.F.);
#1391=ORIENTED_EDGE('',*,*,#995,.T.);
#1392=ORIENTED_EDGE('',*,*,#996,.T.);
#1393=ORIENTED_EDGE('',*,*,#995,.F.);
#1394=ORIENTED_EDGE('',*,*,#996,.F.);
#1395=ORIENTED_EDGE('',*,*,#973,.F.);
#1396=ORIENTED_EDGE('',*,*,#997,.T.);
#1397=ORIENTED_EDGE('',*,*,#998,.T.);
#1398=ORIENTED_EDGE('',*,*,#997,.F.);
#1399=ORIENTED_EDGE('',*,*,#998,.F.);
#1400=ORIENTED_EDGE('',*,*,#967,.F.);
#1401=ORIENTED_EDGE('',*,*,#999,.T.);
#1402=ORIENTED_EDGE('',*,*,#1000,.T.);
#1403=ORIENTED_EDGE('',*,*,#999,.F.);
#1404=ORIENTED_EDGE('',*,*,#1000,.F.);
#1405=ORIENTED_EDGE('',*,*,#970,.F.);
#1406=ORIENTED_EDGE('',*,*,#1001,.T.);
#1407=ORIENTED_EDGE('',*,*,#1002,.T.);
#1408=ORIENTED_EDGE('',*,*,#1001,.F.);
#1409=ORIENTED_EDGE('',*,*,#1002,.F.);
#1410=ORIENTED_EDGE('',*,*,#976,.F.);
#1411=ORIENTED_EDGE('',*,*,#1003,.T.);
#1412=ORIENTED_EDGE('',*,*,#1004,.T.);
#1413=ORIENTED_EDGE('',*,*,#1003,.F.);
#1414=ORIENTED_EDGE('',*,*,#1004,.F.);
#1415=ORIENTED_EDGE('',*,*,#1005,.F.);
#1416=ORIENTED_EDGE('',*,*,#879,.F.);
#1417=ORIENTED_EDGE('',*,*,#1006,.F.);
#1418=ORIENTED_EDGE('',*,*,#808,.F.);
#1419=ORIENTED_EDGE('',*,*,#1006,.T.);
#1420=ORIENTED_EDGE('',*,*,#878,.F.);
#1421=ORIENTED_EDGE('',*,*,#799,.F.);
#1422=ORIENTED_EDGE('',*,*,#809,.F.);
#1423=ORIENTED_EDGE('',*,*,#867,.T.);
#1424=ORIENTED_EDGE('',*,*,#880,.F.);
#1425=ORIENTED_EDGE('',*,*,#1005,.T.);
#1426=ORIENTED_EDGE('',*,*,#807,.F.);
#1427=PLANE('',#1615);
#1428=PLANE('',#1620);
#1429=PLANE('',#1623);
#1430=PLANE('',#1624);
#1431=PLANE('',#1625);
#1432=PLANE('',#1626);
#1433=PLANE('',#1631);
#1434=PLANE('',#1632);
#1435=PLANE('',#1633);
#1436=PLANE('',#1636);
#1437=PLANE('',#1637);
#1438=PLANE('',#1638);
#1439=PLANE('',#1639);
#1440=PLANE('',#1640);
#1441=PLANE('',#1641);
#1442=PLANE('',#1642);
#1443=PLANE('',#1643);
#1444=PLANE('',#1644);
#1445=PLANE('',#1645);
#1446=PLANE('',#1646);
#1447=PLANE('',#1647);
#1448=PLANE('',#1648);
#1449=PLANE('',#1649);
#1450=PLANE('',#1650);
#1451=PLANE('',#1651);
#1452=PLANE('',#1652);
#1453=PLANE('',#1653);
#1454=PLANE('',#1654);
#1455=PLANE('',#1655);
#1456=PLANE('',#1656);
#1457=PLANE('',#1657);
#1458=PLANE('',#1658);
#1459=PLANE('',#1659);
#1460=PLANE('',#1660);
#1461=PLANE('',#1661);
#1462=PLANE('',#1662);
#1463=PLANE('',#1663);
#1464=PLANE('',#1664);
#1465=PLANE('',#1665);
#1466=PLANE('',#1666);
#1467=PLANE('',#1667);
#1468=PLANE('',#1668);
#1469=PLANE('',#1669);
#1470=PLANE('',#1670);
#1471=PLANE('',#1671);
#1472=PLANE('',#1672);
#1473=PLANE('',#1673);
#1474=PLANE('',#1674);
#1475=PLANE('',#1675);
#1476=PLANE('',#1676);
#1477=PLANE('',#1677);
#1478=PLANE('',#1678);
#1479=PLANE('',#1679);
#1480=PLANE('',#1680);
#1481=PLANE('',#1681);
#1482=PLANE('',#1682);
#1483=PLANE('',#1683);
#1484=PLANE('',#1684);
#1485=PLANE('',#1685);
#1486=PLANE('',#1686);
#1487=PLANE('',#1687);
#1488=PLANE('',#1690);
#1489=PLANE('',#1694);
#1490=PLANE('',#1698);
#1491=PLANE('',#1702);
#1492=PLANE('',#1706);
#1493=PLANE('',#1710);
#1494=PLANE('',#1714);
#1495=PLANE('',#1718);
#1496=PLANE('',#1722);
#1497=PLANE('',#1725);
#1498=PLANE('',#1728);
#1499=PLANE('',#1731);
#1500=PLANE('',#1734);
#1501=PLANE('',#1737);
#1502=PLANE('',#1740);
#1503=PLANE('',#1743);
#1504=PLANE('',#1744);
#1505=ADVANCED_FACE('',(#93,#33,#34,#35,#36),#1427,.T.);
#1506=ADVANCED_FACE('',(#94),#1428,.F.);
#1507=ADVANCED_FACE('',(#95),#1429,.F.);
#1508=ADVANCED_FACE('',(#96,#37,#38,#39,#40,#41,#42,#43,#44),#1430,.T.);
#1509=ADVANCED_FACE('',(#97),#1431,.F.);
#1510=ADVANCED_FACE('',(#98,#45,#46,#47,#48),#1432,.T.);
#1511=ADVANCED_FACE('',(#99),#1433,.F.);
#1512=ADVANCED_FACE('',(#100),#1434,.F.);
#1513=ADVANCED_FACE('',(#101),#1435,.T.);
#1514=ADVANCED_FACE('',(#102),#1436,.F.);
#1515=ADVANCED_FACE('',(#103),#1437,.F.);
#1516=ADVANCED_FACE('',(#104),#1438,.F.);
#1517=ADVANCED_FACE('',(#105),#1439,.F.);
#1518=ADVANCED_FACE('',(#106),#1440,.F.);
#1519=ADVANCED_FACE('',(#107),#1441,.F.);
#1520=ADVANCED_FACE('',(#108),#1442,.F.);
#1521=ADVANCED_FACE('',(#109),#1443,.F.);
#1522=ADVANCED_FACE('',(#110),#1444,.F.);
#1523=ADVANCED_FACE('',(#111),#1445,.F.);
#1524=ADVANCED_FACE('',(#112),#1446,.F.);
#1525=ADVANCED_FACE('',(#113),#1447,.F.);
#1526=ADVANCED_FACE('',(#114),#1448,.F.);
#1527=ADVANCED_FACE('',(#115),#1449,.F.);
#1528=ADVANCED_FACE('',(#116),#1450,.F.);
#1529=ADVANCED_FACE('',(#117),#1451,.F.);
#1530=ADVANCED_FACE('',(#118),#1452,.F.);
#1531=ADVANCED_FACE('',(#119),#1453,.F.);
#1532=ADVANCED_FACE('',(#120),#1454,.F.);
#1533=ADVANCED_FACE('',(#121),#1455,.F.);
#1534=ADVANCED_FACE('',(#122),#1456,.F.);
#1535=ADVANCED_FACE('',(#123),#1457,.F.);
#1536=ADVANCED_FACE('',(#124),#1458,.F.);
#1537=ADVANCED_FACE('',(#125),#1459,.F.);
#1538=ADVANCED_FACE('',(#126),#1460,.F.);
#1539=ADVANCED_FACE('',(#127),#1461,.F.);
#1540=ADVANCED_FACE('',(#128),#1462,.F.);
#1541=ADVANCED_FACE('',(#129),#1463,.F.);
#1542=ADVANCED_FACE('',(#130),#1464,.F.);
#1543=ADVANCED_FACE('',(#131),#1465,.F.);
#1544=ADVANCED_FACE('',(#132),#1466,.F.);
#1545=ADVANCED_FACE('',(#133),#1467,.F.);
#1546=ADVANCED_FACE('',(#134),#1468,.F.);
#1547=ADVANCED_FACE('',(#135),#1469,.F.);
#1548=ADVANCED_FACE('',(#136),#1470,.F.);
#1549=ADVANCED_FACE('',(#137),#1471,.F.);
#1550=ADVANCED_FACE('',(#138),#1472,.F.);
#1551=ADVANCED_FACE('',(#139),#1473,.F.);
#1552=ADVANCED_FACE('',(#140),#1474,.F.);
#1553=ADVANCED_FACE('',(#141),#1475,.F.);
#1554=ADVANCED_FACE('',(#142),#1476,.F.);
#1555=ADVANCED_FACE('',(#143),#1477,.F.);
#1556=ADVANCED_FACE('',(#144),#1478,.F.);
#1557=ADVANCED_FACE('',(#145),#1479,.F.);
#1558=ADVANCED_FACE('',(#146),#1480,.F.);
#1559=ADVANCED_FACE('',(#147),#1481,.F.);
#1560=ADVANCED_FACE('',(#148),#1482,.F.);
#1561=ADVANCED_FACE('',(#149),#1483,.F.);
#1562=ADVANCED_FACE('',(#150),#1484,.F.);
#1563=ADVANCED_FACE('',(#151),#1485,.F.);
#1564=ADVANCED_FACE('',(#152),#1486,.F.);
#1565=ADVANCED_FACE('',(#153),#1487,.F.);
#1566=ADVANCED_FACE('',(#154),#25,.F.);
#1567=ADVANCED_FACE('',(#155,#49),#1488,.F.);
#1568=ADVANCED_FACE('',(#156),#26,.F.);
#1569=ADVANCED_FACE('',(#157,#50),#1489,.F.);
#1570=ADVANCED_FACE('',(#158),#27,.F.);
#1571=ADVANCED_FACE('',(#159,#51),#1490,.F.);
#1572=ADVANCED_FACE('',(#160),#28,.F.);
#1573=ADVANCED_FACE('',(#161,#52),#1491,.F.);
#1574=ADVANCED_FACE('',(#162),#29,.F.);
#1575=ADVANCED_FACE('',(#163,#53),#1492,.F.);
#1576=ADVANCED_FACE('',(#164),#30,.F.);
#1577=ADVANCED_FACE('',(#165,#54),#1493,.F.);
#1578=ADVANCED_FACE('',(#166),#31,.F.);
#1579=ADVANCED_FACE('',(#167,#55),#1494,.F.);
#1580=ADVANCED_FACE('',(#168),#32,.F.);
#1581=ADVANCED_FACE('',(#169,#56),#1495,.F.);
#1582=ADVANCED_FACE('',(#170),#15,.F.);
#1583=ADVANCED_FACE('',(#171),#1496,.F.);
#1584=ADVANCED_FACE('',(#172),#16,.F.);
#1585=ADVANCED_FACE('',(#173),#1497,.F.);
#1586=ADVANCED_FACE('',(#174),#17,.F.);
#1587=ADVANCED_FACE('',(#175),#1498,.F.);
#1588=ADVANCED_FACE('',(#176),#18,.F.);
#1589=ADVANCED_FACE('',(#177),#1499,.F.);
#1590=ADVANCED_FACE('',(#178),#19,.F.);
#1591=ADVANCED_FACE('',(#179),#1500,.F.);
#1592=ADVANCED_FACE('',(#180),#20,.F.);
#1593=ADVANCED_FACE('',(#181),#1501,.F.);
#1594=ADVANCED_FACE('',(#182),#21,.F.);
#1595=ADVANCED_FACE('',(#183),#1502,.F.);
#1596=ADVANCED_FACE('',(#184),#22,.F.);
#1597=ADVANCED_FACE('',(#185),#1503,.F.);
#1598=ADVANCED_FACE('',(#186),#1504,.T.);
#1599=ADVANCED_FACE('',(#187),#23,.T.);
#1600=ADVANCED_FACE('',(#188),#24,.T.);
#1601=CLOSED_SHELL('',(#1505,#1506,#1507,#1508,#1509,#1510,#1511,#1512,
#1513,#1514,#1515,#1516,#1517,#1518,#1519,#1520,#1521,#1522,#1523,#1524,
#1525,#1526,#1527,#1528,#1529,#1530,#1531,#1532,#1533,#1534,#1535,#1536,
#1537,#1538,#1539,#1540,#1541,#1542,#1543,#1544,#1545,#1546,#1547,#1548,
#1549,#1550,#1551,#1552,#1553,#1554,#1555,#1556,#1557,#1558,#1559,#1560,
#1561,#1562,#1563,#1564,#1565,#1566,#1567,#1568,#1569,#1570,#1571,#1572,
#1573,#1574,#1575,#1576,#1577,#1578,#1579,#1580,#1581,#1582,#1583,#1584,
#1585,#1586,#1587,#1588,#1589,#1590,#1591,#1592,#1593,#1594,#1595,#1596,
#1597,#1598,#1599,#1600));
#1602=DERIVED_UNIT_ELEMENT(#1604,1.);
#1603=DERIVED_UNIT_ELEMENT(#2639,-3.);
#1604=(
MASS_UNIT()
NAMED_UNIT(*)
SI_UNIT(.KILO.,.GRAM.)
);
#1605=DERIVED_UNIT((#1602,#1603));
#1606=MEASURE_REPRESENTATION_ITEM('density measure',
POSITIVE_RATIO_MEASURE(7850.),#1605);
#1607=PROPERTY_DEFINITION_REPRESENTATION(#1612,#1609);
#1608=PROPERTY_DEFINITION_REPRESENTATION(#1613,#1610);
#1609=REPRESENTATION('material name',(#1611),#2636);
#1610=REPRESENTATION('density',(#1606),#2636);
#1611=DESCRIPTIVE_REPRESENTATION_ITEM('Steel','Steel');
#1612=PROPERTY_DEFINITION('material property','material name',#2646);
#1613=PROPERTY_DEFINITION('material property','density of part',#2646);
#1614=AXIS2_PLACEMENT_3D('',#2187,#1747,#1748);
#1615=AXIS2_PLACEMENT_3D('',#2188,#1749,#1750);
#1616=AXIS2_PLACEMENT_3D('',#2198,#1755,#1756);
#1617=AXIS2_PLACEMENT_3D('',#2200,#1757,#1758);
#1618=AXIS2_PLACEMENT_3D('',#2202,#1759,#1760);
#1619=AXIS2_PLACEMENT_3D('',#2204,#1761,#1762);
#1620=AXIS2_PLACEMENT_3D('',#2205,#1763,#1764);
#1621=AXIS2_PLACEMENT_3D('',#2211,#1767,#1768);
#1622=AXIS2_PLACEMENT_3D('',#2214,#1770,#1771);
#1623=AXIS2_PLACEMENT_3D('',#2215,#1772,#1773);
#1624=AXIS2_PLACEMENT_3D('',#2224,#1778,#1779);
#1625=AXIS2_PLACEMENT_3D('',#2321,#1829,#1830);
#1626=AXIS2_PLACEMENT_3D('',#2327,#1834,#1835);
#1627=AXIS2_PLACEMENT_3D('',#2332,#1838,#1839);
#1628=AXIS2_PLACEMENT_3D('',#2334,#1840,#1841);
#1629=AXIS2_PLACEMENT_3D('',#2336,#1842,#1843);
#1630=AXIS2_PLACEMENT_3D('',#2338,#1844,#1845);
#1631=AXIS2_PLACEMENT_3D('',#2339,#1846,#1847);
#1632=AXIS2_PLACEMENT_3D('',#2345,#1851,#1852);
#1633=AXIS2_PLACEMENT_3D('',#2351,#1856,#1857);
#1634=AXIS2_PLACEMENT_3D('',#2353,#1858,#1859);
#1635=AXIS2_PLACEMENT_3D('',#2356,#1861,#1862);
#1636=AXIS2_PLACEMENT_3D('',#2357,#1863,#1864);
#1637=AXIS2_PLACEMENT_3D('',#2361,#1867,#1868);
#1638=AXIS2_PLACEMENT_3D('',#2365,#1871,#1872);
#1639=AXIS2_PLACEMENT_3D('',#2369,#1875,#1876);
#1640=AXIS2_PLACEMENT_3D('',#2373,#1879,#1880);
#1641=AXIS2_PLACEMENT_3D('',#2375,#1882,#1883);
#1642=AXIS2_PLACEMENT_3D('',#2376,#1884,#1885);
#1643=AXIS2_PLACEMENT_3D('',#2382,#1889,#1890);
#1644=AXIS2_PLACEMENT_3D('',#2386,#1893,#1894);
#1645=AXIS2_PLACEMENT_3D('',#2390,#1897,#1898);
#1646=AXIS2_PLACEMENT_3D('',#2394,#1901,#1902);
#1647=AXIS2_PLACEMENT_3D('',#2398,#1905,#1906);
#1648=AXIS2_PLACEMENT_3D('',#2400,#1908,#1909);
#1649=AXIS2_PLACEMENT_3D('',#2401,#1910,#1911);
#1650=AXIS2_PLACEMENT_3D('',#2405,#1914,#1915);
#1651=AXIS2_PLACEMENT_3D('',#2409,#1918,#1919);
#1652=AXIS2_PLACEMENT_3D('',#2413,#1922,#1923);
#1653=AXIS2_PLACEMENT_3D('',#2417,#1926,#1927);
#1654=AXIS2_PLACEMENT_3D('',#2419,#1929,#1930);
#1655=AXIS2_PLACEMENT_3D('',#2420,#1931,#1932);
#1656=AXIS2_PLACEMENT_3D('',#2426,#1936,#1937);
#1657=AXIS2_PLACEMENT_3D('',#2430,#1940,#1941);
#1658=AXIS2_PLACEMENT_3D('',#2434,#1944,#1945);
#1659=AXIS2_PLACEMENT_3D('',#2438,#1948,#1949);
#1660=AXIS2_PLACEMENT_3D('',#2442,#1952,#1953);
#1661=AXIS2_PLACEMENT_3D('',#2444,#1955,#1956);
#1662=AXIS2_PLACEMENT_3D('',#2445,#1957,#1958);
#1663=AXIS2_PLACEMENT_3D('',#2449,#1961,#1962);
#1664=AXIS2_PLACEMENT_3D('',#2453,#1965,#1966);
#1665=AXIS2_PLACEMENT_3D('',#2457,#1969,#1970);
#1666=AXIS2_PLACEMENT_3D('',#2461,#1973,#1974);
#1667=AXIS2_PLACEMENT_3D('',#2463,#1976,#1977);
#1668=AXIS2_PLACEMENT_3D('',#2464,#1978,#1979);
#1669=AXIS2_PLACEMENT_3D('',#2470,#1983,#1984);
#1670=AXIS2_PLACEMENT_3D('',#2476,#1988,#1989);
#1671=AXIS2_PLACEMENT_3D('',#2480,#1992,#1993);
#1672=AXIS2_PLACEMENT_3D('',#2482,#1995,#1996);
#1673=AXIS2_PLACEMENT_3D('',#2486,#1999,#2000);
#1674=AXIS2_PLACEMENT_3D('',#2488,#2002,#2003);
#1675=AXIS2_PLACEMENT_3D('',#2489,#2004,#2005);
#1676=AXIS2_PLACEMENT_3D('',#2495,#2009,#2010);
#1677=AXIS2_PLACEMENT_3D('',#2501,#2014,#2015);
#1678=AXIS2_PLACEMENT_3D('',#2505,#2018,#2019);
#1679=AXIS2_PLACEMENT_3D('',#2507,#2021,#2022);
#1680=AXIS2_PLACEMENT_3D('',#2511,#2025,#2026);
#1681=AXIS2_PLACEMENT_3D('',#2513,#2028,#2029);
#1682=AXIS2_PLACEMENT_3D('',#2514,#2030,#2031);
#1683=AXIS2_PLACEMENT_3D('',#2520,#2035,#2036);
#1684=AXIS2_PLACEMENT_3D('',#2524,#2039,#2040);
#1685=AXIS2_PLACEMENT_3D('',#2528,#2043,#2044);
#1686=AXIS2_PLACEMENT_3D('',#2530,#2046,#2047);
#1687=AXIS2_PLACEMENT_3D('',#2532,#2049,#2050);
#1688=AXIS2_PLACEMENT_3D('',#2533,#2051,#2052);
#1689=AXIS2_PLACEMENT_3D('',#2536,#2054,#2055);
#1690=AXIS2_PLACEMENT_3D('',#2537,#2056,#2057);
#1691=AXIS2_PLACEMENT_3D('',#2539,#2058,#2059);
#1692=AXIS2_PLACEMENT_3D('',#2540,#2060,#2061);
#1693=AXIS2_PLACEMENT_3D('',#2543,#2063,#2064);
#1694=AXIS2_PLACEMENT_3D('',#2544,#2065,#2066);
#1695=AXIS2_PLACEMENT_3D('',#2546,#2067,#2068);
#1696=AXIS2_PLACEMENT_3D('',#2547,#2069,#2070);
#1697=AXIS2_PLACEMENT_3D('',#2550,#2072,#2073);
#1698=AXIS2_PLACEMENT_3D('',#2551,#2074,#2075);
#1699=AXIS2_PLACEMENT_3D('',#2553,#2076,#2077);
#1700=AXIS2_PLACEMENT_3D('',#2554,#2078,#2079);
#1701=AXIS2_PLACEMENT_3D('',#2557,#2081,#2082);
#1702=AXIS2_PLACEMENT_3D('',#2558,#2083,#2084);
#1703=AXIS2_PLACEMENT_3D('',#2560,#2085,#2086);
#1704=AXIS2_PLACEMENT_3D('',#2561,#2087,#2088);
#1705=AXIS2_PLACEMENT_3D('',#2564,#2090,#2091);
#1706=AXIS2_PLACEMENT_3D('',#2565,#2092,#2093);
#1707=AXIS2_PLACEMENT_3D('',#2567,#2094,#2095);
#1708=AXIS2_PLACEMENT_3D('',#2568,#2096,#2097);
#1709=AXIS2_PLACEMENT_3D('',#2571,#2099,#2100);
#1710=AXIS2_PLACEMENT_3D('',#2572,#2101,#2102);
#1711=AXIS2_PLACEMENT_3D('',#2574,#2103,#2104);
#1712=AXIS2_PLACEMENT_3D('',#2575,#2105,#2106);
#1713=AXIS2_PLACEMENT_3D('',#2578,#2108,#2109);
#1714=AXIS2_PLACEMENT_3D('',#2579,#2110,#2111);
#1715=AXIS2_PLACEMENT_3D('',#2581,#2112,#2113);
#1716=AXIS2_PLACEMENT_3D('',#2582,#2114,#2115);
#1717=AXIS2_PLACEMENT_3D('',#2585,#2117,#2118);
#1718=AXIS2_PLACEMENT_3D('',#2586,#2119,#2120);
#1719=AXIS2_PLACEMENT_3D('',#2588,#2121,#2122);
#1720=AXIS2_PLACEMENT_3D('',#2589,#2123,#2124);
#1721=AXIS2_PLACEMENT_3D('',#2592,#2126,#2127);
#1722=AXIS2_PLACEMENT_3D('',#2593,#2128,#2129);
#1723=AXIS2_PLACEMENT_3D('',#2594,#2130,#2131);
#1724=AXIS2_PLACEMENT_3D('',#2597,#2133,#2134);
#1725=AXIS2_PLACEMENT_3D('',#2598,#2135,#2136);
#1726=AXIS2_PLACEMENT_3D('',#2599,#2137,#2138);
#1727=AXIS2_PLACEMENT_3D('',#2602,#2140,#2141);
#1728=AXIS2_PLACEMENT_3D('',#2603,#2142,#2143);
#1729=AXIS2_PLACEMENT_3D('',#2604,#2144,#2145);
#1730=AXIS2_PLACEMENT_3D('',#2607,#2147,#2148);
#1731=AXIS2_PLACEMENT_3D('',#2608,#2149,#2150);
#1732=AXIS2_PLACEMENT_3D('',#2609,#2151,#2152);
#1733=AXIS2_PLACEMENT_3D('',#2612,#2154,#2155);
#1734=AXIS2_PLACEMENT_3D('',#2613,#2156,#2157);
#1735=AXIS2_PLACEMENT_3D('',#2614,#2158,#2159);
#1736=AXIS2_PLACEMENT_3D('',#2617,#2161,#2162);
#1737=AXIS2_PLACEMENT_3D('',#2618,#2163,#2164);
#1738=AXIS2_PLACEMENT_3D('',#2619,#2165,#2166);
#1739=AXIS2_PLACEMENT_3D('',#2622,#2168,#2169);
#1740=AXIS2_PLACEMENT_3D('',#2623,#2170,#2171);
#1741=AXIS2_PLACEMENT_3D('',#2624,#2172,#2173);
#1742=AXIS2_PLACEMENT_3D('',#2627,#2175,#2176);
#1743=AXIS2_PLACEMENT_3D('',#2628,#2177,#2178);
#1744=AXIS2_PLACEMENT_3D('',#2629,#2179,#2180);
#1745=AXIS2_PLACEMENT_3D('',#2632,#2183,#2184);
#1746=AXIS2_PLACEMENT_3D('',#2633,#2185,#2186);
#1747=DIRECTION('axis',(0.,0.,1.));
#1748=DIRECTION('refdir',(1.,0.,0.));
#1749=DIRECTION('center_axis',(1.,0.,0.));
#1750=DIRECTION('ref_axis',(0.,1.,0.));
#1751=DIRECTION('',(0.,0.,1.));
#1752=DIRECTION('',(0.,-1.,0.));
#1753=DIRECTION('',(0.,0.,1.));
#1754=DIRECTION('',(0.,1.,0.));
#1755=DIRECTION('center_axis',(-1.,0.,0.));
#1756=DIRECTION('ref_axis',(0.,1.,0.));
#1757=DIRECTION('center_axis',(-1.,0.,0.));
#1758=DIRECTION('ref_axis',(0.,1.,0.));
#1759=DIRECTION('center_axis',(-1.,0.,0.));
#1760=DIRECTION('ref_axis',(0.,1.,0.));
#1761=DIRECTION('center_axis',(-1.,0.,0.));
#1762=DIRECTION('ref_axis',(0.,1.,0.));
#1763=DIRECTION('center_axis',(0.,0.,1.));
#1764=DIRECTION('ref_axis',(1.,0.,0.));
#1765=DIRECTION('',(-1.,-2.7412915020373E-17,0.));
#1766=DIRECTION('',(-1.12427647554354E-16,1.,0.));
#1767=DIRECTION('center_axis',(0.,0.,-1.));
#1768=DIRECTION('ref_axis',(-7.93016446160824E-16,1.,0.));
#1769=DIRECTION('',(1.,0.,0.));
#1770=DIRECTION('center_axis',(0.,0.,-1.));
#1771=DIRECTION('ref_axis',(1.,-6.34413156928664E-15,0.));
#1772=DIRECTION('center_axis',(0.5,0.,0.866025403784438));
#1773=DIRECTION('ref_axis',(0.866025403784438,0.,-0.5));
#1774=DIRECTION('',(0.,1.,0.));
#1775=DIRECTION('',(0.866025403784438,2.37402807994271E-17,-0.5));
#1776=DIRECTION('',(0.,1.,0.));
#1777=DIRECTION('',(0.866025403784438,0.,-0.5));
#1778=DIRECTION('center_axis',(2.7412915020373E-17,-1.,0.));
#1779=DIRECTION('ref_axis',(1.,2.7412915020373E-17,0.));
#1780=DIRECTION('',(1.,2.7412915020373E-17,0.));
#1781=DIRECTION('',(0.,0.,-1.));
#1782=DIRECTION('',(0.000599774436852662,1.64415656688341E-20,0.999999820135296));
#1783=DIRECTION('',(-0.866325135235463,-2.37484973122229E-17,-0.499480490168793));
#1784=DIRECTION('',(-0.86572536079861,-2.37320557465541E-17,0.500519329966503));
#1785=DIRECTION('',(0.000599774436852218,1.6441565668822E-20,0.999999820135296));
#1786=DIRECTION('',(0.866325135235462,2.37484973122229E-17,0.499480490168794));
#1787=DIRECTION('',(0.86572536079861,2.37320557465541E-17,-0.500519329966503));
#1788=DIRECTION('',(-0.866025403784439,-2.37402807994271E-17,-0.5));
#1789=DIRECTION('',(-0.866025403784439,-2.37402807994271E-17,0.5));
#1790=DIRECTION('',(0.,0.,1.));
#1791=DIRECTION('',(0.866025403784439,2.37402807994271E-17,0.5));
#1792=DIRECTION('',(0.866025403784439,2.37402807994271E-17,-0.5));
#1793=DIRECTION('',(0.,0.,-1.));
#1794=DIRECTION('',(-0.866025403784439,-2.37402807994271E-17,-0.5));
#1795=DIRECTION('',(-0.866025403784438,-2.37402807994271E-17,0.500000000000001));
#1796=DIRECTION('',(4.44089209850063E-16,1.21737797710844E-32,1.));
#1797=DIRECTION('',(0.866025403784439,2.37402807994271E-17,0.5));
#1798=DIRECTION('',(0.866025403784439,2.37402807994271E-17,-0.5));
#1799=DIRECTION('',(0.,0.,-1.));
#1800=DIRECTION('',(-0.866025403784439,-2.37402807994271E-17,-0.5));
#1801=DIRECTION('',(-0.866025403784438,-2.37402807994271E-17,0.5));
#1802=DIRECTION('',(0.,0.,1.));
#1803=DIRECTION('',(0.866025403784439,2.37402807994271E-17,0.5));
#1804=DIRECTION('',(0.,0.,-1.));
#1805=DIRECTION('',(0.866025403784439,2.37402807994271E-17,0.499999999999999));
#1806=DIRECTION('',(0.866025403784438,2.37402807994271E-17,-0.5));
#1807=DIRECTION('',(-4.44089209850063E-16,-1.21737797710844E-32,-1.));
#1808=DIRECTION('',(-0.866025403784439,-2.37402807994271E-17,-0.5));
#1809=DIRECTION('',(-0.866025403784439,-2.37402807994271E-17,0.5));
#1810=DIRECTION('',(1.11022302462516E-16,3.04344494277109E-33,1.));
#1811=DIRECTION('',(-0.866025403784439,-2.37402807994271E-17,0.5));
#1812=DIRECTION('',(1.11022302462516E-16,3.04344494277109E-33,1.));
#1813=DIRECTION('',(0.866025403784439,2.37402807994271E-17,0.5));
#1814=DIRECTION('',(0.866025403784439,2.37402807994271E-17,-0.5));
#1815=DIRECTION('',(0.,0.,-1.));
#1816=DIRECTION('',(-0.866025403784439,-2.37402807994271E-17,-0.5));
#1817=DIRECTION('',(0.866025403784439,2.37402807994271E-17,0.5));
#1818=DIRECTION('',(0.866025403784439,2.37402807994271E-17,-0.5));
#1819=DIRECTION('',(0.,0.,-1.));
#1820=DIRECTION('',(-0.866025403784439,-2.37402807994271E-17,-0.5));
#1821=DIRECTION('',(-0.866025403784439,-2.37402807994271E-17,0.5));
#1822=DIRECTION('',(1.11022302462516E-16,3.04344494277109E-33,1.));
#1823=DIRECTION('',(1.11022302462516E-16,3.04344494277109E-33,1.));
#1824=DIRECTION('',(0.866025403784439,2.37402807994271E-17,0.5));
#1825=DIRECTION('',(0.866025403784439,2.37402807994271E-17,-0.5));
#1826=DIRECTION('',(0.,0.,-1.));
#1827=DIRECTION('',(-0.866025403784439,-2.37402807994271E-17,-0.5));
#1828=DIRECTION('',(-0.866025403784439,-2.37402807994271E-17,0.5));
#1829=DIRECTION('center_axis',(0.999999820135296,0.,-0.000599774436852663));
#1830=DIRECTION('ref_axis',(-0.000599774436852662,0.,-0.999999820135296));
#1831=DIRECTION('',(-0.000599774436852662,0.,-0.999999820135296));
#1832=DIRECTION('',(0.,1.,0.));
#1833=DIRECTION('',(0.,1.,0.));
#1834=DIRECTION('center_axis',(-1.,-1.12427647554354E-16,0.));
#1835=DIRECTION('ref_axis',(1.12427647554354E-16,-1.,0.));
#1836=DIRECTION('',(1.12427647554354E-16,-1.,0.));
#1837=DIRECTION('',(0.,0.,1.));
#1838=DIRECTION('center_axis',(1.,1.12427647554354E-16,0.));
#1839=DIRECTION('ref_axis',(0.,-1.,0.));
#1840=DIRECTION('center_axis',(1.,1.12427647554354E-16,0.));
#1841=DIRECTION('ref_axis',(0.,-1.,0.));
#1842=DIRECTION('center_axis',(1.,1.12427647554354E-16,0.));
#1843=DIRECTION('ref_axis',(0.,-1.,0.));
#1844=DIRECTION('center_axis',(1.,1.12427647554354E-16,0.));
#1845=DIRECTION('ref_axis',(0.,-1.,0.));
#1846=DIRECTION('center_axis',(-0.5,0.,-0.866025403784439));
#1847=DIRECTION('ref_axis',(-0.866025403784439,0.,0.5));
#1848=DIRECTION('',(0.,1.,0.));
#1849=DIRECTION('',(0.,1.,0.));
#1850=DIRECTION('',(-0.866025403784439,0.,0.5));
#1851=DIRECTION('center_axis',(-0.5,0.,0.866025403784439));
#1852=DIRECTION('ref_axis',(0.866025403784439,0.,0.5));
#1853=DIRECTION('',(0.,1.,0.));
#1854=DIRECTION('',(0.866025403784439,0.,0.5));
#1855=DIRECTION('',(0.,1.,0.));
#1856=DIRECTION('center_axis',(0.,0.,1.));
#1857=DIRECTION('ref_axis',(1.,0.,0.));
#1858=DIRECTION('center_axis',(0.,0.,1.));
#1859=DIRECTION('ref_axis',(1.,-6.34413156928664E-15,0.));
#1860=DIRECTION('',(-1.,0.,0.));
#1861=DIRECTION('center_axis',(0.,0.,1.));
#1862=DIRECTION('ref_axis',(-7.93016446160824E-16,1.,0.));
#1863=DIRECTION('center_axis',(0.500519329966503,0.,0.86572536079861));
#1864=DIRECTION('ref_axis',(0.86572536079861,0.,-0.500519329966503));
#1865=DIRECTION('',(0.86572536079861,0.,-0.500519329966503));
#1866=DIRECTION('',(0.,1.,0.));
#1867=DIRECTION('center_axis',(-0.499480490168794,0.,0.866325135235462));
#1868=DIRECTION('ref_axis',(0.866325135235462,0.,0.499480490168794));
#1869=DIRECTION('',(0.,1.,0.));
#1870=DIRECTION('',(0.866325135235462,0.,0.499480490168794));
#1871=DIRECTION('center_axis',(-0.999999820135296,0.,0.000599774436852218));
#1872=DIRECTION('ref_axis',(0.000599774436852218,0.,0.999999820135296));
#1873=DIRECTION('',(0.,1.,0.));
#1874=DIRECTION('',(0.000599774436852218,0.,0.999999820135296));
#1875=DIRECTION('center_axis',(-0.500519329966503,0.,-0.86572536079861));
#1876=DIRECTION('ref_axis',(-0.86572536079861,0.,0.500519329966503));
#1877=DIRECTION('',(0.,1.,0.));
#1878=DIRECTION('',(-0.86572536079861,0.,0.500519329966503));
#1879=DIRECTION('center_axis',(0.499480490168793,0.,-0.866325135235463));
#1880=DIRECTION('ref_axis',(-0.866325135235463,0.,-0.499480490168793));
#1881=DIRECTION('',(-0.866325135235463,0.,-0.499480490168793));
#1882=DIRECTION('center_axis',(0.,1.,0.));
#1883=DIRECTION('ref_axis',(0.,0.,1.));
#1884=DIRECTION('center_axis',(0.5,0.,0.866025403784439));
#1885=DIRECTION('ref_axis',(0.866025403784439,0.,-0.5));
#1886=DIRECTION('',(0.,1.,0.));
#1887=DIRECTION('',(0.,1.,0.));
#1888=DIRECTION('',(0.866025403784439,0.,-0.5));
#1889=DIRECTION('center_axis',(1.,0.,0.));
#1890=DIRECTION('ref_axis',(0.,0.,-1.));
#1891=DIRECTION('',(0.,0.,-1.));
#1892=DIRECTION('',(0.,1.,0.));
#1893=DIRECTION('center_axis',(0.5,0.,-0.866025403784439));
#1894=DIRECTION('ref_axis',(-0.866025403784439,0.,-0.5));
#1895=DIRECTION('',(-0.866025403784439,0.,-0.5));
#1896=DIRECTION('',(0.,1.,0.));
#1897=DIRECTION('center_axis',(-0.5,0.,0.866025403784439));
#1898=DIRECTION('ref_axis',(0.866025403784439,0.,0.5));
#1899=DIRECTION('',(0.,1.,0.));
#1900=DIRECTION('',(0.866025403784439,0.,0.5));
#1901=DIRECTION('center_axis',(-1.,0.,4.44089209850063E-16));
#1902=DIRECTION('ref_axis',(4.44089209850063E-16,0.,1.));
#1903=DIRECTION('',(0.,1.,0.));
#1904=DIRECTION('',(4.44089209850063E-16,0.,1.));
#1905=DIRECTION('center_axis',(-0.500000000000001,0.,-0.866025403784438));
#1906=DIRECTION('ref_axis',(-0.866025403784438,0.,0.500000000000001));
#1907=DIRECTION('',(-0.866025403784438,0.,0.500000000000001));
#1908=DIRECTION('center_axis',(0.,1.,0.));
#1909=DIRECTION('ref_axis',(0.,0.,1.));
#1910=DIRECTION('center_axis',(1.,0.,0.));
#1911=DIRECTION('ref_axis',(0.,0.,-1.));
#1912=DIRECTION('',(0.,0.,-1.));
#1913=DIRECTION('',(0.,1.,0.));
#1914=DIRECTION('center_axis',(0.5,0.,-0.866025403784439));
#1915=DIRECTION('ref_axis',(-0.866025403784439,0.,-0.5));
#1916=DIRECTION('',(-0.866025403784439,0.,-0.5));
#1917=DIRECTION('',(0.,1.,0.));
#1918=DIRECTION('center_axis',(-0.5,0.,0.866025403784439));
#1919=DIRECTION('ref_axis',(0.866025403784439,0.,0.5));
#1920=DIRECTION('',(0.,1.,0.));
#1921=DIRECTION('',(0.866025403784439,0.,0.5));
#1922=DIRECTION('center_axis',(-1.,0.,0.));
#1923=DIRECTION('ref_axis',(0.,0.,1.));
#1924=DIRECTION('',(0.,1.,0.));
#1925=DIRECTION('',(0.,0.,1.));
#1926=DIRECTION('center_axis',(-0.5,0.,-0.866025403784438));
#1927=DIRECTION('ref_axis',(-0.866025403784438,0.,0.5));
#1928=DIRECTION('',(-0.866025403784438,0.,0.5));
#1929=DIRECTION('center_axis',(0.,1.,0.));
#1930=DIRECTION('ref_axis',(0.,0.,1.));
#1931=DIRECTION('center_axis',(0.5,0.,0.866025403784439));
#1932=DIRECTION('ref_axis',(0.866025403784439,0.,-0.5));
#1933=DIRECTION('',(0.,1.,0.));
#1934=DIRECTION('',(0.,1.,0.));
#1935=DIRECTION('',(0.866025403784439,0.,-0.5));
#1936=DIRECTION('center_axis',(1.,0.,0.));
#1937=DIRECTION('ref_axis',(0.,0.,-1.));
#1938=DIRECTION('',(0.,0.,-1.));
#1939=DIRECTION('',(0.,1.,0.));
#1940=DIRECTION('center_axis',(0.5,0.,-0.866025403784439));
#1941=DIRECTION('ref_axis',(-0.866025403784439,0.,-0.5));
#1942=DIRECTION('',(-0.866025403784439,0.,-0.5));
#1943=DIRECTION('',(0.,1.,0.));
#1944=DIRECTION('center_axis',(-0.5,0.,0.866025403784439));
#1945=DIRECTION('ref_axis',(0.866025403784439,0.,0.5));
#1946=DIRECTION('',(0.,1.,0.));
#1947=DIRECTION('',(0.866025403784439,0.,0.5));
#1948=DIRECTION('center_axis',(-1.,0.,0.));
#1949=DIRECTION('ref_axis',(0.,0.,1.));
#1950=DIRECTION('',(0.,1.,0.));
#1951=DIRECTION('',(0.,0.,1.));
#1952=DIRECTION('center_axis',(-0.5,0.,-0.866025403784439));
#1953=DIRECTION('ref_axis',(-0.866025403784439,0.,0.5));
#1954=DIRECTION('',(-0.866025403784439,0.,0.5));
#1955=DIRECTION('center_axis',(0.,1.,0.));
#1956=DIRECTION('ref_axis',(0.,0.,1.));
#1957=DIRECTION('center_axis',(-1.,0.,1.11022302462516E-16));
#1958=DIRECTION('ref_axis',(1.11022302462516E-16,0.,1.));
#1959=DIRECTION('',(0.,1.,0.));
#1960=DIRECTION('',(1.11022302462516E-16,0.,1.));
#1961=DIRECTION('center_axis',(-0.5,0.,-0.866025403784439));
#1962=DIRECTION('ref_axis',(-0.866025403784439,0.,0.5));
#1963=DIRECTION('',(0.,1.,0.));
#1964=DIRECTION('',(-0.866025403784439,0.,0.5));
#1965=DIRECTION('center_axis',(0.5,0.,-0.866025403784439));
#1966=DIRECTION('ref_axis',(-0.866025403784439,0.,-0.5));
#1967=DIRECTION('',(0.,1.,0.));
#1968=DIRECTION('',(-0.866025403784439,0.,-0.5));
#1969=DIRECTION('center_axis',(1.,0.,0.));
#1970=DIRECTION('ref_axis',(0.,0.,-1.));
#1971=DIRECTION('',(0.,1.,0.));
#1972=DIRECTION('',(0.,0.,-1.));
#1973=DIRECTION('center_axis',(0.5,0.,0.866025403784439));
#1974=DIRECTION('ref_axis',(0.866025403784439,0.,-0.5));
#1975=DIRECTION('',(0.866025403784439,0.,-0.5));
#1976=DIRECTION('center_axis',(0.,1.,0.));
#1977=DIRECTION('ref_axis',(0.,0.,1.));
#1978=DIRECTION('center_axis',(-0.5,0.,0.866025403784439));
#1979=DIRECTION('ref_axis',(0.866025403784439,0.,0.499999999999999));
#1980=DIRECTION('',(0.,1.,0.));
#1981=DIRECTION('',(0.866025403784439,0.,0.499999999999999));
#1982=DIRECTION('',(0.,1.,0.));
#1983=DIRECTION('center_axis',(0.5,0.,-0.866025403784439));
#1984=DIRECTION('ref_axis',(-0.866025403784439,0.,-0.5));
#1985=DIRECTION('',(0.,1.,0.));
#1986=DIRECTION('',(-0.866025403784439,0.,-0.5));
#1987=DIRECTION('',(0.,1.,0.));
#1988=DIRECTION('center_axis',(1.,0.,-4.44089209850063E-16));
#1989=DIRECTION('ref_axis',(-4.44089209850063E-16,0.,-1.));
#1990=DIRECTION('',(0.,1.,0.));
#1991=DIRECTION('',(-4.44089209850063E-16,0.,-1.));
#1992=DIRECTION('center_axis',(0.5,0.,0.866025403784438));
#1993=DIRECTION('ref_axis',(0.866025403784438,0.,-0.5));
#1994=DIRECTION('',(0.866025403784438,0.,-0.5));
#1995=DIRECTION('center_axis',(-1.,0.,1.11022302462516E-16));
#1996=DIRECTION('ref_axis',(1.11022302462516E-16,0.,1.));
#1997=DIRECTION('',(0.,1.,0.));
#1998=DIRECTION('',(6.66133814775094E-16,0.,1.));
#1999=DIRECTION('center_axis',(-0.5,0.,-0.866025403784439));
#2000=DIRECTION('ref_axis',(-0.866025403784439,0.,0.5));
#2001=DIRECTION('',(-0.866025403784439,0.,0.5));
#2002=DIRECTION('center_axis',(0.,1.,0.));
#2003=DIRECTION('ref_axis',(0.,0.,1.));
#2004=DIRECTION('center_axis',(-0.5,0.,0.866025403784439));
#2005=DIRECTION('ref_axis',(0.866025403784439,0.,0.5));
#2006=DIRECTION('',(0.,1.,0.));
#2007=DIRECTION('',(0.866025403784439,0.,0.5));
#2008=DIRECTION('',(0.,1.,0.));
#2009=DIRECTION('center_axis',(0.5,0.,-0.866025403784439));
#2010=DIRECTION('ref_axis',(-0.866025403784439,0.,-0.5));
#2011=DIRECTION('',(0.,1.,0.));
#2012=DIRECTION('',(-0.866025403784439,0.,-0.5));
#2013=DIRECTION('',(0.,1.,0.));
#2014=DIRECTION('center_axis',(1.,0.,0.));
#2015=DIRECTION('ref_axis',(0.,0.,-1.));
#2016=DIRECTION('',(0.,1.,0.));
#2017=DIRECTION('',(0.,0.,-1.));
#2018=DIRECTION('center_axis',(0.5,0.,0.866025403784439));
#2019=DIRECTION('ref_axis',(0.866025403784439,0.,-0.5));
#2020=DIRECTION('',(0.866025403784439,0.,-0.5));
#2021=DIRECTION('center_axis',(-1.,0.,1.11022302462516E-16));
#2022=DIRECTION('ref_axis',(1.11022302462516E-16,0.,1.));
#2023=DIRECTION('',(0.,1.,0.));
#2024=DIRECTION('',(5.55111512312578E-16,0.,1.));
#2025=DIRECTION('center_axis',(-0.5,0.,-0.866025403784439));
#2026=DIRECTION('ref_axis',(-0.866025403784439,0.,0.5));
#2027=DIRECTION('',(-0.866025403784439,0.,0.5));
#2028=DIRECTION('center_axis',(0.,1.,0.));
#2029=DIRECTION('ref_axis',(0.,0.,1.));
#2030=DIRECTION('center_axis',(-0.5,0.,0.866025403784439));
#2031=DIRECTION('ref_axis',(0.866025403784439,0.,0.5));
#2032=DIRECTION('',(0.,1.,0.));
#2033=DIRECTION('',(0.866025403784439,0.,0.5));
#2034=DIRECTION('',(0.,1.,0.));
#2035=DIRECTION('center_axis',(0.5,0.,-0.866025403784439));
#2036=DIRECTION('ref_axis',(-0.866025403784439,0.,-0.5));
#2037=DIRECTION('',(0.,1.,0.));
#2038=DIRECTION('',(-0.866025403784439,0.,-0.5));
#2039=DIRECTION('center_axis',(1.,0.,0.));
#2040=DIRECTION('ref_axis',(0.,0.,-1.));
#2041=DIRECTION('',(0.,1.,0.));
#2042=DIRECTION('',(0.,0.,-1.));
#2043=DIRECTION('center_axis',(0.5,0.,0.866025403784439));
#2044=DIRECTION('ref_axis',(0.866025403784439,0.,-0.5));
#2045=DIRECTION('',(0.866025403784439,0.,-0.5));
#2046=DIRECTION('center_axis',(-1.,0.,1.11022302462516E-16));
#2047=DIRECTION('ref_axis',(1.11022302462516E-16,0.,1.));
#2048=DIRECTION('',(1.11022302462516E-16,0.,1.));
#2049=DIRECTION('center_axis',(0.,1.,0.));
#2050=DIRECTION('ref_axis',(0.,0.,1.));
#2051=DIRECTION('center_axis',(1.,0.,0.));
#2052=DIRECTION('ref_axis',(0.,-1.,0.));
#2053=DIRECTION('',(-0.995037190209989,-0.0995037190209991,-1.21856911002324E-17));
#2054=DIRECTION('center_axis',(-1.,0.,0.));
#2055=DIRECTION('ref_axis',(0.,-1.,0.));
#2056=DIRECTION('center_axis',(-1.,0.,0.));
#2057=DIRECTION('ref_axis',(0.,1.,0.));
#2058=DIRECTION('center_axis',(-1.,0.,0.));
#2059=DIRECTION('ref_axis',(0.,1.,0.));
#2060=DIRECTION('center_axis',(1.,0.,0.));
#2061=DIRECTION('ref_axis',(0.,-1.,0.));
#2062=DIRECTION('',(-0.995037190209989,-0.0995037190209991,-1.21856911002324E-17));
#2063=DIRECTION('center_axis',(-1.,0.,0.));
#2064=DIRECTION('ref_axis',(0.,-1.,0.));
#2065=DIRECTION('center_axis',(-1.,0.,0.));
#2066=DIRECTION('ref_axis',(0.,1.,0.));
#2067=DIRECTION('center_axis',(-1.,0.,0.));
#2068=DIRECTION('ref_axis',(0.,1.,0.));
#2069=DIRECTION('center_axis',(1.,0.,0.));
#2070=DIRECTION('ref_axis',(0.,-1.,0.));
#2071=DIRECTION('',(-0.995037190209989,-0.0995037190209991,-1.21856911002324E-17));
#2072=DIRECTION('center_axis',(-1.,0.,0.));
#2073=DIRECTION('ref_axis',(0.,-1.,0.));
#2074=DIRECTION('center_axis',(-1.,0.,0.));
#2075=DIRECTION('ref_axis',(0.,1.,0.));
#2076=DIRECTION('center_axis',(-1.,0.,0.));
#2077=DIRECTION('ref_axis',(0.,1.,0.));
#2078=DIRECTION('center_axis',(1.,0.,0.));
#2079=DIRECTION('ref_axis',(0.,-1.,0.));
#2080=DIRECTION('',(-0.995037190209989,-0.0995037190209991,-1.21856911002324E-17));
#2081=DIRECTION('center_axis',(-1.,0.,0.));
#2082=DIRECTION('ref_axis',(0.,-1.,0.));
#2083=DIRECTION('center_axis',(-1.,0.,0.));
#2084=DIRECTION('ref_axis',(0.,1.,0.));
#2085=DIRECTION('center_axis',(-1.,0.,0.));
#2086=DIRECTION('ref_axis',(0.,1.,0.));
#2087=DIRECTION('center_axis',(-1.,0.,0.));
#2088=DIRECTION('ref_axis',(0.,1.,0.));
#2089=DIRECTION('',(0.995037190209989,0.099503719020999,-1.21856911002324E-17));
#2090=DIRECTION('center_axis',(1.,0.,0.));
#2091=DIRECTION('ref_axis',(0.,1.,0.));
#2092=DIRECTION('center_axis',(1.,0.,0.));
#2093=DIRECTION('ref_axis',(0.,-1.,0.));
#2094=DIRECTION('center_axis',(1.,0.,0.));
#2095=DIRECTION('ref_axis',(0.,-1.,0.));
#2096=DIRECTION('center_axis',(-1.,0.,0.));
#2097=DIRECTION('ref_axis',(0.,1.,0.));
#2098=DIRECTION('',(0.995037190209989,0.099503719020999,-1.21856911002324E-17));
#2099=DIRECTION('center_axis',(1.,0.,0.));
#2100=DIRECTION('ref_axis',(0.,1.,0.));
#2101=DIRECTION('center_axis',(1.,0.,0.));
#2102=DIRECTION('ref_axis',(0.,-1.,0.));
#2103=DIRECTION('center_axis',(1.,0.,0.));
#2104=DIRECTION('ref_axis',(0.,-1.,0.));
#2105=DIRECTION('center_axis',(-1.,0.,0.));
#2106=DIRECTION('ref_axis',(0.,1.,0.));
#2107=DIRECTION('',(0.995037190209989,0.099503719020999,-1.21856911002324E-17));
#2108=DIRECTION('center_axis',(1.,0.,0.));
#2109=DIRECTION('ref_axis',(0.,1.,0.));
#2110=DIRECTION('center_axis',(1.,0.,0.));
#2111=DIRECTION('ref_axis',(0.,-1.,0.));
#2112=DIRECTION('center_axis',(1.,0.,0.));
#2113=DIRECTION('ref_axis',(0.,-1.,0.));
#2114=DIRECTION('center_axis',(-1.,0.,0.));
#2115=DIRECTION('ref_axis',(0.,1.,0.));
#2116=DIRECTION('',(0.995037190209989,0.099503719020999,-1.21856911002324E-17));
#2117=DIRECTION('center_axis',(1.,0.,0.));
#2118=DIRECTION('ref_axis',(0.,1.,0.));
#2119=DIRECTION('center_axis',(1.,0.,0.));
#2120=DIRECTION('ref_axis',(0.,-1.,0.));
#2121=DIRECTION('center_axis',(1.,0.,0.));
#2122=DIRECTION('ref_axis',(0.,-1.,0.));
#2123=DIRECTION('center_axis',(1.,0.,0.));
#2124=DIRECTION('ref_axis',(0.,-1.,0.));
#2125=DIRECTION('',(1.,0.,0.));
#2126=DIRECTION('center_axis',(1.,0.,0.));
#2127=DIRECTION('ref_axis',(0.,-1.,0.));
#2128=DIRECTION('center_axis',(1.,0.,0.));
#2129=DIRECTION('ref_axis',(0.,-1.,0.));
#2130=DIRECTION('center_axis',(1.,0.,0.));
#2131=DIRECTION('ref_axis',(0.,-1.,0.));
#2132=DIRECTION('',(1.,0.,0.));
#2133=DIRECTION('center_axis',(1.,0.,0.));
#2134=DIRECTION('ref_axis',(0.,-1.,0.));
#2135=DIRECTION('center_axis',(1.,0.,0.));
#2136=DIRECTION('ref_axis',(0.,-1.,0.));
#2137=DIRECTION('center_axis',(1.,0.,0.));
#2138=DIRECTION('ref_axis',(0.,-1.,0.));
#2139=DIRECTION('',(1.,0.,0.));
#2140=DIRECTION('center_axis',(1.,0.,0.));
#2141=DIRECTION('ref_axis',(0.,-1.,0.));
#2142=DIRECTION('center_axis',(1.,0.,0.));
#2143=DIRECTION('ref_axis',(0.,-1.,0.));
#2144=DIRECTION('center_axis',(1.,0.,0.));
#2145=DIRECTION('ref_axis',(0.,-1.,0.));
#2146=DIRECTION('',(1.,0.,0.));
#2147=DIRECTION('center_axis',(1.,0.,0.));
#2148=DIRECTION('ref_axis',(0.,-1.,0.));
#2149=DIRECTION('center_axis',(1.,0.,0.));
#2150=DIRECTION('ref_axis',(0.,-1.,0.));
#2151=DIRECTION('center_axis',(-1.,0.,0.));
#2152=DIRECTION('ref_axis',(0.,1.,0.));
#2153=DIRECTION('',(-1.,0.,0.));
#2154=DIRECTION('center_axis',(-1.,0.,0.));
#2155=DIRECTION('ref_axis',(0.,1.,0.));
#2156=DIRECTION('center_axis',(-1.,0.,0.));
#2157=DIRECTION('ref_axis',(0.,1.,0.));
#2158=DIRECTION('center_axis',(-1.,0.,0.));
#2159=DIRECTION('ref_axis',(0.,1.,0.));
#2160=DIRECTION('',(-1.,0.,0.));
#2161=DIRECTION('center_axis',(-1.,0.,0.));
#2162=DIRECTION('ref_axis',(0.,1.,0.));
#2163=DIRECTION('center_axis',(-1.,0.,0.));
#2164=DIRECTION('ref_axis',(0.,1.,0.));
#2165=DIRECTION('center_axis',(-1.,0.,0.));
#2166=DIRECTION('ref_axis',(0.,1.,0.));
#2167=DIRECTION('',(-1.,0.,0.));
#2168=DIRECTION('center_axis',(-1.,0.,0.));
#2169=DIRECTION('ref_axis',(0.,1.,0.));
#2170=DIRECTION('center_axis',(-1.,0.,0.));
#2171=DIRECTION('ref_axis',(0.,1.,0.));
#2172=DIRECTION('center_axis',(-1.,0.,0.));
#2173=DIRECTION('ref_axis',(0.,1.,0.));
#2174=DIRECTION('',(-1.,0.,0.));
#2175=DIRECTION('center_axis',(-1.,0.,0.));
#2176=DIRECTION('ref_axis',(0.,1.,0.));
#2177=DIRECTION('center_axis',(-1.,0.,0.));
#2178=DIRECTION('ref_axis',(0.,1.,0.));
#2179=DIRECTION('center_axis',(0.,1.,0.));
#2180=DIRECTION('ref_axis',(-1.,0.,0.));
#2181=DIRECTION('',(0.,0.,-1.));
#2182=DIRECTION('',(0.,0.,1.));
#2183=DIRECTION('center_axis',(0.,0.,1.));
#2184=DIRECTION('ref_axis',(1.,-6.34413156928664E-15,0.));
#2185=DIRECTION('center_axis',(0.,0.,1.));
#2186=DIRECTION('ref_axis',(-7.93016446160824E-16,1.,0.));
#2187=CARTESIAN_POINT('',(0.,0.,0.));
#2188=CARTESIAN_POINT('Origin',(27.3999993853271,3.49999995529652,0.));
#2189=CARTESIAN_POINT('',(27.3999993853271,2.09999995529652,-0.1));
#2190=CARTESIAN_POINT('',(27.3999993853271,2.09999995529652,40.35));
#2191=CARTESIAN_POINT('',(27.3999993853271,2.09999995529652,0.));
#2192=CARTESIAN_POINT('',(27.3999993853271,13.375,-0.1));
#2193=CARTESIAN_POINT('',(27.3999993853271,13.375,-0.1));
#2194=CARTESIAN_POINT('',(27.3999993853271,13.375,40.35));
#2195=CARTESIAN_POINT('',(27.3999993853271,13.375,0.));
#2196=CARTESIAN_POINT('',(27.3999993853271,13.375,40.35));
#2197=CARTESIAN_POINT('',(27.3999993853271,10.3375,35.2188));
#2198=CARTESIAN_POINT('Origin',(27.3999993853271,7.9375,35.2188));
#2199=CARTESIAN_POINT('',(27.3999993853271,10.3375,25.1563));
#2200=CARTESIAN_POINT('Origin',(27.3999993853271,7.9375,25.1563));
#2201=CARTESIAN_POINT('',(27.3999993853271,10.3375,5.0313));
#2202=CARTESIAN_POINT('Origin',(27.3999993853271,7.9375,5.0313));
#2203=CARTESIAN_POINT('',(27.3999993853271,10.3375,15.0938));
#2204=CARTESIAN_POINT('Origin',(27.3999993853271,7.9375,15.0938));
#2205=CARTESIAN_POINT('Origin',(15.8749996926636,8.43749997764826,-0.1));
#2206=CARTESIAN_POINT('',(4.35,2.09999995529652,-0.1));
#2207=CARTESIAN_POINT('',(25.9999993853271,2.09999995529652,-0.1));
#2208=CARTESIAN_POINT('',(4.35,13.375,-0.1));
#2209=CARTESIAN_POINT('',(4.35,3.49999995529652,-0.1));
#2210=CARTESIAN_POINT('',(5.75,14.775,-0.1));
#2211=CARTESIAN_POINT('Origin',(5.75,13.375,-0.1));
#2212=CARTESIAN_POINT('',(25.9999993853271,14.775,-0.1));
#2213=CARTESIAN_POINT('',(5.75,14.775,-0.1));
#2214=CARTESIAN_POINT('Origin',(25.9999993853271,13.375,-0.1));
#2215=CARTESIAN_POINT('Origin',(22.6875,2.09999995529652,20.0938));
#2216=CARTESIAN_POINT('',(27.0176270189222,2.09999995529652,17.5938));
#2217=CARTESIAN_POINT('',(27.0176270189222,4.29999995529652,17.5938));
#2218=CARTESIAN_POINT('',(27.0176270189222,2.09999995529652,17.5938));
#2219=CARTESIAN_POINT('',(22.6875,2.09999995529652,20.0938));
#2220=CARTESIAN_POINT('',(20.6863728146409,2.09999995529652,21.2491513191497));
#2221=CARTESIAN_POINT('',(22.6875,4.29999995529652,20.0938));
#2222=CARTESIAN_POINT('',(22.6875,2.09999995529652,20.0938));
#2223=CARTESIAN_POINT('',(27.0176270189222,4.29999995529652,17.5938));
#2224=CARTESIAN_POINT('Origin',(5.75,2.09999995529652,0.));
#2225=CARTESIAN_POINT('',(4.35,2.09999995529652,40.35));
#2226=CARTESIAN_POINT('',(25.9999993853271,2.09999995529652,40.35));
#2227=CARTESIAN_POINT('',(4.35,2.09999995529652,0.));
#2228=CARTESIAN_POINT('',(27.016126803993,2.09999995529652,22.6537033501675));
#2229=CARTESIAN_POINT('',(27.0191256761773,2.09999995529652,27.653702450844));
#2230=CARTESIAN_POINT('',(27.0108288601971,2.09999995529652,13.8204778615564));
#2231=CARTESIAN_POINT('',(22.6845011278157,2.09999995529652,20.1563008993235));
#2232=CARTESIAN_POINT('',(14.1345377996641,2.09999995529652,15.2268123039018));
#2233=CARTESIAN_POINT('',(18.3558743238227,2.09999995529652,22.658897549156));
#2234=CARTESIAN_POINT('',(20.7054491100362,2.09999995529652,21.3004903094548));
#2235=CARTESIAN_POINT('',(18.358873196007,2.09999995529652,27.6588966498325));
#2236=CARTESIAN_POINT('',(18.3490769439346,2.09999995529652,11.3256725102067));
#2237=CARTESIAN_POINT('',(22.6904988721843,2.09999995529652,30.1562991006765));
#2238=CARTESIAN_POINT('',(7.64309702976666,2.09999995529652,21.4807068289888));
#2239=CARTESIAN_POINT('',(22.8757602564013,2.09999995529652,30.0491901858915));
#2240=CARTESIAN_POINT('',(27.0176270189222,2.09999995529652,32.7188));
#2241=CARTESIAN_POINT('',(22.6875,2.09999995529652,30.2188));
#2242=CARTESIAN_POINT('',(11.9584388914908,2.09999995529652,24.0243736808503));
#2243=CARTESIAN_POINT('',(18.3573729810778,2.09999995529652,32.7188));
#2244=CARTESIAN_POINT('',(22.8784996179703,2.09999995529652,30.1085263191497));
#2245=CARTESIAN_POINT('',(18.3573729810778,2.09999995529652,37.7188));
#2246=CARTESIAN_POINT('',(18.3573729810778,2.09999995529652,16.3594));
#2247=CARTESIAN_POINT('',(22.6875,2.09999995529652,40.2188));
#2248=CARTESIAN_POINT('',(5.46324836310751,2.09999995529652,30.2743736808503));
#2249=CARTESIAN_POINT('',(27.0176270189222,2.09999995529652,37.7188));
#2250=CARTESIAN_POINT('',(25.0435631274314,2.09999995529652,38.8585263191497));
#2251=CARTESIAN_POINT('',(27.0176270189222,2.09999995529652,8.7969));
#2252=CARTESIAN_POINT('',(27.0176270189222,2.09999995529652,2.5313));
#2253=CARTESIAN_POINT('',(22.6875,2.09999995529652,0.0312999999999997));
#2254=CARTESIAN_POINT('',(18.4942243606765,2.09999995529652,-2.38968881914973));
#2255=CARTESIAN_POINT('',(18.3573729810778,2.09999995529652,2.5313));
#2256=CARTESIAN_POINT('',(16.3427141487846,2.09999995529652,3.69446381914974));
#2257=CARTESIAN_POINT('',(18.3573729810778,2.09999995529652,7.5313));
#2258=CARTESIAN_POINT('',(18.3573729810778,2.09999995529652,1.26565));
#2259=CARTESIAN_POINT('',(22.6875,2.09999995529652,10.0313));
#2260=CARTESIAN_POINT('',(11.9990338322932,2.09999995529652,3.86031118085027));
#2261=CARTESIAN_POINT('',(27.0176270189222,2.09999995529652,7.5313));
#2262=CARTESIAN_POINT('',(18.5077776582457,2.09999995529652,12.4444638191497));
#2263=CARTESIAN_POINT('',(27.0176270189222,2.09999995529652,8.7969));
#2264=CARTESIAN_POINT('',(27.0176270189222,2.09999995529652,12.5938));
#2265=CARTESIAN_POINT('',(22.6875,2.09999995529652,10.0938));
#2266=CARTESIAN_POINT('',(16.3156292042813,2.09999995529652,6.41499868085027));
#2267=CARTESIAN_POINT('',(18.3573729810778,2.09999995529652,12.5938));
#2268=CARTESIAN_POINT('',(18.5213093051798,2.09999995529652,12.4991513191497));
#2269=CARTESIAN_POINT('',(18.3573729810778,2.09999995529652,17.5938));
#2270=CARTESIAN_POINT('',(18.3573729810778,2.09999995529652,6.2969));
#2271=CARTESIAN_POINT('',(9.82043867589797,2.09999995529652,12.6649986808503));
#2272=CARTESIAN_POINT('',(27.0176270189222,2.09999995529652,8.7969));
#2273=CARTESIAN_POINT('',(4.73237298107781,2.09999995529652,7.5313));
#2274=CARTESIAN_POINT('',(9.0625,2.09999995529652,10.0313));
#2275=CARTESIAN_POINT('',(3.4834088322932,2.09999995529652,6.81021021249102));
#2276=CARTESIAN_POINT('',(13.3926270189222,2.09999995529652,7.5313));
#2277=CARTESIAN_POINT('',(9.99215265824571,2.09999995529652,9.49456478750899));
#2278=CARTESIAN_POINT('',(13.3926270189222,2.09999995529652,2.5313));
#2279=CARTESIAN_POINT('',(13.3926270189222,2.09999995529652,3.76565));
#2280=CARTESIAN_POINT('',(9.0625,2.09999995529652,0.0312999999999997));
#2281=CARTESIAN_POINT('',(9.97859936067649,2.09999995529652,0.560210212491011));
#2282=CARTESIAN_POINT('',(4.7323729810778,2.09999995529652,2.5313));
#2283=CARTESIAN_POINT('',(7.82708914878461,2.09999995529652,0.744564787508988));
#2284=CARTESIAN_POINT('',(4.73237298107781,2.09999995529652,16.3594));
#2285=CARTESIAN_POINT('',(9.0625,2.09999995529652,30.2188));
#2286=CARTESIAN_POINT('',(4.73237298107781,2.09999995529652,32.7188));
#2287=CARTESIAN_POINT('',(14.3628746179703,2.09999995529652,27.158627287509));
#2288=CARTESIAN_POINT('',(4.73237298107781,2.09999995529652,37.7188));
#2289=CARTESIAN_POINT('',(4.73237298107781,2.09999995529652,16.3594));
#2290=CARTESIAN_POINT('',(9.0625,2.09999995529652,40.2188));
#2291=CARTESIAN_POINT('',(-3.05237663689249,2.09999995529652,33.224272712491));
#2292=CARTESIAN_POINT('',(13.3926270189222,2.09999995529652,37.7188));
#2293=CARTESIAN_POINT('',(16.5279381274314,2.09999995529652,35.908627287509));
#2294=CARTESIAN_POINT('',(13.3926270189222,2.09999995529652,32.7188));
#2295=CARTESIAN_POINT('',(13.3926270189222,2.09999995529652,18.8594));
#2296=CARTESIAN_POINT('',(3.4428138914908,2.09999995529652,26.974272712491));
#2297=CARTESIAN_POINT('',(4.73237298107781,2.09999995529652,17.5938));
#2298=CARTESIAN_POINT('',(9.0625,2.09999995529652,20.0938));
#2299=CARTESIAN_POINT('',(1.30481367589797,2.09999995529652,15.614897712491));
#2300=CARTESIAN_POINT('',(13.3926270189222,2.09999995529652,17.5938));
#2301=CARTESIAN_POINT('',(12.1707478146409,2.09999995529652,18.299252287509));
#2302=CARTESIAN_POINT('',(13.3926270189222,2.09999995529652,12.5938));
#2303=CARTESIAN_POINT('',(13.3926270189222,2.09999995529652,8.7969));
#2304=CARTESIAN_POINT('',(9.0625,2.09999995529652,10.0938));
#2305=CARTESIAN_POINT('',(7.80000420428126,2.09999995529652,9.36489771249101));
#2306=CARTESIAN_POINT('',(4.73237298107781,2.09999995529652,12.5938));
#2307=CARTESIAN_POINT('',(10.0056843051798,2.09999995529652,9.54925228750899));
#2308=CARTESIAN_POINT('',(4.73237298107781,2.09999995529652,16.3594));
#2309=CARTESIAN_POINT('',(4.73237298107781,2.09999995529652,22.6563));
#2310=CARTESIAN_POINT('',(4.73237298107781,2.09999995529652,27.6563));
#2311=CARTESIAN_POINT('',(4.73237298107781,2.09999995529652,16.3594));
#2312=CARTESIAN_POINT('',(9.0625,2.09999995529652,30.1563));
#2313=CARTESIAN_POINT('',(-0.873781480497264,2.09999995529652,24.419585212491));
#2314=CARTESIAN_POINT('',(13.3926270189222,2.09999995529652,27.6563));
#2315=CARTESIAN_POINT('',(14.3493429710362,2.09999995529652,27.103939787509));
#2316=CARTESIAN_POINT('',(13.3926270189222,2.09999995529652,22.6563));
#2317=CARTESIAN_POINT('',(13.3926270189222,2.09999995529652,13.82815));
#2318=CARTESIAN_POINT('',(9.0625,2.09999995529652,20.1563));
#2319=CARTESIAN_POINT('',(5.62140904788603,2.09999995529652,18.169585212491));
#2320=CARTESIAN_POINT('',(12.1842794615751,2.09999995529652,18.353939787509));
#2321=CARTESIAN_POINT('Origin',(27.0191256761773,2.09999995529652,27.653702450844));
#2322=CARTESIAN_POINT('',(27.0191256761773,4.29999995529652,27.653702450844));
#2323=CARTESIAN_POINT('',(27.0161268039931,4.29999995529652,22.6537033501675));
#2324=CARTESIAN_POINT('',(27.0161268039931,4.29999995529652,22.6537033501675));
#2325=CARTESIAN_POINT('',(27.0161268039931,2.09999995529652,22.6537033501675));
#2326=CARTESIAN_POINT('',(27.0191256761773,2.09999995529652,27.653702450844));
#2327=CARTESIAN_POINT('Origin',(4.35,13.375,0.));
#2328=CARTESIAN_POINT('',(4.35,13.375,40.35));
#2329=CARTESIAN_POINT('',(4.35,3.49999995529652,40.35));
#2330=CARTESIAN_POINT('',(4.35,13.375,0.));
#2331=CARTESIAN_POINT('',(4.35,5.5375,25.1563));
#2332=CARTESIAN_POINT('Origin',(4.35,7.9375,25.1563));
#2333=CARTESIAN_POINT('',(4.35,5.5375,15.0938));
#2334=CARTESIAN_POINT('Origin',(4.35,7.9375,15.0938));
#2335=CARTESIAN_POINT('',(4.35,5.5375,35.2188));
#2336=CARTESIAN_POINT('Origin',(4.35,7.9375,35.2188));
#2337=CARTESIAN_POINT('',(4.35,5.5375,5.0313));
#2338=CARTESIAN_POINT('Origin',(4.35,7.9375,5.0313));
#2339=CARTESIAN_POINT('Origin',(9.0625,2.09999995529652,30.2188));
#2340=CARTESIAN_POINT('',(4.73237298107781,4.29999995529652,32.7188));
#2341=CARTESIAN_POINT('',(4.73237298107781,2.09999995529652,32.7188));
#2342=CARTESIAN_POINT('',(9.0625,4.29999995529652,30.2188));
#2343=CARTESIAN_POINT('',(9.0625,2.09999995529652,30.2188));
#2344=CARTESIAN_POINT('',(4.73237298107781,4.29999995529652,32.7188));
#2345=CARTESIAN_POINT('Origin',(4.73237298107781,2.09999995529652,27.6563));
#2346=CARTESIAN_POINT('',(4.73237298107781,4.29999995529652,27.6563));
#2347=CARTESIAN_POINT('',(4.73237298107781,2.09999995529652,27.6563));
#2348=CARTESIAN_POINT('',(9.0625,4.29999995529652,30.1563));
#2349=CARTESIAN_POINT('',(9.0625,4.29999995529652,30.1563));
#2350=CARTESIAN_POINT('',(9.0625,2.09999995529652,30.1563));
#2351=CARTESIAN_POINT('Origin',(15.8749996926636,8.43749997764826,40.35));
#2352=CARTESIAN_POINT('',(25.9999993853271,14.775,40.35));
#2353=CARTESIAN_POINT('Origin',(25.9999993853271,13.375,40.35));
#2354=CARTESIAN_POINT('',(5.75,14.775,40.35));
#2355=CARTESIAN_POINT('',(5.75,14.775,40.35));
#2356=CARTESIAN_POINT('Origin',(5.75,13.375,40.35));
#2357=CARTESIAN_POINT('Origin',(22.6904988721843,2.09999995529652,30.1562991006765));
#2358=CARTESIAN_POINT('',(22.6904988721843,4.29999995529652,30.1562991006765));
#2359=CARTESIAN_POINT('',(27.0191256761773,4.29999995529652,27.653702450844));
#2360=CARTESIAN_POINT('',(22.6904988721843,2.09999995529652,30.1562991006765));
#2361=CARTESIAN_POINT('Origin',(18.358873196007,2.09999995529652,27.6588966498325));
#2362=CARTESIAN_POINT('',(18.358873196007,4.29999995529652,27.6588966498325));
#2363=CARTESIAN_POINT('',(18.358873196007,2.09999995529652,27.6588966498325));
#2364=CARTESIAN_POINT('',(22.6904988721843,4.29999995529652,30.1562991006765));
#2365=CARTESIAN_POINT('Origin',(18.3558743238227,2.09999995529652,22.658897549156));
#2366=CARTESIAN_POINT('',(18.3558743238227,4.29999995529652,22.658897549156));
#2367=CARTESIAN_POINT('',(18.3558743238227,2.09999995529652,22.658897549156));
#2368=CARTESIAN_POINT('',(18.358873196007,4.29999995529652,27.6588966498325));
#2369=CARTESIAN_POINT('Origin',(22.6845011278157,2.09999995529652,20.1563008993235));
#2370=CARTESIAN_POINT('',(22.6845011278157,4.29999995529652,20.1563008993235));
#2371=CARTESIAN_POINT('',(22.6845011278157,2.09999995529652,20.1563008993235));
#2372=CARTESIAN_POINT('',(18.3558743238227,4.29999995529652,22.658897549156));
#2373=CARTESIAN_POINT('Origin',(27.0161268039931,2.09999995529652,22.6537033501675));
#2374=CARTESIAN_POINT('',(22.6845011278157,4.29999995529652,20.1563008993235));
#2375=CARTESIAN_POINT('Origin',(22.6875,4.29999995529652,25.1563));
#2376=CARTESIAN_POINT('Origin',(22.6875,2.09999995529652,10.0313));
#2377=CARTESIAN_POINT('',(27.0176270189222,4.29999995529652,7.5313));
#2378=CARTESIAN_POINT('',(27.0176270189222,2.09999995529652,7.5313));
#2379=CARTESIAN_POINT('',(22.6875,4.29999995529652,10.0313));
#2380=CARTESIAN_POINT('',(22.6875,2.09999995529652,10.0313));
#2381=CARTESIAN_POINT('',(27.0176270189222,4.29999995529652,7.5313));
#2382=CARTESIAN_POINT('Origin',(27.0176270189222,2.09999995529652,17.5938));
#2383=CARTESIAN_POINT('',(27.0176270189222,4.29999995529652,2.5313));
#2384=CARTESIAN_POINT('',(27.0176270189222,4.29999995529652,2.5313));
#2385=CARTESIAN_POINT('',(27.0176270189222,2.09999995529652,2.5313));
#2386=CARTESIAN_POINT('Origin',(27.0176270189222,2.09999995529652,2.5313));
#2387=CARTESIAN_POINT('',(22.6875,4.29999995529652,0.0312999999999997));
#2388=CARTESIAN_POINT('',(22.6875,4.29999995529652,0.0312999999999997));
#2389=CARTESIAN_POINT('',(22.6875,2.09999995529652,0.0312999999999997));
#2390=CARTESIAN_POINT('Origin',(18.3573729810778,2.09999995529652,7.5313));
#2391=CARTESIAN_POINT('',(18.3573729810778,4.29999995529652,7.5313));
#2392=CARTESIAN_POINT('',(18.3573729810778,2.09999995529652,7.5313));
#2393=CARTESIAN_POINT('',(22.6875,4.29999995529652,10.0313));
#2394=CARTESIAN_POINT('Origin',(18.3573729810778,2.09999995529652,2.5313));
#2395=CARTESIAN_POINT('',(18.3573729810778,4.29999995529652,2.5313));
#2396=CARTESIAN_POINT('',(18.3573729810778,2.09999995529652,2.5313));
#2397=CARTESIAN_POINT('',(18.3573729810778,4.29999995529652,7.5313));
#2398=CARTESIAN_POINT('Origin',(22.6875,2.09999995529652,0.0312999999999997));
#2399=CARTESIAN_POINT('',(18.3573729810778,4.29999995529652,2.5313));
#2400=CARTESIAN_POINT('Origin',(22.6875,4.29999995529652,5.0313));
#2401=CARTESIAN_POINT('Origin',(27.0176270189222,2.09999995529652,17.5938));
#2402=CARTESIAN_POINT('',(27.0176270189222,4.29999995529652,12.5938));
#2403=CARTESIAN_POINT('',(27.0176270189222,4.29999995529652,12.5938));
#2404=CARTESIAN_POINT('',(27.0176270189222,2.09999995529652,12.5938));
#2405=CARTESIAN_POINT('Origin',(27.0176270189222,2.09999995529652,12.5938));
#2406=CARTESIAN_POINT('',(22.6875,4.29999995529652,10.0938));
#2407=CARTESIAN_POINT('',(22.6875,4.29999995529652,10.0938));
#2408=CARTESIAN_POINT('',(22.6875,2.09999995529652,10.0938));
#2409=CARTESIAN_POINT('Origin',(18.3573729810778,2.09999995529652,17.5938));
#2410=CARTESIAN_POINT('',(18.3573729810778,4.29999995529652,17.5938));
#2411=CARTESIAN_POINT('',(18.3573729810778,2.09999995529652,17.5938));
#2412=CARTESIAN_POINT('',(22.6875,4.29999995529652,20.0938));
#2413=CARTESIAN_POINT('Origin',(18.3573729810778,2.09999995529652,12.5938));
#2414=CARTESIAN_POINT('',(18.3573729810778,4.29999995529652,12.5938));
#2415=CARTESIAN_POINT('',(18.3573729810778,2.09999995529652,12.5938));
#2416=CARTESIAN_POINT('',(18.3573729810778,4.29999995529652,17.5938));
#2417=CARTESIAN_POINT('Origin',(22.6875,2.09999995529652,10.0938));
#2418=CARTESIAN_POINT('',(18.3573729810778,4.29999995529652,12.5938));
#2419=CARTESIAN_POINT('Origin',(22.6875,4.29999995529652,15.0938));
#2420=CARTESIAN_POINT('Origin',(22.6875,2.09999995529652,40.2188));
#2421=CARTESIAN_POINT('',(27.0176270189222,4.29999995529652,37.7188));
#2422=CARTESIAN_POINT('',(27.0176270189222,2.09999995529652,37.7188));
#2423=CARTESIAN_POINT('',(22.6875,4.29999995529652,40.2188));
#2424=CARTESIAN_POINT('',(22.6875,2.09999995529652,40.2188));
#2425=CARTESIAN_POINT('',(27.0176270189222,4.29999995529652,37.7188));
#2426=CARTESIAN_POINT('Origin',(27.0176270189222,2.09999995529652,17.5938));
#2427=CARTESIAN_POINT('',(27.0176270189222,4.29999995529652,32.7188));
#2428=CARTESIAN_POINT('',(27.0176270189222,4.29999995529652,32.7188));
#2429=CARTESIAN_POINT('',(27.0176270189222,2.09999995529652,32.7188));
#2430=CARTESIAN_POINT('Origin',(27.0176270189222,2.09999995529652,32.7188));
#2431=CARTESIAN_POINT('',(22.6875,4.29999995529652,30.2188));
#2432=CARTESIAN_POINT('',(22.6875,4.29999995529652,30.2188));
#2433=CARTESIAN_POINT('',(22.6875,2.09999995529652,30.2188));
#2434=CARTESIAN_POINT('Origin',(18.3573729810778,2.09999995529652,37.7188));
#2435=CARTESIAN_POINT('',(18.3573729810778,4.29999995529652,37.7188));
#2436=CARTESIAN_POINT('',(18.3573729810778,2.09999995529652,37.7188));
#2437=CARTESIAN_POINT('',(22.6875,4.29999995529652,40.2188));
#2438=CARTESIAN_POINT('Origin',(18.3573729810778,2.09999995529652,32.7188));
#2439=CARTESIAN_POINT('',(18.3573729810778,4.29999995529652,32.7188));
#2440=CARTESIAN_POINT('',(18.3573729810778,2.09999995529652,32.7188));
#2441=CARTESIAN_POINT('',(18.3573729810778,4.29999995529652,37.7188));
#2442=CARTESIAN_POINT('Origin',(22.6875,2.09999995529652,30.2188));
#2443=CARTESIAN_POINT('',(18.3573729810778,4.29999995529652,32.7188));
#2444=CARTESIAN_POINT('Origin',(22.6875,4.29999995529652,35.2188));
#2445=CARTESIAN_POINT('Origin',(4.73237298107781,2.09999995529652,32.7188));
#2446=CARTESIAN_POINT('',(4.73237298107781,4.29999995529652,22.6563));
#2447=CARTESIAN_POINT('',(4.73237298107781,2.09999995529652,22.6563));
#2448=CARTESIAN_POINT('',(4.73237298107781,4.29999995529652,27.6563));
#2449=CARTESIAN_POINT('Origin',(9.0625,2.09999995529652,20.1563));
#2450=CARTESIAN_POINT('',(9.0625,4.29999995529652,20.1563));
#2451=CARTESIAN_POINT('',(9.0625,2.09999995529652,20.1563));
#2452=CARTESIAN_POINT('',(4.73237298107781,4.29999995529652,22.6563));
#2453=CARTESIAN_POINT('Origin',(13.3926270189222,2.09999995529652,22.6563));
#2454=CARTESIAN_POINT('',(13.3926270189222,4.29999995529652,22.6563));
#2455=CARTESIAN_POINT('',(13.3926270189222,2.09999995529652,22.6563));
#2456=CARTESIAN_POINT('',(9.0625,4.29999995529652,20.1563));
#2457=CARTESIAN_POINT('Origin',(13.3926270189222,2.09999995529652,27.6563));
#2458=CARTESIAN_POINT('',(13.3926270189222,4.29999995529652,27.6563));
#2459=CARTESIAN_POINT('',(13.3926270189222,2.09999995529652,27.6563));
#2460=CARTESIAN_POINT('',(13.3926270189222,4.29999995529652,22.6563));
#2461=CARTESIAN_POINT('Origin',(9.0625,2.09999995529652,30.1563));
#2462=CARTESIAN_POINT('',(13.3926270189222,4.29999995529652,27.6563));
#2463=CARTESIAN_POINT('Origin',(9.0625,4.29999995529652,25.1563));
#2464=CARTESIAN_POINT('Origin',(4.73237298107781,2.09999995529652,7.5313));
#2465=CARTESIAN_POINT('',(4.73237298107781,4.29999995529652,7.5313));
#2466=CARTESIAN_POINT('',(4.73237298107781,2.09999995529652,7.5313));
#2467=CARTESIAN_POINT('',(9.0625,4.29999995529652,10.0313));
#2468=CARTESIAN_POINT('',(9.0625,4.29999995529652,10.0313));
#2469=CARTESIAN_POINT('',(9.0625,2.09999995529652,10.0313));
#2470=CARTESIAN_POINT('Origin',(13.3926270189222,2.09999995529652,2.5313));
#2471=CARTESIAN_POINT('',(13.3926270189222,4.29999995529652,2.5313));
#2472=CARTESIAN_POINT('',(13.3926270189222,2.09999995529652,2.5313));
#2473=CARTESIAN_POINT('',(9.0625,4.29999995529652,0.0312999999999997));
#2474=CARTESIAN_POINT('',(9.0625,4.29999995529652,0.0312999999999997));
#2475=CARTESIAN_POINT('',(9.0625,2.09999995529652,0.0312999999999997));
#2476=CARTESIAN_POINT('Origin',(13.3926270189222,2.09999995529652,7.5313));
#2477=CARTESIAN_POINT('',(13.3926270189222,4.29999995529652,7.5313));
#2478=CARTESIAN_POINT('',(13.3926270189222,2.09999995529652,7.5313));
#2479=CARTESIAN_POINT('',(13.3926270189222,4.29999995529652,2.5313));
#2480=CARTESIAN_POINT('Origin',(9.0625,2.09999995529652,10.0313));
#2481=CARTESIAN_POINT('',(13.3926270189222,4.29999995529652,7.5313));
#2482=CARTESIAN_POINT('Origin',(4.73237298107781,2.09999995529652,32.7188));
#2483=CARTESIAN_POINT('',(4.7323729810778,4.29999995529652,2.5313));
#2484=CARTESIAN_POINT('',(4.7323729810778,2.09999995529652,2.5313));
#2485=CARTESIAN_POINT('',(4.73237298107781,4.29999995529652,7.5313));
#2486=CARTESIAN_POINT('Origin',(9.0625,2.09999995529652,0.0312999999999997));
#2487=CARTESIAN_POINT('',(4.7323729810778,4.29999995529652,2.5313));
#2488=CARTESIAN_POINT('Origin',(9.0625,4.29999995529652,5.0313));
#2489=CARTESIAN_POINT('Origin',(4.73237298107781,2.09999995529652,17.5938));
#2490=CARTESIAN_POINT('',(4.73237298107781,4.29999995529652,17.5938));
#2491=CARTESIAN_POINT('',(4.73237298107781,2.09999995529652,17.5938));
#2492=CARTESIAN_POINT('',(9.0625,4.29999995529652,20.0938));
#2493=CARTESIAN_POINT('',(9.0625,4.29999995529652,20.0938));
#2494=CARTESIAN_POINT('',(9.0625,2.09999995529652,20.0938));
#2495=CARTESIAN_POINT('Origin',(13.3926270189222,2.09999995529652,12.5938));
#2496=CARTESIAN_POINT('',(13.3926270189222,4.29999995529652,12.5938));
#2497=CARTESIAN_POINT('',(13.3926270189222,2.09999995529652,12.5938));
#2498=CARTESIAN_POINT('',(9.0625,4.29999995529652,10.0938));
#2499=CARTESIAN_POINT('',(9.0625,4.29999995529652,10.0938));
#2500=CARTESIAN_POINT('',(9.0625,2.09999995529652,10.0938));
#2501=CARTESIAN_POINT('Origin',(13.3926270189222,2.09999995529652,17.5938));
#2502=CARTESIAN_POINT('',(13.3926270189222,4.29999995529652,17.5938));
#2503=CARTESIAN_POINT('',(13.3926270189222,2.09999995529652,17.5938));
#2504=CARTESIAN_POINT('',(13.3926270189222,4.29999995529652,12.5938));
#2505=CARTESIAN_POINT('Origin',(9.0625,2.09999995529652,20.0938));
#2506=CARTESIAN_POINT('',(13.3926270189222,4.29999995529652,17.5938));
#2507=CARTESIAN_POINT('Origin',(4.73237298107781,2.09999995529652,32.7188));
#2508=CARTESIAN_POINT('',(4.73237298107781,4.29999995529652,12.5938));
#2509=CARTESIAN_POINT('',(4.73237298107781,2.09999995529652,12.5938));
#2510=CARTESIAN_POINT('',(4.73237298107781,4.29999995529652,17.5938));
#2511=CARTESIAN_POINT('Origin',(9.0625,2.09999995529652,10.0938));
#2512=CARTESIAN_POINT('',(4.73237298107781,4.29999995529652,12.5938));
#2513=CARTESIAN_POINT('Origin',(9.0625,4.29999995529652,15.0938));
#2514=CARTESIAN_POINT('Origin',(4.73237298107781,2.09999995529652,37.7188));
#2515=CARTESIAN_POINT('',(4.73237298107781,4.29999995529652,37.7188));
#2516=CARTESIAN_POINT('',(4.73237298107781,2.09999995529652,37.7188));
#2517=CARTESIAN_POINT('',(9.0625,4.29999995529652,40.2188));
#2518=CARTESIAN_POINT('',(9.0625,4.29999995529652,40.2188));
#2519=CARTESIAN_POINT('',(9.0625,2.09999995529652,40.2188));
#2520=CARTESIAN_POINT('Origin',(13.3926270189222,2.09999995529652,32.7188));
#2521=CARTESIAN_POINT('',(13.3926270189222,4.29999995529652,32.7188));
#2522=CARTESIAN_POINT('',(13.3926270189222,2.09999995529652,32.7188));
#2523=CARTESIAN_POINT('',(9.0625,4.29999995529652,30.2188));
#2524=CARTESIAN_POINT('Origin',(13.3926270189222,2.09999995529652,37.7188));
#2525=CARTESIAN_POINT('',(13.3926270189222,4.29999995529652,37.7188));
#2526=CARTESIAN_POINT('',(13.3926270189222,2.09999995529652,37.7188));
#2527=CARTESIAN_POINT('',(13.3926270189222,4.29999995529652,32.7188));
#2528=CARTESIAN_POINT('Origin',(9.0625,2.09999995529652,40.2188));
#2529=CARTESIAN_POINT('',(13.3926270189222,4.29999995529652,37.7188));
#2530=CARTESIAN_POINT('Origin',(4.73237298107781,2.09999995529652,32.7188));
#2531=CARTESIAN_POINT('',(4.73237298107781,4.29999995529652,37.7188));
#2532=CARTESIAN_POINT('Origin',(9.0625,4.29999995529652,35.2188));
#2533=CARTESIAN_POINT('Origin',(25.8999993853271,7.9375,5.0313));
#2534=CARTESIAN_POINT('',(24.3999993853271,10.0375,5.0313));
#2535=CARTESIAN_POINT('',(25.8999993853271,10.1875,5.0313));
#2536=CARTESIAN_POINT('Origin',(24.3999993853271,7.9375,5.0313));
#2537=CARTESIAN_POINT('Origin',(24.3999993853271,7.9375,5.0313));
#2538=CARTESIAN_POINT('',(24.3999993853271,5.8875,5.0313));
#2539=CARTESIAN_POINT('Origin',(24.3999993853271,7.9375,5.0313));
#2540=CARTESIAN_POINT('Origin',(25.8999993853271,7.9375,15.0938));
#2541=CARTESIAN_POINT('',(24.3999993853271,10.0375,15.0938));
#2542=CARTESIAN_POINT('',(25.8999993853271,10.1875,15.0938));
#2543=CARTESIAN_POINT('Origin',(24.3999993853271,7.9375,15.0938));
#2544=CARTESIAN_POINT('Origin',(24.3999993853271,7.9375,15.0938));
#2545=CARTESIAN_POINT('',(24.3999993853271,5.8875,15.0938));
#2546=CARTESIAN_POINT('Origin',(24.3999993853271,7.9375,15.0938));
#2547=CARTESIAN_POINT('Origin',(25.8999993853271,7.9375,25.1563));
#2548=CARTESIAN_POINT('',(24.3999993853271,10.0375,25.1563));
#2549=CARTESIAN_POINT('',(25.8999993853271,10.1875,25.1563));
#2550=CARTESIAN_POINT('Origin',(24.3999993853271,7.9375,25.1563));
#2551=CARTESIAN_POINT('Origin',(24.3999993853271,7.9375,25.1563));
#2552=CARTESIAN_POINT('',(24.3999993853271,5.8875,25.1563));
#2553=CARTESIAN_POINT('Origin',(24.3999993853271,7.9375,25.1563));
#2554=CARTESIAN_POINT('Origin',(25.8999993853271,7.9375,35.2188));
#2555=CARTESIAN_POINT('',(24.3999993853271,10.0375,35.2188));
#2556=CARTESIAN_POINT('',(25.8999993853271,10.1875,35.2188));
#2557=CARTESIAN_POINT('Origin',(24.3999993853271,7.9375,35.2188));
#2558=CARTESIAN_POINT('Origin',(24.3999993853271,7.9375,35.2188));
#2559=CARTESIAN_POINT('',(24.3999993853271,5.8875,35.2188));
#2560=CARTESIAN_POINT('Origin',(24.3999993853271,7.9375,35.2188));
#2561=CARTESIAN_POINT('Origin',(5.85,7.9375,5.0313));
#2562=CARTESIAN_POINT('',(7.35,5.8375,5.0313));
#2563=CARTESIAN_POINT('',(5.85,5.6875,5.0313));
#2564=CARTESIAN_POINT('Origin',(7.35,7.9375,5.0313));
#2565=CARTESIAN_POINT('Origin',(7.35,7.9375,5.0313));
#2566=CARTESIAN_POINT('',(7.35,9.9875,5.0313));
#2567=CARTESIAN_POINT('Origin',(7.35,7.9375,5.0313));
#2568=CARTESIAN_POINT('Origin',(5.85,7.9375,15.0938));
#2569=CARTESIAN_POINT('',(7.35,5.8375,15.0938));
#2570=CARTESIAN_POINT('',(5.85,5.6875,15.0938));
#2571=CARTESIAN_POINT('Origin',(7.35,7.9375,15.0938));
#2572=CARTESIAN_POINT('Origin',(7.35,7.9375,15.0938));
#2573=CARTESIAN_POINT('',(7.35,9.9875,15.0938));
#2574=CARTESIAN_POINT('Origin',(7.35,7.9375,15.0938));
#2575=CARTESIAN_POINT('Origin',(5.85,7.9375,25.1563));
#2576=CARTESIAN_POINT('',(7.35,5.8375,25.1563));
#2577=CARTESIAN_POINT('',(5.85,5.6875,25.1563));
#2578=CARTESIAN_POINT('Origin',(7.35,7.9375,25.1563));
#2579=CARTESIAN_POINT('Origin',(7.35,7.9375,25.1563));
#2580=CARTESIAN_POINT('',(7.35,9.9875,25.1563));
#2581=CARTESIAN_POINT('Origin',(7.35,7.9375,25.1563));
#2582=CARTESIAN_POINT('Origin',(5.85,7.9375,35.2188));
#2583=CARTESIAN_POINT('',(7.35,5.8375,35.2188));
#2584=CARTESIAN_POINT('',(5.85,5.6875,35.2188));
#2585=CARTESIAN_POINT('Origin',(7.35,7.9375,35.2188));
#2586=CARTESIAN_POINT('Origin',(7.35,7.9375,35.2188));
#2587=CARTESIAN_POINT('',(7.35,9.9875,35.2188));
#2588=CARTESIAN_POINT('Origin',(7.35,7.9375,35.2188));
#2589=CARTESIAN_POINT('Origin',(8.35,7.9375,15.0938));
#2590=CARTESIAN_POINT('',(12.35,9.9875,15.0938));
#2591=CARTESIAN_POINT('',(8.35,9.9875,15.0938));
#2592=CARTESIAN_POINT('Origin',(12.35,7.9375,15.0938));
#2593=CARTESIAN_POINT('Origin',(12.35,7.9375,15.0938));
#2594=CARTESIAN_POINT('Origin',(8.35,7.9375,35.2188));
#2595=CARTESIAN_POINT('',(12.35,9.9875,35.2188));
#2596=CARTESIAN_POINT('',(8.35,9.9875,35.2188));
#2597=CARTESIAN_POINT('Origin',(12.35,7.9375,35.2188));
#2598=CARTESIAN_POINT('Origin',(12.35,7.9375,35.2188));
#2599=CARTESIAN_POINT('Origin',(8.35,7.9375,25.1563));
#2600=CARTESIAN_POINT('',(12.35,9.9875,25.1563));
#2601=CARTESIAN_POINT('',(8.35,9.9875,25.1563));
#2602=CARTESIAN_POINT('Origin',(12.35,7.9375,25.1563));
#2603=CARTESIAN_POINT('Origin',(12.35,7.9375,25.1563));
#2604=CARTESIAN_POINT('Origin',(8.35,7.9375,5.0313));
#2605=CARTESIAN_POINT('',(12.35,9.9875,5.0313));
#2606=CARTESIAN_POINT('',(8.35,9.9875,5.0313));
#2607=CARTESIAN_POINT('Origin',(12.35,7.9375,5.0313));
#2608=CARTESIAN_POINT('Origin',(12.35,7.9375,5.0313));
#2609=CARTESIAN_POINT('Origin',(23.3999993853271,7.9375,25.1563));
#2610=CARTESIAN_POINT('',(19.3999993853271,5.8875,25.1563));
#2611=CARTESIAN_POINT('',(23.3999993853271,5.8875,25.1563));
#2612=CARTESIAN_POINT('Origin',(19.3999993853271,7.9375,25.1563));
#2613=CARTESIAN_POINT('Origin',(19.3999993853271,7.9375,25.1563));
#2614=CARTESIAN_POINT('Origin',(23.3999993853271,7.9375,5.0313));
#2615=CARTESIAN_POINT('',(19.3999993853271,5.8875,5.0313));
#2616=CARTESIAN_POINT('',(23.3999993853271,5.8875,5.0313));
#2617=CARTESIAN_POINT('Origin',(19.3999993853271,7.9375,5.0313));
#2618=CARTESIAN_POINT('Origin',(19.3999993853271,7.9375,5.0313));
#2619=CARTESIAN_POINT('Origin',(23.3999993853271,7.9375,15.0938));
#2620=CARTESIAN_POINT('',(19.3999993853271,5.8875,15.0938));
#2621=CARTESIAN_POINT('',(23.3999993853271,5.8875,15.0938));
#2622=CARTESIAN_POINT('Origin',(19.3999993853271,7.9375,15.0938));
#2623=CARTESIAN_POINT('Origin',(19.3999993853271,7.9375,15.0938));
#2624=CARTESIAN_POINT('Origin',(23.3999993853271,7.9375,35.2188));
#2625=CARTESIAN_POINT('',(19.3999993853271,5.8875,35.2188));
#2626=CARTESIAN_POINT('',(23.3999993853271,5.8875,35.2188));
#2627=CARTESIAN_POINT('Origin',(19.3999993853271,7.9375,35.2188));
#2628=CARTESIAN_POINT('Origin',(19.3999993853271,7.9375,35.2188));
#2629=CARTESIAN_POINT('Origin',(25.9999993853271,14.775,0.));
#2630=CARTESIAN_POINT('',(5.75,14.775,0.));
#2631=CARTESIAN_POINT('',(25.9999993853271,14.775,0.));
#2632=CARTESIAN_POINT('Origin',(25.9999993853271,13.375,0.));
#2633=CARTESIAN_POINT('Origin',(5.75,13.375,0.));
#2634=UNCERTAINTY_MEASURE_WITH_UNIT(LENGTH_MEASURE(0.01),#2638,
'DISTANCE_ACCURACY_VALUE',
'Maximum model space distance between geometric entities at asserted c
onnectivities');
#2635=UNCERTAINTY_MEASURE_WITH_UNIT(LENGTH_MEASURE(0.01),#2638,
'DISTANCE_ACCURACY_VALUE',
'Maximum model space distance between geometric entities at asserted c
onnectivities');
#2636=(
GEOMETRIC_REPRESENTATION_CONTEXT(3)
GLOBAL_UNCERTAINTY_ASSIGNED_CONTEXT((#2634))
GLOBAL_UNIT_ASSIGNED_CONTEXT((#2638,#2640,#2641))
REPRESENTATION_CONTEXT('','3D')
);
#2637=(
GEOMETRIC_REPRESENTATION_CONTEXT(3)
GLOBAL_UNCERTAINTY_ASSIGNED_CONTEXT((#2635))
GLOBAL_UNIT_ASSIGNED_CONTEXT((#2638,#2640,#2641))
REPRESENTATION_CONTEXT('','3D')
);
#2638=(
LENGTH_UNIT()
NAMED_UNIT(*)
SI_UNIT(.MILLI.,.METRE.)
);
#2639=(
LENGTH_UNIT()
NAMED_UNIT(*)
SI_UNIT($,.METRE.)
);
#2640=(
NAMED_UNIT(*)
PLANE_ANGLE_UNIT()
SI_UNIT($,.RADIAN.)
);
#2641=(
NAMED_UNIT(*)
SI_UNIT($,.STERADIAN.)
SOLID_ANGLE_UNIT()
);
#2642=SHAPE_DEFINITION_REPRESENTATION(#2643,#2644);
#2643=PRODUCT_DEFINITION_SHAPE('',$,#2646);
#2644=SHAPE_REPRESENTATION('',(#1614),#2636);
#2645=PRODUCT_DEFINITION_CONTEXT('part definition',#2650,'design');
#2646=PRODUCT_DEFINITION('frame connector block',
'frame connector block',#2647,#2645);
#2647=PRODUCT_DEFINITION_FORMATION('',$,#2652);
#2648=PRODUCT_RELATED_PRODUCT_CATEGORY('frame connector block',
'frame connector block',(#2652));
#2649=APPLICATION_PROTOCOL_DEFINITION('international standard',
'automotive_design',2009,#2650);
#2650=APPLICATION_CONTEXT(
'Core Data for Automotive Mechanical Design Process');
#2651=PRODUCT_CONTEXT('part definition',#2650,'mechanical');
#2652=PRODUCT('frame connector block','frame connector block',$,(#2651));
#2653=PRESENTATION_STYLE_ASSIGNMENT((#2654));
#2654=SURFACE_STYLE_USAGE(.BOTH.,#2655);
#2655=SURFACE_SIDE_STYLE('',(#2656));
#2656=SURFACE_STYLE_FILL_AREA(#2657);
#2657=FILL_AREA_STYLE('Steel - Satin',(#2658));
#2658=FILL_AREA_STYLE_COLOUR('Steel - Satin',#2659);
#2659=COLOUR_RGB('Steel - Satin',0.627450980392157,0.627450980392157,0.627450980392157);
ENDSEC;
END-ISO-10303-21;
