ISO-10303-21;
HEADER;
/* Generated by software containing ST-Developer
 * from STEP Tools, Inc. (www.steptools.com) 
 */

FILE_DESCRIPTION(
/* description */ (''),
/* implementation_level */ '2;1');

FILE_NAME(
/* name */ 'frame_rail.step',
/* time_stamp */ '2026-09-08T14:23:58-04:00',
/* author */ (''),
/* organization */ (''),
/* preprocessor_version */ 'ST-DEVELOPER v20.1',
/* originating_system */ 'Autodesk Translation Framework v14.24.0.0',
/* authorisation */ '');

FILE_SCHEMA (('AUTOMOTIVE_DESIGN { 1 0 10303 214 3 1 1 }','INTEGRATED_CNC_SCHEMA'));
ENDSEC;

DATA;
#10=MECHANICAL_DESIGN_GEOMETRIC_PRESENTATION_REPRESENTATION('',(#13),#10037);
#11=SHAPE_REPRESENTATION_RELATIONSHIP('SRR','None',#10044,#12);
#12=ADVANCED_BREP_SHAPE_REPRESENTATION('',(#14),#10036);
#13=STYLED_ITEM('',(#10053),#14);
#14=MANIFOLD_SOLID_BREP('Body1',#5985);
#15=TOROIDAL_SURFACE('',#6109,0.75,0.25);
#16=TOROIDAL_SURFACE('',#6114,0.75,0.25);
#17=TOROIDAL_SURFACE('',#6119,1.75,0.25);
#18=TOROIDAL_SURFACE('',#6124,1.75,0.25);
#19=TOROIDAL_SURFACE('',#6129,0.75,0.25);
#20=TOROIDAL_SURFACE('',#6134,0.75,0.25);
#21=TOROIDAL_SURFACE('',#6139,0.75,0.25);
#22=TOROIDAL_SURFACE('',#6144,0.75,0.25);
#23=TOROIDAL_SURFACE('',#6187,0.75,0.25);
#24=TOROIDAL_SURFACE('',#6192,0.75,0.25);
#25=TOROIDAL_SURFACE('',#6197,1.75,0.25);
#26=TOROIDAL_SURFACE('',#6203,1.75,0.25);
#27=TOROIDAL_SURFACE('',#6209,0.75,0.25);
#28=TOROIDAL_SURFACE('',#6215,0.75,0.25);
#29=TOROIDAL_SURFACE('',#6221,0.75,0.25);
#30=TOROIDAL_SURFACE('',#6226,0.75,0.25);
#31=SPHERICAL_SURFACE('',#6066,0.25);
#32=SPHERICAL_SURFACE('',#6071,0.25);
#33=SPHERICAL_SURFACE('',#6076,0.25);
#34=SPHERICAL_SURFACE('',#6077,0.25);
#35=SPHERICAL_SURFACE('',#6087,0.25);
#36=SPHERICAL_SURFACE('',#6092,0.25);
#37=SPHERICAL_SURFACE('',#6097,0.25);
#38=SPHERICAL_SURFACE('',#6098,0.25);
#39=SPHERICAL_SURFACE('',#6250,0.25);
#40=SPHERICAL_SURFACE('',#6255,0.25);
#41=SPHERICAL_SURFACE('',#6260,0.25);
#42=SPHERICAL_SURFACE('',#6262,0.25);
#43=SPHERICAL_SURFACE('',#6279,0.25);
#44=SPHERICAL_SURFACE('',#6284,0.25);
#45=SPHERICAL_SURFACE('',#6289,0.25);
#46=SPHERICAL_SURFACE('',#6291,0.25);
#47=FACE_BOUND('',#2020,.T.);
#48=FACE_BOUND('',#2021,.T.);
#49=FACE_BOUND('',#2080,.T.);
#50=FACE_BOUND('',#2081,.T.);
#51=FACE_BOUND('',#2082,.T.);
#52=FACE_BOUND('',#2083,.T.);
#53=FACE_BOUND('',#2084,.T.);
#54=FACE_BOUND('',#2085,.T.);
#55=FACE_BOUND('',#2086,.T.);
#56=FACE_BOUND('',#2087,.T.);
#57=FACE_BOUND('',#2088,.T.);
#58=FACE_BOUND('',#2089,.T.);
#59=FACE_BOUND('',#2090,.T.);
#60=FACE_BOUND('',#2091,.T.);
#61=FACE_BOUND('',#2092,.T.);
#62=FACE_BOUND('',#2095,.T.);
#63=FACE_BOUND('',#2096,.T.);
#64=FACE_BOUND('',#2097,.T.);
#65=FACE_BOUND('',#2098,.T.);
#66=FACE_BOUND('',#2099,.T.);
#67=FACE_BOUND('',#2100,.T.);
#68=FACE_BOUND('',#2101,.T.);
#69=FACE_BOUND('',#2102,.T.);
#70=FACE_BOUND('',#2103,.T.);
#71=FACE_BOUND('',#2104,.T.);
#72=FACE_BOUND('',#2105,.T.);
#73=FACE_BOUND('',#2106,.T.);
#74=FACE_BOUND('',#2107,.T.);
#75=FACE_BOUND('',#2108,.T.);
#76=FACE_BOUND('',#2109,.T.);
#77=FACE_BOUND('',#2110,.T.);
#78=FACE_BOUND('',#2111,.T.);
#79=FACE_BOUND('',#2112,.T.);
#80=FACE_BOUND('',#2113,.T.);
#81=FACE_BOUND('',#2114,.T.);
#82=FACE_BOUND('',#2115,.T.);
#83=FACE_BOUND('',#2116,.T.);
#84=FACE_BOUND('',#2117,.T.);
#85=FACE_BOUND('',#2118,.T.);
#86=FACE_BOUND('',#2119,.T.);
#87=FACE_BOUND('',#2120,.T.);
#88=FACE_BOUND('',#2123,.T.);
#89=FACE_BOUND('',#2124,.T.);
#90=FACE_BOUND('',#2125,.T.);
#91=FACE_BOUND('',#2126,.T.);
#92=FACE_BOUND('',#2127,.T.);
#93=FACE_BOUND('',#2128,.T.);
#94=FACE_BOUND('',#2129,.T.);
#95=FACE_BOUND('',#2130,.T.);
#96=FACE_BOUND('',#2131,.T.);
#97=FACE_BOUND('',#2132,.T.);
#98=FACE_BOUND('',#2133,.T.);
#99=FACE_BOUND('',#2134,.T.);
#100=FACE_BOUND('',#2135,.T.);
#101=FACE_BOUND('',#2156,.T.);
#102=FACE_BOUND('',#2157,.T.);
#103=FACE_BOUND('',#2160,.T.);
#104=FACE_BOUND('',#2161,.T.);
#105=FACE_BOUND('',#2162,.T.);
#106=FACE_BOUND('',#2163,.T.);
#107=FACE_BOUND('',#2164,.T.);
#108=FACE_BOUND('',#2165,.T.);
#109=FACE_BOUND('',#2166,.T.);
#110=FACE_BOUND('',#2167,.T.);
#111=FACE_BOUND('',#2168,.T.);
#112=FACE_BOUND('',#2169,.T.);
#113=FACE_BOUND('',#2170,.T.);
#114=FACE_BOUND('',#2171,.T.);
#115=FACE_BOUND('',#2172,.T.);
#116=FACE_BOUND('',#2175,.T.);
#117=FACE_BOUND('',#2176,.T.);
#118=FACE_BOUND('',#2177,.T.);
#119=FACE_BOUND('',#2178,.T.);
#120=FACE_BOUND('',#2179,.T.);
#121=FACE_BOUND('',#2180,.T.);
#122=FACE_BOUND('',#2181,.T.);
#123=FACE_BOUND('',#2182,.T.);
#124=FACE_BOUND('',#2183,.T.);
#125=FACE_BOUND('',#2184,.T.);
#126=FACE_BOUND('',#2185,.T.);
#127=FACE_BOUND('',#2186,.T.);
#128=FACE_BOUND('',#2187,.T.);
#129=FACE_BOUND('',#2405,.T.);
#130=FACE_BOUND('',#2406,.T.);
#131=FACE_BOUND('',#2407,.T.);
#132=FACE_BOUND('',#2408,.T.);
#133=FACE_BOUND('',#2409,.T.);
#134=FACE_BOUND('',#2410,.T.);
#135=FACE_BOUND('',#2411,.T.);
#136=FACE_BOUND('',#2412,.T.);
#137=FACE_BOUND('',#2413,.T.);
#138=FACE_BOUND('',#2414,.T.);
#139=FACE_BOUND('',#2415,.T.);
#140=FACE_BOUND('',#2416,.T.);
#141=FACE_BOUND('',#2417,.T.);
#142=FACE_BOUND('',#2418,.T.);
#143=FACE_BOUND('',#2419,.T.);
#144=FACE_BOUND('',#2420,.T.);
#145=FACE_BOUND('',#2421,.T.);
#146=FACE_BOUND('',#2422,.T.);
#147=FACE_BOUND('',#2423,.T.);
#148=FACE_BOUND('',#2424,.T.);
#149=FACE_BOUND('',#2425,.T.);
#150=FACE_BOUND('',#2426,.T.);
#151=FACE_BOUND('',#2427,.T.);
#152=FACE_BOUND('',#2428,.T.);
#153=FACE_BOUND('',#2429,.T.);
#154=FACE_BOUND('',#2430,.T.);
#155=PLANE('',#6019);
#156=PLANE('',#6022);
#157=PLANE('',#6025);
#158=PLANE('',#6054);
#159=PLANE('',#6057);
#160=PLANE('',#6079);
#161=PLANE('',#6080);
#162=PLANE('',#6100);
#163=PLANE('',#6101);
#164=PLANE('',#6103);
#165=PLANE('',#6105);
#166=PLANE('',#6148);
#167=PLANE('',#6151);
#168=PLANE('',#6154);
#169=PLANE('',#6183);
#170=PLANE('',#6229);
#171=PLANE('',#6231);
#172=PLANE('',#6241);
#173=PLANE('',#6243);
#174=PLANE('',#6265);
#175=PLANE('',#6267);
#176=PLANE('',#6268);
#177=PLANE('',#6269);
#178=PLANE('',#6272);
#179=PLANE('',#6294);
#180=PLANE('',#6296);
#181=PLANE('',#6297);
#182=PLANE('',#6300);
#183=PLANE('',#6301);
#184=PLANE('',#6302);
#185=PLANE('',#6303);
#186=PLANE('',#6304);
#187=PLANE('',#6305);
#188=PLANE('',#6306);
#189=PLANE('',#6307);
#190=PLANE('',#6308);
#191=PLANE('',#6309);
#192=PLANE('',#6310);
#193=PLANE('',#6311);
#194=PLANE('',#6312);
#195=PLANE('',#6313);
#196=PLANE('',#6314);
#197=PLANE('',#6315);
#198=PLANE('',#6316);
#199=PLANE('',#6317);
#200=PLANE('',#6318);
#201=PLANE('',#6319);
#202=PLANE('',#6320);
#203=PLANE('',#6321);
#204=PLANE('',#6322);
#205=PLANE('',#6323);
#206=PLANE('',#6324);
#207=PLANE('',#6325);
#208=PLANE('',#6326);
#209=PLANE('',#6327);
#210=PLANE('',#6328);
#211=PLANE('',#6329);
#212=PLANE('',#6330);
#213=PLANE('',#6331);
#214=PLANE('',#6332);
#215=PLANE('',#6333);
#216=PLANE('',#6334);
#217=PLANE('',#6335);
#218=PLANE('',#6336);
#219=PLANE('',#6337);
#220=PLANE('',#6338);
#221=PLANE('',#6339);
#222=PLANE('',#6340);
#223=PLANE('',#6341);
#224=PLANE('',#6342);
#225=PLANE('',#6343);
#226=PLANE('',#6344);
#227=PLANE('',#6345);
#228=PLANE('',#6346);
#229=PLANE('',#6347);
#230=PLANE('',#6348);
#231=PLANE('',#6349);
#232=PLANE('',#6350);
#233=PLANE('',#6351);
#234=PLANE('',#6352);
#235=PLANE('',#6353);
#236=PLANE('',#6354);
#237=PLANE('',#6355);
#238=PLANE('',#6356);
#239=PLANE('',#6357);
#240=PLANE('',#6358);
#241=PLANE('',#6359);
#242=PLANE('',#6360);
#243=PLANE('',#6361);
#244=PLANE('',#6362);
#245=PLANE('',#6363);
#246=PLANE('',#6364);
#247=PLANE('',#6365);
#248=PLANE('',#6366);
#249=PLANE('',#6367);
#250=PLANE('',#6368);
#251=PLANE('',#6369);
#252=PLANE('',#6370);
#253=PLANE('',#6371);
#254=PLANE('',#6372);
#255=PLANE('',#6373);
#256=PLANE('',#6374);
#257=PLANE('',#6375);
#258=PLANE('',#6376);
#259=PLANE('',#6377);
#260=PLANE('',#6378);
#261=PLANE('',#6379);
#262=PLANE('',#6380);
#263=PLANE('',#6381);
#264=PLANE('',#6382);
#265=PLANE('',#6383);
#266=PLANE('',#6384);
#267=PLANE('',#6385);
#268=PLANE('',#6386);
#269=PLANE('',#6387);
#270=PLANE('',#6388);
#271=PLANE('',#6389);
#272=PLANE('',#6390);
#273=PLANE('',#6391);
#274=PLANE('',#6392);
#275=PLANE('',#6393);
#276=PLANE('',#6394);
#277=PLANE('',#6395);
#278=PLANE('',#6396);
#279=PLANE('',#6397);
#280=PLANE('',#6398);
#281=PLANE('',#6399);
#282=PLANE('',#6400);
#283=PLANE('',#6401);
#284=PLANE('',#6402);
#285=PLANE('',#6403);
#286=PLANE('',#6404);
#287=PLANE('',#6405);
#288=PLANE('',#6406);
#289=PLANE('',#6407);
#290=PLANE('',#6408);
#291=PLANE('',#6409);
#292=PLANE('',#6410);
#293=PLANE('',#6411);
#294=PLANE('',#6412);
#295=PLANE('',#6413);
#296=PLANE('',#6414);
#297=PLANE('',#6415);
#298=PLANE('',#6416);
#299=PLANE('',#6417);
#300=PLANE('',#6418);
#301=PLANE('',#6419);
#302=PLANE('',#6420);
#303=PLANE('',#6421);
#304=PLANE('',#6422);
#305=PLANE('',#6423);
#306=PLANE('',#6424);
#307=PLANE('',#6425);
#308=PLANE('',#6426);
#309=PLANE('',#6427);
#310=PLANE('',#6428);
#311=PLANE('',#6429);
#312=PLANE('',#6430);
#313=PLANE('',#6431);
#314=PLANE('',#6432);
#315=PLANE('',#6433);
#316=PLANE('',#6434);
#317=PLANE('',#6435);
#318=PLANE('',#6436);
#319=PLANE('',#6437);
#320=PLANE('',#6438);
#321=PLANE('',#6439);
#322=PLANE('',#6440);
#323=PLANE('',#6441);
#324=PLANE('',#6442);
#325=PLANE('',#6443);
#326=PLANE('',#6444);
#327=PLANE('',#6445);
#328=PLANE('',#6446);
#329=PLANE('',#6447);
#330=PLANE('',#6448);
#331=PLANE('',#6449);
#332=PLANE('',#6450);
#333=PLANE('',#6451);
#334=PLANE('',#6452);
#335=PLANE('',#6453);
#336=PLANE('',#6454);
#337=PLANE('',#6455);
#338=PLANE('',#6456);
#339=PLANE('',#6457);
#340=PLANE('',#6510);
#341=LINE('',#8205,#971);
#342=LINE('',#8206,#972);
#343=LINE('',#8241,#973);
#344=LINE('',#8242,#974);
#345=LINE('',#8277,#975);
#346=LINE('',#8278,#976);
#347=LINE('',#8310,#977);
#348=LINE('',#8311,#978);
#349=LINE('',#8314,#979);
#350=LINE('',#8316,#980);
#351=LINE('',#8317,#981);
#352=LINE('',#8320,#982);
#353=LINE('',#8324,#983);
#354=LINE('',#8325,#984);
#355=LINE('',#8328,#985);
#356=LINE('',#8333,#986);
#357=LINE('',#8337,#987);
#358=LINE('',#8341,#988);
#359=LINE('',#8345,#989);
#360=LINE('',#8349,#990);
#361=LINE('',#8353,#991);
#362=LINE('',#8357,#992);
#363=LINE('',#8361,#993);
#364=LINE('',#8367,#994);
#365=LINE('',#8371,#995);
#366=LINE('',#8375,#996);
#367=LINE('',#8378,#997);
#368=LINE('',#8412,#998);
#369=LINE('',#8444,#999);
#370=LINE('',#8476,#1000);
#371=LINE('',#8506,#1001);
#372=LINE('',#8509,#1002);
#373=LINE('',#8511,#1003);
#374=LINE('',#8512,#1004);
#375=LINE('',#8515,#1005);
#376=LINE('',#8519,#1006);
#377=LINE('',#8520,#1007);
#378=LINE('',#8523,#1008);
#379=LINE('',#8530,#1009);
#380=LINE('',#8536,#1010);
#381=LINE('',#8538,#1011);
#382=LINE('',#8545,#1012);
#383=LINE('',#8547,#1013);
#384=LINE('',#8553,#1014);
#385=LINE('',#8557,#1015);
#386=LINE('',#8558,#1016);
#387=LINE('',#8566,#1017);
#388=LINE('',#8572,#1018);
#389=LINE('',#8574,#1019);
#390=LINE('',#8581,#1020);
#391=LINE('',#8583,#1021);
#392=LINE('',#8589,#1022);
#393=LINE('',#8593,#1023);
#394=LINE('',#8594,#1024);
#395=LINE('',#8598,#1025);
#396=LINE('',#8601,#1026);
#397=LINE('',#8608,#1027);
#398=LINE('',#8616,#1028);
#399=LINE('',#8624,#1029);
#400=LINE('',#8632,#1030);
#401=LINE('',#8640,#1031);
#402=LINE('',#8648,#1032);
#403=LINE('',#8656,#1033);
#404=LINE('',#8664,#1034);
#405=LINE('',#8669,#1035);
#406=LINE('',#8672,#1036);
#407=LINE('',#8675,#1037);
#408=LINE('',#8676,#1038);
#409=LINE('',#8679,#1039);
#410=LINE('',#8683,#1040);
#411=LINE('',#8684,#1041);
#412=LINE('',#8687,#1042);
#413=LINE('',#8689,#1043);
#414=LINE('',#8691,#1044);
#415=LINE('',#8693,#1045);
#416=LINE('',#8695,#1046);
#417=LINE('',#8696,#1047);
#418=LINE('',#8699,#1048);
#419=LINE('',#8701,#1049);
#420=LINE('',#8703,#1050);
#421=LINE('',#8705,#1051);
#422=LINE('',#8707,#1052);
#423=LINE('',#8708,#1053);
#424=LINE('',#8711,#1054);
#425=LINE('',#8713,#1055);
#426=LINE('',#8715,#1056);
#427=LINE('',#8717,#1057);
#428=LINE('',#8719,#1058);
#429=LINE('',#8720,#1059);
#430=LINE('',#8723,#1060);
#431=LINE('',#8725,#1061);
#432=LINE('',#8727,#1062);
#433=LINE('',#8729,#1063);
#434=LINE('',#8731,#1064);
#435=LINE('',#8732,#1065);
#436=LINE('',#8735,#1066);
#437=LINE('',#8737,#1067);
#438=LINE('',#8739,#1068);
#439=LINE('',#8741,#1069);
#440=LINE('',#8743,#1070);
#441=LINE('',#8744,#1071);
#442=LINE('',#8747,#1072);
#443=LINE('',#8749,#1073);
#444=LINE('',#8751,#1074);
#445=LINE('',#8753,#1075);
#446=LINE('',#8755,#1076);
#447=LINE('',#8756,#1077);
#448=LINE('',#8759,#1078);
#449=LINE('',#8761,#1079);
#450=LINE('',#8763,#1080);
#451=LINE('',#8765,#1081);
#452=LINE('',#8767,#1082);
#453=LINE('',#8768,#1083);
#454=LINE('',#8771,#1084);
#455=LINE('',#8773,#1085);
#456=LINE('',#8775,#1086);
#457=LINE('',#8777,#1087);
#458=LINE('',#8779,#1088);
#459=LINE('',#8780,#1089);
#460=LINE('',#8783,#1090);
#461=LINE('',#8785,#1091);
#462=LINE('',#8787,#1092);
#463=LINE('',#8789,#1093);
#464=LINE('',#8791,#1094);
#465=LINE('',#8792,#1095);
#466=LINE('',#8795,#1096);
#467=LINE('',#8797,#1097);
#468=LINE('',#8799,#1098);
#469=LINE('',#8801,#1099);
#470=LINE('',#8803,#1100);
#471=LINE('',#8804,#1101);
#472=LINE('',#8807,#1102);
#473=LINE('',#8809,#1103);
#474=LINE('',#8811,#1104);
#475=LINE('',#8813,#1105);
#476=LINE('',#8815,#1106);
#477=LINE('',#8816,#1107);
#478=LINE('',#8819,#1108);
#479=LINE('',#8821,#1109);
#480=LINE('',#8823,#1110);
#481=LINE('',#8825,#1111);
#482=LINE('',#8827,#1112);
#483=LINE('',#8828,#1113);
#484=LINE('',#8831,#1114);
#485=LINE('',#8833,#1115);
#486=LINE('',#8835,#1116);
#487=LINE('',#8837,#1117);
#488=LINE('',#8839,#1118);
#489=LINE('',#8840,#1119);
#490=LINE('',#8843,#1120);
#491=LINE('',#8847,#1121);
#492=LINE('',#8848,#1122);
#493=LINE('',#8903,#1123);
#494=LINE('',#8907,#1124);
#495=LINE('',#8908,#1125);
#496=LINE('',#8911,#1126);
#497=LINE('',#8913,#1127);
#498=LINE('',#8915,#1128);
#499=LINE('',#8917,#1129);
#500=LINE('',#8919,#1130);
#501=LINE('',#8920,#1131);
#502=LINE('',#8923,#1132);
#503=LINE('',#8925,#1133);
#504=LINE('',#8927,#1134);
#505=LINE('',#8929,#1135);
#506=LINE('',#8931,#1136);
#507=LINE('',#8932,#1137);
#508=LINE('',#8935,#1138);
#509=LINE('',#8937,#1139);
#510=LINE('',#8939,#1140);
#511=LINE('',#8941,#1141);
#512=LINE('',#8943,#1142);
#513=LINE('',#8944,#1143);
#514=LINE('',#8947,#1144);
#515=LINE('',#8949,#1145);
#516=LINE('',#8951,#1146);
#517=LINE('',#8953,#1147);
#518=LINE('',#8955,#1148);
#519=LINE('',#8956,#1149);
#520=LINE('',#8959,#1150);
#521=LINE('',#8961,#1151);
#522=LINE('',#8963,#1152);
#523=LINE('',#8965,#1153);
#524=LINE('',#8967,#1154);
#525=LINE('',#8968,#1155);
#526=LINE('',#8971,#1156);
#527=LINE('',#8973,#1157);
#528=LINE('',#8975,#1158);
#529=LINE('',#8977,#1159);
#530=LINE('',#8979,#1160);
#531=LINE('',#8980,#1161);
#532=LINE('',#8983,#1162);
#533=LINE('',#8985,#1163);
#534=LINE('',#8987,#1164);
#535=LINE('',#8989,#1165);
#536=LINE('',#8991,#1166);
#537=LINE('',#8992,#1167);
#538=LINE('',#8995,#1168);
#539=LINE('',#8997,#1169);
#540=LINE('',#8999,#1170);
#541=LINE('',#9001,#1171);
#542=LINE('',#9003,#1172);
#543=LINE('',#9004,#1173);
#544=LINE('',#9007,#1174);
#545=LINE('',#9009,#1175);
#546=LINE('',#9011,#1176);
#547=LINE('',#9013,#1177);
#548=LINE('',#9015,#1178);
#549=LINE('',#9016,#1179);
#550=LINE('',#9019,#1180);
#551=LINE('',#9021,#1181);
#552=LINE('',#9023,#1182);
#553=LINE('',#9025,#1183);
#554=LINE('',#9027,#1184);
#555=LINE('',#9028,#1185);
#556=LINE('',#9031,#1186);
#557=LINE('',#9033,#1187);
#558=LINE('',#9035,#1188);
#559=LINE('',#9037,#1189);
#560=LINE('',#9039,#1190);
#561=LINE('',#9040,#1191);
#562=LINE('',#9043,#1192);
#563=LINE('',#9045,#1193);
#564=LINE('',#9047,#1194);
#565=LINE('',#9049,#1195);
#566=LINE('',#9051,#1196);
#567=LINE('',#9052,#1197);
#568=LINE('',#9055,#1198);
#569=LINE('',#9057,#1199);
#570=LINE('',#9059,#1200);
#571=LINE('',#9061,#1201);
#572=LINE('',#9063,#1202);
#573=LINE('',#9064,#1203);
#574=LINE('',#9069,#1204);
#575=LINE('',#9078,#1205);
#576=LINE('',#9087,#1206);
#577=LINE('',#9088,#1207);
#578=LINE('',#9099,#1208);
#579=LINE('',#9100,#1209);
#580=LINE('',#9111,#1210);
#581=LINE('',#9112,#1211);
#582=LINE('',#9123,#1212);
#583=LINE('',#9124,#1213);
#584=LINE('',#9133,#1214);
#585=LINE('',#9141,#1215);
#586=LINE('',#9145,#1216);
#587=LINE('',#9146,#1217);
#588=LINE('',#9148,#1218);
#589=LINE('',#9153,#1219);
#590=LINE('',#9157,#1220);
#591=LINE('',#9161,#1221);
#592=LINE('',#9165,#1222);
#593=LINE('',#9169,#1223);
#594=LINE('',#9173,#1224);
#595=LINE('',#9177,#1225);
#596=LINE('',#9181,#1226);
#597=LINE('',#9184,#1227);
#598=LINE('',#9185,#1228);
#599=LINE('',#9189,#1229);
#600=LINE('',#9191,#1230);
#601=LINE('',#9193,#1231);
#602=LINE('',#9195,#1232);
#603=LINE('',#9197,#1233);
#604=LINE('',#9198,#1234);
#605=LINE('',#9201,#1235);
#606=LINE('',#9203,#1236);
#607=LINE('',#9205,#1237);
#608=LINE('',#9207,#1238);
#609=LINE('',#9209,#1239);
#610=LINE('',#9210,#1240);
#611=LINE('',#9213,#1241);
#612=LINE('',#9215,#1242);
#613=LINE('',#9217,#1243);
#614=LINE('',#9219,#1244);
#615=LINE('',#9221,#1245);
#616=LINE('',#9222,#1246);
#617=LINE('',#9225,#1247);
#618=LINE('',#9227,#1248);
#619=LINE('',#9229,#1249);
#620=LINE('',#9231,#1250);
#621=LINE('',#9233,#1251);
#622=LINE('',#9234,#1252);
#623=LINE('',#9237,#1253);
#624=LINE('',#9239,#1254);
#625=LINE('',#9241,#1255);
#626=LINE('',#9243,#1256);
#627=LINE('',#9245,#1257);
#628=LINE('',#9246,#1258);
#629=LINE('',#9249,#1259);
#630=LINE('',#9251,#1260);
#631=LINE('',#9253,#1261);
#632=LINE('',#9255,#1262);
#633=LINE('',#9257,#1263);
#634=LINE('',#9258,#1264);
#635=LINE('',#9261,#1265);
#636=LINE('',#9263,#1266);
#637=LINE('',#9265,#1267);
#638=LINE('',#9267,#1268);
#639=LINE('',#9269,#1269);
#640=LINE('',#9270,#1270);
#641=LINE('',#9273,#1271);
#642=LINE('',#9275,#1272);
#643=LINE('',#9277,#1273);
#644=LINE('',#9279,#1274);
#645=LINE('',#9281,#1275);
#646=LINE('',#9282,#1276);
#647=LINE('',#9285,#1277);
#648=LINE('',#9287,#1278);
#649=LINE('',#9289,#1279);
#650=LINE('',#9291,#1280);
#651=LINE('',#9293,#1281);
#652=LINE('',#9294,#1282);
#653=LINE('',#9297,#1283);
#654=LINE('',#9299,#1284);
#655=LINE('',#9301,#1285);
#656=LINE('',#9303,#1286);
#657=LINE('',#9305,#1287);
#658=LINE('',#9306,#1288);
#659=LINE('',#9309,#1289);
#660=LINE('',#9311,#1290);
#661=LINE('',#9313,#1291);
#662=LINE('',#9315,#1292);
#663=LINE('',#9317,#1293);
#664=LINE('',#9318,#1294);
#665=LINE('',#9321,#1295);
#666=LINE('',#9323,#1296);
#667=LINE('',#9325,#1297);
#668=LINE('',#9327,#1298);
#669=LINE('',#9329,#1299);
#670=LINE('',#9330,#1300);
#671=LINE('',#9333,#1301);
#672=LINE('',#9335,#1302);
#673=LINE('',#9337,#1303);
#674=LINE('',#9339,#1304);
#675=LINE('',#9341,#1305);
#676=LINE('',#9342,#1306);
#677=LINE('',#9344,#1307);
#678=LINE('',#9345,#1308);
#679=LINE('',#9349,#1309);
#680=LINE('',#9351,#1310);
#681=LINE('',#9353,#1311);
#682=LINE('',#9355,#1312);
#683=LINE('',#9357,#1313);
#684=LINE('',#9358,#1314);
#685=LINE('',#9361,#1315);
#686=LINE('',#9363,#1316);
#687=LINE('',#9365,#1317);
#688=LINE('',#9367,#1318);
#689=LINE('',#9369,#1319);
#690=LINE('',#9370,#1320);
#691=LINE('',#9373,#1321);
#692=LINE('',#9375,#1322);
#693=LINE('',#9377,#1323);
#694=LINE('',#9379,#1324);
#695=LINE('',#9381,#1325);
#696=LINE('',#9382,#1326);
#697=LINE('',#9385,#1327);
#698=LINE('',#9387,#1328);
#699=LINE('',#9389,#1329);
#700=LINE('',#9391,#1330);
#701=LINE('',#9393,#1331);
#702=LINE('',#9394,#1332);
#703=LINE('',#9397,#1333);
#704=LINE('',#9399,#1334);
#705=LINE('',#9401,#1335);
#706=LINE('',#9403,#1336);
#707=LINE('',#9405,#1337);
#708=LINE('',#9406,#1338);
#709=LINE('',#9409,#1339);
#710=LINE('',#9411,#1340);
#711=LINE('',#9413,#1341);
#712=LINE('',#9415,#1342);
#713=LINE('',#9417,#1343);
#714=LINE('',#9418,#1344);
#715=LINE('',#9421,#1345);
#716=LINE('',#9423,#1346);
#717=LINE('',#9425,#1347);
#718=LINE('',#9427,#1348);
#719=LINE('',#9429,#1349);
#720=LINE('',#9430,#1350);
#721=LINE('',#9433,#1351);
#722=LINE('',#9435,#1352);
#723=LINE('',#9437,#1353);
#724=LINE('',#9439,#1354);
#725=LINE('',#9441,#1355);
#726=LINE('',#9442,#1356);
#727=LINE('',#9445,#1357);
#728=LINE('',#9447,#1358);
#729=LINE('',#9449,#1359);
#730=LINE('',#9451,#1360);
#731=LINE('',#9453,#1361);
#732=LINE('',#9454,#1362);
#733=LINE('',#9457,#1363);
#734=LINE('',#9459,#1364);
#735=LINE('',#9461,#1365);
#736=LINE('',#9463,#1366);
#737=LINE('',#9465,#1367);
#738=LINE('',#9466,#1368);
#739=LINE('',#9469,#1369);
#740=LINE('',#9471,#1370);
#741=LINE('',#9473,#1371);
#742=LINE('',#9475,#1372);
#743=LINE('',#9477,#1373);
#744=LINE('',#9478,#1374);
#745=LINE('',#9481,#1375);
#746=LINE('',#9483,#1376);
#747=LINE('',#9485,#1377);
#748=LINE('',#9487,#1378);
#749=LINE('',#9489,#1379);
#750=LINE('',#9490,#1380);
#751=LINE('',#9493,#1381);
#752=LINE('',#9495,#1382);
#753=LINE('',#9497,#1383);
#754=LINE('',#9499,#1384);
#755=LINE('',#9501,#1385);
#756=LINE('',#9502,#1386);
#757=LINE('',#9508,#1387);
#758=LINE('',#9511,#1388);
#759=LINE('',#9516,#1389);
#760=LINE('',#9519,#1390);
#761=LINE('',#9526,#1391);
#762=LINE('',#9529,#1392);
#763=LINE('',#9535,#1393);
#764=LINE('',#9538,#1394);
#765=LINE('',#9544,#1395);
#766=LINE('',#9545,#1396);
#767=LINE('',#9547,#1397);
#768=LINE('',#9549,#1398);
#769=LINE('',#9551,#1399);
#770=LINE('',#9554,#1400);
#771=LINE('',#9556,#1401);
#772=LINE('',#9558,#1402);
#773=LINE('',#9565,#1403);
#774=LINE('',#9568,#1404);
#775=LINE('',#9573,#1405);
#776=LINE('',#9576,#1406);
#777=LINE('',#9583,#1407);
#778=LINE('',#9586,#1408);
#779=LINE('',#9592,#1409);
#780=LINE('',#9595,#1410);
#781=LINE('',#9601,#1411);
#782=LINE('',#9602,#1412);
#783=LINE('',#9604,#1413);
#784=LINE('',#9606,#1414);
#785=LINE('',#9608,#1415);
#786=LINE('',#9611,#1416);
#787=LINE('',#9613,#1417);
#788=LINE('',#9614,#1418);
#789=LINE('',#9618,#1419);
#790=LINE('',#9619,#1420);
#791=LINE('',#9621,#1421);
#792=LINE('',#9622,#1422);
#793=LINE('',#9624,#1423);
#794=LINE('',#9626,#1424);
#795=LINE('',#9628,#1425);
#796=LINE('',#9630,#1426);
#797=LINE('',#9632,#1427);
#798=LINE('',#9634,#1428);
#799=LINE('',#9637,#1429);
#800=LINE('',#9639,#1430);
#801=LINE('',#9642,#1431);
#802=LINE('',#9643,#1432);
#803=LINE('',#9645,#1433);
#804=LINE('',#9646,#1434);
#805=LINE('',#9648,#1435);
#806=LINE('',#9650,#1436);
#807=LINE('',#9652,#1437);
#808=LINE('',#9654,#1438);
#809=LINE('',#9656,#1439);
#810=LINE('',#9658,#1440);
#811=LINE('',#9661,#1441);
#812=LINE('',#9663,#1442);
#813=LINE('',#9666,#1443);
#814=LINE('',#9667,#1444);
#815=LINE('',#9669,#1445);
#816=LINE('',#9670,#1446);
#817=LINE('',#9672,#1447);
#818=LINE('',#9674,#1448);
#819=LINE('',#9676,#1449);
#820=LINE('',#9678,#1450);
#821=LINE('',#9680,#1451);
#822=LINE('',#9682,#1452);
#823=LINE('',#9685,#1453);
#824=LINE('',#9687,#1454);
#825=LINE('',#9690,#1455);
#826=LINE('',#9691,#1456);
#827=LINE('',#9693,#1457);
#828=LINE('',#9694,#1458);
#829=LINE('',#9696,#1459);
#830=LINE('',#9698,#1460);
#831=LINE('',#9700,#1461);
#832=LINE('',#9702,#1462);
#833=LINE('',#9704,#1463);
#834=LINE('',#9706,#1464);
#835=LINE('',#9709,#1465);
#836=LINE('',#9711,#1466);
#837=LINE('',#9714,#1467);
#838=LINE('',#9715,#1468);
#839=LINE('',#9717,#1469);
#840=LINE('',#9718,#1470);
#841=LINE('',#9720,#1471);
#842=LINE('',#9722,#1472);
#843=LINE('',#9724,#1473);
#844=LINE('',#9726,#1474);
#845=LINE('',#9728,#1475);
#846=LINE('',#9730,#1476);
#847=LINE('',#9733,#1477);
#848=LINE('',#9735,#1478);
#849=LINE('',#9738,#1479);
#850=LINE('',#9739,#1480);
#851=LINE('',#9741,#1481);
#852=LINE('',#9742,#1482);
#853=LINE('',#9744,#1483);
#854=LINE('',#9746,#1484);
#855=LINE('',#9748,#1485);
#856=LINE('',#9750,#1486);
#857=LINE('',#9752,#1487);
#858=LINE('',#9754,#1488);
#859=LINE('',#9757,#1489);
#860=LINE('',#9759,#1490);
#861=LINE('',#9762,#1491);
#862=LINE('',#9763,#1492);
#863=LINE('',#9765,#1493);
#864=LINE('',#9766,#1494);
#865=LINE('',#9768,#1495);
#866=LINE('',#9770,#1496);
#867=LINE('',#9772,#1497);
#868=LINE('',#9774,#1498);
#869=LINE('',#9776,#1499);
#870=LINE('',#9778,#1500);
#871=LINE('',#9781,#1501);
#872=LINE('',#9783,#1502);
#873=LINE('',#9786,#1503);
#874=LINE('',#9787,#1504);
#875=LINE('',#9789,#1505);
#876=LINE('',#9790,#1506);
#877=LINE('',#9792,#1507);
#878=LINE('',#9794,#1508);
#879=LINE('',#9796,#1509);
#880=LINE('',#9798,#1510);
#881=LINE('',#9800,#1511);
#882=LINE('',#9802,#1512);
#883=LINE('',#9805,#1513);
#884=LINE('',#9807,#1514);
#885=LINE('',#9810,#1515);
#886=LINE('',#9811,#1516);
#887=LINE('',#9813,#1517);
#888=LINE('',#9814,#1518);
#889=LINE('',#9816,#1519);
#890=LINE('',#9818,#1520);
#891=LINE('',#9820,#1521);
#892=LINE('',#9822,#1522);
#893=LINE('',#9824,#1523);
#894=LINE('',#9826,#1524);
#895=LINE('',#9829,#1525);
#896=LINE('',#9831,#1526);
#897=LINE('',#9834,#1527);
#898=LINE('',#9835,#1528);
#899=LINE('',#9837,#1529);
#900=LINE('',#9838,#1530);
#901=LINE('',#9840,#1531);
#902=LINE('',#9842,#1532);
#903=LINE('',#9844,#1533);
#904=LINE('',#9846,#1534);
#905=LINE('',#9848,#1535);
#906=LINE('',#9850,#1536);
#907=LINE('',#9853,#1537);
#908=LINE('',#9855,#1538);
#909=LINE('',#9858,#1539);
#910=LINE('',#9859,#1540);
#911=LINE('',#9861,#1541);
#912=LINE('',#9862,#1542);
#913=LINE('',#9864,#1543);
#914=LINE('',#9866,#1544);
#915=LINE('',#9868,#1545);
#916=LINE('',#9870,#1546);
#917=LINE('',#9872,#1547);
#918=LINE('',#9874,#1548);
#919=LINE('',#9877,#1549);
#920=LINE('',#9879,#1550);
#921=LINE('',#9882,#1551);
#922=LINE('',#9883,#1552);
#923=LINE('',#9885,#1553);
#924=LINE('',#9886,#1554);
#925=LINE('',#9888,#1555);
#926=LINE('',#9890,#1556);
#927=LINE('',#9892,#1557);
#928=LINE('',#9894,#1558);
#929=LINE('',#9896,#1559);
#930=LINE('',#9898,#1560);
#931=LINE('',#9901,#1561);
#932=LINE('',#9903,#1562);
#933=LINE('',#9906,#1563);
#934=LINE('',#9907,#1564);
#935=LINE('',#9909,#1565);
#936=LINE('',#9910,#1566);
#937=LINE('',#9912,#1567);
#938=LINE('',#9914,#1568);
#939=LINE('',#9916,#1569);
#940=LINE('',#9918,#1570);
#941=LINE('',#9920,#1571);
#942=LINE('',#9922,#1572);
#943=LINE('',#9925,#1573);
#944=LINE('',#9927,#1574);
#945=LINE('',#9932,#1575);
#946=LINE('',#9936,#1576);
#947=LINE('',#9940,#1577);
#948=LINE('',#9944,#1578);
#949=LINE('',#9948,#1579);
#950=LINE('',#9952,#1580);
#951=LINE('',#9956,#1581);
#952=LINE('',#9960,#1582);
#953=LINE('',#9964,#1583);
#954=LINE('',#9968,#1584);
#955=LINE('',#9972,#1585);
#956=LINE('',#9976,#1586);
#957=LINE('',#9980,#1587);
#958=LINE('',#9984,#1588);
#959=LINE('',#9988,#1589);
#960=LINE('',#9992,#1590);
#961=LINE('',#9996,#1591);
#962=LINE('',#10000,#1592);
#963=LINE('',#10004,#1593);
#964=LINE('',#10008,#1594);
#965=LINE('',#10012,#1595);
#966=LINE('',#10016,#1596);
#967=LINE('',#10020,#1597);
#968=LINE('',#10024,#1598);
#969=LINE('',#10028,#1599);
#970=LINE('',#10032,#1600);
#971=VECTOR('',#6525,10.);
#972=VECTOR('',#6526,10.);
#973=VECTOR('',#6537,10.);
#974=VECTOR('',#6538,10.);
#975=VECTOR('',#6549,10.);
#976=VECTOR('',#6550,10.);
#977=VECTOR('',#6559,10.);
#978=VECTOR('',#6560,10.);
#979=VECTOR('',#6563,10.);
#980=VECTOR('',#6564,10.);
#981=VECTOR('',#6565,10.);
#982=VECTOR('',#6568,10.);
#983=VECTOR('',#6573,10.);
#984=VECTOR('',#6574,10.);
#985=VECTOR('',#6577,10.);
#986=VECTOR('',#6582,10.);
#987=VECTOR('',#6585,10.);
#988=VECTOR('',#6588,10.);
#989=VECTOR('',#6591,10.);
#990=VECTOR('',#6594,10.);
#991=VECTOR('',#6597,10.);
#992=VECTOR('',#6600,10.);
#993=VECTOR('',#6603,10.);
#994=VECTOR('',#6608,10.);
#995=VECTOR('',#6611,10.);
#996=VECTOR('',#6614,10.);
#997=VECTOR('',#6617,10.);
#998=VECTOR('',#6628,10.);
#999=VECTOR('',#6637,10.);
#1000=VECTOR('',#6646,10.);
#1001=VECTOR('',#6653,10.);
#1002=VECTOR('',#6656,10.);
#1003=VECTOR('',#6657,10.);
#1004=VECTOR('',#6658,10.);
#1005=VECTOR('',#6661,10.);
#1006=VECTOR('',#6666,10.);
#1007=VECTOR('',#6667,10.);
#1008=VECTOR('',#6670,10.);
#1009=VECTOR('',#6679,10.);
#1010=VECTOR('',#6684,10.);
#1011=VECTOR('',#6687,10.);
#1012=VECTOR('',#6696,10.);
#1013=VECTOR('',#6699,10.);
#1014=VECTOR('',#6710,10.);
#1015=VECTOR('',#6717,10.);
#1016=VECTOR('',#6718,10.);
#1017=VECTOR('',#6729,10.);
#1018=VECTOR('',#6734,10.);
#1019=VECTOR('',#6737,10.);
#1020=VECTOR('',#6746,10.);
#1021=VECTOR('',#6749,10.);
#1022=VECTOR('',#6760,10.);
#1023=VECTOR('',#6767,10.);
#1024=VECTOR('',#6768,10.);
#1025=VECTOR('',#6775,10.);
#1026=VECTOR('',#6780,10.);
#1027=VECTOR('',#6789,10.);
#1028=VECTOR('',#6800,10.);
#1029=VECTOR('',#6811,10.);
#1030=VECTOR('',#6822,10.);
#1031=VECTOR('',#6833,10.);
#1032=VECTOR('',#6844,10.);
#1033=VECTOR('',#6855,10.);
#1034=VECTOR('',#6866,10.);
#1035=VECTOR('',#6873,10.);
#1036=VECTOR('',#6876,10.);
#1037=VECTOR('',#6879,10.);
#1038=VECTOR('',#6880,10.);
#1039=VECTOR('',#6883,10.);
#1040=VECTOR('',#6888,10.);
#1041=VECTOR('',#6889,10.);
#1042=VECTOR('',#6890,10.);
#1043=VECTOR('',#6891,10.);
#1044=VECTOR('',#6892,10.);
#1045=VECTOR('',#6893,10.);
#1046=VECTOR('',#6894,10.);
#1047=VECTOR('',#6895,10.);
#1048=VECTOR('',#6896,10.);
#1049=VECTOR('',#6897,10.);
#1050=VECTOR('',#6898,10.);
#1051=VECTOR('',#6899,10.);
#1052=VECTOR('',#6900,10.);
#1053=VECTOR('',#6901,10.);
#1054=VECTOR('',#6902,10.);
#1055=VECTOR('',#6903,10.);
#1056=VECTOR('',#6904,10.);
#1057=VECTOR('',#6905,10.);
#1058=VECTOR('',#6906,10.);
#1059=VECTOR('',#6907,10.);
#1060=VECTOR('',#6908,10.);
#1061=VECTOR('',#6909,10.);
#1062=VECTOR('',#6910,10.);
#1063=VECTOR('',#6911,10.);
#1064=VECTOR('',#6912,10.);
#1065=VECTOR('',#6913,10.);
#1066=VECTOR('',#6914,10.);
#1067=VECTOR('',#6915,10.);
#1068=VECTOR('',#6916,10.);
#1069=VECTOR('',#6917,10.);
#1070=VECTOR('',#6918,10.);
#1071=VECTOR('',#6919,10.);
#1072=VECTOR('',#6920,10.);
#1073=VECTOR('',#6921,10.);
#1074=VECTOR('',#6922,10.);
#1075=VECTOR('',#6923,10.);
#1076=VECTOR('',#6924,10.);
#1077=VECTOR('',#6925,10.);
#1078=VECTOR('',#6926,10.);
#1079=VECTOR('',#6927,10.);
#1080=VECTOR('',#6928,10.);
#1081=VECTOR('',#6929,10.);
#1082=VECTOR('',#6930,10.);
#1083=VECTOR('',#6931,10.);
#1084=VECTOR('',#6932,10.);
#1085=VECTOR('',#6933,10.);
#1086=VECTOR('',#6934,10.);
#1087=VECTOR('',#6935,10.);
#1088=VECTOR('',#6936,10.);
#1089=VECTOR('',#6937,10.);
#1090=VECTOR('',#6938,10.);
#1091=VECTOR('',#6939,10.);
#1092=VECTOR('',#6940,10.);
#1093=VECTOR('',#6941,10.);
#1094=VECTOR('',#6942,10.);
#1095=VECTOR('',#6943,10.);
#1096=VECTOR('',#6944,10.);
#1097=VECTOR('',#6945,10.);
#1098=VECTOR('',#6946,10.);
#1099=VECTOR('',#6947,10.);
#1100=VECTOR('',#6948,10.);
#1101=VECTOR('',#6949,10.);
#1102=VECTOR('',#6950,10.);
#1103=VECTOR('',#6951,10.);
#1104=VECTOR('',#6952,10.);
#1105=VECTOR('',#6953,10.);
#1106=VECTOR('',#6954,10.);
#1107=VECTOR('',#6955,10.);
#1108=VECTOR('',#6956,10.);
#1109=VECTOR('',#6957,10.);
#1110=VECTOR('',#6958,10.);
#1111=VECTOR('',#6959,10.);
#1112=VECTOR('',#6960,10.);
#1113=VECTOR('',#6961,10.);
#1114=VECTOR('',#6962,10.);
#1115=VECTOR('',#6963,10.);
#1116=VECTOR('',#6964,10.);
#1117=VECTOR('',#6965,10.);
#1118=VECTOR('',#6966,10.);
#1119=VECTOR('',#6967,10.);
#1120=VECTOR('',#6970,10.);
#1121=VECTOR('',#6975,10.);
#1122=VECTOR('',#6976,10.);
#1123=VECTOR('',#7031,10.);
#1124=VECTOR('',#7036,10.);
#1125=VECTOR('',#7037,10.);
#1126=VECTOR('',#7038,10.);
#1127=VECTOR('',#7039,10.);
#1128=VECTOR('',#7040,10.);
#1129=VECTOR('',#7041,10.);
#1130=VECTOR('',#7042,10.);
#1131=VECTOR('',#7043,10.);
#1132=VECTOR('',#7044,10.);
#1133=VECTOR('',#7045,10.);
#1134=VECTOR('',#7046,10.);
#1135=VECTOR('',#7047,10.);
#1136=VECTOR('',#7048,10.);
#1137=VECTOR('',#7049,10.);
#1138=VECTOR('',#7050,10.);
#1139=VECTOR('',#7051,10.);
#1140=VECTOR('',#7052,10.);
#1141=VECTOR('',#7053,10.);
#1142=VECTOR('',#7054,10.);
#1143=VECTOR('',#7055,10.);
#1144=VECTOR('',#7056,10.);
#1145=VECTOR('',#7057,10.);
#1146=VECTOR('',#7058,10.);
#1147=VECTOR('',#7059,10.);
#1148=VECTOR('',#7060,10.);
#1149=VECTOR('',#7061,10.);
#1150=VECTOR('',#7062,10.);
#1151=VECTOR('',#7063,10.);
#1152=VECTOR('',#7064,10.);
#1153=VECTOR('',#7065,10.);
#1154=VECTOR('',#7066,10.);
#1155=VECTOR('',#7067,10.);
#1156=VECTOR('',#7068,10.);
#1157=VECTOR('',#7069,10.);
#1158=VECTOR('',#7070,10.);
#1159=VECTOR('',#7071,10.);
#1160=VECTOR('',#7072,10.);
#1161=VECTOR('',#7073,10.);
#1162=VECTOR('',#7074,10.);
#1163=VECTOR('',#7075,10.);
#1164=VECTOR('',#7076,10.);
#1165=VECTOR('',#7077,10.);
#1166=VECTOR('',#7078,10.);
#1167=VECTOR('',#7079,10.);
#1168=VECTOR('',#7080,10.);
#1169=VECTOR('',#7081,10.);
#1170=VECTOR('',#7082,10.);
#1171=VECTOR('',#7083,10.);
#1172=VECTOR('',#7084,10.);
#1173=VECTOR('',#7085,10.);
#1174=VECTOR('',#7086,10.);
#1175=VECTOR('',#7087,10.);
#1176=VECTOR('',#7088,10.);
#1177=VECTOR('',#7089,10.);
#1178=VECTOR('',#7090,10.);
#1179=VECTOR('',#7091,10.);
#1180=VECTOR('',#7092,10.);
#1181=VECTOR('',#7093,10.);
#1182=VECTOR('',#7094,10.);
#1183=VECTOR('',#7095,10.);
#1184=VECTOR('',#7096,10.);
#1185=VECTOR('',#7097,10.);
#1186=VECTOR('',#7098,10.);
#1187=VECTOR('',#7099,10.);
#1188=VECTOR('',#7100,10.);
#1189=VECTOR('',#7101,10.);
#1190=VECTOR('',#7102,10.);
#1191=VECTOR('',#7103,10.);
#1192=VECTOR('',#7104,10.);
#1193=VECTOR('',#7105,10.);
#1194=VECTOR('',#7106,10.);
#1195=VECTOR('',#7107,10.);
#1196=VECTOR('',#7108,10.);
#1197=VECTOR('',#7109,10.);
#1198=VECTOR('',#7110,10.);
#1199=VECTOR('',#7111,10.);
#1200=VECTOR('',#7112,10.);
#1201=VECTOR('',#7113,10.);
#1202=VECTOR('',#7114,10.);
#1203=VECTOR('',#7115,10.);
#1204=VECTOR('',#7120,10.);
#1205=VECTOR('',#7133,10.);
#1206=VECTOR('',#7144,10.);
#1207=VECTOR('',#7145,10.);
#1208=VECTOR('',#7158,10.);
#1209=VECTOR('',#7159,10.);
#1210=VECTOR('',#7172,10.);
#1211=VECTOR('',#7173,10.);
#1212=VECTOR('',#7186,10.);
#1213=VECTOR('',#7187,10.);
#1214=VECTOR('',#7200,10.);
#1215=VECTOR('',#7211,10.);
#1216=VECTOR('',#7218,10.);
#1217=VECTOR('',#7219,10.);
#1218=VECTOR('',#7222,10.);
#1219=VECTOR('',#7227,10.);
#1220=VECTOR('',#7230,10.);
#1221=VECTOR('',#7233,10.);
#1222=VECTOR('',#7236,10.);
#1223=VECTOR('',#7239,10.);
#1224=VECTOR('',#7242,10.);
#1225=VECTOR('',#7245,10.);
#1226=VECTOR('',#7248,10.);
#1227=VECTOR('',#7253,10.);
#1228=VECTOR('',#7254,10.);
#1229=VECTOR('',#7257,10.);
#1230=VECTOR('',#7258,10.);
#1231=VECTOR('',#7259,10.);
#1232=VECTOR('',#7260,10.);
#1233=VECTOR('',#7261,10.);
#1234=VECTOR('',#7262,10.);
#1235=VECTOR('',#7263,10.);
#1236=VECTOR('',#7264,10.);
#1237=VECTOR('',#7265,10.);
#1238=VECTOR('',#7266,10.);
#1239=VECTOR('',#7267,10.);
#1240=VECTOR('',#7268,10.);
#1241=VECTOR('',#7269,10.);
#1242=VECTOR('',#7270,10.);
#1243=VECTOR('',#7271,10.);
#1244=VECTOR('',#7272,10.);
#1245=VECTOR('',#7273,10.);
#1246=VECTOR('',#7274,10.);
#1247=VECTOR('',#7275,10.);
#1248=VECTOR('',#7276,10.);
#1249=VECTOR('',#7277,10.);
#1250=VECTOR('',#7278,10.);
#1251=VECTOR('',#7279,10.);
#1252=VECTOR('',#7280,10.);
#1253=VECTOR('',#7281,10.);
#1254=VECTOR('',#7282,10.);
#1255=VECTOR('',#7283,10.);
#1256=VECTOR('',#7284,10.);
#1257=VECTOR('',#7285,10.);
#1258=VECTOR('',#7286,10.);
#1259=VECTOR('',#7287,10.);
#1260=VECTOR('',#7288,10.);
#1261=VECTOR('',#7289,10.);
#1262=VECTOR('',#7290,10.);
#1263=VECTOR('',#7291,10.);
#1264=VECTOR('',#7292,10.);
#1265=VECTOR('',#7293,10.);
#1266=VECTOR('',#7294,10.);
#1267=VECTOR('',#7295,10.);
#1268=VECTOR('',#7296,10.);
#1269=VECTOR('',#7297,10.);
#1270=VECTOR('',#7298,10.);
#1271=VECTOR('',#7299,10.);
#1272=VECTOR('',#7300,10.);
#1273=VECTOR('',#7301,10.);
#1274=VECTOR('',#7302,10.);
#1275=VECTOR('',#7303,10.);
#1276=VECTOR('',#7304,10.);
#1277=VECTOR('',#7305,10.);
#1278=VECTOR('',#7306,10.);
#1279=VECTOR('',#7307,10.);
#1280=VECTOR('',#7308,10.);
#1281=VECTOR('',#7309,10.);
#1282=VECTOR('',#7310,10.);
#1283=VECTOR('',#7311,10.);
#1284=VECTOR('',#7312,10.);
#1285=VECTOR('',#7313,10.);
#1286=VECTOR('',#7314,10.);
#1287=VECTOR('',#7315,10.);
#1288=VECTOR('',#7316,10.);
#1289=VECTOR('',#7317,10.);
#1290=VECTOR('',#7318,10.);
#1291=VECTOR('',#7319,10.);
#1292=VECTOR('',#7320,10.);
#1293=VECTOR('',#7321,10.);
#1294=VECTOR('',#7322,10.);
#1295=VECTOR('',#7323,10.);
#1296=VECTOR('',#7324,10.);
#1297=VECTOR('',#7325,10.);
#1298=VECTOR('',#7326,10.);
#1299=VECTOR('',#7327,10.);
#1300=VECTOR('',#7328,10.);
#1301=VECTOR('',#7329,10.);
#1302=VECTOR('',#7330,10.);
#1303=VECTOR('',#7331,10.);
#1304=VECTOR('',#7332,10.);
#1305=VECTOR('',#7333,10.);
#1306=VECTOR('',#7334,10.);
#1307=VECTOR('',#7337,10.);
#1308=VECTOR('',#7338,10.);
#1309=VECTOR('',#7341,10.);
#1310=VECTOR('',#7342,10.);
#1311=VECTOR('',#7343,10.);
#1312=VECTOR('',#7344,10.);
#1313=VECTOR('',#7345,10.);
#1314=VECTOR('',#7346,10.);
#1315=VECTOR('',#7347,10.);
#1316=VECTOR('',#7348,10.);
#1317=VECTOR('',#7349,10.);
#1318=VECTOR('',#7350,10.);
#1319=VECTOR('',#7351,10.);
#1320=VECTOR('',#7352,10.);
#1321=VECTOR('',#7353,10.);
#1322=VECTOR('',#7354,10.);
#1323=VECTOR('',#7355,10.);
#1324=VECTOR('',#7356,10.);
#1325=VECTOR('',#7357,10.);
#1326=VECTOR('',#7358,10.);
#1327=VECTOR('',#7359,10.);
#1328=VECTOR('',#7360,10.);
#1329=VECTOR('',#7361,10.);
#1330=VECTOR('',#7362,10.);
#1331=VECTOR('',#7363,10.);
#1332=VECTOR('',#7364,10.);
#1333=VECTOR('',#7365,10.);
#1334=VECTOR('',#7366,10.);
#1335=VECTOR('',#7367,10.);
#1336=VECTOR('',#7368,10.);
#1337=VECTOR('',#7369,10.);
#1338=VECTOR('',#7370,10.);
#1339=VECTOR('',#7371,10.);
#1340=VECTOR('',#7372,10.);
#1341=VECTOR('',#7373,10.);
#1342=VECTOR('',#7374,10.);
#1343=VECTOR('',#7375,10.);
#1344=VECTOR('',#7376,10.);
#1345=VECTOR('',#7377,10.);
#1346=VECTOR('',#7378,10.);
#1347=VECTOR('',#7379,10.);
#1348=VECTOR('',#7380,10.);
#1349=VECTOR('',#7381,10.);
#1350=VECTOR('',#7382,10.);
#1351=VECTOR('',#7383,10.);
#1352=VECTOR('',#7384,10.);
#1353=VECTOR('',#7385,10.);
#1354=VECTOR('',#7386,10.);
#1355=VECTOR('',#7387,10.);
#1356=VECTOR('',#7388,10.);
#1357=VECTOR('',#7389,10.);
#1358=VECTOR('',#7390,10.);
#1359=VECTOR('',#7391,10.);
#1360=VECTOR('',#7392,10.);
#1361=VECTOR('',#7393,10.);
#1362=VECTOR('',#7394,10.);
#1363=VECTOR('',#7395,10.);
#1364=VECTOR('',#7396,10.);
#1365=VECTOR('',#7397,10.);
#1366=VECTOR('',#7398,10.);
#1367=VECTOR('',#7399,10.);
#1368=VECTOR('',#7400,10.);
#1369=VECTOR('',#7401,10.);
#1370=VECTOR('',#7402,10.);
#1371=VECTOR('',#7403,10.);
#1372=VECTOR('',#7404,10.);
#1373=VECTOR('',#7405,10.);
#1374=VECTOR('',#7406,10.);
#1375=VECTOR('',#7407,10.);
#1376=VECTOR('',#7408,10.);
#1377=VECTOR('',#7409,10.);
#1378=VECTOR('',#7410,10.);
#1379=VECTOR('',#7411,10.);
#1380=VECTOR('',#7412,10.);
#1381=VECTOR('',#7413,10.);
#1382=VECTOR('',#7414,10.);
#1383=VECTOR('',#7415,10.);
#1384=VECTOR('',#7416,10.);
#1385=VECTOR('',#7417,10.);
#1386=VECTOR('',#7418,10.);
#1387=VECTOR('',#7423,10.);
#1388=VECTOR('',#7426,10.);
#1389=VECTOR('',#7431,10.);
#1390=VECTOR('',#7434,10.);
#1391=VECTOR('',#7443,10.);
#1392=VECTOR('',#7446,10.);
#1393=VECTOR('',#7455,10.);
#1394=VECTOR('',#7458,10.);
#1395=VECTOR('',#7469,10.);
#1396=VECTOR('',#7470,10.);
#1397=VECTOR('',#7473,10.);
#1398=VECTOR('',#7476,10.);
#1399=VECTOR('',#7479,10.);
#1400=VECTOR('',#7484,10.);
#1401=VECTOR('',#7487,10.);
#1402=VECTOR('',#7490,10.);
#1403=VECTOR('',#7497,10.);
#1404=VECTOR('',#7500,10.);
#1405=VECTOR('',#7505,10.);
#1406=VECTOR('',#7508,10.);
#1407=VECTOR('',#7517,10.);
#1408=VECTOR('',#7520,10.);
#1409=VECTOR('',#7529,10.);
#1410=VECTOR('',#7532,10.);
#1411=VECTOR('',#7543,10.);
#1412=VECTOR('',#7544,10.);
#1413=VECTOR('',#7547,10.);
#1414=VECTOR('',#7550,10.);
#1415=VECTOR('',#7553,10.);
#1416=VECTOR('',#7558,10.);
#1417=VECTOR('',#7561,10.);
#1418=VECTOR('',#7562,10.);
#1419=VECTOR('',#7569,10.);
#1420=VECTOR('',#7570,10.);
#1421=VECTOR('',#7573,10.);
#1422=VECTOR('',#7574,10.);
#1423=VECTOR('',#7577,10.);
#1424=VECTOR('',#7580,10.);
#1425=VECTOR('',#7583,10.);
#1426=VECTOR('',#7586,10.);
#1427=VECTOR('',#7589,10.);
#1428=VECTOR('',#7592,10.);
#1429=VECTOR('',#7597,10.);
#1430=VECTOR('',#7600,10.);
#1431=VECTOR('',#7605,10.);
#1432=VECTOR('',#7606,10.);
#1433=VECTOR('',#7609,10.);
#1434=VECTOR('',#7610,10.);
#1435=VECTOR('',#7613,10.);
#1436=VECTOR('',#7616,10.);
#1437=VECTOR('',#7619,10.);
#1438=VECTOR('',#7622,10.);
#1439=VECTOR('',#7625,10.);
#1440=VECTOR('',#7628,10.);
#1441=VECTOR('',#7633,10.);
#1442=VECTOR('',#7636,10.);
#1443=VECTOR('',#7641,10.);
#1444=VECTOR('',#7642,10.);
#1445=VECTOR('',#7645,10.);
#1446=VECTOR('',#7646,10.);
#1447=VECTOR('',#7649,10.);
#1448=VECTOR('',#7652,10.);
#1449=VECTOR('',#7655,10.);
#1450=VECTOR('',#7658,10.);
#1451=VECTOR('',#7661,10.);
#1452=VECTOR('',#7664,10.);
#1453=VECTOR('',#7669,10.);
#1454=VECTOR('',#7672,10.);
#1455=VECTOR('',#7677,10.);
#1456=VECTOR('',#7678,10.);
#1457=VECTOR('',#7681,10.);
#1458=VECTOR('',#7682,10.);
#1459=VECTOR('',#7685,10.);
#1460=VECTOR('',#7688,10.);
#1461=VECTOR('',#7691,10.);
#1462=VECTOR('',#7694,10.);
#1463=VECTOR('',#7697,10.);
#1464=VECTOR('',#7700,10.);
#1465=VECTOR('',#7705,10.);
#1466=VECTOR('',#7708,10.);
#1467=VECTOR('',#7713,10.);
#1468=VECTOR('',#7714,10.);
#1469=VECTOR('',#7717,10.);
#1470=VECTOR('',#7718,10.);
#1471=VECTOR('',#7721,10.);
#1472=VECTOR('',#7724,10.);
#1473=VECTOR('',#7727,10.);
#1474=VECTOR('',#7730,10.);
#1475=VECTOR('',#7733,10.);
#1476=VECTOR('',#7736,10.);
#1477=VECTOR('',#7741,10.);
#1478=VECTOR('',#7744,10.);
#1479=VECTOR('',#7749,10.);
#1480=VECTOR('',#7750,10.);
#1481=VECTOR('',#7753,10.);
#1482=VECTOR('',#7754,10.);
#1483=VECTOR('',#7757,10.);
#1484=VECTOR('',#7760,10.);
#1485=VECTOR('',#7763,10.);
#1486=VECTOR('',#7766,10.);
#1487=VECTOR('',#7769,10.);
#1488=VECTOR('',#7772,10.);
#1489=VECTOR('',#7777,10.);
#1490=VECTOR('',#7780,10.);
#1491=VECTOR('',#7785,10.);
#1492=VECTOR('',#7786,10.);
#1493=VECTOR('',#7789,10.);
#1494=VECTOR('',#7790,10.);
#1495=VECTOR('',#7793,10.);
#1496=VECTOR('',#7796,10.);
#1497=VECTOR('',#7799,10.);
#1498=VECTOR('',#7802,10.);
#1499=VECTOR('',#7805,10.);
#1500=VECTOR('',#7808,10.);
#1501=VECTOR('',#7813,10.);
#1502=VECTOR('',#7816,10.);
#1503=VECTOR('',#7821,10.);
#1504=VECTOR('',#7822,10.);
#1505=VECTOR('',#7825,10.);
#1506=VECTOR('',#7826,10.);
#1507=VECTOR('',#7829,10.);
#1508=VECTOR('',#7832,10.);
#1509=VECTOR('',#7835,10.);
#1510=VECTOR('',#7838,10.);
#1511=VECTOR('',#7841,10.);
#1512=VECTOR('',#7844,10.);
#1513=VECTOR('',#7849,10.);
#1514=VECTOR('',#7852,10.);
#1515=VECTOR('',#7857,10.);
#1516=VECTOR('',#7858,10.);
#1517=VECTOR('',#7861,10.);
#1518=VECTOR('',#7862,10.);
#1519=VECTOR('',#7865,10.);
#1520=VECTOR('',#7868,10.);
#1521=VECTOR('',#7871,10.);
#1522=VECTOR('',#7874,10.);
#1523=VECTOR('',#7877,10.);
#1524=VECTOR('',#7880,10.);
#1525=VECTOR('',#7885,10.);
#1526=VECTOR('',#7888,10.);
#1527=VECTOR('',#7893,10.);
#1528=VECTOR('',#7894,10.);
#1529=VECTOR('',#7897,10.);
#1530=VECTOR('',#7898,10.);
#1531=VECTOR('',#7901,10.);
#1532=VECTOR('',#7904,10.);
#1533=VECTOR('',#7907,10.);
#1534=VECTOR('',#7910,10.);
#1535=VECTOR('',#7913,10.);
#1536=VECTOR('',#7916,10.);
#1537=VECTOR('',#7921,10.);
#1538=VECTOR('',#7924,10.);
#1539=VECTOR('',#7929,10.);
#1540=VECTOR('',#7930,10.);
#1541=VECTOR('',#7933,10.);
#1542=VECTOR('',#7934,10.);
#1543=VECTOR('',#7937,10.);
#1544=VECTOR('',#7940,10.);
#1545=VECTOR('',#7943,10.);
#1546=VECTOR('',#7946,10.);
#1547=VECTOR('',#7949,10.);
#1548=VECTOR('',#7952,10.);
#1549=VECTOR('',#7957,10.);
#1550=VECTOR('',#7960,10.);
#1551=VECTOR('',#7965,10.);
#1552=VECTOR('',#7966,10.);
#1553=VECTOR('',#7969,10.);
#1554=VECTOR('',#7970,10.);
#1555=VECTOR('',#7973,10.);
#1556=VECTOR('',#7976,10.);
#1557=VECTOR('',#7979,10.);
#1558=VECTOR('',#7982,10.);
#1559=VECTOR('',#7985,10.);
#1560=VECTOR('',#7988,10.);
#1561=VECTOR('',#7993,10.);
#1562=VECTOR('',#7996,10.);
#1563=VECTOR('',#8001,10.);
#1564=VECTOR('',#8002,10.);
#1565=VECTOR('',#8005,10.);
#1566=VECTOR('',#8006,10.);
#1567=VECTOR('',#8009,10.);
#1568=VECTOR('',#8012,10.);
#1569=VECTOR('',#8015,10.);
#1570=VECTOR('',#8018,10.);
#1571=VECTOR('',#8021,10.);
#1572=VECTOR('',#8024,10.);
#1573=VECTOR('',#8029,10.);
#1574=VECTOR('',#8032,10.);
#1575=VECTOR('',#8039,3.1);
#1576=VECTOR('',#8044,3.1);
#1577=VECTOR('',#8049,3.1);
#1578=VECTOR('',#8054,3.1);
#1579=VECTOR('',#8059,3.1);
#1580=VECTOR('',#8064,3.1);
#1581=VECTOR('',#8069,3.1);
#1582=VECTOR('',#8074,3.1);
#1583=VECTOR('',#8079,3.1);
#1584=VECTOR('',#8084,3.1);
#1585=VECTOR('',#8089,3.1);
#1586=VECTOR('',#8094,3.1);
#1587=VECTOR('',#8099,3.1);
#1588=VECTOR('',#8104,3.1);
#1589=VECTOR('',#8109,3.1);
#1590=VECTOR('',#8114,3.1);
#1591=VECTOR('',#8119,3.1);
#1592=VECTOR('',#8124,3.1);
#1593=VECTOR('',#8129,3.1);
#1594=VECTOR('',#8134,3.1);
#1595=VECTOR('',#8139,3.1);
#1596=VECTOR('',#8144,3.1);
#1597=VECTOR('',#8149,3.1);
#1598=VECTOR('',#8154,3.1);
#1599=VECTOR('',#8159,3.1);
#1600=VECTOR('',#8164,3.1);
#1601=CYLINDRICAL_SURFACE('',#6003,0.25);
#1602=CYLINDRICAL_SURFACE('',#6008,0.25);
#1603=CYLINDRICAL_SURFACE('',#6013,0.25);
#1604=CYLINDRICAL_SURFACE('',#6018,0.25);
#1605=CYLINDRICAL_SURFACE('',#6020,0.25);
#1606=CYLINDRICAL_SURFACE('',#6023,0.25);
#1607=CYLINDRICAL_SURFACE('',#6041,0.25);
#1608=CYLINDRICAL_SURFACE('',#6045,0.25);
#1609=CYLINDRICAL_SURFACE('',#6049,0.25);
#1610=CYLINDRICAL_SURFACE('',#6053,0.25);
#1611=CYLINDRICAL_SURFACE('',#6055,0.25);
#1612=CYLINDRICAL_SURFACE('',#6058,0.25);
#1613=CYLINDRICAL_SURFACE('',#6060,0.25);
#1614=CYLINDRICAL_SURFACE('',#6063,0.25);
#1615=CYLINDRICAL_SURFACE('',#6068,0.25);
#1616=CYLINDRICAL_SURFACE('',#6073,0.25);
#1617=CYLINDRICAL_SURFACE('',#6078,0.25);
#1618=CYLINDRICAL_SURFACE('',#6081,0.25);
#1619=CYLINDRICAL_SURFACE('',#6084,0.25);
#1620=CYLINDRICAL_SURFACE('',#6089,0.25);
#1621=CYLINDRICAL_SURFACE('',#6094,0.25);
#1622=CYLINDRICAL_SURFACE('',#6099,0.25);
#1623=CYLINDRICAL_SURFACE('',#6102,0.25);
#1624=CYLINDRICAL_SURFACE('',#6104,0.25);
#1625=CYLINDRICAL_SURFACE('',#6106,0.25);
#1626=CYLINDRICAL_SURFACE('',#6112,0.25);
#1627=CYLINDRICAL_SURFACE('',#6117,0.25);
#1628=CYLINDRICAL_SURFACE('',#6122,0.25);
#1629=CYLINDRICAL_SURFACE('',#6127,0.25);
#1630=CYLINDRICAL_SURFACE('',#6132,0.25);
#1631=CYLINDRICAL_SURFACE('',#6137,0.25);
#1632=CYLINDRICAL_SURFACE('',#6142,0.25);
#1633=CYLINDRICAL_SURFACE('',#6146,1.);
#1634=CYLINDRICAL_SURFACE('',#6149,1.);
#1635=CYLINDRICAL_SURFACE('',#6152,1.);
#1636=CYLINDRICAL_SURFACE('',#6181,1.);
#1637=CYLINDRICAL_SURFACE('',#6184,0.25);
#1638=CYLINDRICAL_SURFACE('',#6190,0.25);
#1639=CYLINDRICAL_SURFACE('',#6195,0.25);
#1640=CYLINDRICAL_SURFACE('',#6201,0.25);
#1641=CYLINDRICAL_SURFACE('',#6207,0.25);
#1642=CYLINDRICAL_SURFACE('',#6213,0.25);
#1643=CYLINDRICAL_SURFACE('',#6219,0.25);
#1644=CYLINDRICAL_SURFACE('',#6224,0.25);
#1645=CYLINDRICAL_SURFACE('',#6228,1.);
#1646=CYLINDRICAL_SURFACE('',#6230,1.);
#1647=CYLINDRICAL_SURFACE('',#6240,1.5);
#1648=CYLINDRICAL_SURFACE('',#6242,1.5);
#1649=CYLINDRICAL_SURFACE('',#6244,0.25);
#1650=CYLINDRICAL_SURFACE('',#6247,0.25);
#1651=CYLINDRICAL_SURFACE('',#6252,0.25);
#1652=CYLINDRICAL_SURFACE('',#6257,0.25);
#1653=CYLINDRICAL_SURFACE('',#6264,0.25);
#1654=CYLINDRICAL_SURFACE('',#6266,0.25);
#1655=CYLINDRICAL_SURFACE('',#6270,0.25);
#1656=CYLINDRICAL_SURFACE('',#6271,0.25);
#1657=CYLINDRICAL_SURFACE('',#6273,0.25);
#1658=CYLINDRICAL_SURFACE('',#6276,0.25);
#1659=CYLINDRICAL_SURFACE('',#6281,0.25);
#1660=CYLINDRICAL_SURFACE('',#6286,0.25);
#1661=CYLINDRICAL_SURFACE('',#6293,0.25);
#1662=CYLINDRICAL_SURFACE('',#6295,0.25);
#1663=CYLINDRICAL_SURFACE('',#6298,0.25);
#1664=CYLINDRICAL_SURFACE('',#6299,0.25);
#1665=CYLINDRICAL_SURFACE('',#6458,3.1);
#1666=CYLINDRICAL_SURFACE('',#6460,3.1);
#1667=CYLINDRICAL_SURFACE('',#6462,3.1);
#1668=CYLINDRICAL_SURFACE('',#6464,3.1);
#1669=CYLINDRICAL_SURFACE('',#6466,3.1);
#1670=CYLINDRICAL_SURFACE('',#6468,3.1);
#1671=CYLINDRICAL_SURFACE('',#6470,3.1);
#1672=CYLINDRICAL_SURFACE('',#6472,3.1);
#1673=CYLINDRICAL_SURFACE('',#6474,3.1);
#1674=CYLINDRICAL_SURFACE('',#6476,3.1);
#1675=CYLINDRICAL_SURFACE('',#6478,3.1);
#1676=CYLINDRICAL_SURFACE('',#6480,3.1);
#1677=CYLINDRICAL_SURFACE('',#6482,3.1);
#1678=CYLINDRICAL_SURFACE('',#6484,3.1);
#1679=CYLINDRICAL_SURFACE('',#6486,3.1);
#1680=CYLINDRICAL_SURFACE('',#6488,3.1);
#1681=CYLINDRICAL_SURFACE('',#6490,3.1);
#1682=CYLINDRICAL_SURFACE('',#6492,3.1);
#1683=CYLINDRICAL_SURFACE('',#6494,3.1);
#1684=CYLINDRICAL_SURFACE('',#6496,3.1);
#1685=CYLINDRICAL_SURFACE('',#6498,3.1);
#1686=CYLINDRICAL_SURFACE('',#6500,3.1);
#1687=CYLINDRICAL_SURFACE('',#6502,3.1);
#1688=CYLINDRICAL_SURFACE('',#6504,3.1);
#1689=CYLINDRICAL_SURFACE('',#6506,3.1);
#1690=CYLINDRICAL_SURFACE('',#6508,3.1);
#1691=FACE_OUTER_BOUND('',#2007,.T.);
#1692=FACE_OUTER_BOUND('',#2008,.T.);
#1693=FACE_OUTER_BOUND('',#2009,.T.);
#1694=FACE_OUTER_BOUND('',#2010,.T.);
#1695=FACE_OUTER_BOUND('',#2011,.T.);
#1696=FACE_OUTER_BOUND('',#2012,.T.);
#1697=FACE_OUTER_BOUND('',#2013,.T.);
#1698=FACE_OUTER_BOUND('',#2014,.T.);
#1699=FACE_OUTER_BOUND('',#2015,.T.);
#1700=FACE_OUTER_BOUND('',#2016,.T.);
#1701=FACE_OUTER_BOUND('',#2017,.T.);
#1702=FACE_OUTER_BOUND('',#2018,.T.);
#1703=FACE_OUTER_BOUND('',#2019,.T.);
#1704=FACE_OUTER_BOUND('',#2022,.T.);
#1705=FACE_OUTER_BOUND('',#2023,.T.);
#1706=FACE_OUTER_BOUND('',#2024,.T.);
#1707=FACE_OUTER_BOUND('',#2025,.T.);
#1708=FACE_OUTER_BOUND('',#2026,.T.);
#1709=FACE_OUTER_BOUND('',#2027,.T.);
#1710=FACE_OUTER_BOUND('',#2028,.T.);
#1711=FACE_OUTER_BOUND('',#2029,.T.);
#1712=FACE_OUTER_BOUND('',#2030,.T.);
#1713=FACE_OUTER_BOUND('',#2031,.T.);
#1714=FACE_OUTER_BOUND('',#2032,.T.);
#1715=FACE_OUTER_BOUND('',#2033,.T.);
#1716=FACE_OUTER_BOUND('',#2034,.T.);
#1717=FACE_OUTER_BOUND('',#2035,.T.);
#1718=FACE_OUTER_BOUND('',#2036,.T.);
#1719=FACE_OUTER_BOUND('',#2037,.T.);
#1720=FACE_OUTER_BOUND('',#2038,.T.);
#1721=FACE_OUTER_BOUND('',#2039,.T.);
#1722=FACE_OUTER_BOUND('',#2040,.T.);
#1723=FACE_OUTER_BOUND('',#2041,.T.);
#1724=FACE_OUTER_BOUND('',#2042,.T.);
#1725=FACE_OUTER_BOUND('',#2043,.T.);
#1726=FACE_OUTER_BOUND('',#2044,.T.);
#1727=FACE_OUTER_BOUND('',#2045,.T.);
#1728=FACE_OUTER_BOUND('',#2046,.T.);
#1729=FACE_OUTER_BOUND('',#2047,.T.);
#1730=FACE_OUTER_BOUND('',#2048,.T.);
#1731=FACE_OUTER_BOUND('',#2049,.T.);
#1732=FACE_OUTER_BOUND('',#2050,.T.);
#1733=FACE_OUTER_BOUND('',#2051,.T.);
#1734=FACE_OUTER_BOUND('',#2052,.T.);
#1735=FACE_OUTER_BOUND('',#2053,.T.);
#1736=FACE_OUTER_BOUND('',#2054,.T.);
#1737=FACE_OUTER_BOUND('',#2055,.T.);
#1738=FACE_OUTER_BOUND('',#2056,.T.);
#1739=FACE_OUTER_BOUND('',#2057,.T.);
#1740=FACE_OUTER_BOUND('',#2058,.T.);
#1741=FACE_OUTER_BOUND('',#2059,.T.);
#1742=FACE_OUTER_BOUND('',#2060,.T.);
#1743=FACE_OUTER_BOUND('',#2061,.T.);
#1744=FACE_OUTER_BOUND('',#2062,.T.);
#1745=FACE_OUTER_BOUND('',#2063,.T.);
#1746=FACE_OUTER_BOUND('',#2064,.T.);
#1747=FACE_OUTER_BOUND('',#2065,.T.);
#1748=FACE_OUTER_BOUND('',#2066,.T.);
#1749=FACE_OUTER_BOUND('',#2067,.T.);
#1750=FACE_OUTER_BOUND('',#2068,.T.);
#1751=FACE_OUTER_BOUND('',#2069,.T.);
#1752=FACE_OUTER_BOUND('',#2070,.T.);
#1753=FACE_OUTER_BOUND('',#2071,.T.);
#1754=FACE_OUTER_BOUND('',#2072,.T.);
#1755=FACE_OUTER_BOUND('',#2073,.T.);
#1756=FACE_OUTER_BOUND('',#2074,.T.);
#1757=FACE_OUTER_BOUND('',#2075,.T.);
#1758=FACE_OUTER_BOUND('',#2076,.T.);
#1759=FACE_OUTER_BOUND('',#2077,.T.);
#1760=FACE_OUTER_BOUND('',#2078,.T.);
#1761=FACE_OUTER_BOUND('',#2079,.T.);
#1762=FACE_OUTER_BOUND('',#2093,.T.);
#1763=FACE_OUTER_BOUND('',#2094,.T.);
#1764=FACE_OUTER_BOUND('',#2121,.T.);
#1765=FACE_OUTER_BOUND('',#2122,.T.);
#1766=FACE_OUTER_BOUND('',#2136,.T.);
#1767=FACE_OUTER_BOUND('',#2137,.T.);
#1768=FACE_OUTER_BOUND('',#2138,.T.);
#1769=FACE_OUTER_BOUND('',#2139,.T.);
#1770=FACE_OUTER_BOUND('',#2140,.T.);
#1771=FACE_OUTER_BOUND('',#2141,.T.);
#1772=FACE_OUTER_BOUND('',#2142,.T.);
#1773=FACE_OUTER_BOUND('',#2143,.T.);
#1774=FACE_OUTER_BOUND('',#2144,.T.);
#1775=FACE_OUTER_BOUND('',#2145,.T.);
#1776=FACE_OUTER_BOUND('',#2146,.T.);
#1777=FACE_OUTER_BOUND('',#2147,.T.);
#1778=FACE_OUTER_BOUND('',#2148,.T.);
#1779=FACE_OUTER_BOUND('',#2149,.T.);
#1780=FACE_OUTER_BOUND('',#2150,.T.);
#1781=FACE_OUTER_BOUND('',#2151,.T.);
#1782=FACE_OUTER_BOUND('',#2152,.T.);
#1783=FACE_OUTER_BOUND('',#2153,.T.);
#1784=FACE_OUTER_BOUND('',#2154,.T.);
#1785=FACE_OUTER_BOUND('',#2155,.T.);
#1786=FACE_OUTER_BOUND('',#2158,.T.);
#1787=FACE_OUTER_BOUND('',#2159,.T.);
#1788=FACE_OUTER_BOUND('',#2173,.T.);
#1789=FACE_OUTER_BOUND('',#2174,.T.);
#1790=FACE_OUTER_BOUND('',#2188,.T.);
#1791=FACE_OUTER_BOUND('',#2189,.T.);
#1792=FACE_OUTER_BOUND('',#2190,.T.);
#1793=FACE_OUTER_BOUND('',#2191,.T.);
#1794=FACE_OUTER_BOUND('',#2192,.T.);
#1795=FACE_OUTER_BOUND('',#2193,.T.);
#1796=FACE_OUTER_BOUND('',#2194,.T.);
#1797=FACE_OUTER_BOUND('',#2195,.T.);
#1798=FACE_OUTER_BOUND('',#2196,.T.);
#1799=FACE_OUTER_BOUND('',#2197,.T.);
#1800=FACE_OUTER_BOUND('',#2198,.T.);
#1801=FACE_OUTER_BOUND('',#2199,.T.);
#1802=FACE_OUTER_BOUND('',#2200,.T.);
#1803=FACE_OUTER_BOUND('',#2201,.T.);
#1804=FACE_OUTER_BOUND('',#2202,.T.);
#1805=FACE_OUTER_BOUND('',#2203,.T.);
#1806=FACE_OUTER_BOUND('',#2204,.T.);
#1807=FACE_OUTER_BOUND('',#2205,.T.);
#1808=FACE_OUTER_BOUND('',#2206,.T.);
#1809=FACE_OUTER_BOUND('',#2207,.T.);
#1810=FACE_OUTER_BOUND('',#2208,.T.);
#1811=FACE_OUTER_BOUND('',#2209,.T.);
#1812=FACE_OUTER_BOUND('',#2210,.T.);
#1813=FACE_OUTER_BOUND('',#2211,.T.);
#1814=FACE_OUTER_BOUND('',#2212,.T.);
#1815=FACE_OUTER_BOUND('',#2213,.T.);
#1816=FACE_OUTER_BOUND('',#2214,.T.);
#1817=FACE_OUTER_BOUND('',#2215,.T.);
#1818=FACE_OUTER_BOUND('',#2216,.T.);
#1819=FACE_OUTER_BOUND('',#2217,.T.);
#1820=FACE_OUTER_BOUND('',#2218,.T.);
#1821=FACE_OUTER_BOUND('',#2219,.T.);
#1822=FACE_OUTER_BOUND('',#2220,.T.);
#1823=FACE_OUTER_BOUND('',#2221,.T.);
#1824=FACE_OUTER_BOUND('',#2222,.T.);
#1825=FACE_OUTER_BOUND('',#2223,.T.);
#1826=FACE_OUTER_BOUND('',#2224,.T.);
#1827=FACE_OUTER_BOUND('',#2225,.T.);
#1828=FACE_OUTER_BOUND('',#2226,.T.);
#1829=FACE_OUTER_BOUND('',#2227,.T.);
#1830=FACE_OUTER_BOUND('',#2228,.T.);
#1831=FACE_OUTER_BOUND('',#2229,.T.);
#1832=FACE_OUTER_BOUND('',#2230,.T.);
#1833=FACE_OUTER_BOUND('',#2231,.T.);
#1834=FACE_OUTER_BOUND('',#2232,.T.);
#1835=FACE_OUTER_BOUND('',#2233,.T.);
#1836=FACE_OUTER_BOUND('',#2234,.T.);
#1837=FACE_OUTER_BOUND('',#2235,.T.);
#1838=FACE_OUTER_BOUND('',#2236,.T.);
#1839=FACE_OUTER_BOUND('',#2237,.T.);
#1840=FACE_OUTER_BOUND('',#2238,.T.);
#1841=FACE_OUTER_BOUND('',#2239,.T.);
#1842=FACE_OUTER_BOUND('',#2240,.T.);
#1843=FACE_OUTER_BOUND('',#2241,.T.);
#1844=FACE_OUTER_BOUND('',#2242,.T.);
#1845=FACE_OUTER_BOUND('',#2243,.T.);
#1846=FACE_OUTER_BOUND('',#2244,.T.);
#1847=FACE_OUTER_BOUND('',#2245,.T.);
#1848=FACE_OUTER_BOUND('',#2246,.T.);
#1849=FACE_OUTER_BOUND('',#2247,.T.);
#1850=FACE_OUTER_BOUND('',#2248,.T.);
#1851=FACE_OUTER_BOUND('',#2249,.T.);
#1852=FACE_OUTER_BOUND('',#2250,.T.);
#1853=FACE_OUTER_BOUND('',#2251,.T.);
#1854=FACE_OUTER_BOUND('',#2252,.T.);
#1855=FACE_OUTER_BOUND('',#2253,.T.);
#1856=FACE_OUTER_BOUND('',#2254,.T.);
#1857=FACE_OUTER_BOUND('',#2255,.T.);
#1858=FACE_OUTER_BOUND('',#2256,.T.);
#1859=FACE_OUTER_BOUND('',#2257,.T.);
#1860=FACE_OUTER_BOUND('',#2258,.T.);
#1861=FACE_OUTER_BOUND('',#2259,.T.);
#1862=FACE_OUTER_BOUND('',#2260,.T.);
#1863=FACE_OUTER_BOUND('',#2261,.T.);
#1864=FACE_OUTER_BOUND('',#2262,.T.);
#1865=FACE_OUTER_BOUND('',#2263,.T.);
#1866=FACE_OUTER_BOUND('',#2264,.T.);
#1867=FACE_OUTER_BOUND('',#2265,.T.);
#1868=FACE_OUTER_BOUND('',#2266,.T.);
#1869=FACE_OUTER_BOUND('',#2267,.T.);
#1870=FACE_OUTER_BOUND('',#2268,.T.);
#1871=FACE_OUTER_BOUND('',#2269,.T.);
#1872=FACE_OUTER_BOUND('',#2270,.T.);
#1873=FACE_OUTER_BOUND('',#2271,.T.);
#1874=FACE_OUTER_BOUND('',#2272,.T.);
#1875=FACE_OUTER_BOUND('',#2273,.T.);
#1876=FACE_OUTER_BOUND('',#2274,.T.);
#1877=FACE_OUTER_BOUND('',#2275,.T.);
#1878=FACE_OUTER_BOUND('',#2276,.T.);
#1879=FACE_OUTER_BOUND('',#2277,.T.);
#1880=FACE_OUTER_BOUND('',#2278,.T.);
#1881=FACE_OUTER_BOUND('',#2279,.T.);
#1882=FACE_OUTER_BOUND('',#2280,.T.);
#1883=FACE_OUTER_BOUND('',#2281,.T.);
#1884=FACE_OUTER_BOUND('',#2282,.T.);
#1885=FACE_OUTER_BOUND('',#2283,.T.);
#1886=FACE_OUTER_BOUND('',#2284,.T.);
#1887=FACE_OUTER_BOUND('',#2285,.T.);
#1888=FACE_OUTER_BOUND('',#2286,.T.);
#1889=FACE_OUTER_BOUND('',#2287,.T.);
#1890=FACE_OUTER_BOUND('',#2288,.T.);
#1891=FACE_OUTER_BOUND('',#2289,.T.);
#1892=FACE_OUTER_BOUND('',#2290,.T.);
#1893=FACE_OUTER_BOUND('',#2291,.T.);
#1894=FACE_OUTER_BOUND('',#2292,.T.);
#1895=FACE_OUTER_BOUND('',#2293,.T.);
#1896=FACE_OUTER_BOUND('',#2294,.T.);
#1897=FACE_OUTER_BOUND('',#2295,.T.);
#1898=FACE_OUTER_BOUND('',#2296,.T.);
#1899=FACE_OUTER_BOUND('',#2297,.T.);
#1900=FACE_OUTER_BOUND('',#2298,.T.);
#1901=FACE_OUTER_BOUND('',#2299,.T.);
#1902=FACE_OUTER_BOUND('',#2300,.T.);
#1903=FACE_OUTER_BOUND('',#2301,.T.);
#1904=FACE_OUTER_BOUND('',#2302,.T.);
#1905=FACE_OUTER_BOUND('',#2303,.T.);
#1906=FACE_OUTER_BOUND('',#2304,.T.);
#1907=FACE_OUTER_BOUND('',#2305,.T.);
#1908=FACE_OUTER_BOUND('',#2306,.T.);
#1909=FACE_OUTER_BOUND('',#2307,.T.);
#1910=FACE_OUTER_BOUND('',#2308,.T.);
#1911=FACE_OUTER_BOUND('',#2309,.T.);
#1912=FACE_OUTER_BOUND('',#2310,.T.);
#1913=FACE_OUTER_BOUND('',#2311,.T.);
#1914=FACE_OUTER_BOUND('',#2312,.T.);
#1915=FACE_OUTER_BOUND('',#2313,.T.);
#1916=FACE_OUTER_BOUND('',#2314,.T.);
#1917=FACE_OUTER_BOUND('',#2315,.T.);
#1918=FACE_OUTER_BOUND('',#2316,.T.);
#1919=FACE_OUTER_BOUND('',#2317,.T.);
#1920=FACE_OUTER_BOUND('',#2318,.T.);
#1921=FACE_OUTER_BOUND('',#2319,.T.);
#1922=FACE_OUTER_BOUND('',#2320,.T.);
#1923=FACE_OUTER_BOUND('',#2321,.T.);
#1924=FACE_OUTER_BOUND('',#2322,.T.);
#1925=FACE_OUTER_BOUND('',#2323,.T.);
#1926=FACE_OUTER_BOUND('',#2324,.T.);
#1927=FACE_OUTER_BOUND('',#2325,.T.);
#1928=FACE_OUTER_BOUND('',#2326,.T.);
#1929=FACE_OUTER_BOUND('',#2327,.T.);
#1930=FACE_OUTER_BOUND('',#2328,.T.);
#1931=FACE_OUTER_BOUND('',#2329,.T.);
#1932=FACE_OUTER_BOUND('',#2330,.T.);
#1933=FACE_OUTER_BOUND('',#2331,.T.);
#1934=FACE_OUTER_BOUND('',#2332,.T.);
#1935=FACE_OUTER_BOUND('',#2333,.T.);
#1936=FACE_OUTER_BOUND('',#2334,.T.);
#1937=FACE_OUTER_BOUND('',#2335,.T.);
#1938=FACE_OUTER_BOUND('',#2336,.T.);
#1939=FACE_OUTER_BOUND('',#2337,.T.);
#1940=FACE_OUTER_BOUND('',#2338,.T.);
#1941=FACE_OUTER_BOUND('',#2339,.T.);
#1942=FACE_OUTER_BOUND('',#2340,.T.);
#1943=FACE_OUTER_BOUND('',#2341,.T.);
#1944=FACE_OUTER_BOUND('',#2342,.T.);
#1945=FACE_OUTER_BOUND('',#2343,.T.);
#1946=FACE_OUTER_BOUND('',#2344,.T.);
#1947=FACE_OUTER_BOUND('',#2345,.T.);
#1948=FACE_OUTER_BOUND('',#2346,.T.);
#1949=FACE_OUTER_BOUND('',#2347,.T.);
#1950=FACE_OUTER_BOUND('',#2348,.T.);
#1951=FACE_OUTER_BOUND('',#2349,.T.);
#1952=FACE_OUTER_BOUND('',#2350,.T.);
#1953=FACE_OUTER_BOUND('',#2351,.T.);
#1954=FACE_OUTER_BOUND('',#2352,.T.);
#1955=FACE_OUTER_BOUND('',#2353,.T.);
#1956=FACE_OUTER_BOUND('',#2354,.T.);
#1957=FACE_OUTER_BOUND('',#2355,.T.);
#1958=FACE_OUTER_BOUND('',#2356,.T.);
#1959=FACE_OUTER_BOUND('',#2357,.T.);
#1960=FACE_OUTER_BOUND('',#2358,.T.);
#1961=FACE_OUTER_BOUND('',#2359,.T.);
#1962=FACE_OUTER_BOUND('',#2360,.T.);
#1963=FACE_OUTER_BOUND('',#2361,.T.);
#1964=FACE_OUTER_BOUND('',#2362,.T.);
#1965=FACE_OUTER_BOUND('',#2363,.T.);
#1966=FACE_OUTER_BOUND('',#2364,.T.);
#1967=FACE_OUTER_BOUND('',#2365,.T.);
#1968=FACE_OUTER_BOUND('',#2366,.T.);
#1969=FACE_OUTER_BOUND('',#2367,.T.);
#1970=FACE_OUTER_BOUND('',#2368,.T.);
#1971=FACE_OUTER_BOUND('',#2369,.T.);
#1972=FACE_OUTER_BOUND('',#2370,.T.);
#1973=FACE_OUTER_BOUND('',#2371,.T.);
#1974=FACE_OUTER_BOUND('',#2372,.T.);
#1975=FACE_OUTER_BOUND('',#2373,.T.);
#1976=FACE_OUTER_BOUND('',#2374,.T.);
#1977=FACE_OUTER_BOUND('',#2375,.T.);
#1978=FACE_OUTER_BOUND('',#2376,.T.);
#1979=FACE_OUTER_BOUND('',#2377,.T.);
#1980=FACE_OUTER_BOUND('',#2378,.T.);
#1981=FACE_OUTER_BOUND('',#2379,.T.);
#1982=FACE_OUTER_BOUND('',#2380,.T.);
#1983=FACE_OUTER_BOUND('',#2381,.T.);
#1984=FACE_OUTER_BOUND('',#2382,.T.);
#1985=FACE_OUTER_BOUND('',#2383,.T.);
#1986=FACE_OUTER_BOUND('',#2384,.T.);
#1987=FACE_OUTER_BOUND('',#2385,.T.);
#1988=FACE_OUTER_BOUND('',#2386,.T.);
#1989=FACE_OUTER_BOUND('',#2387,.T.);
#1990=FACE_OUTER_BOUND('',#2388,.T.);
#1991=FACE_OUTER_BOUND('',#2389,.T.);
#1992=FACE_OUTER_BOUND('',#2390,.T.);
#1993=FACE_OUTER_BOUND('',#2391,.T.);
#1994=FACE_OUTER_BOUND('',#2392,.T.);
#1995=FACE_OUTER_BOUND('',#2393,.T.);
#1996=FACE_OUTER_BOUND('',#2394,.T.);
#1997=FACE_OUTER_BOUND('',#2395,.T.);
#1998=FACE_OUTER_BOUND('',#2396,.T.);
#1999=FACE_OUTER_BOUND('',#2397,.T.);
#2000=FACE_OUTER_BOUND('',#2398,.T.);
#2001=FACE_OUTER_BOUND('',#2399,.T.);
#2002=FACE_OUTER_BOUND('',#2400,.T.);
#2003=FACE_OUTER_BOUND('',#2401,.T.);
#2004=FACE_OUTER_BOUND('',#2402,.T.);
#2005=FACE_OUTER_BOUND('',#2403,.T.);
#2006=FACE_OUTER_BOUND('',#2404,.T.);
#2007=EDGE_LOOP('',(#3993,#3994,#3995,#3996));
#2008=EDGE_LOOP('',(#3997,#3998,#3999,#4000));
#2009=EDGE_LOOP('',(#4001,#4002,#4003,#4004));
#2010=EDGE_LOOP('',(#4005,#4006,#4007,#4008));
#2011=EDGE_LOOP('',(#4009,#4010,#4011,#4012));
#2012=EDGE_LOOP('',(#4013,#4014,#4015,#4016));
#2013=EDGE_LOOP('',(#4017,#4018,#4019,#4020));
#2014=EDGE_LOOP('',(#4021,#4022,#4023,#4024));
#2015=EDGE_LOOP('',(#4025,#4026,#4027,#4028));
#2016=EDGE_LOOP('',(#4029,#4030,#4031,#4032));
#2017=EDGE_LOOP('',(#4033,#4034,#4035,#4036));
#2018=EDGE_LOOP('',(#4037,#4038,#4039,#4040));
#2019=EDGE_LOOP('',(#4041,#4042,#4043,#4044,#4045,#4046,#4047,#4048,#4049,
#4050,#4051,#4052,#4053,#4054,#4055,#4056));
#2020=EDGE_LOOP('',(#4057,#4058,#4059,#4060,#4061,#4062,#4063,#4064));
#2021=EDGE_LOOP('',(#4065,#4066,#4067,#4068,#4069,#4070,#4071,#4072));
#2022=EDGE_LOOP('',(#4073,#4074,#4075,#4076));
#2023=EDGE_LOOP('',(#4077,#4078,#4079,#4080));
#2024=EDGE_LOOP('',(#4081,#4082,#4083,#4084));
#2025=EDGE_LOOP('',(#4085,#4086,#4087,#4088));
#2026=EDGE_LOOP('',(#4089,#4090,#4091,#4092));
#2027=EDGE_LOOP('',(#4093,#4094,#4095,#4096));
#2028=EDGE_LOOP('',(#4097,#4098,#4099,#4100));
#2029=EDGE_LOOP('',(#4101,#4102,#4103,#4104));
#2030=EDGE_LOOP('',(#4105,#4106,#4107,#4108));
#2031=EDGE_LOOP('',(#4109,#4110,#4111,#4112));
#2032=EDGE_LOOP('',(#4113,#4114,#4115,#4116));
#2033=EDGE_LOOP('',(#4117,#4118,#4119,#4120));
#2034=EDGE_LOOP('',(#4121,#4122,#4123,#4124));
#2035=EDGE_LOOP('',(#4125,#4126,#4127,#4128));
#2036=EDGE_LOOP('',(#4129,#4130,#4131));
#2037=EDGE_LOOP('',(#4132,#4133,#4134,#4135));
#2038=EDGE_LOOP('',(#4136,#4137,#4138));
#2039=EDGE_LOOP('',(#4139,#4140,#4141,#4142));
#2040=EDGE_LOOP('',(#4143,#4144,#4145));
#2041=EDGE_LOOP('',(#4146,#4147,#4148));
#2042=EDGE_LOOP('',(#4149,#4150,#4151,#4152));
#2043=EDGE_LOOP('',(#4153,#4154,#4155,#4156));
#2044=EDGE_LOOP('',(#4157,#4158,#4159,#4160));
#2045=EDGE_LOOP('',(#4161,#4162,#4163,#4164));
#2046=EDGE_LOOP('',(#4165,#4166,#4167,#4168));
#2047=EDGE_LOOP('',(#4169,#4170,#4171));
#2048=EDGE_LOOP('',(#4172,#4173,#4174,#4175));
#2049=EDGE_LOOP('',(#4176,#4177,#4178));
#2050=EDGE_LOOP('',(#4179,#4180,#4181,#4182));
#2051=EDGE_LOOP('',(#4183,#4184,#4185));
#2052=EDGE_LOOP('',(#4186,#4187,#4188));
#2053=EDGE_LOOP('',(#4189,#4190,#4191,#4192));
#2054=EDGE_LOOP('',(#4193,#4194,#4195,#4196));
#2055=EDGE_LOOP('',(#4197,#4198,#4199,#4200));
#2056=EDGE_LOOP('',(#4201,#4202,#4203,#4204));
#2057=EDGE_LOOP('',(#4205,#4206,#4207,#4208));
#2058=EDGE_LOOP('',(#4209,#4210,#4211,#4212));
#2059=EDGE_LOOP('',(#4213,#4214,#4215,#4216));
#2060=EDGE_LOOP('',(#4217,#4218,#4219,#4220));
#2061=EDGE_LOOP('',(#4221,#4222,#4223,#4224));
#2062=EDGE_LOOP('',(#4225,#4226,#4227,#4228));
#2063=EDGE_LOOP('',(#4229,#4230,#4231,#4232));
#2064=EDGE_LOOP('',(#4233,#4234,#4235,#4236));
#2065=EDGE_LOOP('',(#4237,#4238,#4239,#4240));
#2066=EDGE_LOOP('',(#4241,#4242,#4243,#4244));
#2067=EDGE_LOOP('',(#4245,#4246,#4247,#4248));
#2068=EDGE_LOOP('',(#4249,#4250,#4251,#4252));
#2069=EDGE_LOOP('',(#4253,#4254,#4255,#4256));
#2070=EDGE_LOOP('',(#4257,#4258,#4259,#4260));
#2071=EDGE_LOOP('',(#4261,#4262,#4263,#4264));
#2072=EDGE_LOOP('',(#4265,#4266,#4267,#4268));
#2073=EDGE_LOOP('',(#4269,#4270,#4271,#4272));
#2074=EDGE_LOOP('',(#4273,#4274,#4275,#4276));
#2075=EDGE_LOOP('',(#4277,#4278,#4279,#4280));
#2076=EDGE_LOOP('',(#4281,#4282,#4283,#4284));
#2077=EDGE_LOOP('',(#4285,#4286,#4287,#4288));
#2078=EDGE_LOOP('',(#4289,#4290,#4291,#4292));
#2079=EDGE_LOOP('',(#4293,#4294,#4295,#4296));
#2080=EDGE_LOOP('',(#4297,#4298,#4299,#4300,#4301,#4302));
#2081=EDGE_LOOP('',(#4303,#4304,#4305,#4306,#4307,#4308));
#2082=EDGE_LOOP('',(#4309,#4310,#4311,#4312,#4313,#4314));
#2083=EDGE_LOOP('',(#4315,#4316,#4317,#4318,#4319,#4320));
#2084=EDGE_LOOP('',(#4321,#4322,#4323,#4324,#4325,#4326));
#2085=EDGE_LOOP('',(#4327,#4328,#4329,#4330,#4331,#4332));
#2086=EDGE_LOOP('',(#4333,#4334,#4335,#4336,#4337,#4338));
#2087=EDGE_LOOP('',(#4339,#4340,#4341,#4342,#4343,#4344));
#2088=EDGE_LOOP('',(#4345,#4346,#4347,#4348,#4349,#4350));
#2089=EDGE_LOOP('',(#4351,#4352,#4353,#4354,#4355,#4356));
#2090=EDGE_LOOP('',(#4357,#4358,#4359,#4360,#4361,#4362));
#2091=EDGE_LOOP('',(#4363,#4364,#4365,#4366,#4367,#4368));
#2092=EDGE_LOOP('',(#4369,#4370,#4371,#4372,#4373,#4374));
#2093=EDGE_LOOP('',(#4375,#4376,#4377,#4378));
#2094=EDGE_LOOP('',(#4379,#4380,#4381,#4382));
#2095=EDGE_LOOP('',(#4383));
#2096=EDGE_LOOP('',(#4384));
#2097=EDGE_LOOP('',(#4385));
#2098=EDGE_LOOP('',(#4386));
#2099=EDGE_LOOP('',(#4387));
#2100=EDGE_LOOP('',(#4388));
#2101=EDGE_LOOP('',(#4389));
#2102=EDGE_LOOP('',(#4390));
#2103=EDGE_LOOP('',(#4391));
#2104=EDGE_LOOP('',(#4392));
#2105=EDGE_LOOP('',(#4393));
#2106=EDGE_LOOP('',(#4394));
#2107=EDGE_LOOP('',(#4395));
#2108=EDGE_LOOP('',(#4396));
#2109=EDGE_LOOP('',(#4397));
#2110=EDGE_LOOP('',(#4398));
#2111=EDGE_LOOP('',(#4399));
#2112=EDGE_LOOP('',(#4400));
#2113=EDGE_LOOP('',(#4401));
#2114=EDGE_LOOP('',(#4402));
#2115=EDGE_LOOP('',(#4403));
#2116=EDGE_LOOP('',(#4404));
#2117=EDGE_LOOP('',(#4405));
#2118=EDGE_LOOP('',(#4406));
#2119=EDGE_LOOP('',(#4407));
#2120=EDGE_LOOP('',(#4408));
#2121=EDGE_LOOP('',(#4409,#4410,#4411,#4412));
#2122=EDGE_LOOP('',(#4413,#4414,#4415,#4416));
#2123=EDGE_LOOP('',(#4417,#4418,#4419,#4420,#4421,#4422));
#2124=EDGE_LOOP('',(#4423,#4424,#4425,#4426,#4427,#4428));
#2125=EDGE_LOOP('',(#4429,#4430,#4431,#4432,#4433,#4434));
#2126=EDGE_LOOP('',(#4435,#4436,#4437,#4438,#4439,#4440));
#2127=EDGE_LOOP('',(#4441,#4442,#4443,#4444,#4445,#4446));
#2128=EDGE_LOOP('',(#4447,#4448,#4449,#4450,#4451,#4452));
#2129=EDGE_LOOP('',(#4453,#4454,#4455,#4456,#4457,#4458));
#2130=EDGE_LOOP('',(#4459,#4460,#4461,#4462,#4463,#4464));
#2131=EDGE_LOOP('',(#4465,#4466,#4467,#4468,#4469,#4470));
#2132=EDGE_LOOP('',(#4471,#4472,#4473,#4474,#4475,#4476));
#2133=EDGE_LOOP('',(#4477,#4478,#4479,#4480,#4481,#4482));
#2134=EDGE_LOOP('',(#4483,#4484,#4485,#4486,#4487,#4488));
#2135=EDGE_LOOP('',(#4489,#4490,#4491,#4492,#4493,#4494));
#2136=EDGE_LOOP('',(#4495,#4496,#4497,#4498));
#2137=EDGE_LOOP('',(#4499,#4500,#4501,#4502));
#2138=EDGE_LOOP('',(#4503,#4504,#4505,#4506));
#2139=EDGE_LOOP('',(#4507,#4508,#4509,#4510));
#2140=EDGE_LOOP('',(#4511,#4512,#4513,#4514));
#2141=EDGE_LOOP('',(#4515,#4516,#4517,#4518));
#2142=EDGE_LOOP('',(#4519,#4520,#4521,#4522));
#2143=EDGE_LOOP('',(#4523,#4524,#4525,#4526));
#2144=EDGE_LOOP('',(#4527,#4528,#4529,#4530));
#2145=EDGE_LOOP('',(#4531,#4532,#4533,#4534));
#2146=EDGE_LOOP('',(#4535,#4536,#4537,#4538));
#2147=EDGE_LOOP('',(#4539,#4540,#4541,#4542));
#2148=EDGE_LOOP('',(#4543,#4544,#4545,#4546));
#2149=EDGE_LOOP('',(#4547,#4548,#4549,#4550));
#2150=EDGE_LOOP('',(#4551,#4552,#4553,#4554));
#2151=EDGE_LOOP('',(#4555,#4556,#4557,#4558));
#2152=EDGE_LOOP('',(#4559,#4560,#4561,#4562));
#2153=EDGE_LOOP('',(#4563,#4564,#4565,#4566));
#2154=EDGE_LOOP('',(#4567,#4568,#4569,#4570));
#2155=EDGE_LOOP('',(#4571,#4572,#4573,#4574,#4575,#4576,#4577,#4578,#4579,
#4580,#4581,#4582,#4583,#4584,#4585,#4586));
#2156=EDGE_LOOP('',(#4587,#4588,#4589,#4590,#4591,#4592,#4593,#4594));
#2157=EDGE_LOOP('',(#4595,#4596,#4597,#4598,#4599,#4600,#4601,#4602));
#2158=EDGE_LOOP('',(#4603,#4604,#4605,#4606));
#2159=EDGE_LOOP('',(#4607,#4608,#4609,#4610));
#2160=EDGE_LOOP('',(#4611,#4612,#4613,#4614,#4615,#4616));
#2161=EDGE_LOOP('',(#4617,#4618,#4619,#4620,#4621,#4622));
#2162=EDGE_LOOP('',(#4623,#4624,#4625,#4626,#4627,#4628));
#2163=EDGE_LOOP('',(#4629,#4630,#4631,#4632,#4633,#4634));
#2164=EDGE_LOOP('',(#4635,#4636,#4637,#4638,#4639,#4640));
#2165=EDGE_LOOP('',(#4641,#4642,#4643,#4644,#4645,#4646));
#2166=EDGE_LOOP('',(#4647,#4648,#4649,#4650,#4651,#4652));
#2167=EDGE_LOOP('',(#4653,#4654,#4655,#4656,#4657,#4658));
#2168=EDGE_LOOP('',(#4659,#4660,#4661,#4662,#4663,#4664));
#2169=EDGE_LOOP('',(#4665,#4666,#4667,#4668,#4669,#4670));
#2170=EDGE_LOOP('',(#4671,#4672,#4673,#4674,#4675,#4676));
#2171=EDGE_LOOP('',(#4677,#4678,#4679,#4680,#4681,#4682));
#2172=EDGE_LOOP('',(#4683,#4684,#4685,#4686,#4687,#4688));
#2173=EDGE_LOOP('',(#4689,#4690,#4691,#4692));
#2174=EDGE_LOOP('',(#4693,#4694,#4695,#4696));
#2175=EDGE_LOOP('',(#4697,#4698,#4699,#4700,#4701,#4702));
#2176=EDGE_LOOP('',(#4703,#4704,#4705,#4706,#4707,#4708));
#2177=EDGE_LOOP('',(#4709,#4710,#4711,#4712,#4713,#4714));
#2178=EDGE_LOOP('',(#4715,#4716,#4717,#4718,#4719,#4720));
#2179=EDGE_LOOP('',(#4721,#4722,#4723,#4724,#4725,#4726));
#2180=EDGE_LOOP('',(#4727,#4728,#4729,#4730,#4731,#4732));
#2181=EDGE_LOOP('',(#4733,#4734,#4735,#4736,#4737,#4738));
#2182=EDGE_LOOP('',(#4739,#4740,#4741,#4742,#4743,#4744));
#2183=EDGE_LOOP('',(#4745,#4746,#4747,#4748,#4749,#4750));
#2184=EDGE_LOOP('',(#4751,#4752,#4753,#4754,#4755,#4756));
#2185=EDGE_LOOP('',(#4757,#4758,#4759,#4760,#4761,#4762));
#2186=EDGE_LOOP('',(#4763,#4764,#4765,#4766,#4767,#4768));
#2187=EDGE_LOOP('',(#4769,#4770,#4771,#4772,#4773,#4774));
#2188=EDGE_LOOP('',(#4775,#4776,#4777,#4778));
#2189=EDGE_LOOP('',(#4779,#4780,#4781,#4782));
#2190=EDGE_LOOP('',(#4783,#4784,#4785));
#2191=EDGE_LOOP('',(#4786,#4787,#4788,#4789));
#2192=EDGE_LOOP('',(#4790,#4791,#4792));
#2193=EDGE_LOOP('',(#4793,#4794,#4795,#4796));
#2194=EDGE_LOOP('',(#4797,#4798,#4799));
#2195=EDGE_LOOP('',(#4800,#4801,#4802));
#2196=EDGE_LOOP('',(#4803,#4804,#4805,#4806));
#2197=EDGE_LOOP('',(#4807,#4808,#4809,#4810));
#2198=EDGE_LOOP('',(#4811,#4812,#4813,#4814));
#2199=EDGE_LOOP('',(#4815,#4816,#4817,#4818));
#2200=EDGE_LOOP('',(#4819,#4820,#4821,#4822));
#2201=EDGE_LOOP('',(#4823,#4824,#4825,#4826));
#2202=EDGE_LOOP('',(#4827,#4828,#4829,#4830));
#2203=EDGE_LOOP('',(#4831,#4832,#4833,#4834));
#2204=EDGE_LOOP('',(#4835,#4836,#4837,#4838));
#2205=EDGE_LOOP('',(#4839,#4840,#4841,#4842));
#2206=EDGE_LOOP('',(#4843,#4844,#4845,#4846));
#2207=EDGE_LOOP('',(#4847,#4848,#4849));
#2208=EDGE_LOOP('',(#4850,#4851,#4852,#4853));
#2209=EDGE_LOOP('',(#4854,#4855,#4856));
#2210=EDGE_LOOP('',(#4857,#4858,#4859,#4860));
#2211=EDGE_LOOP('',(#4861,#4862,#4863));
#2212=EDGE_LOOP('',(#4864,#4865,#4866));
#2213=EDGE_LOOP('',(#4867,#4868,#4869,#4870));
#2214=EDGE_LOOP('',(#4871,#4872,#4873,#4874));
#2215=EDGE_LOOP('',(#4875,#4876,#4877,#4878));
#2216=EDGE_LOOP('',(#4879,#4880,#4881,#4882));
#2217=EDGE_LOOP('',(#4883,#4884,#4885,#4886));
#2218=EDGE_LOOP('',(#4887,#4888,#4889,#4890));
#2219=EDGE_LOOP('',(#4891,#4892,#4893,#4894));
#2220=EDGE_LOOP('',(#4895,#4896,#4897,#4898));
#2221=EDGE_LOOP('',(#4899,#4900,#4901,#4902));
#2222=EDGE_LOOP('',(#4903,#4904,#4905,#4906));
#2223=EDGE_LOOP('',(#4907,#4908,#4909,#4910));
#2224=EDGE_LOOP('',(#4911,#4912,#4913,#4914));
#2225=EDGE_LOOP('',(#4915,#4916,#4917,#4918));
#2226=EDGE_LOOP('',(#4919,#4920,#4921,#4922));
#2227=EDGE_LOOP('',(#4923,#4924,#4925,#4926));
#2228=EDGE_LOOP('',(#4927,#4928,#4929,#4930));
#2229=EDGE_LOOP('',(#4931,#4932,#4933,#4934));
#2230=EDGE_LOOP('',(#4935,#4936,#4937,#4938));
#2231=EDGE_LOOP('',(#4939,#4940,#4941,#4942));
#2232=EDGE_LOOP('',(#4943,#4944,#4945,#4946));
#2233=EDGE_LOOP('',(#4947,#4948,#4949,#4950));
#2234=EDGE_LOOP('',(#4951,#4952,#4953,#4954));
#2235=EDGE_LOOP('',(#4955,#4956,#4957,#4958));
#2236=EDGE_LOOP('',(#4959,#4960,#4961,#4962));
#2237=EDGE_LOOP('',(#4963,#4964,#4965,#4966));
#2238=EDGE_LOOP('',(#4967,#4968,#4969,#4970));
#2239=EDGE_LOOP('',(#4971,#4972,#4973,#4974));
#2240=EDGE_LOOP('',(#4975,#4976,#4977,#4978));
#2241=EDGE_LOOP('',(#4979,#4980,#4981,#4982));
#2242=EDGE_LOOP('',(#4983,#4984,#4985,#4986));
#2243=EDGE_LOOP('',(#4987,#4988,#4989,#4990));
#2244=EDGE_LOOP('',(#4991,#4992,#4993,#4994));
#2245=EDGE_LOOP('',(#4995,#4996,#4997,#4998));
#2246=EDGE_LOOP('',(#4999,#5000,#5001,#5002));
#2247=EDGE_LOOP('',(#5003,#5004,#5005,#5006));
#2248=EDGE_LOOP('',(#5007,#5008,#5009,#5010));
#2249=EDGE_LOOP('',(#5011,#5012,#5013,#5014));
#2250=EDGE_LOOP('',(#5015,#5016,#5017,#5018));
#2251=EDGE_LOOP('',(#5019,#5020,#5021,#5022));
#2252=EDGE_LOOP('',(#5023,#5024,#5025,#5026));
#2253=EDGE_LOOP('',(#5027,#5028,#5029,#5030));
#2254=EDGE_LOOP('',(#5031,#5032,#5033,#5034));
#2255=EDGE_LOOP('',(#5035,#5036,#5037,#5038));
#2256=EDGE_LOOP('',(#5039,#5040,#5041,#5042));
#2257=EDGE_LOOP('',(#5043,#5044,#5045,#5046));
#2258=EDGE_LOOP('',(#5047,#5048,#5049,#5050));
#2259=EDGE_LOOP('',(#5051,#5052,#5053,#5054));
#2260=EDGE_LOOP('',(#5055,#5056,#5057,#5058));
#2261=EDGE_LOOP('',(#5059,#5060,#5061,#5062));
#2262=EDGE_LOOP('',(#5063,#5064,#5065,#5066));
#2263=EDGE_LOOP('',(#5067,#5068,#5069,#5070));
#2264=EDGE_LOOP('',(#5071,#5072,#5073,#5074));
#2265=EDGE_LOOP('',(#5075,#5076,#5077,#5078));
#2266=EDGE_LOOP('',(#5079,#5080,#5081,#5082));
#2267=EDGE_LOOP('',(#5083,#5084,#5085,#5086));
#2268=EDGE_LOOP('',(#5087,#5088,#5089,#5090));
#2269=EDGE_LOOP('',(#5091,#5092,#5093,#5094));
#2270=EDGE_LOOP('',(#5095,#5096,#5097,#5098));
#2271=EDGE_LOOP('',(#5099,#5100,#5101,#5102));
#2272=EDGE_LOOP('',(#5103,#5104,#5105,#5106));
#2273=EDGE_LOOP('',(#5107,#5108,#5109,#5110));
#2274=EDGE_LOOP('',(#5111,#5112,#5113,#5114));
#2275=EDGE_LOOP('',(#5115,#5116,#5117,#5118));
#2276=EDGE_LOOP('',(#5119,#5120,#5121,#5122));
#2277=EDGE_LOOP('',(#5123,#5124,#5125,#5126));
#2278=EDGE_LOOP('',(#5127,#5128,#5129,#5130));
#2279=EDGE_LOOP('',(#5131,#5132,#5133,#5134));
#2280=EDGE_LOOP('',(#5135,#5136,#5137,#5138));
#2281=EDGE_LOOP('',(#5139,#5140,#5141,#5142));
#2282=EDGE_LOOP('',(#5143,#5144,#5145,#5146));
#2283=EDGE_LOOP('',(#5147,#5148,#5149,#5150));
#2284=EDGE_LOOP('',(#5151,#5152,#5153,#5154));
#2285=EDGE_LOOP('',(#5155,#5156,#5157,#5158));
#2286=EDGE_LOOP('',(#5159,#5160,#5161,#5162));
#2287=EDGE_LOOP('',(#5163,#5164,#5165,#5166));
#2288=EDGE_LOOP('',(#5167,#5168,#5169,#5170));
#2289=EDGE_LOOP('',(#5171,#5172,#5173,#5174));
#2290=EDGE_LOOP('',(#5175,#5176,#5177,#5178));
#2291=EDGE_LOOP('',(#5179,#5180,#5181,#5182));
#2292=EDGE_LOOP('',(#5183,#5184,#5185,#5186));
#2293=EDGE_LOOP('',(#5187,#5188,#5189,#5190));
#2294=EDGE_LOOP('',(#5191,#5192,#5193,#5194));
#2295=EDGE_LOOP('',(#5195,#5196,#5197,#5198));
#2296=EDGE_LOOP('',(#5199,#5200,#5201,#5202));
#2297=EDGE_LOOP('',(#5203,#5204,#5205,#5206));
#2298=EDGE_LOOP('',(#5207,#5208,#5209,#5210));
#2299=EDGE_LOOP('',(#5211,#5212,#5213,#5214));
#2300=EDGE_LOOP('',(#5215,#5216,#5217,#5218));
#2301=EDGE_LOOP('',(#5219,#5220,#5221,#5222));
#2302=EDGE_LOOP('',(#5223,#5224,#5225,#5226));
#2303=EDGE_LOOP('',(#5227,#5228,#5229,#5230));
#2304=EDGE_LOOP('',(#5231,#5232,#5233,#5234));
#2305=EDGE_LOOP('',(#5235,#5236,#5237,#5238));
#2306=EDGE_LOOP('',(#5239,#5240,#5241,#5242));
#2307=EDGE_LOOP('',(#5243,#5244,#5245,#5246));
#2308=EDGE_LOOP('',(#5247,#5248,#5249,#5250));
#2309=EDGE_LOOP('',(#5251,#5252,#5253,#5254));
#2310=EDGE_LOOP('',(#5255,#5256,#5257,#5258));
#2311=EDGE_LOOP('',(#5259,#5260,#5261,#5262));
#2312=EDGE_LOOP('',(#5263,#5264,#5265,#5266));
#2313=EDGE_LOOP('',(#5267,#5268,#5269,#5270));
#2314=EDGE_LOOP('',(#5271,#5272,#5273,#5274));
#2315=EDGE_LOOP('',(#5275,#5276,#5277,#5278));
#2316=EDGE_LOOP('',(#5279,#5280,#5281,#5282));
#2317=EDGE_LOOP('',(#5283,#5284,#5285,#5286));
#2318=EDGE_LOOP('',(#5287,#5288,#5289,#5290));
#2319=EDGE_LOOP('',(#5291,#5292,#5293,#5294));
#2320=EDGE_LOOP('',(#5295,#5296,#5297,#5298));
#2321=EDGE_LOOP('',(#5299,#5300,#5301,#5302));
#2322=EDGE_LOOP('',(#5303,#5304,#5305,#5306));
#2323=EDGE_LOOP('',(#5307,#5308,#5309,#5310));
#2324=EDGE_LOOP('',(#5311,#5312,#5313,#5314));
#2325=EDGE_LOOP('',(#5315,#5316,#5317,#5318));
#2326=EDGE_LOOP('',(#5319,#5320,#5321,#5322));
#2327=EDGE_LOOP('',(#5323,#5324,#5325,#5326));
#2328=EDGE_LOOP('',(#5327,#5328,#5329,#5330));
#2329=EDGE_LOOP('',(#5331,#5332,#5333,#5334));
#2330=EDGE_LOOP('',(#5335,#5336,#5337,#5338));
#2331=EDGE_LOOP('',(#5339,#5340,#5341,#5342));
#2332=EDGE_LOOP('',(#5343,#5344,#5345,#5346));
#2333=EDGE_LOOP('',(#5347,#5348,#5349,#5350));
#2334=EDGE_LOOP('',(#5351,#5352,#5353,#5354));
#2335=EDGE_LOOP('',(#5355,#5356,#5357,#5358));
#2336=EDGE_LOOP('',(#5359,#5360,#5361,#5362));
#2337=EDGE_LOOP('',(#5363,#5364,#5365,#5366));
#2338=EDGE_LOOP('',(#5367,#5368,#5369,#5370));
#2339=EDGE_LOOP('',(#5371,#5372,#5373,#5374));
#2340=EDGE_LOOP('',(#5375,#5376,#5377,#5378));
#2341=EDGE_LOOP('',(#5379,#5380,#5381,#5382));
#2342=EDGE_LOOP('',(#5383,#5384,#5385,#5386));
#2343=EDGE_LOOP('',(#5387,#5388,#5389,#5390));
#2344=EDGE_LOOP('',(#5391,#5392,#5393,#5394));
#2345=EDGE_LOOP('',(#5395,#5396,#5397,#5398));
#2346=EDGE_LOOP('',(#5399,#5400,#5401,#5402));
#2347=EDGE_LOOP('',(#5403,#5404,#5405,#5406));
#2348=EDGE_LOOP('',(#5407,#5408,#5409,#5410));
#2349=EDGE_LOOP('',(#5411,#5412,#5413,#5414));
#2350=EDGE_LOOP('',(#5415,#5416,#5417,#5418));
#2351=EDGE_LOOP('',(#5419,#5420,#5421,#5422));
#2352=EDGE_LOOP('',(#5423,#5424,#5425,#5426));
#2353=EDGE_LOOP('',(#5427,#5428,#5429,#5430));
#2354=EDGE_LOOP('',(#5431,#5432,#5433,#5434));
#2355=EDGE_LOOP('',(#5435,#5436,#5437,#5438));
#2356=EDGE_LOOP('',(#5439,#5440,#5441,#5442));
#2357=EDGE_LOOP('',(#5443,#5444,#5445,#5446));
#2358=EDGE_LOOP('',(#5447,#5448,#5449,#5450));
#2359=EDGE_LOOP('',(#5451,#5452,#5453,#5454));
#2360=EDGE_LOOP('',(#5455,#5456,#5457,#5458));
#2361=EDGE_LOOP('',(#5459,#5460,#5461,#5462));
#2362=EDGE_LOOP('',(#5463,#5464,#5465,#5466));
#2363=EDGE_LOOP('',(#5467,#5468,#5469,#5470));
#2364=EDGE_LOOP('',(#5471,#5472,#5473,#5474));
#2365=EDGE_LOOP('',(#5475,#5476,#5477,#5478));
#2366=EDGE_LOOP('',(#5479,#5480,#5481,#5482));
#2367=EDGE_LOOP('',(#5483,#5484,#5485,#5486));
#2368=EDGE_LOOP('',(#5487,#5488,#5489,#5490));
#2369=EDGE_LOOP('',(#5491,#5492,#5493,#5494));
#2370=EDGE_LOOP('',(#5495,#5496,#5497,#5498));
#2371=EDGE_LOOP('',(#5499,#5500,#5501,#5502));
#2372=EDGE_LOOP('',(#5503,#5504,#5505,#5506));
#2373=EDGE_LOOP('',(#5507,#5508,#5509,#5510));
#2374=EDGE_LOOP('',(#5511,#5512,#5513,#5514));
#2375=EDGE_LOOP('',(#5515,#5516,#5517,#5518));
#2376=EDGE_LOOP('',(#5519,#5520,#5521,#5522));
#2377=EDGE_LOOP('',(#5523,#5524,#5525,#5526));
#2378=EDGE_LOOP('',(#5527,#5528,#5529,#5530));
#2379=EDGE_LOOP('',(#5531,#5532,#5533,#5534));
#2380=EDGE_LOOP('',(#5535,#5536,#5537,#5538));
#2381=EDGE_LOOP('',(#5539,#5540,#5541,#5542));
#2382=EDGE_LOOP('',(#5543,#5544,#5545,#5546));
#2383=EDGE_LOOP('',(#5547,#5548,#5549,#5550));
#2384=EDGE_LOOP('',(#5551,#5552,#5553,#5554));
#2385=EDGE_LOOP('',(#5555,#5556,#5557,#5558));
#2386=EDGE_LOOP('',(#5559,#5560,#5561,#5562));
#2387=EDGE_LOOP('',(#5563,#5564,#5565,#5566));
#2388=EDGE_LOOP('',(#5567,#5568,#5569,#5570));
#2389=EDGE_LOOP('',(#5571,#5572,#5573,#5574));
#2390=EDGE_LOOP('',(#5575,#5576,#5577,#5578));
#2391=EDGE_LOOP('',(#5579,#5580,#5581,#5582));
#2392=EDGE_LOOP('',(#5583,#5584,#5585,#5586));
#2393=EDGE_LOOP('',(#5587,#5588,#5589,#5590));
#2394=EDGE_LOOP('',(#5591,#5592,#5593,#5594));
#2395=EDGE_LOOP('',(#5595,#5596,#5597,#5598));
#2396=EDGE_LOOP('',(#5599,#5600,#5601,#5602));
#2397=EDGE_LOOP('',(#5603,#5604,#5605,#5606));
#2398=EDGE_LOOP('',(#5607,#5608,#5609,#5610));
#2399=EDGE_LOOP('',(#5611,#5612,#5613,#5614));
#2400=EDGE_LOOP('',(#5615,#5616,#5617,#5618));
#2401=EDGE_LOOP('',(#5619,#5620,#5621,#5622));
#2402=EDGE_LOOP('',(#5623,#5624,#5625,#5626));
#2403=EDGE_LOOP('',(#5627,#5628,#5629,#5630));
#2404=EDGE_LOOP('',(#5631,#5632,#5633,#5634));
#2405=EDGE_LOOP('',(#5635));
#2406=EDGE_LOOP('',(#5636));
#2407=EDGE_LOOP('',(#5637));
#2408=EDGE_LOOP('',(#5638));
#2409=EDGE_LOOP('',(#5639));
#2410=EDGE_LOOP('',(#5640));
#2411=EDGE_LOOP('',(#5641));
#2412=EDGE_LOOP('',(#5642));
#2413=EDGE_LOOP('',(#5643));
#2414=EDGE_LOOP('',(#5644));
#2415=EDGE_LOOP('',(#5645));
#2416=EDGE_LOOP('',(#5646));
#2417=EDGE_LOOP('',(#5647));
#2418=EDGE_LOOP('',(#5648));
#2419=EDGE_LOOP('',(#5649));
#2420=EDGE_LOOP('',(#5650));
#2421=EDGE_LOOP('',(#5651));
#2422=EDGE_LOOP('',(#5652));
#2423=EDGE_LOOP('',(#5653));
#2424=EDGE_LOOP('',(#5654));
#2425=EDGE_LOOP('',(#5655));
#2426=EDGE_LOOP('',(#5656));
#2427=EDGE_LOOP('',(#5657));
#2428=EDGE_LOOP('',(#5658));
#2429=EDGE_LOOP('',(#5659));
#2430=EDGE_LOOP('',(#5660));
#2431=ELLIPSE('',#6000,0.557897840110535,0.5);
#2432=ELLIPSE('',#6002,0.351781181986755,0.250000000000001);
#2433=ELLIPSE('',#6006,0.351781181986757,0.25);
#2434=ELLIPSE('',#6007,0.557897840110535,0.5);
#2435=ELLIPSE('',#6011,0.351781181986759,0.249999999999998);
#2436=ELLIPSE('',#6012,0.557897840110535,0.5);
#2437=ELLIPSE('',#6016,0.351781181986756,0.25);
#2438=ELLIPSE('',#6017,0.557897840110535,0.5);
#2439=ELLIPSE('',#6034,0.557897840110535,0.5);
#2440=ELLIPSE('',#6035,0.557897840110535,0.5);
#2441=ELLIPSE('',#6036,0.557897840110535,0.5);
#2442=ELLIPSE('',#6037,0.557897840110535,0.5);
#2443=ELLIPSE('',#6040,0.351781181986758,0.250000000000002);
#2444=ELLIPSE('',#6044,0.351781181986757,0.250000000000001);
#2445=ELLIPSE('',#6048,0.351781181986758,0.25);
#2446=ELLIPSE('',#6052,0.351781181986757,0.25);
#2447=ELLIPSE('',#6232,0.266364412037344,0.25);
#2448=ELLIPSE('',#6233,0.266364412037344,0.25);
#2449=ELLIPSE('',#6234,0.266364412037344,0.25);
#2450=ELLIPSE('',#6235,0.266364412037344,0.25);
#2451=ELLIPSE('',#6236,0.266364412037344,0.25);
#2452=ELLIPSE('',#6237,0.266364412037344,0.25);
#2453=ELLIPSE('',#6238,0.266364412037344,0.25);
#2454=ELLIPSE('',#6239,0.266364412037344,0.25);
#2455=CIRCLE('',#5999,0.249999999999997);
#2456=CIRCLE('',#6001,0.25);
#2457=CIRCLE('',#6004,0.25);
#2458=CIRCLE('',#6005,0.25);
#2459=CIRCLE('',#6009,0.25);
#2460=CIRCLE('',#6010,0.25);
#2461=CIRCLE('',#6014,0.25);
#2462=CIRCLE('',#6015,0.25);
#2463=CIRCLE('',#6021,0.250000000000001);
#2464=CIRCLE('',#6024,0.250000000000001);
#2465=CIRCLE('',#6026,0.75);
#2466=CIRCLE('',#6027,0.75);
#2467=CIRCLE('',#6028,0.75);
#2468=CIRCLE('',#6029,0.75);
#2469=CIRCLE('',#6030,1.75);
#2470=CIRCLE('',#6031,1.75);
#2471=CIRCLE('',#6032,0.75);
#2472=CIRCLE('',#6033,0.75);
#2473=CIRCLE('',#6038,0.25);
#2474=CIRCLE('',#6039,0.25);
#2475=CIRCLE('',#6042,0.25);
#2476=CIRCLE('',#6043,0.25);
#2477=CIRCLE('',#6046,0.25);
#2478=CIRCLE('',#6047,0.25);
#2479=CIRCLE('',#6050,0.25);
#2480=CIRCLE('',#6051,0.25);
#2481=CIRCLE('',#6056,0.25);
#2482=CIRCLE('',#6059,0.249999999999999);
#2483=CIRCLE('',#6061,0.25);
#2484=CIRCLE('',#6062,0.25);
#2485=CIRCLE('',#6064,0.25);
#2486=CIRCLE('',#6065,0.25);
#2487=CIRCLE('',#6067,0.25);
#2488=CIRCLE('',#6069,0.25);
#2489=CIRCLE('',#6070,0.25);
#2490=CIRCLE('',#6072,0.250000000000001);
#2491=CIRCLE('',#6074,0.25);
#2492=CIRCLE('',#6075,0.25);
#2493=CIRCLE('',#6082,0.25);
#2494=CIRCLE('',#6083,0.25);
#2495=CIRCLE('',#6085,0.25);
#2496=CIRCLE('',#6086,0.250000000000002);
#2497=CIRCLE('',#6088,0.250000000000001);
#2498=CIRCLE('',#6090,0.25);
#2499=CIRCLE('',#6091,0.25);
#2500=CIRCLE('',#6093,0.249999999999999);
#2501=CIRCLE('',#6095,0.25);
#2502=CIRCLE('',#6096,0.250000000000002);
#2503=CIRCLE('',#6107,0.249999999999999);
#2504=CIRCLE('',#6108,0.250000000000004);
#2505=CIRCLE('',#6110,0.250000000000004);
#2506=CIRCLE('',#6111,1.);
#2507=CIRCLE('',#6113,0.249999999999999);
#2508=CIRCLE('',#6115,0.249999999999999);
#2509=CIRCLE('',#6116,1.);
#2510=CIRCLE('',#6118,0.25);
#2511=CIRCLE('',#6120,0.249999999999999);
#2512=CIRCLE('',#6121,1.5);
#2513=CIRCLE('',#6123,0.249999999999999);
#2514=CIRCLE('',#6125,0.250000000000004);
#2515=CIRCLE('',#6126,1.5);
#2516=CIRCLE('',#6128,0.250000000000004);
#2517=CIRCLE('',#6130,0.250000000000004);
#2518=CIRCLE('',#6131,1.);
#2519=CIRCLE('',#6133,0.249999999999999);
#2520=CIRCLE('',#6135,0.249999999999999);
#2521=CIRCLE('',#6136,1.);
#2522=CIRCLE('',#6138,0.25);
#2523=CIRCLE('',#6140,0.249999999999999);
#2524=CIRCLE('',#6141,1.);
#2525=CIRCLE('',#6143,0.249999999999999);
#2526=CIRCLE('',#6145,1.);
#2527=CIRCLE('',#6147,1.);
#2528=CIRCLE('',#6150,1.);
#2529=CIRCLE('',#6153,1.);
#2530=CIRCLE('',#6155,3.1);
#2531=CIRCLE('',#6156,3.1);
#2532=CIRCLE('',#6157,3.1);
#2533=CIRCLE('',#6158,3.1);
#2534=CIRCLE('',#6159,3.1);
#2535=CIRCLE('',#6160,3.1);
#2536=CIRCLE('',#6161,3.1);
#2537=CIRCLE('',#6162,3.1);
#2538=CIRCLE('',#6163,3.1);
#2539=CIRCLE('',#6164,3.1);
#2540=CIRCLE('',#6165,3.1);
#2541=CIRCLE('',#6166,3.1);
#2542=CIRCLE('',#6167,3.1);
#2543=CIRCLE('',#6168,3.1);
#2544=CIRCLE('',#6169,3.1);
#2545=CIRCLE('',#6170,3.1);
#2546=CIRCLE('',#6171,3.1);
#2547=CIRCLE('',#6172,3.1);
#2548=CIRCLE('',#6173,3.1);
#2549=CIRCLE('',#6174,3.1);
#2550=CIRCLE('',#6175,3.1);
#2551=CIRCLE('',#6176,3.1);
#2552=CIRCLE('',#6177,3.1);
#2553=CIRCLE('',#6178,3.1);
#2554=CIRCLE('',#6179,3.1);
#2555=CIRCLE('',#6180,3.1);
#2556=CIRCLE('',#6182,1.);
#2557=CIRCLE('',#6185,0.25);
#2558=CIRCLE('',#6186,0.250000000000004);
#2559=CIRCLE('',#6188,0.250000000000021);
#2560=CIRCLE('',#6189,0.75);
#2561=CIRCLE('',#6191,0.250000000000004);
#2562=CIRCLE('',#6193,0.250000000000004);
#2563=CIRCLE('',#6194,0.75);
#2564=CIRCLE('',#6196,0.249999999999986);
#2565=CIRCLE('',#6198,0.250000000000004);
#2566=CIRCLE('',#6199,1.5);
#2567=CIRCLE('',#6200,1.75);
#2568=CIRCLE('',#6202,0.250000000000004);
#2569=CIRCLE('',#6204,0.250000000000021);
#2570=CIRCLE('',#6205,1.5);
#2571=CIRCLE('',#6206,1.75);
#2572=CIRCLE('',#6208,0.250000000000004);
#2573=CIRCLE('',#6210,0.250000000000021);
#2574=CIRCLE('',#6211,1.);
#2575=CIRCLE('',#6212,0.75);
#2576=CIRCLE('',#6214,0.250000000000004);
#2577=CIRCLE('',#6216,0.250000000000004);
#2578=CIRCLE('',#6217,1.);
#2579=CIRCLE('',#6218,0.75);
#2580=CIRCLE('',#6220,0.249999999999986);
#2581=CIRCLE('',#6222,0.250000000000004);
#2582=CIRCLE('',#6223,0.75);
#2583=CIRCLE('',#6225,0.250000000000004);
#2584=CIRCLE('',#6227,0.75);
#2585=CIRCLE('',#6245,0.250000000000004);
#2586=CIRCLE('',#6246,0.250000000000004);
#2587=CIRCLE('',#6248,0.250000000000008);
#2588=CIRCLE('',#6249,0.250000000000004);
#2589=CIRCLE('',#6251,0.250000000000006);
#2590=CIRCLE('',#6253,0.250000000000005);
#2591=CIRCLE('',#6254,0.250000000000004);
#2592=CIRCLE('',#6256,0.250000000000003);
#2593=CIRCLE('',#6258,0.250000000000008);
#2594=CIRCLE('',#6259,0.250000000000004);
#2595=CIRCLE('',#6261,0.250000000000006);
#2596=CIRCLE('',#6263,0.250000000000002);
#2597=CIRCLE('',#6274,0.250000000000004);
#2598=CIRCLE('',#6275,0.250000000000004);
#2599=CIRCLE('',#6277,0.250000000000006);
#2600=CIRCLE('',#6278,0.250000000000004);
#2601=CIRCLE('',#6280,0.250000000000003);
#2602=CIRCLE('',#6282,0.250000000000005);
#2603=CIRCLE('',#6283,0.250000000000004);
#2604=CIRCLE('',#6285,0.250000000000005);
#2605=CIRCLE('',#6287,0.250000000000006);
#2606=CIRCLE('',#6288,0.250000000000004);
#2607=CIRCLE('',#6290,0.250000000000004);
#2608=CIRCLE('',#6292,0.250000000000005);
#2609=CIRCLE('',#6459,3.1);
#2610=CIRCLE('',#6461,3.1);
#2611=CIRCLE('',#6463,3.1);
#2612=CIRCLE('',#6465,3.1);
#2613=CIRCLE('',#6467,3.1);
#2614=CIRCLE('',#6469,3.1);
#2615=CIRCLE('',#6471,3.1);
#2616=CIRCLE('',#6473,3.1);
#2617=CIRCLE('',#6475,3.1);
#2618=CIRCLE('',#6477,3.1);
#2619=CIRCLE('',#6479,3.1);
#2620=CIRCLE('',#6481,3.1);
#2621=CIRCLE('',#6483,3.1);
#2622=CIRCLE('',#6485,3.1);
#2623=CIRCLE('',#6487,3.1);
#2624=CIRCLE('',#6489,3.1);
#2625=CIRCLE('',#6491,3.1);
#2626=CIRCLE('',#6493,3.1);
#2627=CIRCLE('',#6495,3.1);
#2628=CIRCLE('',#6497,3.1);
#2629=CIRCLE('',#6499,3.1);
#2630=CIRCLE('',#6501,3.1);
#2631=CIRCLE('',#6503,3.1);
#2632=CIRCLE('',#6505,3.1);
#2633=CIRCLE('',#6507,3.1);
#2634=CIRCLE('',#6509,3.1);
#2635=VERTEX_POINT('',#8193);
#2636=VERTEX_POINT('',#8194);
#2637=VERTEX_POINT('',#8196);
#2638=VERTEX_POINT('',#8198);
#2639=VERTEX_POINT('',#8202);
#2640=VERTEX_POINT('',#8203);
#2641=VERTEX_POINT('',#8232);
#2642=VERTEX_POINT('',#8233);
#2643=VERTEX_POINT('',#8238);
#2644=VERTEX_POINT('',#8239);
#2645=VERTEX_POINT('',#8268);
#2646=VERTEX_POINT('',#8269);
#2647=VERTEX_POINT('',#8274);
#2648=VERTEX_POINT('',#8275);
#2649=VERTEX_POINT('',#8304);
#2650=VERTEX_POINT('',#8305);
#2651=VERTEX_POINT('',#8313);
#2652=VERTEX_POINT('',#8315);
#2653=VERTEX_POINT('',#8319);
#2654=VERTEX_POINT('',#8323);
#2655=VERTEX_POINT('',#8327);
#2656=VERTEX_POINT('',#8331);
#2657=VERTEX_POINT('',#8332);
#2658=VERTEX_POINT('',#8334);
#2659=VERTEX_POINT('',#8336);
#2660=VERTEX_POINT('',#8338);
#2661=VERTEX_POINT('',#8340);
#2662=VERTEX_POINT('',#8342);
#2663=VERTEX_POINT('',#8344);
#2664=VERTEX_POINT('',#8346);
#2665=VERTEX_POINT('',#8348);
#2666=VERTEX_POINT('',#8350);
#2667=VERTEX_POINT('',#8352);
#2668=VERTEX_POINT('',#8354);
#2669=VERTEX_POINT('',#8356);
#2670=VERTEX_POINT('',#8358);
#2671=VERTEX_POINT('',#8360);
#2672=VERTEX_POINT('',#8363);
#2673=VERTEX_POINT('',#8364);
#2674=VERTEX_POINT('',#8366);
#2675=VERTEX_POINT('',#8368);
#2676=VERTEX_POINT('',#8370);
#2677=VERTEX_POINT('',#8372);
#2678=VERTEX_POINT('',#8374);
#2679=VERTEX_POINT('',#8376);
#2680=VERTEX_POINT('',#8404);
#2681=VERTEX_POINT('',#8406);
#2682=VERTEX_POINT('',#8410);
#2683=VERTEX_POINT('',#8438);
#2684=VERTEX_POINT('',#8442);
#2685=VERTEX_POINT('',#8470);
#2686=VERTEX_POINT('',#8474);
#2687=VERTEX_POINT('',#8502);
#2688=VERTEX_POINT('',#8508);
#2689=VERTEX_POINT('',#8510);
#2690=VERTEX_POINT('',#8514);
#2691=VERTEX_POINT('',#8518);
#2692=VERTEX_POINT('',#8522);
#2693=VERTEX_POINT('',#8526);
#2694=VERTEX_POINT('',#8528);
#2695=VERTEX_POINT('',#8532);
#2696=VERTEX_POINT('',#8533);
#2697=VERTEX_POINT('',#8535);
#2698=VERTEX_POINT('',#8542);
#2699=VERTEX_POINT('',#8544);
#2700=VERTEX_POINT('',#8562);
#2701=VERTEX_POINT('',#8564);
#2702=VERTEX_POINT('',#8568);
#2703=VERTEX_POINT('',#8569);
#2704=VERTEX_POINT('',#8571);
#2705=VERTEX_POINT('',#8578);
#2706=VERTEX_POINT('',#8580);
#2707=VERTEX_POINT('',#8604);
#2708=VERTEX_POINT('',#8606);
#2709=VERTEX_POINT('',#8610);
#2710=VERTEX_POINT('',#8614);
#2711=VERTEX_POINT('',#8618);
#2712=VERTEX_POINT('',#8622);
#2713=VERTEX_POINT('',#8626);
#2714=VERTEX_POINT('',#8630);
#2715=VERTEX_POINT('',#8634);
#2716=VERTEX_POINT('',#8638);
#2717=VERTEX_POINT('',#8642);
#2718=VERTEX_POINT('',#8646);
#2719=VERTEX_POINT('',#8650);
#2720=VERTEX_POINT('',#8654);
#2721=VERTEX_POINT('',#8658);
#2722=VERTEX_POINT('',#8662);
#2723=VERTEX_POINT('',#8668);
#2724=VERTEX_POINT('',#8670);
#2725=VERTEX_POINT('',#8674);
#2726=VERTEX_POINT('',#8678);
#2727=VERTEX_POINT('',#8682);
#2728=VERTEX_POINT('',#8685);
#2729=VERTEX_POINT('',#8686);
#2730=VERTEX_POINT('',#8688);
#2731=VERTEX_POINT('',#8690);
#2732=VERTEX_POINT('',#8692);
#2733=VERTEX_POINT('',#8694);
#2734=VERTEX_POINT('',#8697);
#2735=VERTEX_POINT('',#8698);
#2736=VERTEX_POINT('',#8700);
#2737=VERTEX_POINT('',#8702);
#2738=VERTEX_POINT('',#8704);
#2739=VERTEX_POINT('',#8706);
#2740=VERTEX_POINT('',#8709);
#2741=VERTEX_POINT('',#8710);
#2742=VERTEX_POINT('',#8712);
#2743=VERTEX_POINT('',#8714);
#2744=VERTEX_POINT('',#8716);
#2745=VERTEX_POINT('',#8718);
#2746=VERTEX_POINT('',#8721);
#2747=VERTEX_POINT('',#8722);
#2748=VERTEX_POINT('',#8724);
#2749=VERTEX_POINT('',#8726);
#2750=VERTEX_POINT('',#8728);
#2751=VERTEX_POINT('',#8730);
#2752=VERTEX_POINT('',#8733);
#2753=VERTEX_POINT('',#8734);
#2754=VERTEX_POINT('',#8736);
#2755=VERTEX_POINT('',#8738);
#2756=VERTEX_POINT('',#8740);
#2757=VERTEX_POINT('',#8742);
#2758=VERTEX_POINT('',#8745);
#2759=VERTEX_POINT('',#8746);
#2760=VERTEX_POINT('',#8748);
#2761=VERTEX_POINT('',#8750);
#2762=VERTEX_POINT('',#8752);
#2763=VERTEX_POINT('',#8754);
#2764=VERTEX_POINT('',#8757);
#2765=VERTEX_POINT('',#8758);
#2766=VERTEX_POINT('',#8760);
#2767=VERTEX_POINT('',#8762);
#2768=VERTEX_POINT('',#8764);
#2769=VERTEX_POINT('',#8766);
#2770=VERTEX_POINT('',#8769);
#2771=VERTEX_POINT('',#8770);
#2772=VERTEX_POINT('',#8772);
#2773=VERTEX_POINT('',#8774);
#2774=VERTEX_POINT('',#8776);
#2775=VERTEX_POINT('',#8778);
#2776=VERTEX_POINT('',#8781);
#2777=VERTEX_POINT('',#8782);
#2778=VERTEX_POINT('',#8784);
#2779=VERTEX_POINT('',#8786);
#2780=VERTEX_POINT('',#8788);
#2781=VERTEX_POINT('',#8790);
#2782=VERTEX_POINT('',#8793);
#2783=VERTEX_POINT('',#8794);
#2784=VERTEX_POINT('',#8796);
#2785=VERTEX_POINT('',#8798);
#2786=VERTEX_POINT('',#8800);
#2787=VERTEX_POINT('',#8802);
#2788=VERTEX_POINT('',#8805);
#2789=VERTEX_POINT('',#8806);
#2790=VERTEX_POINT('',#8808);
#2791=VERTEX_POINT('',#8810);
#2792=VERTEX_POINT('',#8812);
#2793=VERTEX_POINT('',#8814);
#2794=VERTEX_POINT('',#8817);
#2795=VERTEX_POINT('',#8818);
#2796=VERTEX_POINT('',#8820);
#2797=VERTEX_POINT('',#8822);
#2798=VERTEX_POINT('',#8824);
#2799=VERTEX_POINT('',#8826);
#2800=VERTEX_POINT('',#8829);
#2801=VERTEX_POINT('',#8830);
#2802=VERTEX_POINT('',#8832);
#2803=VERTEX_POINT('',#8834);
#2804=VERTEX_POINT('',#8836);
#2805=VERTEX_POINT('',#8838);
#2806=VERTEX_POINT('',#8842);
#2807=VERTEX_POINT('',#8846);
#2808=VERTEX_POINT('',#8849);
#2809=VERTEX_POINT('',#8851);
#2810=VERTEX_POINT('',#8853);
#2811=VERTEX_POINT('',#8855);
#2812=VERTEX_POINT('',#8857);
#2813=VERTEX_POINT('',#8859);
#2814=VERTEX_POINT('',#8861);
#2815=VERTEX_POINT('',#8863);
#2816=VERTEX_POINT('',#8865);
#2817=VERTEX_POINT('',#8867);
#2818=VERTEX_POINT('',#8869);
#2819=VERTEX_POINT('',#8871);
#2820=VERTEX_POINT('',#8873);
#2821=VERTEX_POINT('',#8875);
#2822=VERTEX_POINT('',#8877);
#2823=VERTEX_POINT('',#8879);
#2824=VERTEX_POINT('',#8881);
#2825=VERTEX_POINT('',#8883);
#2826=VERTEX_POINT('',#8885);
#2827=VERTEX_POINT('',#8887);
#2828=VERTEX_POINT('',#8889);
#2829=VERTEX_POINT('',#8891);
#2830=VERTEX_POINT('',#8893);
#2831=VERTEX_POINT('',#8895);
#2832=VERTEX_POINT('',#8897);
#2833=VERTEX_POINT('',#8899);
#2834=VERTEX_POINT('',#8902);
#2835=VERTEX_POINT('',#8906);
#2836=VERTEX_POINT('',#8909);
#2837=VERTEX_POINT('',#8910);
#2838=VERTEX_POINT('',#8912);
#2839=VERTEX_POINT('',#8914);
#2840=VERTEX_POINT('',#8916);
#2841=VERTEX_POINT('',#8918);
#2842=VERTEX_POINT('',#8921);
#2843=VERTEX_POINT('',#8922);
#2844=VERTEX_POINT('',#8924);
#2845=VERTEX_POINT('',#8926);
#2846=VERTEX_POINT('',#8928);
#2847=VERTEX_POINT('',#8930);
#2848=VERTEX_POINT('',#8933);
#2849=VERTEX_POINT('',#8934);
#2850=VERTEX_POINT('',#8936);
#2851=VERTEX_POINT('',#8938);
#2852=VERTEX_POINT('',#8940);
#2853=VERTEX_POINT('',#8942);
#2854=VERTEX_POINT('',#8945);
#2855=VERTEX_POINT('',#8946);
#2856=VERTEX_POINT('',#8948);
#2857=VERTEX_POINT('',#8950);
#2858=VERTEX_POINT('',#8952);
#2859=VERTEX_POINT('',#8954);
#2860=VERTEX_POINT('',#8957);
#2861=VERTEX_POINT('',#8958);
#2862=VERTEX_POINT('',#8960);
#2863=VERTEX_POINT('',#8962);
#2864=VERTEX_POINT('',#8964);
#2865=VERTEX_POINT('',#8966);
#2866=VERTEX_POINT('',#8969);
#2867=VERTEX_POINT('',#8970);
#2868=VERTEX_POINT('',#8972);
#2869=VERTEX_POINT('',#8974);
#2870=VERTEX_POINT('',#8976);
#2871=VERTEX_POINT('',#8978);
#2872=VERTEX_POINT('',#8981);
#2873=VERTEX_POINT('',#8982);
#2874=VERTEX_POINT('',#8984);
#2875=VERTEX_POINT('',#8986);
#2876=VERTEX_POINT('',#8988);
#2877=VERTEX_POINT('',#8990);
#2878=VERTEX_POINT('',#8993);
#2879=VERTEX_POINT('',#8994);
#2880=VERTEX_POINT('',#8996);
#2881=VERTEX_POINT('',#8998);
#2882=VERTEX_POINT('',#9000);
#2883=VERTEX_POINT('',#9002);
#2884=VERTEX_POINT('',#9005);
#2885=VERTEX_POINT('',#9006);
#2886=VERTEX_POINT('',#9008);
#2887=VERTEX_POINT('',#9010);
#2888=VERTEX_POINT('',#9012);
#2889=VERTEX_POINT('',#9014);
#2890=VERTEX_POINT('',#9017);
#2891=VERTEX_POINT('',#9018);
#2892=VERTEX_POINT('',#9020);
#2893=VERTEX_POINT('',#9022);
#2894=VERTEX_POINT('',#9024);
#2895=VERTEX_POINT('',#9026);
#2896=VERTEX_POINT('',#9029);
#2897=VERTEX_POINT('',#9030);
#2898=VERTEX_POINT('',#9032);
#2899=VERTEX_POINT('',#9034);
#2900=VERTEX_POINT('',#9036);
#2901=VERTEX_POINT('',#9038);
#2902=VERTEX_POINT('',#9041);
#2903=VERTEX_POINT('',#9042);
#2904=VERTEX_POINT('',#9044);
#2905=VERTEX_POINT('',#9046);
#2906=VERTEX_POINT('',#9048);
#2907=VERTEX_POINT('',#9050);
#2908=VERTEX_POINT('',#9053);
#2909=VERTEX_POINT('',#9054);
#2910=VERTEX_POINT('',#9056);
#2911=VERTEX_POINT('',#9058);
#2912=VERTEX_POINT('',#9060);
#2913=VERTEX_POINT('',#9062);
#2914=VERTEX_POINT('',#9066);
#2915=VERTEX_POINT('',#9068);
#2916=VERTEX_POINT('',#9072);
#2917=VERTEX_POINT('',#9076);
#2918=VERTEX_POINT('',#9080);
#2919=VERTEX_POINT('',#9084);
#2920=VERTEX_POINT('',#9085);
#2921=VERTEX_POINT('',#9090);
#2922=VERTEX_POINT('',#9091);
#2923=VERTEX_POINT('',#9096);
#2924=VERTEX_POINT('',#9097);
#2925=VERTEX_POINT('',#9102);
#2926=VERTEX_POINT('',#9103);
#2927=VERTEX_POINT('',#9108);
#2928=VERTEX_POINT('',#9109);
#2929=VERTEX_POINT('',#9114);
#2930=VERTEX_POINT('',#9115);
#2931=VERTEX_POINT('',#9120);
#2932=VERTEX_POINT('',#9121);
#2933=VERTEX_POINT('',#9126);
#2934=VERTEX_POINT('',#9131);
#2935=VERTEX_POINT('',#9135);
#2936=VERTEX_POINT('',#9139);
#2937=VERTEX_POINT('',#9151);
#2938=VERTEX_POINT('',#9152);
#2939=VERTEX_POINT('',#9154);
#2940=VERTEX_POINT('',#9156);
#2941=VERTEX_POINT('',#9158);
#2942=VERTEX_POINT('',#9160);
#2943=VERTEX_POINT('',#9162);
#2944=VERTEX_POINT('',#9164);
#2945=VERTEX_POINT('',#9167);
#2946=VERTEX_POINT('',#9168);
#2947=VERTEX_POINT('',#9170);
#2948=VERTEX_POINT('',#9172);
#2949=VERTEX_POINT('',#9174);
#2950=VERTEX_POINT('',#9176);
#2951=VERTEX_POINT('',#9178);
#2952=VERTEX_POINT('',#9180);
#2953=VERTEX_POINT('',#9187);
#2954=VERTEX_POINT('',#9188);
#2955=VERTEX_POINT('',#9190);
#2956=VERTEX_POINT('',#9192);
#2957=VERTEX_POINT('',#9194);
#2958=VERTEX_POINT('',#9196);
#2959=VERTEX_POINT('',#9199);
#2960=VERTEX_POINT('',#9200);
#2961=VERTEX_POINT('',#9202);
#2962=VERTEX_POINT('',#9204);
#2963=VERTEX_POINT('',#9206);
#2964=VERTEX_POINT('',#9208);
#2965=VERTEX_POINT('',#9211);
#2966=VERTEX_POINT('',#9212);
#2967=VERTEX_POINT('',#9214);
#2968=VERTEX_POINT('',#9216);
#2969=VERTEX_POINT('',#9218);
#2970=VERTEX_POINT('',#9220);
#2971=VERTEX_POINT('',#9223);
#2972=VERTEX_POINT('',#9224);
#2973=VERTEX_POINT('',#9226);
#2974=VERTEX_POINT('',#9228);
#2975=VERTEX_POINT('',#9230);
#2976=VERTEX_POINT('',#9232);
#2977=VERTEX_POINT('',#9235);
#2978=VERTEX_POINT('',#9236);
#2979=VERTEX_POINT('',#9238);
#2980=VERTEX_POINT('',#9240);
#2981=VERTEX_POINT('',#9242);
#2982=VERTEX_POINT('',#9244);
#2983=VERTEX_POINT('',#9247);
#2984=VERTEX_POINT('',#9248);
#2985=VERTEX_POINT('',#9250);
#2986=VERTEX_POINT('',#9252);
#2987=VERTEX_POINT('',#9254);
#2988=VERTEX_POINT('',#9256);
#2989=VERTEX_POINT('',#9259);
#2990=VERTEX_POINT('',#9260);
#2991=VERTEX_POINT('',#9262);
#2992=VERTEX_POINT('',#9264);
#2993=VERTEX_POINT('',#9266);
#2994=VERTEX_POINT('',#9268);
#2995=VERTEX_POINT('',#9271);
#2996=VERTEX_POINT('',#9272);
#2997=VERTEX_POINT('',#9274);
#2998=VERTEX_POINT('',#9276);
#2999=VERTEX_POINT('',#9278);
#3000=VERTEX_POINT('',#9280);
#3001=VERTEX_POINT('',#9283);
#3002=VERTEX_POINT('',#9284);
#3003=VERTEX_POINT('',#9286);
#3004=VERTEX_POINT('',#9288);
#3005=VERTEX_POINT('',#9290);
#3006=VERTEX_POINT('',#9292);
#3007=VERTEX_POINT('',#9295);
#3008=VERTEX_POINT('',#9296);
#3009=VERTEX_POINT('',#9298);
#3010=VERTEX_POINT('',#9300);
#3011=VERTEX_POINT('',#9302);
#3012=VERTEX_POINT('',#9304);
#3013=VERTEX_POINT('',#9307);
#3014=VERTEX_POINT('',#9308);
#3015=VERTEX_POINT('',#9310);
#3016=VERTEX_POINT('',#9312);
#3017=VERTEX_POINT('',#9314);
#3018=VERTEX_POINT('',#9316);
#3019=VERTEX_POINT('',#9319);
#3020=VERTEX_POINT('',#9320);
#3021=VERTEX_POINT('',#9322);
#3022=VERTEX_POINT('',#9324);
#3023=VERTEX_POINT('',#9326);
#3024=VERTEX_POINT('',#9328);
#3025=VERTEX_POINT('',#9331);
#3026=VERTEX_POINT('',#9332);
#3027=VERTEX_POINT('',#9334);
#3028=VERTEX_POINT('',#9336);
#3029=VERTEX_POINT('',#9338);
#3030=VERTEX_POINT('',#9340);
#3031=VERTEX_POINT('',#9347);
#3032=VERTEX_POINT('',#9348);
#3033=VERTEX_POINT('',#9350);
#3034=VERTEX_POINT('',#9352);
#3035=VERTEX_POINT('',#9354);
#3036=VERTEX_POINT('',#9356);
#3037=VERTEX_POINT('',#9359);
#3038=VERTEX_POINT('',#9360);
#3039=VERTEX_POINT('',#9362);
#3040=VERTEX_POINT('',#9364);
#3041=VERTEX_POINT('',#9366);
#3042=VERTEX_POINT('',#9368);
#3043=VERTEX_POINT('',#9371);
#3044=VERTEX_POINT('',#9372);
#3045=VERTEX_POINT('',#9374);
#3046=VERTEX_POINT('',#9376);
#3047=VERTEX_POINT('',#9378);
#3048=VERTEX_POINT('',#9380);
#3049=VERTEX_POINT('',#9383);
#3050=VERTEX_POINT('',#9384);
#3051=VERTEX_POINT('',#9386);
#3052=VERTEX_POINT('',#9388);
#3053=VERTEX_POINT('',#9390);
#3054=VERTEX_POINT('',#9392);
#3055=VERTEX_POINT('',#9395);
#3056=VERTEX_POINT('',#9396);
#3057=VERTEX_POINT('',#9398);
#3058=VERTEX_POINT('',#9400);
#3059=VERTEX_POINT('',#9402);
#3060=VERTEX_POINT('',#9404);
#3061=VERTEX_POINT('',#9407);
#3062=VERTEX_POINT('',#9408);
#3063=VERTEX_POINT('',#9410);
#3064=VERTEX_POINT('',#9412);
#3065=VERTEX_POINT('',#9414);
#3066=VERTEX_POINT('',#9416);
#3067=VERTEX_POINT('',#9419);
#3068=VERTEX_POINT('',#9420);
#3069=VERTEX_POINT('',#9422);
#3070=VERTEX_POINT('',#9424);
#3071=VERTEX_POINT('',#9426);
#3072=VERTEX_POINT('',#9428);
#3073=VERTEX_POINT('',#9431);
#3074=VERTEX_POINT('',#9432);
#3075=VERTEX_POINT('',#9434);
#3076=VERTEX_POINT('',#9436);
#3077=VERTEX_POINT('',#9438);
#3078=VERTEX_POINT('',#9440);
#3079=VERTEX_POINT('',#9443);
#3080=VERTEX_POINT('',#9444);
#3081=VERTEX_POINT('',#9446);
#3082=VERTEX_POINT('',#9448);
#3083=VERTEX_POINT('',#9450);
#3084=VERTEX_POINT('',#9452);
#3085=VERTEX_POINT('',#9455);
#3086=VERTEX_POINT('',#9456);
#3087=VERTEX_POINT('',#9458);
#3088=VERTEX_POINT('',#9460);
#3089=VERTEX_POINT('',#9462);
#3090=VERTEX_POINT('',#9464);
#3091=VERTEX_POINT('',#9467);
#3092=VERTEX_POINT('',#9468);
#3093=VERTEX_POINT('',#9470);
#3094=VERTEX_POINT('',#9472);
#3095=VERTEX_POINT('',#9474);
#3096=VERTEX_POINT('',#9476);
#3097=VERTEX_POINT('',#9479);
#3098=VERTEX_POINT('',#9480);
#3099=VERTEX_POINT('',#9482);
#3100=VERTEX_POINT('',#9484);
#3101=VERTEX_POINT('',#9486);
#3102=VERTEX_POINT('',#9488);
#3103=VERTEX_POINT('',#9491);
#3104=VERTEX_POINT('',#9492);
#3105=VERTEX_POINT('',#9494);
#3106=VERTEX_POINT('',#9496);
#3107=VERTEX_POINT('',#9498);
#3108=VERTEX_POINT('',#9500);
#3109=VERTEX_POINT('',#9504);
#3110=VERTEX_POINT('',#9505);
#3111=VERTEX_POINT('',#9507);
#3112=VERTEX_POINT('',#9509);
#3113=VERTEX_POINT('',#9513);
#3114=VERTEX_POINT('',#9514);
#3115=VERTEX_POINT('',#9517);
#3116=VERTEX_POINT('',#9523);
#3117=VERTEX_POINT('',#9524);
#3118=VERTEX_POINT('',#9527);
#3119=VERTEX_POINT('',#9533);
#3120=VERTEX_POINT('',#9536);
#3121=VERTEX_POINT('',#9561);
#3122=VERTEX_POINT('',#9562);
#3123=VERTEX_POINT('',#9564);
#3124=VERTEX_POINT('',#9566);
#3125=VERTEX_POINT('',#9570);
#3126=VERTEX_POINT('',#9571);
#3127=VERTEX_POINT('',#9574);
#3128=VERTEX_POINT('',#9580);
#3129=VERTEX_POINT('',#9581);
#3130=VERTEX_POINT('',#9584);
#3131=VERTEX_POINT('',#9590);
#3132=VERTEX_POINT('',#9593);
#3133=VERTEX_POINT('',#9930);
#3134=VERTEX_POINT('',#9934);
#3135=VERTEX_POINT('',#9938);
#3136=VERTEX_POINT('',#9942);
#3137=VERTEX_POINT('',#9946);
#3138=VERTEX_POINT('',#9950);
#3139=VERTEX_POINT('',#9954);
#3140=VERTEX_POINT('',#9958);
#3141=VERTEX_POINT('',#9962);
#3142=VERTEX_POINT('',#9966);
#3143=VERTEX_POINT('',#9970);
#3144=VERTEX_POINT('',#9974);
#3145=VERTEX_POINT('',#9978);
#3146=VERTEX_POINT('',#9982);
#3147=VERTEX_POINT('',#9986);
#3148=VERTEX_POINT('',#9990);
#3149=VERTEX_POINT('',#9994);
#3150=VERTEX_POINT('',#9998);
#3151=VERTEX_POINT('',#10002);
#3152=VERTEX_POINT('',#10006);
#3153=VERTEX_POINT('',#10010);
#3154=VERTEX_POINT('',#10014);
#3155=VERTEX_POINT('',#10018);
#3156=VERTEX_POINT('',#10022);
#3157=VERTEX_POINT('',#10026);
#3158=VERTEX_POINT('',#10030);
#3159=EDGE_CURVE('',#2635,#2636,#2455,.T.);
#3160=EDGE_CURVE('',#2636,#2637,#2431,.T.);
#3161=EDGE_CURVE('',#2637,#2638,#2456,.T.);
#3162=EDGE_CURVE('',#2638,#2635,#2432,.T.);
#3163=EDGE_CURVE('',#2639,#2640,#2457,.T.);
#3164=EDGE_CURVE('',#2640,#2638,#341,.T.);
#3165=EDGE_CURVE('',#2637,#2639,#342,.T.);
#3166=EDGE_CURVE('',#2641,#2642,#2458,.T.);
#3167=EDGE_CURVE('',#2642,#2640,#2433,.T.);
#3168=EDGE_CURVE('',#2639,#2641,#2434,.T.);
#3169=EDGE_CURVE('',#2643,#2644,#2459,.T.);
#3170=EDGE_CURVE('',#2644,#2642,#343,.T.);
#3171=EDGE_CURVE('',#2641,#2643,#344,.T.);
#3172=EDGE_CURVE('',#2645,#2646,#2460,.T.);
#3173=EDGE_CURVE('',#2646,#2644,#2435,.T.);
#3174=EDGE_CURVE('',#2643,#2645,#2436,.T.);
#3175=EDGE_CURVE('',#2647,#2648,#2461,.T.);
#3176=EDGE_CURVE('',#2648,#2646,#345,.T.);
#3177=EDGE_CURVE('',#2645,#2647,#346,.T.);
#3178=EDGE_CURVE('',#2649,#2650,#2462,.T.);
#3179=EDGE_CURVE('',#2650,#2648,#2437,.T.);
#3180=EDGE_CURVE('',#2647,#2649,#2438,.T.);
#3181=EDGE_CURVE('',#2649,#2636,#347,.T.);
#3182=EDGE_CURVE('',#2635,#2650,#348,.T.);
#3183=EDGE_CURVE('',#2651,#2648,#349,.T.);
#3184=EDGE_CURVE('',#2652,#2651,#350,.T.);
#3185=EDGE_CURVE('',#2646,#2652,#351,.T.);
#3186=EDGE_CURVE('',#2650,#2653,#352,.T.);
#3187=EDGE_CURVE('',#2651,#2653,#2463,.T.);
#3188=EDGE_CURVE('',#2654,#2635,#353,.T.);
#3189=EDGE_CURVE('',#2653,#2654,#354,.T.);
#3190=EDGE_CURVE('',#2638,#2655,#355,.T.);
#3191=EDGE_CURVE('',#2654,#2655,#2464,.T.);
#3192=EDGE_CURVE('',#2656,#2657,#356,.T.);
#3193=EDGE_CURVE('',#2658,#2656,#2465,.T.);
#3194=EDGE_CURVE('',#2659,#2658,#357,.T.);
#3195=EDGE_CURVE('',#2660,#2659,#2466,.T.);
#3196=EDGE_CURVE('',#2661,#2660,#358,.T.);
#3197=EDGE_CURVE('',#2662,#2661,#2467,.T.);
#3198=EDGE_CURVE('',#2663,#2662,#359,.T.);
#3199=EDGE_CURVE('',#2664,#2663,#2468,.T.);
#3200=EDGE_CURVE('',#2665,#2664,#360,.T.);
#3201=EDGE_CURVE('',#2666,#2665,#2469,.T.);
#3202=EDGE_CURVE('',#2667,#2666,#361,.T.);
#3203=EDGE_CURVE('',#2668,#2667,#2470,.T.);
#3204=EDGE_CURVE('',#2669,#2668,#362,.T.);
#3205=EDGE_CURVE('',#2670,#2669,#2471,.T.);
#3206=EDGE_CURVE('',#2671,#2670,#363,.T.);
#3207=EDGE_CURVE('',#2657,#2671,#2472,.T.);
#3208=EDGE_CURVE('',#2672,#2673,#2439,.T.);
#3209=EDGE_CURVE('',#2674,#2672,#364,.T.);
#3210=EDGE_CURVE('',#2675,#2674,#2440,.T.);
#3211=EDGE_CURVE('',#2676,#2675,#365,.T.);
#3212=EDGE_CURVE('',#2677,#2676,#2441,.T.);
#3213=EDGE_CURVE('',#2678,#2677,#366,.T.);
#3214=EDGE_CURVE('',#2679,#2678,#2442,.T.);
#3215=EDGE_CURVE('',#2673,#2679,#367,.T.);
#3216=EDGE_CURVE('',#2680,#2672,#2473,.T.);
#3217=EDGE_CURVE('',#2673,#2681,#2474,.T.);
#3218=EDGE_CURVE('',#2681,#2680,#2443,.T.);
#3219=EDGE_CURVE('',#2679,#2682,#2475,.T.);
#3220=EDGE_CURVE('',#2682,#2681,#368,.T.);
#3221=EDGE_CURVE('',#2678,#2683,#2476,.T.);
#3222=EDGE_CURVE('',#2683,#2682,#2444,.T.);
#3223=EDGE_CURVE('',#2677,#2684,#2477,.T.);
#3224=EDGE_CURVE('',#2684,#2683,#369,.T.);
#3225=EDGE_CURVE('',#2676,#2685,#2478,.T.);
#3226=EDGE_CURVE('',#2685,#2684,#2445,.T.);
#3227=EDGE_CURVE('',#2675,#2686,#2479,.T.);
#3228=EDGE_CURVE('',#2686,#2685,#370,.T.);
#3229=EDGE_CURVE('',#2674,#2687,#2480,.T.);
#3230=EDGE_CURVE('',#2687,#2686,#2446,.T.);
#3231=EDGE_CURVE('',#2680,#2687,#371,.T.);
#3232=EDGE_CURVE('',#2688,#2686,#372,.T.);
#3233=EDGE_CURVE('',#2689,#2688,#373,.T.);
#3234=EDGE_CURVE('',#2685,#2689,#374,.T.);
#3235=EDGE_CURVE('',#2687,#2690,#375,.T.);
#3236=EDGE_CURVE('',#2688,#2690,#2481,.T.);
#3237=EDGE_CURVE('',#2691,#2680,#376,.T.);
#3238=EDGE_CURVE('',#2690,#2691,#377,.T.);
#3239=EDGE_CURVE('',#2681,#2692,#378,.T.);
#3240=EDGE_CURVE('',#2691,#2692,#2482,.T.);
#3241=EDGE_CURVE('',#2693,#2689,#2483,.T.);
#3242=EDGE_CURVE('',#2688,#2694,#2484,.T.);
#3243=EDGE_CURVE('',#2694,#2693,#379,.T.);
#3244=EDGE_CURVE('',#2695,#2696,#2485,.T.);
#3245=EDGE_CURVE('',#2696,#2697,#380,.T.);
#3246=EDGE_CURVE('',#2697,#2693,#2486,.T.);
#3247=EDGE_CURVE('',#2693,#2695,#381,.T.);
#3248=EDGE_CURVE('',#2697,#2689,#2487,.T.);
#3249=EDGE_CURVE('',#2698,#2692,#2488,.T.);
#3250=EDGE_CURVE('',#2692,#2699,#382,.T.);
#3251=EDGE_CURVE('',#2699,#2695,#2489,.T.);
#3252=EDGE_CURVE('',#2695,#2698,#383,.T.);
#3253=EDGE_CURVE('',#2699,#2696,#2490,.T.);
#3254=EDGE_CURVE('',#2694,#2690,#2491,.T.);
#3255=EDGE_CURVE('',#2691,#2698,#2492,.T.);
#3256=EDGE_CURVE('',#2698,#2694,#384,.T.);
#3257=EDGE_CURVE('',#2683,#2696,#385,.T.);
#3258=EDGE_CURVE('',#2699,#2682,#386,.T.);
#3259=EDGE_CURVE('',#2700,#2652,#2493,.T.);
#3260=EDGE_CURVE('',#2651,#2701,#2494,.T.);
#3261=EDGE_CURVE('',#2701,#2700,#387,.T.);
#3262=EDGE_CURVE('',#2702,#2703,#2495,.T.);
#3263=EDGE_CURVE('',#2703,#2704,#388,.T.);
#3264=EDGE_CURVE('',#2704,#2700,#2496,.T.);
#3265=EDGE_CURVE('',#2700,#2702,#389,.T.);
#3266=EDGE_CURVE('',#2704,#2652,#2497,.T.);
#3267=EDGE_CURVE('',#2705,#2655,#2498,.T.);
#3268=EDGE_CURVE('',#2655,#2706,#390,.T.);
#3269=EDGE_CURVE('',#2706,#2702,#2499,.T.);
#3270=EDGE_CURVE('',#2702,#2705,#391,.T.);
#3271=EDGE_CURVE('',#2706,#2703,#2500,.T.);
#3272=EDGE_CURVE('',#2701,#2653,#2501,.T.);
#3273=EDGE_CURVE('',#2654,#2705,#2502,.T.);
#3274=EDGE_CURVE('',#2705,#2701,#392,.T.);
#3275=EDGE_CURVE('',#2642,#2703,#393,.T.);
#3276=EDGE_CURVE('',#2706,#2640,#394,.T.);
#3277=EDGE_CURVE('',#2697,#2684,#395,.T.);
#3278=EDGE_CURVE('',#2704,#2644,#396,.T.);
#3279=EDGE_CURVE('',#2707,#2656,#2503,.T.);
#3280=EDGE_CURVE('',#2657,#2708,#2504,.T.);
#3281=EDGE_CURVE('',#2708,#2707,#397,.T.);
#3282=EDGE_CURVE('',#2671,#2709,#2505,.T.);
#3283=EDGE_CURVE('',#2709,#2708,#2506,.T.);
#3284=EDGE_CURVE('',#2670,#2710,#2507,.T.);
#3285=EDGE_CURVE('',#2710,#2709,#398,.T.);
#3286=EDGE_CURVE('',#2669,#2711,#2508,.T.);
#3287=EDGE_CURVE('',#2711,#2710,#2509,.T.);
#3288=EDGE_CURVE('',#2668,#2712,#2510,.T.);
#3289=EDGE_CURVE('',#2712,#2711,#399,.T.);
#3290=EDGE_CURVE('',#2667,#2713,#2511,.T.);
#3291=EDGE_CURVE('',#2713,#2712,#2512,.T.);
#3292=EDGE_CURVE('',#2666,#2714,#2513,.T.);
#3293=EDGE_CURVE('',#2714,#2713,#400,.T.);
#3294=EDGE_CURVE('',#2665,#2715,#2514,.T.);
#3295=EDGE_CURVE('',#2715,#2714,#2515,.T.);
#3296=EDGE_CURVE('',#2664,#2716,#2516,.T.);
#3297=EDGE_CURVE('',#2716,#2715,#401,.T.);
#3298=EDGE_CURVE('',#2663,#2717,#2517,.T.);
#3299=EDGE_CURVE('',#2717,#2716,#2518,.T.);
#3300=EDGE_CURVE('',#2662,#2718,#2519,.T.);
#3301=EDGE_CURVE('',#2718,#2717,#402,.T.);
#3302=EDGE_CURVE('',#2661,#2719,#2520,.T.);
#3303=EDGE_CURVE('',#2719,#2718,#2521,.T.);
#3304=EDGE_CURVE('',#2660,#2720,#2522,.T.);
#3305=EDGE_CURVE('',#2720,#2719,#403,.T.);
#3306=EDGE_CURVE('',#2659,#2721,#2523,.T.);
#3307=EDGE_CURVE('',#2721,#2720,#2524,.T.);
#3308=EDGE_CURVE('',#2658,#2722,#2525,.T.);
#3309=EDGE_CURVE('',#2722,#2721,#404,.T.);
#3310=EDGE_CURVE('',#2707,#2722,#2526,.T.);
#3311=EDGE_CURVE('',#2717,#2723,#405,.T.);
#3312=EDGE_CURVE('',#2724,#2723,#2527,.T.);
#3313=EDGE_CURVE('',#2724,#2716,#406,.T.);
#3314=EDGE_CURVE('',#2725,#2718,#407,.T.);
#3315=EDGE_CURVE('',#2723,#2725,#408,.T.);
#3316=EDGE_CURVE('',#2719,#2726,#409,.T.);
#3317=EDGE_CURVE('',#2725,#2726,#2528,.T.);
#3318=EDGE_CURVE('',#2727,#2720,#410,.T.);
#3319=EDGE_CURVE('',#2726,#2727,#411,.T.);
#3320=EDGE_CURVE('',#2728,#2729,#412,.T.);
#3321=EDGE_CURVE('',#2729,#2730,#413,.T.);
#3322=EDGE_CURVE('',#2730,#2731,#414,.T.);
#3323=EDGE_CURVE('',#2731,#2732,#415,.T.);
#3324=EDGE_CURVE('',#2732,#2733,#416,.T.);
#3325=EDGE_CURVE('',#2733,#2728,#417,.T.);
#3326=EDGE_CURVE('',#2734,#2735,#418,.T.);
#3327=EDGE_CURVE('',#2735,#2736,#419,.T.);
#3328=EDGE_CURVE('',#2736,#2737,#420,.T.);
#3329=EDGE_CURVE('',#2737,#2738,#421,.T.);
#3330=EDGE_CURVE('',#2738,#2739,#422,.T.);
#3331=EDGE_CURVE('',#2739,#2734,#423,.T.);
#3332=EDGE_CURVE('',#2740,#2741,#424,.T.);
#3333=EDGE_CURVE('',#2741,#2742,#425,.T.);
#3334=EDGE_CURVE('',#2742,#2743,#426,.T.);
#3335=EDGE_CURVE('',#2743,#2744,#427,.T.);
#3336=EDGE_CURVE('',#2744,#2745,#428,.T.);
#3337=EDGE_CURVE('',#2745,#2740,#429,.T.);
#3338=EDGE_CURVE('',#2746,#2747,#430,.T.);
#3339=EDGE_CURVE('',#2747,#2748,#431,.T.);
#3340=EDGE_CURVE('',#2748,#2749,#432,.T.);
#3341=EDGE_CURVE('',#2749,#2750,#433,.T.);
#3342=EDGE_CURVE('',#2750,#2751,#434,.T.);
#3343=EDGE_CURVE('',#2751,#2746,#435,.T.);
#3344=EDGE_CURVE('',#2752,#2753,#436,.T.);
#3345=EDGE_CURVE('',#2753,#2754,#437,.T.);
#3346=EDGE_CURVE('',#2754,#2755,#438,.T.);
#3347=EDGE_CURVE('',#2755,#2756,#439,.T.);
#3348=EDGE_CURVE('',#2756,#2757,#440,.T.);
#3349=EDGE_CURVE('',#2757,#2752,#441,.T.);
#3350=EDGE_CURVE('',#2758,#2759,#442,.T.);
#3351=EDGE_CURVE('',#2759,#2760,#443,.T.);
#3352=EDGE_CURVE('',#2760,#2761,#444,.T.);
#3353=EDGE_CURVE('',#2761,#2762,#445,.T.);
#3354=EDGE_CURVE('',#2762,#2763,#446,.T.);
#3355=EDGE_CURVE('',#2763,#2758,#447,.T.);
#3356=EDGE_CURVE('',#2764,#2765,#448,.T.);
#3357=EDGE_CURVE('',#2765,#2766,#449,.T.);
#3358=EDGE_CURVE('',#2766,#2767,#450,.T.);
#3359=EDGE_CURVE('',#2767,#2768,#451,.T.);
#3360=EDGE_CURVE('',#2768,#2769,#452,.T.);
#3361=EDGE_CURVE('',#2769,#2764,#453,.T.);
#3362=EDGE_CURVE('',#2770,#2771,#454,.T.);
#3363=EDGE_CURVE('',#2771,#2772,#455,.T.);
#3364=EDGE_CURVE('',#2772,#2773,#456,.T.);
#3365=EDGE_CURVE('',#2773,#2774,#457,.T.);
#3366=EDGE_CURVE('',#2774,#2775,#458,.T.);
#3367=EDGE_CURVE('',#2775,#2770,#459,.T.);
#3368=EDGE_CURVE('',#2776,#2777,#460,.T.);
#3369=EDGE_CURVE('',#2777,#2778,#461,.T.);
#3370=EDGE_CURVE('',#2778,#2779,#462,.T.);
#3371=EDGE_CURVE('',#2779,#2780,#463,.T.);
#3372=EDGE_CURVE('',#2780,#2781,#464,.T.);
#3373=EDGE_CURVE('',#2781,#2776,#465,.T.);
#3374=EDGE_CURVE('',#2782,#2783,#466,.T.);
#3375=EDGE_CURVE('',#2783,#2784,#467,.T.);
#3376=EDGE_CURVE('',#2784,#2785,#468,.T.);
#3377=EDGE_CURVE('',#2785,#2786,#469,.T.);
#3378=EDGE_CURVE('',#2786,#2787,#470,.T.);
#3379=EDGE_CURVE('',#2787,#2782,#471,.T.);
#3380=EDGE_CURVE('',#2788,#2789,#472,.T.);
#3381=EDGE_CURVE('',#2789,#2790,#473,.T.);
#3382=EDGE_CURVE('',#2790,#2791,#474,.T.);
#3383=EDGE_CURVE('',#2791,#2792,#475,.T.);
#3384=EDGE_CURVE('',#2792,#2793,#476,.T.);
#3385=EDGE_CURVE('',#2793,#2788,#477,.T.);
#3386=EDGE_CURVE('',#2794,#2795,#478,.T.);
#3387=EDGE_CURVE('',#2795,#2796,#479,.T.);
#3388=EDGE_CURVE('',#2796,#2797,#480,.T.);
#3389=EDGE_CURVE('',#2797,#2798,#481,.T.);
#3390=EDGE_CURVE('',#2798,#2799,#482,.T.);
#3391=EDGE_CURVE('',#2799,#2794,#483,.T.);
#3392=EDGE_CURVE('',#2800,#2801,#484,.T.);
#3393=EDGE_CURVE('',#2801,#2802,#485,.T.);
#3394=EDGE_CURVE('',#2802,#2803,#486,.T.);
#3395=EDGE_CURVE('',#2803,#2804,#487,.T.);
#3396=EDGE_CURVE('',#2804,#2805,#488,.T.);
#3397=EDGE_CURVE('',#2805,#2800,#489,.T.);
#3398=EDGE_CURVE('',#2721,#2806,#490,.T.);
#3399=EDGE_CURVE('',#2727,#2806,#2529,.T.);
#3400=EDGE_CURVE('',#2807,#2722,#491,.T.);
#3401=EDGE_CURVE('',#2806,#2807,#492,.T.);
#3402=EDGE_CURVE('',#2808,#2808,#2530,.T.);
#3403=EDGE_CURVE('',#2809,#2809,#2531,.T.);
#3404=EDGE_CURVE('',#2810,#2810,#2532,.T.);
#3405=EDGE_CURVE('',#2811,#2811,#2533,.T.);
#3406=EDGE_CURVE('',#2812,#2812,#2534,.T.);
#3407=EDGE_CURVE('',#2813,#2813,#2535,.T.);
#3408=EDGE_CURVE('',#2814,#2814,#2536,.T.);
#3409=EDGE_CURVE('',#2815,#2815,#2537,.T.);
#3410=EDGE_CURVE('',#2816,#2816,#2538,.T.);
#3411=EDGE_CURVE('',#2817,#2817,#2539,.T.);
#3412=EDGE_CURVE('',#2818,#2818,#2540,.T.);
#3413=EDGE_CURVE('',#2819,#2819,#2541,.T.);
#3414=EDGE_CURVE('',#2820,#2820,#2542,.T.);
#3415=EDGE_CURVE('',#2821,#2821,#2543,.T.);
#3416=EDGE_CURVE('',#2822,#2822,#2544,.T.);
#3417=EDGE_CURVE('',#2823,#2823,#2545,.T.);
#3418=EDGE_CURVE('',#2824,#2824,#2546,.T.);
#3419=EDGE_CURVE('',#2825,#2825,#2547,.T.);
#3420=EDGE_CURVE('',#2826,#2826,#2548,.T.);
#3421=EDGE_CURVE('',#2827,#2827,#2549,.T.);
#3422=EDGE_CURVE('',#2828,#2828,#2550,.T.);
#3423=EDGE_CURVE('',#2829,#2829,#2551,.T.);
#3424=EDGE_CURVE('',#2830,#2830,#2552,.T.);
#3425=EDGE_CURVE('',#2831,#2831,#2553,.T.);
#3426=EDGE_CURVE('',#2832,#2832,#2554,.T.);
#3427=EDGE_CURVE('',#2833,#2833,#2555,.T.);
#3428=EDGE_CURVE('',#2707,#2834,#493,.T.);
#3429=EDGE_CURVE('',#2807,#2834,#2556,.T.);
#3430=EDGE_CURVE('',#2835,#2708,#494,.T.);
#3431=EDGE_CURVE('',#2834,#2835,#495,.T.);
#3432=EDGE_CURVE('',#2836,#2837,#496,.T.);
#3433=EDGE_CURVE('',#2837,#2838,#497,.T.);
#3434=EDGE_CURVE('',#2838,#2839,#498,.T.);
#3435=EDGE_CURVE('',#2839,#2840,#499,.T.);
#3436=EDGE_CURVE('',#2840,#2841,#500,.T.);
#3437=EDGE_CURVE('',#2841,#2836,#501,.T.);
#3438=EDGE_CURVE('',#2842,#2843,#502,.T.);
#3439=EDGE_CURVE('',#2843,#2844,#503,.T.);
#3440=EDGE_CURVE('',#2844,#2845,#504,.T.);
#3441=EDGE_CURVE('',#2845,#2846,#505,.T.);
#3442=EDGE_CURVE('',#2846,#2847,#506,.T.);
#3443=EDGE_CURVE('',#2847,#2842,#507,.T.);
#3444=EDGE_CURVE('',#2848,#2849,#508,.T.);
#3445=EDGE_CURVE('',#2849,#2850,#509,.T.);
#3446=EDGE_CURVE('',#2850,#2851,#510,.T.);
#3447=EDGE_CURVE('',#2851,#2852,#511,.T.);
#3448=EDGE_CURVE('',#2852,#2853,#512,.T.);
#3449=EDGE_CURVE('',#2853,#2848,#513,.T.);
#3450=EDGE_CURVE('',#2854,#2855,#514,.T.);
#3451=EDGE_CURVE('',#2855,#2856,#515,.T.);
#3452=EDGE_CURVE('',#2856,#2857,#516,.T.);
#3453=EDGE_CURVE('',#2857,#2858,#517,.T.);
#3454=EDGE_CURVE('',#2858,#2859,#518,.T.);
#3455=EDGE_CURVE('',#2859,#2854,#519,.T.);
#3456=EDGE_CURVE('',#2860,#2861,#520,.T.);
#3457=EDGE_CURVE('',#2861,#2862,#521,.T.);
#3458=EDGE_CURVE('',#2862,#2863,#522,.T.);
#3459=EDGE_CURVE('',#2863,#2864,#523,.T.);
#3460=EDGE_CURVE('',#2864,#2865,#524,.T.);
#3461=EDGE_CURVE('',#2865,#2860,#525,.T.);
#3462=EDGE_CURVE('',#2866,#2867,#526,.T.);
#3463=EDGE_CURVE('',#2867,#2868,#527,.T.);
#3464=EDGE_CURVE('',#2868,#2869,#528,.T.);
#3465=EDGE_CURVE('',#2869,#2870,#529,.T.);
#3466=EDGE_CURVE('',#2870,#2871,#530,.T.);
#3467=EDGE_CURVE('',#2871,#2866,#531,.T.);
#3468=EDGE_CURVE('',#2872,#2873,#532,.T.);
#3469=EDGE_CURVE('',#2873,#2874,#533,.T.);
#3470=EDGE_CURVE('',#2874,#2875,#534,.T.);
#3471=EDGE_CURVE('',#2875,#2876,#535,.T.);
#3472=EDGE_CURVE('',#2876,#2877,#536,.T.);
#3473=EDGE_CURVE('',#2877,#2872,#537,.T.);
#3474=EDGE_CURVE('',#2878,#2879,#538,.T.);
#3475=EDGE_CURVE('',#2879,#2880,#539,.T.);
#3476=EDGE_CURVE('',#2880,#2881,#540,.T.);
#3477=EDGE_CURVE('',#2881,#2882,#541,.T.);
#3478=EDGE_CURVE('',#2882,#2883,#542,.T.);
#3479=EDGE_CURVE('',#2883,#2878,#543,.T.);
#3480=EDGE_CURVE('',#2884,#2885,#544,.T.);
#3481=EDGE_CURVE('',#2885,#2886,#545,.T.);
#3482=EDGE_CURVE('',#2886,#2887,#546,.T.);
#3483=EDGE_CURVE('',#2887,#2888,#547,.T.);
#3484=EDGE_CURVE('',#2888,#2889,#548,.T.);
#3485=EDGE_CURVE('',#2889,#2884,#549,.T.);
#3486=EDGE_CURVE('',#2890,#2891,#550,.T.);
#3487=EDGE_CURVE('',#2891,#2892,#551,.T.);
#3488=EDGE_CURVE('',#2892,#2893,#552,.T.);
#3489=EDGE_CURVE('',#2893,#2894,#553,.T.);
#3490=EDGE_CURVE('',#2894,#2895,#554,.T.);
#3491=EDGE_CURVE('',#2895,#2890,#555,.T.);
#3492=EDGE_CURVE('',#2896,#2897,#556,.T.);
#3493=EDGE_CURVE('',#2897,#2898,#557,.T.);
#3494=EDGE_CURVE('',#2898,#2899,#558,.T.);
#3495=EDGE_CURVE('',#2899,#2900,#559,.T.);
#3496=EDGE_CURVE('',#2900,#2901,#560,.T.);
#3497=EDGE_CURVE('',#2901,#2896,#561,.T.);
#3498=EDGE_CURVE('',#2902,#2903,#562,.T.);
#3499=EDGE_CURVE('',#2903,#2904,#563,.T.);
#3500=EDGE_CURVE('',#2904,#2905,#564,.T.);
#3501=EDGE_CURVE('',#2905,#2906,#565,.T.);
#3502=EDGE_CURVE('',#2906,#2907,#566,.T.);
#3503=EDGE_CURVE('',#2907,#2902,#567,.T.);
#3504=EDGE_CURVE('',#2908,#2909,#568,.T.);
#3505=EDGE_CURVE('',#2909,#2910,#569,.T.);
#3506=EDGE_CURVE('',#2910,#2911,#570,.T.);
#3507=EDGE_CURVE('',#2911,#2912,#571,.T.);
#3508=EDGE_CURVE('',#2912,#2913,#572,.T.);
#3509=EDGE_CURVE('',#2913,#2908,#573,.T.);
#3510=EDGE_CURVE('',#2727,#2914,#2557,.T.);
#3511=EDGE_CURVE('',#2914,#2915,#574,.T.);
#3512=EDGE_CURVE('',#2915,#2726,#2558,.T.);
#3513=EDGE_CURVE('',#2916,#2725,#2559,.T.);
#3514=EDGE_CURVE('',#2915,#2916,#2560,.T.);
#3515=EDGE_CURVE('',#2917,#2723,#2561,.T.);
#3516=EDGE_CURVE('',#2916,#2917,#575,.T.);
#3517=EDGE_CURVE('',#2918,#2724,#2562,.T.);
#3518=EDGE_CURVE('',#2917,#2918,#2563,.T.);
#3519=EDGE_CURVE('',#2919,#2920,#2564,.T.);
#3520=EDGE_CURVE('',#2920,#2724,#576,.T.);
#3521=EDGE_CURVE('',#2918,#2919,#577,.T.);
#3522=EDGE_CURVE('',#2921,#2922,#2565,.T.);
#3523=EDGE_CURVE('',#2922,#2920,#2566,.T.);
#3524=EDGE_CURVE('',#2919,#2921,#2567,.T.);
#3525=EDGE_CURVE('',#2923,#2924,#2568,.T.);
#3526=EDGE_CURVE('',#2924,#2922,#578,.T.);
#3527=EDGE_CURVE('',#2921,#2923,#579,.T.);
#3528=EDGE_CURVE('',#2925,#2926,#2569,.T.);
#3529=EDGE_CURVE('',#2926,#2924,#2570,.T.);
#3530=EDGE_CURVE('',#2923,#2925,#2571,.T.);
#3531=EDGE_CURVE('',#2927,#2928,#2572,.T.);
#3532=EDGE_CURVE('',#2928,#2926,#580,.T.);
#3533=EDGE_CURVE('',#2925,#2927,#581,.T.);
#3534=EDGE_CURVE('',#2929,#2930,#2573,.T.);
#3535=EDGE_CURVE('',#2930,#2928,#2574,.T.);
#3536=EDGE_CURVE('',#2927,#2929,#2575,.T.);
#3537=EDGE_CURVE('',#2931,#2932,#2576,.T.);
#3538=EDGE_CURVE('',#2932,#2930,#582,.T.);
#3539=EDGE_CURVE('',#2929,#2931,#583,.T.);
#3540=EDGE_CURVE('',#2933,#2835,#2577,.T.);
#3541=EDGE_CURVE('',#2835,#2932,#2578,.T.);
#3542=EDGE_CURVE('',#2931,#2933,#2579,.T.);
#3543=EDGE_CURVE('',#2934,#2834,#2580,.T.);
#3544=EDGE_CURVE('',#2933,#2934,#584,.T.);
#3545=EDGE_CURVE('',#2935,#2807,#2581,.T.);
#3546=EDGE_CURVE('',#2934,#2935,#2582,.T.);
#3547=EDGE_CURVE('',#2936,#2806,#2583,.T.);
#3548=EDGE_CURVE('',#2935,#2936,#585,.T.);
#3549=EDGE_CURVE('',#2936,#2914,#2584,.T.);
#3550=EDGE_CURVE('',#2711,#2928,#586,.T.);
#3551=EDGE_CURVE('',#2930,#2710,#587,.T.);
#3552=EDGE_CURVE('',#2709,#2932,#588,.T.);
#3553=EDGE_CURVE('',#2937,#2938,#589,.T.);
#3554=EDGE_CURVE('',#2939,#2938,#2447,.T.);
#3555=EDGE_CURVE('',#2939,#2940,#590,.T.);
#3556=EDGE_CURVE('',#2941,#2940,#2448,.T.);
#3557=EDGE_CURVE('',#2941,#2942,#591,.T.);
#3558=EDGE_CURVE('',#2943,#2942,#2449,.T.);
#3559=EDGE_CURVE('',#2943,#2944,#592,.T.);
#3560=EDGE_CURVE('',#2937,#2944,#2450,.T.);
#3561=EDGE_CURVE('',#2945,#2946,#593,.T.);
#3562=EDGE_CURVE('',#2947,#2946,#2451,.T.);
#3563=EDGE_CURVE('',#2947,#2948,#594,.T.);
#3564=EDGE_CURVE('',#2949,#2948,#2452,.T.);
#3565=EDGE_CURVE('',#2949,#2950,#595,.T.);
#3566=EDGE_CURVE('',#2951,#2950,#2453,.T.);
#3567=EDGE_CURVE('',#2951,#2952,#596,.T.);
#3568=EDGE_CURVE('',#2945,#2952,#2454,.T.);
#3569=EDGE_CURVE('',#2713,#2924,#597,.T.);
#3570=EDGE_CURVE('',#2926,#2712,#598,.T.);
#3571=EDGE_CURVE('',#2953,#2954,#599,.T.);
#3572=EDGE_CURVE('',#2954,#2955,#600,.T.);
#3573=EDGE_CURVE('',#2955,#2956,#601,.T.);
#3574=EDGE_CURVE('',#2956,#2957,#602,.T.);
#3575=EDGE_CURVE('',#2957,#2958,#603,.T.);
#3576=EDGE_CURVE('',#2958,#2953,#604,.T.);
#3577=EDGE_CURVE('',#2959,#2960,#605,.T.);
#3578=EDGE_CURVE('',#2960,#2961,#606,.T.);
#3579=EDGE_CURVE('',#2961,#2962,#607,.T.);
#3580=EDGE_CURVE('',#2962,#2963,#608,.T.);
#3581=EDGE_CURVE('',#2963,#2964,#609,.T.);
#3582=EDGE_CURVE('',#2964,#2959,#610,.T.);
#3583=EDGE_CURVE('',#2965,#2966,#611,.T.);
#3584=EDGE_CURVE('',#2966,#2967,#612,.T.);
#3585=EDGE_CURVE('',#2967,#2968,#613,.T.);
#3586=EDGE_CURVE('',#2968,#2969,#614,.T.);
#3587=EDGE_CURVE('',#2969,#2970,#615,.T.);
#3588=EDGE_CURVE('',#2970,#2965,#616,.T.);
#3589=EDGE_CURVE('',#2971,#2972,#617,.T.);
#3590=EDGE_CURVE('',#2972,#2973,#618,.T.);
#3591=EDGE_CURVE('',#2973,#2974,#619,.T.);
#3592=EDGE_CURVE('',#2974,#2975,#620,.T.);
#3593=EDGE_CURVE('',#2975,#2976,#621,.T.);
#3594=EDGE_CURVE('',#2976,#2971,#622,.T.);
#3595=EDGE_CURVE('',#2977,#2978,#623,.T.);
#3596=EDGE_CURVE('',#2978,#2979,#624,.T.);
#3597=EDGE_CURVE('',#2979,#2980,#625,.T.);
#3598=EDGE_CURVE('',#2980,#2981,#626,.T.);
#3599=EDGE_CURVE('',#2981,#2982,#627,.T.);
#3600=EDGE_CURVE('',#2982,#2977,#628,.T.);
#3601=EDGE_CURVE('',#2983,#2984,#629,.T.);
#3602=EDGE_CURVE('',#2984,#2985,#630,.T.);
#3603=EDGE_CURVE('',#2985,#2986,#631,.T.);
#3604=EDGE_CURVE('',#2986,#2987,#632,.T.);
#3605=EDGE_CURVE('',#2987,#2988,#633,.T.);
#3606=EDGE_CURVE('',#2988,#2983,#634,.T.);
#3607=EDGE_CURVE('',#2989,#2990,#635,.T.);
#3608=EDGE_CURVE('',#2990,#2991,#636,.T.);
#3609=EDGE_CURVE('',#2991,#2992,#637,.T.);
#3610=EDGE_CURVE('',#2992,#2993,#638,.T.);
#3611=EDGE_CURVE('',#2993,#2994,#639,.T.);
#3612=EDGE_CURVE('',#2994,#2989,#640,.T.);
#3613=EDGE_CURVE('',#2995,#2996,#641,.T.);
#3614=EDGE_CURVE('',#2996,#2997,#642,.T.);
#3615=EDGE_CURVE('',#2997,#2998,#643,.T.);
#3616=EDGE_CURVE('',#2998,#2999,#644,.T.);
#3617=EDGE_CURVE('',#2999,#3000,#645,.T.);
#3618=EDGE_CURVE('',#3000,#2995,#646,.T.);
#3619=EDGE_CURVE('',#3001,#3002,#647,.T.);
#3620=EDGE_CURVE('',#3002,#3003,#648,.T.);
#3621=EDGE_CURVE('',#3003,#3004,#649,.T.);
#3622=EDGE_CURVE('',#3004,#3005,#650,.T.);
#3623=EDGE_CURVE('',#3005,#3006,#651,.T.);
#3624=EDGE_CURVE('',#3006,#3001,#652,.T.);
#3625=EDGE_CURVE('',#3007,#3008,#653,.T.);
#3626=EDGE_CURVE('',#3008,#3009,#654,.T.);
#3627=EDGE_CURVE('',#3009,#3010,#655,.T.);
#3628=EDGE_CURVE('',#3010,#3011,#656,.T.);
#3629=EDGE_CURVE('',#3011,#3012,#657,.T.);
#3630=EDGE_CURVE('',#3012,#3007,#658,.T.);
#3631=EDGE_CURVE('',#3013,#3014,#659,.T.);
#3632=EDGE_CURVE('',#3014,#3015,#660,.T.);
#3633=EDGE_CURVE('',#3015,#3016,#661,.T.);
#3634=EDGE_CURVE('',#3016,#3017,#662,.T.);
#3635=EDGE_CURVE('',#3017,#3018,#663,.T.);
#3636=EDGE_CURVE('',#3018,#3013,#664,.T.);
#3637=EDGE_CURVE('',#3019,#3020,#665,.T.);
#3638=EDGE_CURVE('',#3020,#3021,#666,.T.);
#3639=EDGE_CURVE('',#3021,#3022,#667,.T.);
#3640=EDGE_CURVE('',#3022,#3023,#668,.T.);
#3641=EDGE_CURVE('',#3023,#3024,#669,.T.);
#3642=EDGE_CURVE('',#3024,#3019,#670,.T.);
#3643=EDGE_CURVE('',#3025,#3026,#671,.T.);
#3644=EDGE_CURVE('',#3026,#3027,#672,.T.);
#3645=EDGE_CURVE('',#3027,#3028,#673,.T.);
#3646=EDGE_CURVE('',#3028,#3029,#674,.T.);
#3647=EDGE_CURVE('',#3029,#3030,#675,.T.);
#3648=EDGE_CURVE('',#3030,#3025,#676,.T.);
#3649=EDGE_CURVE('',#2715,#2920,#677,.T.);
#3650=EDGE_CURVE('',#2922,#2714,#678,.T.);
#3651=EDGE_CURVE('',#3031,#3032,#679,.T.);
#3652=EDGE_CURVE('',#3032,#3033,#680,.T.);
#3653=EDGE_CURVE('',#3033,#3034,#681,.T.);
#3654=EDGE_CURVE('',#3034,#3035,#682,.T.);
#3655=EDGE_CURVE('',#3035,#3036,#683,.T.);
#3656=EDGE_CURVE('',#3036,#3031,#684,.T.);
#3657=EDGE_CURVE('',#3037,#3038,#685,.T.);
#3658=EDGE_CURVE('',#3038,#3039,#686,.T.);
#3659=EDGE_CURVE('',#3039,#3040,#687,.T.);
#3660=EDGE_CURVE('',#3040,#3041,#688,.T.);
#3661=EDGE_CURVE('',#3041,#3042,#689,.T.);
#3662=EDGE_CURVE('',#3042,#3037,#690,.T.);
#3663=EDGE_CURVE('',#3043,#3044,#691,.T.);
#3664=EDGE_CURVE('',#3044,#3045,#692,.T.);
#3665=EDGE_CURVE('',#3045,#3046,#693,.T.);
#3666=EDGE_CURVE('',#3046,#3047,#694,.T.);
#3667=EDGE_CURVE('',#3047,#3048,#695,.T.);
#3668=EDGE_CURVE('',#3048,#3043,#696,.T.);
#3669=EDGE_CURVE('',#3049,#3050,#697,.T.);
#3670=EDGE_CURVE('',#3050,#3051,#698,.T.);
#3671=EDGE_CURVE('',#3051,#3052,#699,.T.);
#3672=EDGE_CURVE('',#3052,#3053,#700,.T.);
#3673=EDGE_CURVE('',#3053,#3054,#701,.T.);
#3674=EDGE_CURVE('',#3054,#3049,#702,.T.);
#3675=EDGE_CURVE('',#3055,#3056,#703,.T.);
#3676=EDGE_CURVE('',#3056,#3057,#704,.T.);
#3677=EDGE_CURVE('',#3057,#3058,#705,.T.);
#3678=EDGE_CURVE('',#3058,#3059,#706,.T.);
#3679=EDGE_CURVE('',#3059,#3060,#707,.T.);
#3680=EDGE_CURVE('',#3060,#3055,#708,.T.);
#3681=EDGE_CURVE('',#3061,#3062,#709,.T.);
#3682=EDGE_CURVE('',#3062,#3063,#710,.T.);
#3683=EDGE_CURVE('',#3063,#3064,#711,.T.);
#3684=EDGE_CURVE('',#3064,#3065,#712,.T.);
#3685=EDGE_CURVE('',#3065,#3066,#713,.T.);
#3686=EDGE_CURVE('',#3066,#3061,#714,.T.);
#3687=EDGE_CURVE('',#3067,#3068,#715,.T.);
#3688=EDGE_CURVE('',#3068,#3069,#716,.T.);
#3689=EDGE_CURVE('',#3069,#3070,#717,.T.);
#3690=EDGE_CURVE('',#3070,#3071,#718,.T.);
#3691=EDGE_CURVE('',#3071,#3072,#719,.T.);
#3692=EDGE_CURVE('',#3072,#3067,#720,.T.);
#3693=EDGE_CURVE('',#3073,#3074,#721,.T.);
#3694=EDGE_CURVE('',#3074,#3075,#722,.T.);
#3695=EDGE_CURVE('',#3075,#3076,#723,.T.);
#3696=EDGE_CURVE('',#3076,#3077,#724,.T.);
#3697=EDGE_CURVE('',#3077,#3078,#725,.T.);
#3698=EDGE_CURVE('',#3078,#3073,#726,.T.);
#3699=EDGE_CURVE('',#3079,#3080,#727,.T.);
#3700=EDGE_CURVE('',#3080,#3081,#728,.T.);
#3701=EDGE_CURVE('',#3081,#3082,#729,.T.);
#3702=EDGE_CURVE('',#3082,#3083,#730,.T.);
#3703=EDGE_CURVE('',#3083,#3084,#731,.T.);
#3704=EDGE_CURVE('',#3084,#3079,#732,.T.);
#3705=EDGE_CURVE('',#3085,#3086,#733,.T.);
#3706=EDGE_CURVE('',#3086,#3087,#734,.T.);
#3707=EDGE_CURVE('',#3087,#3088,#735,.T.);
#3708=EDGE_CURVE('',#3088,#3089,#736,.T.);
#3709=EDGE_CURVE('',#3089,#3090,#737,.T.);
#3710=EDGE_CURVE('',#3090,#3085,#738,.T.);
#3711=EDGE_CURVE('',#3091,#3092,#739,.T.);
#3712=EDGE_CURVE('',#3092,#3093,#740,.T.);
#3713=EDGE_CURVE('',#3093,#3094,#741,.T.);
#3714=EDGE_CURVE('',#3094,#3095,#742,.T.);
#3715=EDGE_CURVE('',#3095,#3096,#743,.T.);
#3716=EDGE_CURVE('',#3096,#3091,#744,.T.);
#3717=EDGE_CURVE('',#3097,#3098,#745,.T.);
#3718=EDGE_CURVE('',#3098,#3099,#746,.T.);
#3719=EDGE_CURVE('',#3099,#3100,#747,.T.);
#3720=EDGE_CURVE('',#3100,#3101,#748,.T.);
#3721=EDGE_CURVE('',#3101,#3102,#749,.T.);
#3722=EDGE_CURVE('',#3102,#3097,#750,.T.);
#3723=EDGE_CURVE('',#3103,#3104,#751,.T.);
#3724=EDGE_CURVE('',#3104,#3105,#752,.T.);
#3725=EDGE_CURVE('',#3105,#3106,#753,.T.);
#3726=EDGE_CURVE('',#3106,#3107,#754,.T.);
#3727=EDGE_CURVE('',#3107,#3108,#755,.T.);
#3728=EDGE_CURVE('',#3108,#3103,#756,.T.);
#3729=EDGE_CURVE('',#3109,#3110,#2585,.T.);
#3730=EDGE_CURVE('',#3110,#3111,#757,.T.);
#3731=EDGE_CURVE('',#3111,#3112,#2586,.T.);
#3732=EDGE_CURVE('',#3112,#3109,#758,.T.);
#3733=EDGE_CURVE('',#3113,#3114,#2587,.T.);
#3734=EDGE_CURVE('',#3114,#3110,#759,.T.);
#3735=EDGE_CURVE('',#3110,#3115,#2588,.T.);
#3736=EDGE_CURVE('',#3115,#3113,#760,.T.);
#3737=EDGE_CURVE('',#3109,#3115,#2589,.T.);
#3738=EDGE_CURVE('',#3116,#3117,#2590,.T.);
#3739=EDGE_CURVE('',#3117,#3114,#761,.T.);
#3740=EDGE_CURVE('',#3114,#3118,#2591,.T.);
#3741=EDGE_CURVE('',#3118,#3116,#762,.T.);
#3742=EDGE_CURVE('',#3113,#3118,#2592,.T.);
#3743=EDGE_CURVE('',#3119,#3111,#2593,.T.);
#3744=EDGE_CURVE('',#3111,#3117,#763,.T.);
#3745=EDGE_CURVE('',#3117,#3120,#2594,.T.);
#3746=EDGE_CURVE('',#3120,#3119,#764,.T.);
#3747=EDGE_CURVE('',#3116,#3120,#2595,.T.);
#3748=EDGE_CURVE('',#3119,#3112,#2596,.T.);
#3749=EDGE_CURVE('',#3109,#2947,#765,.T.);
#3750=EDGE_CURVE('',#2946,#3115,#766,.T.);
#3751=EDGE_CURVE('',#2948,#3112,#767,.T.);
#3752=EDGE_CURVE('',#3119,#2949,#768,.T.);
#3753=EDGE_CURVE('',#2950,#3120,#769,.T.);
#3754=EDGE_CURVE('',#3113,#2945,#770,.T.);
#3755=EDGE_CURVE('',#3116,#2951,#771,.T.);
#3756=EDGE_CURVE('',#2952,#3118,#772,.T.);
#3757=EDGE_CURVE('',#3121,#3122,#2597,.T.);
#3758=EDGE_CURVE('',#3122,#3123,#773,.T.);
#3759=EDGE_CURVE('',#3123,#3124,#2598,.T.);
#3760=EDGE_CURVE('',#3124,#3121,#774,.T.);
#3761=EDGE_CURVE('',#3125,#3126,#2599,.T.);
#3762=EDGE_CURVE('',#3126,#3122,#775,.T.);
#3763=EDGE_CURVE('',#3122,#3127,#2600,.T.);
#3764=EDGE_CURVE('',#3127,#3125,#776,.T.);
#3765=EDGE_CURVE('',#3121,#3127,#2601,.T.);
#3766=EDGE_CURVE('',#3128,#3129,#2602,.T.);
#3767=EDGE_CURVE('',#3129,#3126,#777,.T.);
#3768=EDGE_CURVE('',#3126,#3130,#2603,.T.);
#3769=EDGE_CURVE('',#3130,#3128,#778,.T.);
#3770=EDGE_CURVE('',#3125,#3130,#2604,.T.);
#3771=EDGE_CURVE('',#3131,#3123,#2605,.T.);
#3772=EDGE_CURVE('',#3123,#3129,#779,.T.);
#3773=EDGE_CURVE('',#3129,#3132,#2606,.T.);
#3774=EDGE_CURVE('',#3132,#3131,#780,.T.);
#3775=EDGE_CURVE('',#3128,#3132,#2607,.T.);
#3776=EDGE_CURVE('',#3131,#3124,#2608,.T.);
#3777=EDGE_CURVE('',#3121,#2943,#781,.T.);
#3778=EDGE_CURVE('',#2942,#3127,#782,.T.);
#3779=EDGE_CURVE('',#2944,#3124,#783,.T.);
#3780=EDGE_CURVE('',#3131,#2937,#784,.T.);
#3781=EDGE_CURVE('',#2938,#3132,#785,.T.);
#3782=EDGE_CURVE('',#3128,#2939,#786,.T.);
#3783=EDGE_CURVE('',#3125,#2941,#787,.T.);
#3784=EDGE_CURVE('',#2940,#3130,#788,.T.);
#3785=EDGE_CURVE('',#2840,#3028,#789,.T.);
#3786=EDGE_CURVE('',#2839,#3029,#790,.T.);
#3787=EDGE_CURVE('',#3034,#2804,#791,.T.);
#3788=EDGE_CURVE('',#3035,#2803,#792,.T.);
#3789=EDGE_CURVE('',#2841,#3027,#793,.T.);
#3790=EDGE_CURVE('',#3036,#2802,#794,.T.);
#3791=EDGE_CURVE('',#2838,#3030,#795,.T.);
#3792=EDGE_CURVE('',#2836,#3026,#796,.T.);
#3793=EDGE_CURVE('',#3031,#2801,#797,.T.);
#3794=EDGE_CURVE('',#2837,#3025,#798,.T.);
#3795=EDGE_CURVE('',#3032,#2800,#799,.T.);
#3796=EDGE_CURVE('',#3033,#2805,#800,.T.);
#3797=EDGE_CURVE('',#2846,#3022,#801,.T.);
#3798=EDGE_CURVE('',#2845,#3023,#802,.T.);
#3799=EDGE_CURVE('',#3040,#2798,#803,.T.);
#3800=EDGE_CURVE('',#3041,#2797,#804,.T.);
#3801=EDGE_CURVE('',#2847,#3021,#805,.T.);
#3802=EDGE_CURVE('',#3042,#2796,#806,.T.);
#3803=EDGE_CURVE('',#2844,#3024,#807,.T.);
#3804=EDGE_CURVE('',#2842,#3020,#808,.T.);
#3805=EDGE_CURVE('',#3037,#2795,#809,.T.);
#3806=EDGE_CURVE('',#2843,#3019,#810,.T.);
#3807=EDGE_CURVE('',#3038,#2794,#811,.T.);
#3808=EDGE_CURVE('',#3039,#2799,#812,.T.);
#3809=EDGE_CURVE('',#2852,#3016,#813,.T.);
#3810=EDGE_CURVE('',#2851,#3017,#814,.T.);
#3811=EDGE_CURVE('',#3046,#2792,#815,.T.);
#3812=EDGE_CURVE('',#3047,#2791,#816,.T.);
#3813=EDGE_CURVE('',#2853,#3015,#817,.T.);
#3814=EDGE_CURVE('',#3048,#2790,#818,.T.);
#3815=EDGE_CURVE('',#2850,#3018,#819,.T.);
#3816=EDGE_CURVE('',#2848,#3014,#820,.T.);
#3817=EDGE_CURVE('',#3043,#2789,#821,.T.);
#3818=EDGE_CURVE('',#2849,#3013,#822,.T.);
#3819=EDGE_CURVE('',#3044,#2788,#823,.T.);
#3820=EDGE_CURVE('',#3045,#2793,#824,.T.);
#3821=EDGE_CURVE('',#2858,#3010,#825,.T.);
#3822=EDGE_CURVE('',#2857,#3011,#826,.T.);
#3823=EDGE_CURVE('',#3052,#2786,#827,.T.);
#3824=EDGE_CURVE('',#3053,#2785,#828,.T.);
#3825=EDGE_CURVE('',#2859,#3009,#829,.T.);
#3826=EDGE_CURVE('',#3054,#2784,#830,.T.);
#3827=EDGE_CURVE('',#2856,#3012,#831,.T.);
#3828=EDGE_CURVE('',#2854,#3008,#832,.T.);
#3829=EDGE_CURVE('',#3049,#2783,#833,.T.);
#3830=EDGE_CURVE('',#2855,#3007,#834,.T.);
#3831=EDGE_CURVE('',#3050,#2782,#835,.T.);
#3832=EDGE_CURVE('',#3051,#2787,#836,.T.);
#3833=EDGE_CURVE('',#2864,#3004,#837,.T.);
#3834=EDGE_CURVE('',#2863,#3005,#838,.T.);
#3835=EDGE_CURVE('',#3058,#2780,#839,.T.);
#3836=EDGE_CURVE('',#3059,#2779,#840,.T.);
#3837=EDGE_CURVE('',#2865,#3003,#841,.T.);
#3838=EDGE_CURVE('',#3060,#2778,#842,.T.);
#3839=EDGE_CURVE('',#2862,#3006,#843,.T.);
#3840=EDGE_CURVE('',#2860,#3002,#844,.T.);
#3841=EDGE_CURVE('',#3055,#2777,#845,.T.);
#3842=EDGE_CURVE('',#2861,#3001,#846,.T.);
#3843=EDGE_CURVE('',#3056,#2776,#847,.T.);
#3844=EDGE_CURVE('',#3057,#2781,#848,.T.);
#3845=EDGE_CURVE('',#2870,#2998,#849,.T.);
#3846=EDGE_CURVE('',#2869,#2999,#850,.T.);
#3847=EDGE_CURVE('',#3064,#2774,#851,.T.);
#3848=EDGE_CURVE('',#3065,#2773,#852,.T.);
#3849=EDGE_CURVE('',#2871,#2997,#853,.T.);
#3850=EDGE_CURVE('',#3066,#2772,#854,.T.);
#3851=EDGE_CURVE('',#2868,#3000,#855,.T.);
#3852=EDGE_CURVE('',#2866,#2996,#856,.T.);
#3853=EDGE_CURVE('',#3061,#2771,#857,.T.);
#3854=EDGE_CURVE('',#2867,#2995,#858,.T.);
#3855=EDGE_CURVE('',#3062,#2770,#859,.T.);
#3856=EDGE_CURVE('',#3063,#2775,#860,.T.);
#3857=EDGE_CURVE('',#2876,#2992,#861,.T.);
#3858=EDGE_CURVE('',#2875,#2993,#862,.T.);
#3859=EDGE_CURVE('',#3070,#2768,#863,.T.);
#3860=EDGE_CURVE('',#3071,#2767,#864,.T.);
#3861=EDGE_CURVE('',#2877,#2991,#865,.T.);
#3862=EDGE_CURVE('',#3072,#2766,#866,.T.);
#3863=EDGE_CURVE('',#2874,#2994,#867,.T.);
#3864=EDGE_CURVE('',#2872,#2990,#868,.T.);
#3865=EDGE_CURVE('',#3067,#2765,#869,.T.);
#3866=EDGE_CURVE('',#2873,#2989,#870,.T.);
#3867=EDGE_CURVE('',#3068,#2764,#871,.T.);
#3868=EDGE_CURVE('',#3069,#2769,#872,.T.);
#3869=EDGE_CURVE('',#2882,#2986,#873,.T.);
#3870=EDGE_CURVE('',#2881,#2987,#874,.T.);
#3871=EDGE_CURVE('',#3076,#2762,#875,.T.);
#3872=EDGE_CURVE('',#3077,#2761,#876,.T.);
#3873=EDGE_CURVE('',#2883,#2985,#877,.T.);
#3874=EDGE_CURVE('',#3078,#2760,#878,.T.);
#3875=EDGE_CURVE('',#2880,#2988,#879,.T.);
#3876=EDGE_CURVE('',#2878,#2984,#880,.T.);
#3877=EDGE_CURVE('',#3073,#2759,#881,.T.);
#3878=EDGE_CURVE('',#2879,#2983,#882,.T.);
#3879=EDGE_CURVE('',#3074,#2758,#883,.T.);
#3880=EDGE_CURVE('',#3075,#2763,#884,.T.);
#3881=EDGE_CURVE('',#2888,#2980,#885,.T.);
#3882=EDGE_CURVE('',#2887,#2981,#886,.T.);
#3883=EDGE_CURVE('',#3082,#2756,#887,.T.);
#3884=EDGE_CURVE('',#3083,#2755,#888,.T.);
#3885=EDGE_CURVE('',#2889,#2979,#889,.T.);
#3886=EDGE_CURVE('',#3084,#2754,#890,.T.);
#3887=EDGE_CURVE('',#2886,#2982,#891,.T.);
#3888=EDGE_CURVE('',#2884,#2978,#892,.T.);
#3889=EDGE_CURVE('',#3079,#2753,#893,.T.);
#3890=EDGE_CURVE('',#2885,#2977,#894,.T.);
#3891=EDGE_CURVE('',#3080,#2752,#895,.T.);
#3892=EDGE_CURVE('',#3081,#2757,#896,.T.);
#3893=EDGE_CURVE('',#2894,#2974,#897,.T.);
#3894=EDGE_CURVE('',#2893,#2975,#898,.T.);
#3895=EDGE_CURVE('',#3088,#2750,#899,.T.);
#3896=EDGE_CURVE('',#3089,#2749,#900,.T.);
#3897=EDGE_CURVE('',#2895,#2973,#901,.T.);
#3898=EDGE_CURVE('',#3090,#2748,#902,.T.);
#3899=EDGE_CURVE('',#2892,#2976,#903,.T.);
#3900=EDGE_CURVE('',#2890,#2972,#904,.T.);
#3901=EDGE_CURVE('',#3085,#2747,#905,.T.);
#3902=EDGE_CURVE('',#2891,#2971,#906,.T.);
#3903=EDGE_CURVE('',#3086,#2746,#907,.T.);
#3904=EDGE_CURVE('',#3087,#2751,#908,.T.);
#3905=EDGE_CURVE('',#2900,#2968,#909,.T.);
#3906=EDGE_CURVE('',#2899,#2969,#910,.T.);
#3907=EDGE_CURVE('',#3094,#2744,#911,.T.);
#3908=EDGE_CURVE('',#3095,#2743,#912,.T.);
#3909=EDGE_CURVE('',#2901,#2967,#913,.T.);
#3910=EDGE_CURVE('',#3096,#2742,#914,.T.);
#3911=EDGE_CURVE('',#2898,#2970,#915,.T.);
#3912=EDGE_CURVE('',#2896,#2966,#916,.T.);
#3913=EDGE_CURVE('',#3091,#2741,#917,.T.);
#3914=EDGE_CURVE('',#2897,#2965,#918,.T.);
#3915=EDGE_CURVE('',#3092,#2740,#919,.T.);
#3916=EDGE_CURVE('',#3093,#2745,#920,.T.);
#3917=EDGE_CURVE('',#2906,#2962,#921,.T.);
#3918=EDGE_CURVE('',#2905,#2963,#922,.T.);
#3919=EDGE_CURVE('',#3100,#2738,#923,.T.);
#3920=EDGE_CURVE('',#3101,#2737,#924,.T.);
#3921=EDGE_CURVE('',#2907,#2961,#925,.T.);
#3922=EDGE_CURVE('',#3102,#2736,#926,.T.);
#3923=EDGE_CURVE('',#2904,#2964,#927,.T.);
#3924=EDGE_CURVE('',#2902,#2960,#928,.T.);
#3925=EDGE_CURVE('',#3097,#2735,#929,.T.);
#3926=EDGE_CURVE('',#2903,#2959,#930,.T.);
#3927=EDGE_CURVE('',#3098,#2734,#931,.T.);
#3928=EDGE_CURVE('',#3099,#2739,#932,.T.);
#3929=EDGE_CURVE('',#2912,#2956,#933,.T.);
#3930=EDGE_CURVE('',#2911,#2957,#934,.T.);
#3931=EDGE_CURVE('',#3106,#2732,#935,.T.);
#3932=EDGE_CURVE('',#3107,#2731,#936,.T.);
#3933=EDGE_CURVE('',#2913,#2955,#937,.T.);
#3934=EDGE_CURVE('',#3108,#2730,#938,.T.);
#3935=EDGE_CURVE('',#2910,#2958,#939,.T.);
#3936=EDGE_CURVE('',#2908,#2954,#940,.T.);
#3937=EDGE_CURVE('',#3103,#2729,#941,.T.);
#3938=EDGE_CURVE('',#2909,#2953,#942,.T.);
#3939=EDGE_CURVE('',#3104,#2728,#943,.T.);
#3940=EDGE_CURVE('',#3105,#2733,#944,.T.);
#3941=EDGE_CURVE('',#3133,#3133,#2609,.T.);
#3942=EDGE_CURVE('',#3133,#2833,#945,.T.);
#3943=EDGE_CURVE('',#3134,#3134,#2610,.T.);
#3944=EDGE_CURVE('',#3134,#2832,#946,.T.);
#3945=EDGE_CURVE('',#3135,#3135,#2611,.T.);
#3946=EDGE_CURVE('',#3135,#2831,#947,.T.);
#3947=EDGE_CURVE('',#3136,#3136,#2612,.T.);
#3948=EDGE_CURVE('',#3136,#2830,#948,.T.);
#3949=EDGE_CURVE('',#3137,#3137,#2613,.T.);
#3950=EDGE_CURVE('',#3137,#2829,#949,.T.);
#3951=EDGE_CURVE('',#3138,#3138,#2614,.T.);
#3952=EDGE_CURVE('',#3138,#2828,#950,.T.);
#3953=EDGE_CURVE('',#3139,#3139,#2615,.T.);
#3954=EDGE_CURVE('',#3139,#2827,#951,.T.);
#3955=EDGE_CURVE('',#3140,#3140,#2616,.T.);
#3956=EDGE_CURVE('',#3140,#2826,#952,.T.);
#3957=EDGE_CURVE('',#3141,#3141,#2617,.T.);
#3958=EDGE_CURVE('',#3141,#2825,#953,.T.);
#3959=EDGE_CURVE('',#3142,#3142,#2618,.T.);
#3960=EDGE_CURVE('',#3142,#2824,#954,.T.);
#3961=EDGE_CURVE('',#3143,#3143,#2619,.T.);
#3962=EDGE_CURVE('',#3143,#2823,#955,.T.);
#3963=EDGE_CURVE('',#3144,#3144,#2620,.T.);
#3964=EDGE_CURVE('',#3144,#2822,#956,.T.);
#3965=EDGE_CURVE('',#3145,#3145,#2621,.T.);
#3966=EDGE_CURVE('',#3145,#2821,#957,.T.);
#3967=EDGE_CURVE('',#3146,#3146,#2622,.T.);
#3968=EDGE_CURVE('',#3146,#2820,#958,.T.);
#3969=EDGE_CURVE('',#3147,#3147,#2623,.T.);
#3970=EDGE_CURVE('',#3147,#2819,#959,.T.);
#3971=EDGE_CURVE('',#3148,#3148,#2624,.T.);
#3972=EDGE_CURVE('',#3148,#2818,#960,.T.);
#3973=EDGE_CURVE('',#3149,#3149,#2625,.T.);
#3974=EDGE_CURVE('',#3149,#2817,#961,.T.);
#3975=EDGE_CURVE('',#3150,#3150,#2626,.T.);
#3976=EDGE_CURVE('',#3150,#2816,#962,.T.);
#3977=EDGE_CURVE('',#3151,#3151,#2627,.T.);
#3978=EDGE_CURVE('',#3151,#2815,#963,.T.);
#3979=EDGE_CURVE('',#3152,#3152,#2628,.T.);
#3980=EDGE_CURVE('',#3152,#2814,#964,.T.);
#3981=EDGE_CURVE('',#3153,#3153,#2629,.T.);
#3982=EDGE_CURVE('',#3153,#2813,#965,.T.);
#3983=EDGE_CURVE('',#3154,#3154,#2630,.T.);
#3984=EDGE_CURVE('',#3154,#2812,#966,.T.);
#3985=EDGE_CURVE('',#3155,#3155,#2631,.T.);
#3986=EDGE_CURVE('',#3155,#2811,#967,.T.);
#3987=EDGE_CURVE('',#3156,#3156,#2632,.T.);
#3988=EDGE_CURVE('',#3156,#2810,#968,.T.);
#3989=EDGE_CURVE('',#3157,#3157,#2633,.T.);
#3990=EDGE_CURVE('',#3157,#2809,#969,.T.);
#3991=EDGE_CURVE('',#3158,#3158,#2634,.T.);
#3992=EDGE_CURVE('',#3158,#2808,#970,.T.);
#3993=ORIENTED_EDGE('',*,*,#3159,.T.);
#3994=ORIENTED_EDGE('',*,*,#3160,.T.);
#3995=ORIENTED_EDGE('',*,*,#3161,.T.);
#3996=ORIENTED_EDGE('',*,*,#3162,.T.);
#3997=ORIENTED_EDGE('',*,*,#3163,.T.);
#3998=ORIENTED_EDGE('',*,*,#3164,.T.);
#3999=ORIENTED_EDGE('',*,*,#3161,.F.);
#4000=ORIENTED_EDGE('',*,*,#3165,.T.);
#4001=ORIENTED_EDGE('',*,*,#3166,.T.);
#4002=ORIENTED_EDGE('',*,*,#3167,.T.);
#4003=ORIENTED_EDGE('',*,*,#3163,.F.);
#4004=ORIENTED_EDGE('',*,*,#3168,.T.);
#4005=ORIENTED_EDGE('',*,*,#3169,.T.);
#4006=ORIENTED_EDGE('',*,*,#3170,.T.);
#4007=ORIENTED_EDGE('',*,*,#3166,.F.);
#4008=ORIENTED_EDGE('',*,*,#3171,.T.);
#4009=ORIENTED_EDGE('',*,*,#3172,.T.);
#4010=ORIENTED_EDGE('',*,*,#3173,.T.);
#4011=ORIENTED_EDGE('',*,*,#3169,.F.);
#4012=ORIENTED_EDGE('',*,*,#3174,.T.);
#4013=ORIENTED_EDGE('',*,*,#3175,.T.);
#4014=ORIENTED_EDGE('',*,*,#3176,.T.);
#4015=ORIENTED_EDGE('',*,*,#3172,.F.);
#4016=ORIENTED_EDGE('',*,*,#3177,.T.);
#4017=ORIENTED_EDGE('',*,*,#3178,.T.);
#4018=ORIENTED_EDGE('',*,*,#3179,.T.);
#4019=ORIENTED_EDGE('',*,*,#3175,.F.);
#4020=ORIENTED_EDGE('',*,*,#3180,.T.);
#4021=ORIENTED_EDGE('',*,*,#3178,.F.);
#4022=ORIENTED_EDGE('',*,*,#3181,.T.);
#4023=ORIENTED_EDGE('',*,*,#3159,.F.);
#4024=ORIENTED_EDGE('',*,*,#3182,.T.);
#4025=ORIENTED_EDGE('',*,*,#3176,.F.);
#4026=ORIENTED_EDGE('',*,*,#3183,.F.);
#4027=ORIENTED_EDGE('',*,*,#3184,.F.);
#4028=ORIENTED_EDGE('',*,*,#3185,.F.);
#4029=ORIENTED_EDGE('',*,*,#3179,.F.);
#4030=ORIENTED_EDGE('',*,*,#3186,.T.);
#4031=ORIENTED_EDGE('',*,*,#3187,.F.);
#4032=ORIENTED_EDGE('',*,*,#3183,.T.);
#4033=ORIENTED_EDGE('',*,*,#3182,.F.);
#4034=ORIENTED_EDGE('',*,*,#3188,.F.);
#4035=ORIENTED_EDGE('',*,*,#3189,.F.);
#4036=ORIENTED_EDGE('',*,*,#3186,.F.);
#4037=ORIENTED_EDGE('',*,*,#3162,.F.);
#4038=ORIENTED_EDGE('',*,*,#3190,.T.);
#4039=ORIENTED_EDGE('',*,*,#3191,.F.);
#4040=ORIENTED_EDGE('',*,*,#3188,.T.);
#4041=ORIENTED_EDGE('',*,*,#3192,.F.);
#4042=ORIENTED_EDGE('',*,*,#3193,.F.);
#4043=ORIENTED_EDGE('',*,*,#3194,.F.);
#4044=ORIENTED_EDGE('',*,*,#3195,.F.);
#4045=ORIENTED_EDGE('',*,*,#3196,.F.);
#4046=ORIENTED_EDGE('',*,*,#3197,.F.);
#4047=ORIENTED_EDGE('',*,*,#3198,.F.);
#4048=ORIENTED_EDGE('',*,*,#3199,.F.);
#4049=ORIENTED_EDGE('',*,*,#3200,.F.);
#4050=ORIENTED_EDGE('',*,*,#3201,.F.);
#4051=ORIENTED_EDGE('',*,*,#3202,.F.);
#4052=ORIENTED_EDGE('',*,*,#3203,.F.);
#4053=ORIENTED_EDGE('',*,*,#3204,.F.);
#4054=ORIENTED_EDGE('',*,*,#3205,.F.);
#4055=ORIENTED_EDGE('',*,*,#3206,.F.);
#4056=ORIENTED_EDGE('',*,*,#3207,.F.);
#4057=ORIENTED_EDGE('',*,*,#3208,.F.);
#4058=ORIENTED_EDGE('',*,*,#3209,.F.);
#4059=ORIENTED_EDGE('',*,*,#3210,.F.);
#4060=ORIENTED_EDGE('',*,*,#3211,.F.);
#4061=ORIENTED_EDGE('',*,*,#3212,.F.);
#4062=ORIENTED_EDGE('',*,*,#3213,.F.);
#4063=ORIENTED_EDGE('',*,*,#3214,.F.);
#4064=ORIENTED_EDGE('',*,*,#3215,.F.);
#4065=ORIENTED_EDGE('',*,*,#3160,.F.);
#4066=ORIENTED_EDGE('',*,*,#3181,.F.);
#4067=ORIENTED_EDGE('',*,*,#3180,.F.);
#4068=ORIENTED_EDGE('',*,*,#3177,.F.);
#4069=ORIENTED_EDGE('',*,*,#3174,.F.);
#4070=ORIENTED_EDGE('',*,*,#3171,.F.);
#4071=ORIENTED_EDGE('',*,*,#3168,.F.);
#4072=ORIENTED_EDGE('',*,*,#3165,.F.);
#4073=ORIENTED_EDGE('',*,*,#3216,.T.);
#4074=ORIENTED_EDGE('',*,*,#3208,.T.);
#4075=ORIENTED_EDGE('',*,*,#3217,.T.);
#4076=ORIENTED_EDGE('',*,*,#3218,.T.);
#4077=ORIENTED_EDGE('',*,*,#3219,.T.);
#4078=ORIENTED_EDGE('',*,*,#3220,.T.);
#4079=ORIENTED_EDGE('',*,*,#3217,.F.);
#4080=ORIENTED_EDGE('',*,*,#3215,.T.);
#4081=ORIENTED_EDGE('',*,*,#3221,.T.);
#4082=ORIENTED_EDGE('',*,*,#3222,.T.);
#4083=ORIENTED_EDGE('',*,*,#3219,.F.);
#4084=ORIENTED_EDGE('',*,*,#3214,.T.);
#4085=ORIENTED_EDGE('',*,*,#3223,.T.);
#4086=ORIENTED_EDGE('',*,*,#3224,.T.);
#4087=ORIENTED_EDGE('',*,*,#3221,.F.);
#4088=ORIENTED_EDGE('',*,*,#3213,.T.);
#4089=ORIENTED_EDGE('',*,*,#3225,.T.);
#4090=ORIENTED_EDGE('',*,*,#3226,.T.);
#4091=ORIENTED_EDGE('',*,*,#3223,.F.);
#4092=ORIENTED_EDGE('',*,*,#3212,.T.);
#4093=ORIENTED_EDGE('',*,*,#3227,.T.);
#4094=ORIENTED_EDGE('',*,*,#3228,.T.);
#4095=ORIENTED_EDGE('',*,*,#3225,.F.);
#4096=ORIENTED_EDGE('',*,*,#3211,.T.);
#4097=ORIENTED_EDGE('',*,*,#3229,.T.);
#4098=ORIENTED_EDGE('',*,*,#3230,.T.);
#4099=ORIENTED_EDGE('',*,*,#3227,.F.);
#4100=ORIENTED_EDGE('',*,*,#3210,.T.);
#4101=ORIENTED_EDGE('',*,*,#3229,.F.);
#4102=ORIENTED_EDGE('',*,*,#3209,.T.);
#4103=ORIENTED_EDGE('',*,*,#3216,.F.);
#4104=ORIENTED_EDGE('',*,*,#3231,.T.);
#4105=ORIENTED_EDGE('',*,*,#3228,.F.);
#4106=ORIENTED_EDGE('',*,*,#3232,.F.);
#4107=ORIENTED_EDGE('',*,*,#3233,.F.);
#4108=ORIENTED_EDGE('',*,*,#3234,.F.);
#4109=ORIENTED_EDGE('',*,*,#3230,.F.);
#4110=ORIENTED_EDGE('',*,*,#3235,.T.);
#4111=ORIENTED_EDGE('',*,*,#3236,.F.);
#4112=ORIENTED_EDGE('',*,*,#3232,.T.);
#4113=ORIENTED_EDGE('',*,*,#3231,.F.);
#4114=ORIENTED_EDGE('',*,*,#3237,.F.);
#4115=ORIENTED_EDGE('',*,*,#3238,.F.);
#4116=ORIENTED_EDGE('',*,*,#3235,.F.);
#4117=ORIENTED_EDGE('',*,*,#3218,.F.);
#4118=ORIENTED_EDGE('',*,*,#3239,.T.);
#4119=ORIENTED_EDGE('',*,*,#3240,.F.);
#4120=ORIENTED_EDGE('',*,*,#3237,.T.);
#4121=ORIENTED_EDGE('',*,*,#3241,.T.);
#4122=ORIENTED_EDGE('',*,*,#3233,.T.);
#4123=ORIENTED_EDGE('',*,*,#3242,.T.);
#4124=ORIENTED_EDGE('',*,*,#3243,.T.);
#4125=ORIENTED_EDGE('',*,*,#3244,.T.);
#4126=ORIENTED_EDGE('',*,*,#3245,.T.);
#4127=ORIENTED_EDGE('',*,*,#3246,.T.);
#4128=ORIENTED_EDGE('',*,*,#3247,.T.);
#4129=ORIENTED_EDGE('',*,*,#3246,.F.);
#4130=ORIENTED_EDGE('',*,*,#3248,.T.);
#4131=ORIENTED_EDGE('',*,*,#3241,.F.);
#4132=ORIENTED_EDGE('',*,*,#3249,.T.);
#4133=ORIENTED_EDGE('',*,*,#3250,.T.);
#4134=ORIENTED_EDGE('',*,*,#3251,.T.);
#4135=ORIENTED_EDGE('',*,*,#3252,.T.);
#4136=ORIENTED_EDGE('',*,*,#3251,.F.);
#4137=ORIENTED_EDGE('',*,*,#3253,.T.);
#4138=ORIENTED_EDGE('',*,*,#3244,.F.);
#4139=ORIENTED_EDGE('',*,*,#3254,.T.);
#4140=ORIENTED_EDGE('',*,*,#3238,.T.);
#4141=ORIENTED_EDGE('',*,*,#3255,.T.);
#4142=ORIENTED_EDGE('',*,*,#3256,.T.);
#4143=ORIENTED_EDGE('',*,*,#3255,.F.);
#4144=ORIENTED_EDGE('',*,*,#3240,.T.);
#4145=ORIENTED_EDGE('',*,*,#3249,.F.);
#4146=ORIENTED_EDGE('',*,*,#3242,.F.);
#4147=ORIENTED_EDGE('',*,*,#3236,.T.);
#4148=ORIENTED_EDGE('',*,*,#3254,.F.);
#4149=ORIENTED_EDGE('',*,*,#3222,.F.);
#4150=ORIENTED_EDGE('',*,*,#3257,.T.);
#4151=ORIENTED_EDGE('',*,*,#3253,.F.);
#4152=ORIENTED_EDGE('',*,*,#3258,.T.);
#4153=ORIENTED_EDGE('',*,*,#3220,.F.);
#4154=ORIENTED_EDGE('',*,*,#3258,.F.);
#4155=ORIENTED_EDGE('',*,*,#3250,.F.);
#4156=ORIENTED_EDGE('',*,*,#3239,.F.);
#4157=ORIENTED_EDGE('',*,*,#3243,.F.);
#4158=ORIENTED_EDGE('',*,*,#3256,.F.);
#4159=ORIENTED_EDGE('',*,*,#3252,.F.);
#4160=ORIENTED_EDGE('',*,*,#3247,.F.);
#4161=ORIENTED_EDGE('',*,*,#3259,.T.);
#4162=ORIENTED_EDGE('',*,*,#3184,.T.);
#4163=ORIENTED_EDGE('',*,*,#3260,.T.);
#4164=ORIENTED_EDGE('',*,*,#3261,.T.);
#4165=ORIENTED_EDGE('',*,*,#3262,.T.);
#4166=ORIENTED_EDGE('',*,*,#3263,.T.);
#4167=ORIENTED_EDGE('',*,*,#3264,.T.);
#4168=ORIENTED_EDGE('',*,*,#3265,.T.);
#4169=ORIENTED_EDGE('',*,*,#3264,.F.);
#4170=ORIENTED_EDGE('',*,*,#3266,.T.);
#4171=ORIENTED_EDGE('',*,*,#3259,.F.);
#4172=ORIENTED_EDGE('',*,*,#3267,.T.);
#4173=ORIENTED_EDGE('',*,*,#3268,.T.);
#4174=ORIENTED_EDGE('',*,*,#3269,.T.);
#4175=ORIENTED_EDGE('',*,*,#3270,.T.);
#4176=ORIENTED_EDGE('',*,*,#3269,.F.);
#4177=ORIENTED_EDGE('',*,*,#3271,.T.);
#4178=ORIENTED_EDGE('',*,*,#3262,.F.);
#4179=ORIENTED_EDGE('',*,*,#3272,.T.);
#4180=ORIENTED_EDGE('',*,*,#3189,.T.);
#4181=ORIENTED_EDGE('',*,*,#3273,.T.);
#4182=ORIENTED_EDGE('',*,*,#3274,.T.);
#4183=ORIENTED_EDGE('',*,*,#3273,.F.);
#4184=ORIENTED_EDGE('',*,*,#3191,.T.);
#4185=ORIENTED_EDGE('',*,*,#3267,.F.);
#4186=ORIENTED_EDGE('',*,*,#3260,.F.);
#4187=ORIENTED_EDGE('',*,*,#3187,.T.);
#4188=ORIENTED_EDGE('',*,*,#3272,.F.);
#4189=ORIENTED_EDGE('',*,*,#3167,.F.);
#4190=ORIENTED_EDGE('',*,*,#3275,.T.);
#4191=ORIENTED_EDGE('',*,*,#3271,.F.);
#4192=ORIENTED_EDGE('',*,*,#3276,.T.);
#4193=ORIENTED_EDGE('',*,*,#3164,.F.);
#4194=ORIENTED_EDGE('',*,*,#3276,.F.);
#4195=ORIENTED_EDGE('',*,*,#3268,.F.);
#4196=ORIENTED_EDGE('',*,*,#3190,.F.);
#4197=ORIENTED_EDGE('',*,*,#3261,.F.);
#4198=ORIENTED_EDGE('',*,*,#3274,.F.);
#4199=ORIENTED_EDGE('',*,*,#3270,.F.);
#4200=ORIENTED_EDGE('',*,*,#3265,.F.);
#4201=ORIENTED_EDGE('',*,*,#3226,.F.);
#4202=ORIENTED_EDGE('',*,*,#3234,.T.);
#4203=ORIENTED_EDGE('',*,*,#3248,.F.);
#4204=ORIENTED_EDGE('',*,*,#3277,.T.);
#4205=ORIENTED_EDGE('',*,*,#3224,.F.);
#4206=ORIENTED_EDGE('',*,*,#3277,.F.);
#4207=ORIENTED_EDGE('',*,*,#3245,.F.);
#4208=ORIENTED_EDGE('',*,*,#3257,.F.);
#4209=ORIENTED_EDGE('',*,*,#3173,.F.);
#4210=ORIENTED_EDGE('',*,*,#3185,.T.);
#4211=ORIENTED_EDGE('',*,*,#3266,.F.);
#4212=ORIENTED_EDGE('',*,*,#3278,.T.);
#4213=ORIENTED_EDGE('',*,*,#3170,.F.);
#4214=ORIENTED_EDGE('',*,*,#3278,.F.);
#4215=ORIENTED_EDGE('',*,*,#3263,.F.);
#4216=ORIENTED_EDGE('',*,*,#3275,.F.);
#4217=ORIENTED_EDGE('',*,*,#3279,.T.);
#4218=ORIENTED_EDGE('',*,*,#3192,.T.);
#4219=ORIENTED_EDGE('',*,*,#3280,.T.);
#4220=ORIENTED_EDGE('',*,*,#3281,.T.);
#4221=ORIENTED_EDGE('',*,*,#3282,.T.);
#4222=ORIENTED_EDGE('',*,*,#3283,.T.);
#4223=ORIENTED_EDGE('',*,*,#3280,.F.);
#4224=ORIENTED_EDGE('',*,*,#3207,.T.);
#4225=ORIENTED_EDGE('',*,*,#3284,.T.);
#4226=ORIENTED_EDGE('',*,*,#3285,.T.);
#4227=ORIENTED_EDGE('',*,*,#3282,.F.);
#4228=ORIENTED_EDGE('',*,*,#3206,.T.);
#4229=ORIENTED_EDGE('',*,*,#3286,.T.);
#4230=ORIENTED_EDGE('',*,*,#3287,.T.);
#4231=ORIENTED_EDGE('',*,*,#3284,.F.);
#4232=ORIENTED_EDGE('',*,*,#3205,.T.);
#4233=ORIENTED_EDGE('',*,*,#3288,.T.);
#4234=ORIENTED_EDGE('',*,*,#3289,.T.);
#4235=ORIENTED_EDGE('',*,*,#3286,.F.);
#4236=ORIENTED_EDGE('',*,*,#3204,.T.);
#4237=ORIENTED_EDGE('',*,*,#3290,.T.);
#4238=ORIENTED_EDGE('',*,*,#3291,.T.);
#4239=ORIENTED_EDGE('',*,*,#3288,.F.);
#4240=ORIENTED_EDGE('',*,*,#3203,.T.);
#4241=ORIENTED_EDGE('',*,*,#3292,.T.);
#4242=ORIENTED_EDGE('',*,*,#3293,.T.);
#4243=ORIENTED_EDGE('',*,*,#3290,.F.);
#4244=ORIENTED_EDGE('',*,*,#3202,.T.);
#4245=ORIENTED_EDGE('',*,*,#3294,.T.);
#4246=ORIENTED_EDGE('',*,*,#3295,.T.);
#4247=ORIENTED_EDGE('',*,*,#3292,.F.);
#4248=ORIENTED_EDGE('',*,*,#3201,.T.);
#4249=ORIENTED_EDGE('',*,*,#3296,.T.);
#4250=ORIENTED_EDGE('',*,*,#3297,.T.);
#4251=ORIENTED_EDGE('',*,*,#3294,.F.);
#4252=ORIENTED_EDGE('',*,*,#3200,.T.);
#4253=ORIENTED_EDGE('',*,*,#3298,.T.);
#4254=ORIENTED_EDGE('',*,*,#3299,.T.);
#4255=ORIENTED_EDGE('',*,*,#3296,.F.);
#4256=ORIENTED_EDGE('',*,*,#3199,.T.);
#4257=ORIENTED_EDGE('',*,*,#3300,.T.);
#4258=ORIENTED_EDGE('',*,*,#3301,.T.);
#4259=ORIENTED_EDGE('',*,*,#3298,.F.);
#4260=ORIENTED_EDGE('',*,*,#3198,.T.);
#4261=ORIENTED_EDGE('',*,*,#3302,.T.);
#4262=ORIENTED_EDGE('',*,*,#3303,.T.);
#4263=ORIENTED_EDGE('',*,*,#3300,.F.);
#4264=ORIENTED_EDGE('',*,*,#3197,.T.);
#4265=ORIENTED_EDGE('',*,*,#3304,.T.);
#4266=ORIENTED_EDGE('',*,*,#3305,.T.);
#4267=ORIENTED_EDGE('',*,*,#3302,.F.);
#4268=ORIENTED_EDGE('',*,*,#3196,.T.);
#4269=ORIENTED_EDGE('',*,*,#3306,.T.);
#4270=ORIENTED_EDGE('',*,*,#3307,.T.);
#4271=ORIENTED_EDGE('',*,*,#3304,.F.);
#4272=ORIENTED_EDGE('',*,*,#3195,.T.);
#4273=ORIENTED_EDGE('',*,*,#3308,.T.);
#4274=ORIENTED_EDGE('',*,*,#3309,.T.);
#4275=ORIENTED_EDGE('',*,*,#3306,.F.);
#4276=ORIENTED_EDGE('',*,*,#3194,.T.);
#4277=ORIENTED_EDGE('',*,*,#3279,.F.);
#4278=ORIENTED_EDGE('',*,*,#3310,.T.);
#4279=ORIENTED_EDGE('',*,*,#3308,.F.);
#4280=ORIENTED_EDGE('',*,*,#3193,.T.);
#4281=ORIENTED_EDGE('',*,*,#3299,.F.);
#4282=ORIENTED_EDGE('',*,*,#3311,.T.);
#4283=ORIENTED_EDGE('',*,*,#3312,.F.);
#4284=ORIENTED_EDGE('',*,*,#3313,.T.);
#4285=ORIENTED_EDGE('',*,*,#3301,.F.);
#4286=ORIENTED_EDGE('',*,*,#3314,.F.);
#4287=ORIENTED_EDGE('',*,*,#3315,.F.);
#4288=ORIENTED_EDGE('',*,*,#3311,.F.);
#4289=ORIENTED_EDGE('',*,*,#3303,.F.);
#4290=ORIENTED_EDGE('',*,*,#3316,.T.);
#4291=ORIENTED_EDGE('',*,*,#3317,.F.);
#4292=ORIENTED_EDGE('',*,*,#3314,.T.);
#4293=ORIENTED_EDGE('',*,*,#3305,.F.);
#4294=ORIENTED_EDGE('',*,*,#3318,.F.);
#4295=ORIENTED_EDGE('',*,*,#3319,.F.);
#4296=ORIENTED_EDGE('',*,*,#3316,.F.);
#4297=ORIENTED_EDGE('',*,*,#3320,.T.);
#4298=ORIENTED_EDGE('',*,*,#3321,.T.);
#4299=ORIENTED_EDGE('',*,*,#3322,.T.);
#4300=ORIENTED_EDGE('',*,*,#3323,.T.);
#4301=ORIENTED_EDGE('',*,*,#3324,.T.);
#4302=ORIENTED_EDGE('',*,*,#3325,.T.);
#4303=ORIENTED_EDGE('',*,*,#3326,.T.);
#4304=ORIENTED_EDGE('',*,*,#3327,.T.);
#4305=ORIENTED_EDGE('',*,*,#3328,.T.);
#4306=ORIENTED_EDGE('',*,*,#3329,.T.);
#4307=ORIENTED_EDGE('',*,*,#3330,.T.);
#4308=ORIENTED_EDGE('',*,*,#3331,.T.);
#4309=ORIENTED_EDGE('',*,*,#3332,.T.);
#4310=ORIENTED_EDGE('',*,*,#3333,.T.);
#4311=ORIENTED_EDGE('',*,*,#3334,.T.);
#4312=ORIENTED_EDGE('',*,*,#3335,.T.);
#4313=ORIENTED_EDGE('',*,*,#3336,.T.);
#4314=ORIENTED_EDGE('',*,*,#3337,.T.);
#4315=ORIENTED_EDGE('',*,*,#3338,.T.);
#4316=ORIENTED_EDGE('',*,*,#3339,.T.);
#4317=ORIENTED_EDGE('',*,*,#3340,.T.);
#4318=ORIENTED_EDGE('',*,*,#3341,.T.);
#4319=ORIENTED_EDGE('',*,*,#3342,.T.);
#4320=ORIENTED_EDGE('',*,*,#3343,.T.);
#4321=ORIENTED_EDGE('',*,*,#3344,.T.);
#4322=ORIENTED_EDGE('',*,*,#3345,.T.);
#4323=ORIENTED_EDGE('',*,*,#3346,.T.);
#4324=ORIENTED_EDGE('',*,*,#3347,.T.);
#4325=ORIENTED_EDGE('',*,*,#3348,.T.);
#4326=ORIENTED_EDGE('',*,*,#3349,.T.);
#4327=ORIENTED_EDGE('',*,*,#3350,.T.);
#4328=ORIENTED_EDGE('',*,*,#3351,.T.);
#4329=ORIENTED_EDGE('',*,*,#3352,.T.);
#4330=ORIENTED_EDGE('',*,*,#3353,.T.);
#4331=ORIENTED_EDGE('',*,*,#3354,.T.);
#4332=ORIENTED_EDGE('',*,*,#3355,.T.);
#4333=ORIENTED_EDGE('',*,*,#3356,.T.);
#4334=ORIENTED_EDGE('',*,*,#3357,.T.);
#4335=ORIENTED_EDGE('',*,*,#3358,.T.);
#4336=ORIENTED_EDGE('',*,*,#3359,.T.);
#4337=ORIENTED_EDGE('',*,*,#3360,.T.);
#4338=ORIENTED_EDGE('',*,*,#3361,.T.);
#4339=ORIENTED_EDGE('',*,*,#3362,.T.);
#4340=ORIENTED_EDGE('',*,*,#3363,.T.);
#4341=ORIENTED_EDGE('',*,*,#3364,.T.);
#4342=ORIENTED_EDGE('',*,*,#3365,.T.);
#4343=ORIENTED_EDGE('',*,*,#3366,.T.);
#4344=ORIENTED_EDGE('',*,*,#3367,.T.);
#4345=ORIENTED_EDGE('',*,*,#3368,.T.);
#4346=ORIENTED_EDGE('',*,*,#3369,.T.);
#4347=ORIENTED_EDGE('',*,*,#3370,.T.);
#4348=ORIENTED_EDGE('',*,*,#3371,.T.);
#4349=ORIENTED_EDGE('',*,*,#3372,.T.);
#4350=ORIENTED_EDGE('',*,*,#3373,.T.);
#4351=ORIENTED_EDGE('',*,*,#3374,.T.);
#4352=ORIENTED_EDGE('',*,*,#3375,.T.);
#4353=ORIENTED_EDGE('',*,*,#3376,.T.);
#4354=ORIENTED_EDGE('',*,*,#3377,.T.);
#4355=ORIENTED_EDGE('',*,*,#3378,.T.);
#4356=ORIENTED_EDGE('',*,*,#3379,.T.);
#4357=ORIENTED_EDGE('',*,*,#3380,.T.);
#4358=ORIENTED_EDGE('',*,*,#3381,.T.);
#4359=ORIENTED_EDGE('',*,*,#3382,.T.);
#4360=ORIENTED_EDGE('',*,*,#3383,.T.);
#4361=ORIENTED_EDGE('',*,*,#3384,.T.);
#4362=ORIENTED_EDGE('',*,*,#3385,.T.);
#4363=ORIENTED_EDGE('',*,*,#3386,.T.);
#4364=ORIENTED_EDGE('',*,*,#3387,.T.);
#4365=ORIENTED_EDGE('',*,*,#3388,.T.);
#4366=ORIENTED_EDGE('',*,*,#3389,.T.);
#4367=ORIENTED_EDGE('',*,*,#3390,.T.);
#4368=ORIENTED_EDGE('',*,*,#3391,.T.);
#4369=ORIENTED_EDGE('',*,*,#3392,.T.);
#4370=ORIENTED_EDGE('',*,*,#3393,.T.);
#4371=ORIENTED_EDGE('',*,*,#3394,.T.);
#4372=ORIENTED_EDGE('',*,*,#3395,.T.);
#4373=ORIENTED_EDGE('',*,*,#3396,.T.);
#4374=ORIENTED_EDGE('',*,*,#3397,.T.);
#4375=ORIENTED_EDGE('',*,*,#3307,.F.);
#4376=ORIENTED_EDGE('',*,*,#3398,.T.);
#4377=ORIENTED_EDGE('',*,*,#3399,.F.);
#4378=ORIENTED_EDGE('',*,*,#3318,.T.);
#4379=ORIENTED_EDGE('',*,*,#3309,.F.);
#4380=ORIENTED_EDGE('',*,*,#3400,.F.);
#4381=ORIENTED_EDGE('',*,*,#3401,.F.);
#4382=ORIENTED_EDGE('',*,*,#3398,.F.);
#4383=ORIENTED_EDGE('',*,*,#3402,.F.);
#4384=ORIENTED_EDGE('',*,*,#3403,.F.);
#4385=ORIENTED_EDGE('',*,*,#3404,.F.);
#4386=ORIENTED_EDGE('',*,*,#3405,.F.);
#4387=ORIENTED_EDGE('',*,*,#3406,.F.);
#4388=ORIENTED_EDGE('',*,*,#3407,.F.);
#4389=ORIENTED_EDGE('',*,*,#3408,.F.);
#4390=ORIENTED_EDGE('',*,*,#3409,.F.);
#4391=ORIENTED_EDGE('',*,*,#3410,.F.);
#4392=ORIENTED_EDGE('',*,*,#3411,.F.);
#4393=ORIENTED_EDGE('',*,*,#3412,.F.);
#4394=ORIENTED_EDGE('',*,*,#3413,.F.);
#4395=ORIENTED_EDGE('',*,*,#3414,.F.);
#4396=ORIENTED_EDGE('',*,*,#3415,.F.);
#4397=ORIENTED_EDGE('',*,*,#3416,.F.);
#4398=ORIENTED_EDGE('',*,*,#3417,.F.);
#4399=ORIENTED_EDGE('',*,*,#3418,.F.);
#4400=ORIENTED_EDGE('',*,*,#3419,.F.);
#4401=ORIENTED_EDGE('',*,*,#3420,.F.);
#4402=ORIENTED_EDGE('',*,*,#3421,.F.);
#4403=ORIENTED_EDGE('',*,*,#3422,.F.);
#4404=ORIENTED_EDGE('',*,*,#3423,.F.);
#4405=ORIENTED_EDGE('',*,*,#3424,.F.);
#4406=ORIENTED_EDGE('',*,*,#3425,.F.);
#4407=ORIENTED_EDGE('',*,*,#3426,.F.);
#4408=ORIENTED_EDGE('',*,*,#3427,.F.);
#4409=ORIENTED_EDGE('',*,*,#3310,.F.);
#4410=ORIENTED_EDGE('',*,*,#3428,.T.);
#4411=ORIENTED_EDGE('',*,*,#3429,.F.);
#4412=ORIENTED_EDGE('',*,*,#3400,.T.);
#4413=ORIENTED_EDGE('',*,*,#3281,.F.);
#4414=ORIENTED_EDGE('',*,*,#3430,.F.);
#4415=ORIENTED_EDGE('',*,*,#3431,.F.);
#4416=ORIENTED_EDGE('',*,*,#3428,.F.);
#4417=ORIENTED_EDGE('',*,*,#3432,.T.);
#4418=ORIENTED_EDGE('',*,*,#3433,.T.);
#4419=ORIENTED_EDGE('',*,*,#3434,.T.);
#4420=ORIENTED_EDGE('',*,*,#3435,.T.);
#4421=ORIENTED_EDGE('',*,*,#3436,.T.);
#4422=ORIENTED_EDGE('',*,*,#3437,.T.);
#4423=ORIENTED_EDGE('',*,*,#3438,.T.);
#4424=ORIENTED_EDGE('',*,*,#3439,.T.);
#4425=ORIENTED_EDGE('',*,*,#3440,.T.);
#4426=ORIENTED_EDGE('',*,*,#3441,.T.);
#4427=ORIENTED_EDGE('',*,*,#3442,.T.);
#4428=ORIENTED_EDGE('',*,*,#3443,.T.);
#4429=ORIENTED_EDGE('',*,*,#3444,.T.);
#4430=ORIENTED_EDGE('',*,*,#3445,.T.);
#4431=ORIENTED_EDGE('',*,*,#3446,.T.);
#4432=ORIENTED_EDGE('',*,*,#3447,.T.);
#4433=ORIENTED_EDGE('',*,*,#3448,.T.);
#4434=ORIENTED_EDGE('',*,*,#3449,.T.);
#4435=ORIENTED_EDGE('',*,*,#3450,.T.);
#4436=ORIENTED_EDGE('',*,*,#3451,.T.);
#4437=ORIENTED_EDGE('',*,*,#3452,.T.);
#4438=ORIENTED_EDGE('',*,*,#3453,.T.);
#4439=ORIENTED_EDGE('',*,*,#3454,.T.);
#4440=ORIENTED_EDGE('',*,*,#3455,.T.);
#4441=ORIENTED_EDGE('',*,*,#3456,.T.);
#4442=ORIENTED_EDGE('',*,*,#3457,.T.);
#4443=ORIENTED_EDGE('',*,*,#3458,.T.);
#4444=ORIENTED_EDGE('',*,*,#3459,.T.);
#4445=ORIENTED_EDGE('',*,*,#3460,.T.);
#4446=ORIENTED_EDGE('',*,*,#3461,.T.);
#4447=ORIENTED_EDGE('',*,*,#3462,.T.);
#4448=ORIENTED_EDGE('',*,*,#3463,.T.);
#4449=ORIENTED_EDGE('',*,*,#3464,.T.);
#4450=ORIENTED_EDGE('',*,*,#3465,.T.);
#4451=ORIENTED_EDGE('',*,*,#3466,.T.);
#4452=ORIENTED_EDGE('',*,*,#3467,.T.);
#4453=ORIENTED_EDGE('',*,*,#3468,.T.);
#4454=ORIENTED_EDGE('',*,*,#3469,.T.);
#4455=ORIENTED_EDGE('',*,*,#3470,.T.);
#4456=ORIENTED_EDGE('',*,*,#3471,.T.);
#4457=ORIENTED_EDGE('',*,*,#3472,.T.);
#4458=ORIENTED_EDGE('',*,*,#3473,.T.);
#4459=ORIENTED_EDGE('',*,*,#3474,.T.);
#4460=ORIENTED_EDGE('',*,*,#3475,.T.);
#4461=ORIENTED_EDGE('',*,*,#3476,.T.);
#4462=ORIENTED_EDGE('',*,*,#3477,.T.);
#4463=ORIENTED_EDGE('',*,*,#3478,.T.);
#4464=ORIENTED_EDGE('',*,*,#3479,.T.);
#4465=ORIENTED_EDGE('',*,*,#3480,.T.);
#4466=ORIENTED_EDGE('',*,*,#3481,.T.);
#4467=ORIENTED_EDGE('',*,*,#3482,.T.);
#4468=ORIENTED_EDGE('',*,*,#3483,.T.);
#4469=ORIENTED_EDGE('',*,*,#3484,.T.);
#4470=ORIENTED_EDGE('',*,*,#3485,.T.);
#4471=ORIENTED_EDGE('',*,*,#3486,.T.);
#4472=ORIENTED_EDGE('',*,*,#3487,.T.);
#4473=ORIENTED_EDGE('',*,*,#3488,.T.);
#4474=ORIENTED_EDGE('',*,*,#3489,.T.);
#4475=ORIENTED_EDGE('',*,*,#3490,.T.);
#4476=ORIENTED_EDGE('',*,*,#3491,.T.);
#4477=ORIENTED_EDGE('',*,*,#3492,.T.);
#4478=ORIENTED_EDGE('',*,*,#3493,.T.);
#4479=ORIENTED_EDGE('',*,*,#3494,.T.);
#4480=ORIENTED_EDGE('',*,*,#3495,.T.);
#4481=ORIENTED_EDGE('',*,*,#3496,.T.);
#4482=ORIENTED_EDGE('',*,*,#3497,.T.);
#4483=ORIENTED_EDGE('',*,*,#3498,.T.);
#4484=ORIENTED_EDGE('',*,*,#3499,.T.);
#4485=ORIENTED_EDGE('',*,*,#3500,.T.);
#4486=ORIENTED_EDGE('',*,*,#3501,.T.);
#4487=ORIENTED_EDGE('',*,*,#3502,.T.);
#4488=ORIENTED_EDGE('',*,*,#3503,.T.);
#4489=ORIENTED_EDGE('',*,*,#3504,.T.);
#4490=ORIENTED_EDGE('',*,*,#3505,.T.);
#4491=ORIENTED_EDGE('',*,*,#3506,.T.);
#4492=ORIENTED_EDGE('',*,*,#3507,.T.);
#4493=ORIENTED_EDGE('',*,*,#3508,.T.);
#4494=ORIENTED_EDGE('',*,*,#3509,.T.);
#4495=ORIENTED_EDGE('',*,*,#3510,.T.);
#4496=ORIENTED_EDGE('',*,*,#3511,.T.);
#4497=ORIENTED_EDGE('',*,*,#3512,.T.);
#4498=ORIENTED_EDGE('',*,*,#3319,.T.);
#4499=ORIENTED_EDGE('',*,*,#3513,.T.);
#4500=ORIENTED_EDGE('',*,*,#3317,.T.);
#4501=ORIENTED_EDGE('',*,*,#3512,.F.);
#4502=ORIENTED_EDGE('',*,*,#3514,.T.);
#4503=ORIENTED_EDGE('',*,*,#3515,.T.);
#4504=ORIENTED_EDGE('',*,*,#3315,.T.);
#4505=ORIENTED_EDGE('',*,*,#3513,.F.);
#4506=ORIENTED_EDGE('',*,*,#3516,.T.);
#4507=ORIENTED_EDGE('',*,*,#3517,.T.);
#4508=ORIENTED_EDGE('',*,*,#3312,.T.);
#4509=ORIENTED_EDGE('',*,*,#3515,.F.);
#4510=ORIENTED_EDGE('',*,*,#3518,.T.);
#4511=ORIENTED_EDGE('',*,*,#3519,.T.);
#4512=ORIENTED_EDGE('',*,*,#3520,.T.);
#4513=ORIENTED_EDGE('',*,*,#3517,.F.);
#4514=ORIENTED_EDGE('',*,*,#3521,.T.);
#4515=ORIENTED_EDGE('',*,*,#3522,.T.);
#4516=ORIENTED_EDGE('',*,*,#3523,.T.);
#4517=ORIENTED_EDGE('',*,*,#3519,.F.);
#4518=ORIENTED_EDGE('',*,*,#3524,.T.);
#4519=ORIENTED_EDGE('',*,*,#3525,.T.);
#4520=ORIENTED_EDGE('',*,*,#3526,.T.);
#4521=ORIENTED_EDGE('',*,*,#3522,.F.);
#4522=ORIENTED_EDGE('',*,*,#3527,.T.);
#4523=ORIENTED_EDGE('',*,*,#3528,.T.);
#4524=ORIENTED_EDGE('',*,*,#3529,.T.);
#4525=ORIENTED_EDGE('',*,*,#3525,.F.);
#4526=ORIENTED_EDGE('',*,*,#3530,.T.);
#4527=ORIENTED_EDGE('',*,*,#3531,.T.);
#4528=ORIENTED_EDGE('',*,*,#3532,.T.);
#4529=ORIENTED_EDGE('',*,*,#3528,.F.);
#4530=ORIENTED_EDGE('',*,*,#3533,.T.);
#4531=ORIENTED_EDGE('',*,*,#3534,.T.);
#4532=ORIENTED_EDGE('',*,*,#3535,.T.);
#4533=ORIENTED_EDGE('',*,*,#3531,.F.);
#4534=ORIENTED_EDGE('',*,*,#3536,.T.);
#4535=ORIENTED_EDGE('',*,*,#3537,.T.);
#4536=ORIENTED_EDGE('',*,*,#3538,.T.);
#4537=ORIENTED_EDGE('',*,*,#3534,.F.);
#4538=ORIENTED_EDGE('',*,*,#3539,.T.);
#4539=ORIENTED_EDGE('',*,*,#3540,.T.);
#4540=ORIENTED_EDGE('',*,*,#3541,.T.);
#4541=ORIENTED_EDGE('',*,*,#3537,.F.);
#4542=ORIENTED_EDGE('',*,*,#3542,.T.);
#4543=ORIENTED_EDGE('',*,*,#3543,.T.);
#4544=ORIENTED_EDGE('',*,*,#3431,.T.);
#4545=ORIENTED_EDGE('',*,*,#3540,.F.);
#4546=ORIENTED_EDGE('',*,*,#3544,.T.);
#4547=ORIENTED_EDGE('',*,*,#3545,.T.);
#4548=ORIENTED_EDGE('',*,*,#3429,.T.);
#4549=ORIENTED_EDGE('',*,*,#3543,.F.);
#4550=ORIENTED_EDGE('',*,*,#3546,.T.);
#4551=ORIENTED_EDGE('',*,*,#3547,.T.);
#4552=ORIENTED_EDGE('',*,*,#3401,.T.);
#4553=ORIENTED_EDGE('',*,*,#3545,.F.);
#4554=ORIENTED_EDGE('',*,*,#3548,.T.);
#4555=ORIENTED_EDGE('',*,*,#3510,.F.);
#4556=ORIENTED_EDGE('',*,*,#3399,.T.);
#4557=ORIENTED_EDGE('',*,*,#3547,.F.);
#4558=ORIENTED_EDGE('',*,*,#3549,.T.);
#4559=ORIENTED_EDGE('',*,*,#3287,.F.);
#4560=ORIENTED_EDGE('',*,*,#3550,.T.);
#4561=ORIENTED_EDGE('',*,*,#3535,.F.);
#4562=ORIENTED_EDGE('',*,*,#3551,.T.);
#4563=ORIENTED_EDGE('',*,*,#3285,.F.);
#4564=ORIENTED_EDGE('',*,*,#3551,.F.);
#4565=ORIENTED_EDGE('',*,*,#3538,.F.);
#4566=ORIENTED_EDGE('',*,*,#3552,.F.);
#4567=ORIENTED_EDGE('',*,*,#3283,.F.);
#4568=ORIENTED_EDGE('',*,*,#3552,.T.);
#4569=ORIENTED_EDGE('',*,*,#3541,.F.);
#4570=ORIENTED_EDGE('',*,*,#3430,.T.);
#4571=ORIENTED_EDGE('',*,*,#3511,.F.);
#4572=ORIENTED_EDGE('',*,*,#3549,.F.);
#4573=ORIENTED_EDGE('',*,*,#3548,.F.);
#4574=ORIENTED_EDGE('',*,*,#3546,.F.);
#4575=ORIENTED_EDGE('',*,*,#3544,.F.);
#4576=ORIENTED_EDGE('',*,*,#3542,.F.);
#4577=ORIENTED_EDGE('',*,*,#3539,.F.);
#4578=ORIENTED_EDGE('',*,*,#3536,.F.);
#4579=ORIENTED_EDGE('',*,*,#3533,.F.);
#4580=ORIENTED_EDGE('',*,*,#3530,.F.);
#4581=ORIENTED_EDGE('',*,*,#3527,.F.);
#4582=ORIENTED_EDGE('',*,*,#3524,.F.);
#4583=ORIENTED_EDGE('',*,*,#3521,.F.);
#4584=ORIENTED_EDGE('',*,*,#3518,.F.);
#4585=ORIENTED_EDGE('',*,*,#3516,.F.);
#4586=ORIENTED_EDGE('',*,*,#3514,.F.);
#4587=ORIENTED_EDGE('',*,*,#3553,.T.);
#4588=ORIENTED_EDGE('',*,*,#3554,.F.);
#4589=ORIENTED_EDGE('',*,*,#3555,.T.);
#4590=ORIENTED_EDGE('',*,*,#3556,.F.);
#4591=ORIENTED_EDGE('',*,*,#3557,.T.);
#4592=ORIENTED_EDGE('',*,*,#3558,.F.);
#4593=ORIENTED_EDGE('',*,*,#3559,.T.);
#4594=ORIENTED_EDGE('',*,*,#3560,.F.);
#4595=ORIENTED_EDGE('',*,*,#3561,.T.);
#4596=ORIENTED_EDGE('',*,*,#3562,.F.);
#4597=ORIENTED_EDGE('',*,*,#3563,.T.);
#4598=ORIENTED_EDGE('',*,*,#3564,.F.);
#4599=ORIENTED_EDGE('',*,*,#3565,.T.);
#4600=ORIENTED_EDGE('',*,*,#3566,.F.);
#4601=ORIENTED_EDGE('',*,*,#3567,.T.);
#4602=ORIENTED_EDGE('',*,*,#3568,.F.);
#4603=ORIENTED_EDGE('',*,*,#3291,.F.);
#4604=ORIENTED_EDGE('',*,*,#3569,.T.);
#4605=ORIENTED_EDGE('',*,*,#3529,.F.);
#4606=ORIENTED_EDGE('',*,*,#3570,.T.);
#4607=ORIENTED_EDGE('',*,*,#3289,.F.);
#4608=ORIENTED_EDGE('',*,*,#3570,.F.);
#4609=ORIENTED_EDGE('',*,*,#3532,.F.);
#4610=ORIENTED_EDGE('',*,*,#3550,.F.);
#4611=ORIENTED_EDGE('',*,*,#3571,.T.);
#4612=ORIENTED_EDGE('',*,*,#3572,.T.);
#4613=ORIENTED_EDGE('',*,*,#3573,.T.);
#4614=ORIENTED_EDGE('',*,*,#3574,.T.);
#4615=ORIENTED_EDGE('',*,*,#3575,.T.);
#4616=ORIENTED_EDGE('',*,*,#3576,.T.);
#4617=ORIENTED_EDGE('',*,*,#3577,.T.);
#4618=ORIENTED_EDGE('',*,*,#3578,.T.);
#4619=ORIENTED_EDGE('',*,*,#3579,.T.);
#4620=ORIENTED_EDGE('',*,*,#3580,.T.);
#4621=ORIENTED_EDGE('',*,*,#3581,.T.);
#4622=ORIENTED_EDGE('',*,*,#3582,.T.);
#4623=ORIENTED_EDGE('',*,*,#3583,.T.);
#4624=ORIENTED_EDGE('',*,*,#3584,.T.);
#4625=ORIENTED_EDGE('',*,*,#3585,.T.);
#4626=ORIENTED_EDGE('',*,*,#3586,.T.);
#4627=ORIENTED_EDGE('',*,*,#3587,.T.);
#4628=ORIENTED_EDGE('',*,*,#3588,.T.);
#4629=ORIENTED_EDGE('',*,*,#3589,.T.);
#4630=ORIENTED_EDGE('',*,*,#3590,.T.);
#4631=ORIENTED_EDGE('',*,*,#3591,.T.);
#4632=ORIENTED_EDGE('',*,*,#3592,.T.);
#4633=ORIENTED_EDGE('',*,*,#3593,.T.);
#4634=ORIENTED_EDGE('',*,*,#3594,.T.);
#4635=ORIENTED_EDGE('',*,*,#3595,.T.);
#4636=ORIENTED_EDGE('',*,*,#3596,.T.);
#4637=ORIENTED_EDGE('',*,*,#3597,.T.);
#4638=ORIENTED_EDGE('',*,*,#3598,.T.);
#4639=ORIENTED_EDGE('',*,*,#3599,.T.);
#4640=ORIENTED_EDGE('',*,*,#3600,.T.);
#4641=ORIENTED_EDGE('',*,*,#3601,.T.);
#4642=ORIENTED_EDGE('',*,*,#3602,.T.);
#4643=ORIENTED_EDGE('',*,*,#3603,.T.);
#4644=ORIENTED_EDGE('',*,*,#3604,.T.);
#4645=ORIENTED_EDGE('',*,*,#3605,.T.);
#4646=ORIENTED_EDGE('',*,*,#3606,.T.);
#4647=ORIENTED_EDGE('',*,*,#3607,.T.);
#4648=ORIENTED_EDGE('',*,*,#3608,.T.);
#4649=ORIENTED_EDGE('',*,*,#3609,.T.);
#4650=ORIENTED_EDGE('',*,*,#3610,.T.);
#4651=ORIENTED_EDGE('',*,*,#3611,.T.);
#4652=ORIENTED_EDGE('',*,*,#3612,.T.);
#4653=ORIENTED_EDGE('',*,*,#3613,.T.);
#4654=ORIENTED_EDGE('',*,*,#3614,.T.);
#4655=ORIENTED_EDGE('',*,*,#3615,.T.);
#4656=ORIENTED_EDGE('',*,*,#3616,.T.);
#4657=ORIENTED_EDGE('',*,*,#3617,.T.);
#4658=ORIENTED_EDGE('',*,*,#3618,.T.);
#4659=ORIENTED_EDGE('',*,*,#3619,.T.);
#4660=ORIENTED_EDGE('',*,*,#3620,.T.);
#4661=ORIENTED_EDGE('',*,*,#3621,.T.);
#4662=ORIENTED_EDGE('',*,*,#3622,.T.);
#4663=ORIENTED_EDGE('',*,*,#3623,.T.);
#4664=ORIENTED_EDGE('',*,*,#3624,.T.);
#4665=ORIENTED_EDGE('',*,*,#3625,.T.);
#4666=ORIENTED_EDGE('',*,*,#3626,.T.);
#4667=ORIENTED_EDGE('',*,*,#3627,.T.);
#4668=ORIENTED_EDGE('',*,*,#3628,.T.);
#4669=ORIENTED_EDGE('',*,*,#3629,.T.);
#4670=ORIENTED_EDGE('',*,*,#3630,.T.);
#4671=ORIENTED_EDGE('',*,*,#3631,.T.);
#4672=ORIENTED_EDGE('',*,*,#3632,.T.);
#4673=ORIENTED_EDGE('',*,*,#3633,.T.);
#4674=ORIENTED_EDGE('',*,*,#3634,.T.);
#4675=ORIENTED_EDGE('',*,*,#3635,.T.);
#4676=ORIENTED_EDGE('',*,*,#3636,.T.);
#4677=ORIENTED_EDGE('',*,*,#3637,.T.);
#4678=ORIENTED_EDGE('',*,*,#3638,.T.);
#4679=ORIENTED_EDGE('',*,*,#3639,.T.);
#4680=ORIENTED_EDGE('',*,*,#3640,.T.);
#4681=ORIENTED_EDGE('',*,*,#3641,.T.);
#4682=ORIENTED_EDGE('',*,*,#3642,.T.);
#4683=ORIENTED_EDGE('',*,*,#3643,.T.);
#4684=ORIENTED_EDGE('',*,*,#3644,.T.);
#4685=ORIENTED_EDGE('',*,*,#3645,.T.);
#4686=ORIENTED_EDGE('',*,*,#3646,.T.);
#4687=ORIENTED_EDGE('',*,*,#3647,.T.);
#4688=ORIENTED_EDGE('',*,*,#3648,.T.);
#4689=ORIENTED_EDGE('',*,*,#3295,.F.);
#4690=ORIENTED_EDGE('',*,*,#3649,.T.);
#4691=ORIENTED_EDGE('',*,*,#3523,.F.);
#4692=ORIENTED_EDGE('',*,*,#3650,.T.);
#4693=ORIENTED_EDGE('',*,*,#3297,.F.);
#4694=ORIENTED_EDGE('',*,*,#3313,.F.);
#4695=ORIENTED_EDGE('',*,*,#3520,.F.);
#4696=ORIENTED_EDGE('',*,*,#3649,.F.);
#4697=ORIENTED_EDGE('',*,*,#3651,.T.);
#4698=ORIENTED_EDGE('',*,*,#3652,.T.);
#4699=ORIENTED_EDGE('',*,*,#3653,.T.);
#4700=ORIENTED_EDGE('',*,*,#3654,.T.);
#4701=ORIENTED_EDGE('',*,*,#3655,.T.);
#4702=ORIENTED_EDGE('',*,*,#3656,.T.);
#4703=ORIENTED_EDGE('',*,*,#3657,.T.);
#4704=ORIENTED_EDGE('',*,*,#3658,.T.);
#4705=ORIENTED_EDGE('',*,*,#3659,.T.);
#4706=ORIENTED_EDGE('',*,*,#3660,.T.);
#4707=ORIENTED_EDGE('',*,*,#3661,.T.);
#4708=ORIENTED_EDGE('',*,*,#3662,.T.);
#4709=ORIENTED_EDGE('',*,*,#3663,.T.);
#4710=ORIENTED_EDGE('',*,*,#3664,.T.);
#4711=ORIENTED_EDGE('',*,*,#3665,.T.);
#4712=ORIENTED_EDGE('',*,*,#3666,.T.);
#4713=ORIENTED_EDGE('',*,*,#3667,.T.);
#4714=ORIENTED_EDGE('',*,*,#3668,.T.);
#4715=ORIENTED_EDGE('',*,*,#3669,.T.);
#4716=ORIENTED_EDGE('',*,*,#3670,.T.);
#4717=ORIENTED_EDGE('',*,*,#3671,.T.);
#4718=ORIENTED_EDGE('',*,*,#3672,.T.);
#4719=ORIENTED_EDGE('',*,*,#3673,.T.);
#4720=ORIENTED_EDGE('',*,*,#3674,.T.);
#4721=ORIENTED_EDGE('',*,*,#3675,.T.);
#4722=ORIENTED_EDGE('',*,*,#3676,.T.);
#4723=ORIENTED_EDGE('',*,*,#3677,.T.);
#4724=ORIENTED_EDGE('',*,*,#3678,.T.);
#4725=ORIENTED_EDGE('',*,*,#3679,.T.);
#4726=ORIENTED_EDGE('',*,*,#3680,.T.);
#4727=ORIENTED_EDGE('',*,*,#3681,.T.);
#4728=ORIENTED_EDGE('',*,*,#3682,.T.);
#4729=ORIENTED_EDGE('',*,*,#3683,.T.);
#4730=ORIENTED_EDGE('',*,*,#3684,.T.);
#4731=ORIENTED_EDGE('',*,*,#3685,.T.);
#4732=ORIENTED_EDGE('',*,*,#3686,.T.);
#4733=ORIENTED_EDGE('',*,*,#3687,.T.);
#4734=ORIENTED_EDGE('',*,*,#3688,.T.);
#4735=ORIENTED_EDGE('',*,*,#3689,.T.);
#4736=ORIENTED_EDGE('',*,*,#3690,.T.);
#4737=ORIENTED_EDGE('',*,*,#3691,.T.);
#4738=ORIENTED_EDGE('',*,*,#3692,.T.);
#4739=ORIENTED_EDGE('',*,*,#3693,.T.);
#4740=ORIENTED_EDGE('',*,*,#3694,.T.);
#4741=ORIENTED_EDGE('',*,*,#3695,.T.);
#4742=ORIENTED_EDGE('',*,*,#3696,.T.);
#4743=ORIENTED_EDGE('',*,*,#3697,.T.);
#4744=ORIENTED_EDGE('',*,*,#3698,.T.);
#4745=ORIENTED_EDGE('',*,*,#3699,.T.);
#4746=ORIENTED_EDGE('',*,*,#3700,.T.);
#4747=ORIENTED_EDGE('',*,*,#3701,.T.);
#4748=ORIENTED_EDGE('',*,*,#3702,.T.);
#4749=ORIENTED_EDGE('',*,*,#3703,.T.);
#4750=ORIENTED_EDGE('',*,*,#3704,.T.);
#4751=ORIENTED_EDGE('',*,*,#3705,.T.);
#4752=ORIENTED_EDGE('',*,*,#3706,.T.);
#4753=ORIENTED_EDGE('',*,*,#3707,.T.);
#4754=ORIENTED_EDGE('',*,*,#3708,.T.);
#4755=ORIENTED_EDGE('',*,*,#3709,.T.);
#4756=ORIENTED_EDGE('',*,*,#3710,.T.);
#4757=ORIENTED_EDGE('',*,*,#3711,.T.);
#4758=ORIENTED_EDGE('',*,*,#3712,.T.);
#4759=ORIENTED_EDGE('',*,*,#3713,.T.);
#4760=ORIENTED_EDGE('',*,*,#3714,.T.);
#4761=ORIENTED_EDGE('',*,*,#3715,.T.);
#4762=ORIENTED_EDGE('',*,*,#3716,.T.);
#4763=ORIENTED_EDGE('',*,*,#3717,.T.);
#4764=ORIENTED_EDGE('',*,*,#3718,.T.);
#4765=ORIENTED_EDGE('',*,*,#3719,.T.);
#4766=ORIENTED_EDGE('',*,*,#3720,.T.);
#4767=ORIENTED_EDGE('',*,*,#3721,.T.);
#4768=ORIENTED_EDGE('',*,*,#3722,.T.);
#4769=ORIENTED_EDGE('',*,*,#3723,.T.);
#4770=ORIENTED_EDGE('',*,*,#3724,.T.);
#4771=ORIENTED_EDGE('',*,*,#3725,.T.);
#4772=ORIENTED_EDGE('',*,*,#3726,.T.);
#4773=ORIENTED_EDGE('',*,*,#3727,.T.);
#4774=ORIENTED_EDGE('',*,*,#3728,.T.);
#4775=ORIENTED_EDGE('',*,*,#3729,.T.);
#4776=ORIENTED_EDGE('',*,*,#3730,.T.);
#4777=ORIENTED_EDGE('',*,*,#3731,.T.);
#4778=ORIENTED_EDGE('',*,*,#3732,.T.);
#4779=ORIENTED_EDGE('',*,*,#3733,.T.);
#4780=ORIENTED_EDGE('',*,*,#3734,.T.);
#4781=ORIENTED_EDGE('',*,*,#3735,.T.);
#4782=ORIENTED_EDGE('',*,*,#3736,.T.);
#4783=ORIENTED_EDGE('',*,*,#3735,.F.);
#4784=ORIENTED_EDGE('',*,*,#3729,.F.);
#4785=ORIENTED_EDGE('',*,*,#3737,.T.);
#4786=ORIENTED_EDGE('',*,*,#3738,.T.);
#4787=ORIENTED_EDGE('',*,*,#3739,.T.);
#4788=ORIENTED_EDGE('',*,*,#3740,.T.);
#4789=ORIENTED_EDGE('',*,*,#3741,.T.);
#4790=ORIENTED_EDGE('',*,*,#3740,.F.);
#4791=ORIENTED_EDGE('',*,*,#3733,.F.);
#4792=ORIENTED_EDGE('',*,*,#3742,.T.);
#4793=ORIENTED_EDGE('',*,*,#3743,.T.);
#4794=ORIENTED_EDGE('',*,*,#3744,.T.);
#4795=ORIENTED_EDGE('',*,*,#3745,.T.);
#4796=ORIENTED_EDGE('',*,*,#3746,.T.);
#4797=ORIENTED_EDGE('',*,*,#3745,.F.);
#4798=ORIENTED_EDGE('',*,*,#3738,.F.);
#4799=ORIENTED_EDGE('',*,*,#3747,.T.);
#4800=ORIENTED_EDGE('',*,*,#3731,.F.);
#4801=ORIENTED_EDGE('',*,*,#3743,.F.);
#4802=ORIENTED_EDGE('',*,*,#3748,.T.);
#4803=ORIENTED_EDGE('',*,*,#3737,.F.);
#4804=ORIENTED_EDGE('',*,*,#3749,.T.);
#4805=ORIENTED_EDGE('',*,*,#3562,.T.);
#4806=ORIENTED_EDGE('',*,*,#3750,.T.);
#4807=ORIENTED_EDGE('',*,*,#3732,.F.);
#4808=ORIENTED_EDGE('',*,*,#3751,.F.);
#4809=ORIENTED_EDGE('',*,*,#3563,.F.);
#4810=ORIENTED_EDGE('',*,*,#3749,.F.);
#4811=ORIENTED_EDGE('',*,*,#3748,.F.);
#4812=ORIENTED_EDGE('',*,*,#3752,.T.);
#4813=ORIENTED_EDGE('',*,*,#3564,.T.);
#4814=ORIENTED_EDGE('',*,*,#3751,.T.);
#4815=ORIENTED_EDGE('',*,*,#3746,.F.);
#4816=ORIENTED_EDGE('',*,*,#3753,.F.);
#4817=ORIENTED_EDGE('',*,*,#3565,.F.);
#4818=ORIENTED_EDGE('',*,*,#3752,.F.);
#4819=ORIENTED_EDGE('',*,*,#3730,.F.);
#4820=ORIENTED_EDGE('',*,*,#3734,.F.);
#4821=ORIENTED_EDGE('',*,*,#3739,.F.);
#4822=ORIENTED_EDGE('',*,*,#3744,.F.);
#4823=ORIENTED_EDGE('',*,*,#3736,.F.);
#4824=ORIENTED_EDGE('',*,*,#3750,.F.);
#4825=ORIENTED_EDGE('',*,*,#3561,.F.);
#4826=ORIENTED_EDGE('',*,*,#3754,.F.);
#4827=ORIENTED_EDGE('',*,*,#3747,.F.);
#4828=ORIENTED_EDGE('',*,*,#3755,.T.);
#4829=ORIENTED_EDGE('',*,*,#3566,.T.);
#4830=ORIENTED_EDGE('',*,*,#3753,.T.);
#4831=ORIENTED_EDGE('',*,*,#3742,.F.);
#4832=ORIENTED_EDGE('',*,*,#3754,.T.);
#4833=ORIENTED_EDGE('',*,*,#3568,.T.);
#4834=ORIENTED_EDGE('',*,*,#3756,.T.);
#4835=ORIENTED_EDGE('',*,*,#3741,.F.);
#4836=ORIENTED_EDGE('',*,*,#3756,.F.);
#4837=ORIENTED_EDGE('',*,*,#3567,.F.);
#4838=ORIENTED_EDGE('',*,*,#3755,.F.);
#4839=ORIENTED_EDGE('',*,*,#3757,.T.);
#4840=ORIENTED_EDGE('',*,*,#3758,.T.);
#4841=ORIENTED_EDGE('',*,*,#3759,.T.);
#4842=ORIENTED_EDGE('',*,*,#3760,.T.);
#4843=ORIENTED_EDGE('',*,*,#3761,.T.);
#4844=ORIENTED_EDGE('',*,*,#3762,.T.);
#4845=ORIENTED_EDGE('',*,*,#3763,.T.);
#4846=ORIENTED_EDGE('',*,*,#3764,.T.);
#4847=ORIENTED_EDGE('',*,*,#3763,.F.);
#4848=ORIENTED_EDGE('',*,*,#3757,.F.);
#4849=ORIENTED_EDGE('',*,*,#3765,.T.);
#4850=ORIENTED_EDGE('',*,*,#3766,.T.);
#4851=ORIENTED_EDGE('',*,*,#3767,.T.);
#4852=ORIENTED_EDGE('',*,*,#3768,.T.);
#4853=ORIENTED_EDGE('',*,*,#3769,.T.);
#4854=ORIENTED_EDGE('',*,*,#3768,.F.);
#4855=ORIENTED_EDGE('',*,*,#3761,.F.);
#4856=ORIENTED_EDGE('',*,*,#3770,.T.);
#4857=ORIENTED_EDGE('',*,*,#3771,.T.);
#4858=ORIENTED_EDGE('',*,*,#3772,.T.);
#4859=ORIENTED_EDGE('',*,*,#3773,.T.);
#4860=ORIENTED_EDGE('',*,*,#3774,.T.);
#4861=ORIENTED_EDGE('',*,*,#3773,.F.);
#4862=ORIENTED_EDGE('',*,*,#3766,.F.);
#4863=ORIENTED_EDGE('',*,*,#3775,.T.);
#4864=ORIENTED_EDGE('',*,*,#3759,.F.);
#4865=ORIENTED_EDGE('',*,*,#3771,.F.);
#4866=ORIENTED_EDGE('',*,*,#3776,.T.);
#4867=ORIENTED_EDGE('',*,*,#3765,.F.);
#4868=ORIENTED_EDGE('',*,*,#3777,.T.);
#4869=ORIENTED_EDGE('',*,*,#3558,.T.);
#4870=ORIENTED_EDGE('',*,*,#3778,.T.);
#4871=ORIENTED_EDGE('',*,*,#3760,.F.);
#4872=ORIENTED_EDGE('',*,*,#3779,.F.);
#4873=ORIENTED_EDGE('',*,*,#3559,.F.);
#4874=ORIENTED_EDGE('',*,*,#3777,.F.);
#4875=ORIENTED_EDGE('',*,*,#3776,.F.);
#4876=ORIENTED_EDGE('',*,*,#3780,.T.);
#4877=ORIENTED_EDGE('',*,*,#3560,.T.);
#4878=ORIENTED_EDGE('',*,*,#3779,.T.);
#4879=ORIENTED_EDGE('',*,*,#3774,.F.);
#4880=ORIENTED_EDGE('',*,*,#3781,.F.);
#4881=ORIENTED_EDGE('',*,*,#3553,.F.);
#4882=ORIENTED_EDGE('',*,*,#3780,.F.);
#4883=ORIENTED_EDGE('',*,*,#3758,.F.);
#4884=ORIENTED_EDGE('',*,*,#3762,.F.);
#4885=ORIENTED_EDGE('',*,*,#3767,.F.);
#4886=ORIENTED_EDGE('',*,*,#3772,.F.);
#4887=ORIENTED_EDGE('',*,*,#3775,.F.);
#4888=ORIENTED_EDGE('',*,*,#3782,.T.);
#4889=ORIENTED_EDGE('',*,*,#3554,.T.);
#4890=ORIENTED_EDGE('',*,*,#3781,.T.);
#4891=ORIENTED_EDGE('',*,*,#3770,.F.);
#4892=ORIENTED_EDGE('',*,*,#3783,.T.);
#4893=ORIENTED_EDGE('',*,*,#3556,.T.);
#4894=ORIENTED_EDGE('',*,*,#3784,.T.);
#4895=ORIENTED_EDGE('',*,*,#3764,.F.);
#4896=ORIENTED_EDGE('',*,*,#3778,.F.);
#4897=ORIENTED_EDGE('',*,*,#3557,.F.);
#4898=ORIENTED_EDGE('',*,*,#3783,.F.);
#4899=ORIENTED_EDGE('',*,*,#3769,.F.);
#4900=ORIENTED_EDGE('',*,*,#3784,.F.);
#4901=ORIENTED_EDGE('',*,*,#3555,.F.);
#4902=ORIENTED_EDGE('',*,*,#3782,.F.);
#4903=ORIENTED_EDGE('',*,*,#3646,.F.);
#4904=ORIENTED_EDGE('',*,*,#3785,.F.);
#4905=ORIENTED_EDGE('',*,*,#3435,.F.);
#4906=ORIENTED_EDGE('',*,*,#3786,.T.);
#4907=ORIENTED_EDGE('',*,*,#3654,.F.);
#4908=ORIENTED_EDGE('',*,*,#3787,.T.);
#4909=ORIENTED_EDGE('',*,*,#3395,.F.);
#4910=ORIENTED_EDGE('',*,*,#3788,.F.);
#4911=ORIENTED_EDGE('',*,*,#3645,.F.);
#4912=ORIENTED_EDGE('',*,*,#3789,.F.);
#4913=ORIENTED_EDGE('',*,*,#3436,.F.);
#4914=ORIENTED_EDGE('',*,*,#3785,.T.);
#4915=ORIENTED_EDGE('',*,*,#3655,.F.);
#4916=ORIENTED_EDGE('',*,*,#3788,.T.);
#4917=ORIENTED_EDGE('',*,*,#3394,.F.);
#4918=ORIENTED_EDGE('',*,*,#3790,.F.);
#4919=ORIENTED_EDGE('',*,*,#3647,.F.);
#4920=ORIENTED_EDGE('',*,*,#3786,.F.);
#4921=ORIENTED_EDGE('',*,*,#3434,.F.);
#4922=ORIENTED_EDGE('',*,*,#3791,.T.);
#4923=ORIENTED_EDGE('',*,*,#3644,.F.);
#4924=ORIENTED_EDGE('',*,*,#3792,.F.);
#4925=ORIENTED_EDGE('',*,*,#3437,.F.);
#4926=ORIENTED_EDGE('',*,*,#3789,.T.);
#4927=ORIENTED_EDGE('',*,*,#3656,.F.);
#4928=ORIENTED_EDGE('',*,*,#3790,.T.);
#4929=ORIENTED_EDGE('',*,*,#3393,.F.);
#4930=ORIENTED_EDGE('',*,*,#3793,.F.);
#4931=ORIENTED_EDGE('',*,*,#3648,.F.);
#4932=ORIENTED_EDGE('',*,*,#3791,.F.);
#4933=ORIENTED_EDGE('',*,*,#3433,.F.);
#4934=ORIENTED_EDGE('',*,*,#3794,.T.);
#4935=ORIENTED_EDGE('',*,*,#3643,.F.);
#4936=ORIENTED_EDGE('',*,*,#3794,.F.);
#4937=ORIENTED_EDGE('',*,*,#3432,.F.);
#4938=ORIENTED_EDGE('',*,*,#3792,.T.);
#4939=ORIENTED_EDGE('',*,*,#3651,.F.);
#4940=ORIENTED_EDGE('',*,*,#3793,.T.);
#4941=ORIENTED_EDGE('',*,*,#3392,.F.);
#4942=ORIENTED_EDGE('',*,*,#3795,.F.);
#4943=ORIENTED_EDGE('',*,*,#3653,.F.);
#4944=ORIENTED_EDGE('',*,*,#3796,.T.);
#4945=ORIENTED_EDGE('',*,*,#3396,.F.);
#4946=ORIENTED_EDGE('',*,*,#3787,.F.);
#4947=ORIENTED_EDGE('',*,*,#3652,.F.);
#4948=ORIENTED_EDGE('',*,*,#3795,.T.);
#4949=ORIENTED_EDGE('',*,*,#3397,.F.);
#4950=ORIENTED_EDGE('',*,*,#3796,.F.);
#4951=ORIENTED_EDGE('',*,*,#3640,.F.);
#4952=ORIENTED_EDGE('',*,*,#3797,.F.);
#4953=ORIENTED_EDGE('',*,*,#3441,.F.);
#4954=ORIENTED_EDGE('',*,*,#3798,.T.);
#4955=ORIENTED_EDGE('',*,*,#3660,.F.);
#4956=ORIENTED_EDGE('',*,*,#3799,.T.);
#4957=ORIENTED_EDGE('',*,*,#3389,.F.);
#4958=ORIENTED_EDGE('',*,*,#3800,.F.);
#4959=ORIENTED_EDGE('',*,*,#3639,.F.);
#4960=ORIENTED_EDGE('',*,*,#3801,.F.);
#4961=ORIENTED_EDGE('',*,*,#3442,.F.);
#4962=ORIENTED_EDGE('',*,*,#3797,.T.);
#4963=ORIENTED_EDGE('',*,*,#3661,.F.);
#4964=ORIENTED_EDGE('',*,*,#3800,.T.);
#4965=ORIENTED_EDGE('',*,*,#3388,.F.);
#4966=ORIENTED_EDGE('',*,*,#3802,.F.);
#4967=ORIENTED_EDGE('',*,*,#3641,.F.);
#4968=ORIENTED_EDGE('',*,*,#3798,.F.);
#4969=ORIENTED_EDGE('',*,*,#3440,.F.);
#4970=ORIENTED_EDGE('',*,*,#3803,.T.);
#4971=ORIENTED_EDGE('',*,*,#3638,.F.);
#4972=ORIENTED_EDGE('',*,*,#3804,.F.);
#4973=ORIENTED_EDGE('',*,*,#3443,.F.);
#4974=ORIENTED_EDGE('',*,*,#3801,.T.);
#4975=ORIENTED_EDGE('',*,*,#3662,.F.);
#4976=ORIENTED_EDGE('',*,*,#3802,.T.);
#4977=ORIENTED_EDGE('',*,*,#3387,.F.);
#4978=ORIENTED_EDGE('',*,*,#3805,.F.);
#4979=ORIENTED_EDGE('',*,*,#3642,.F.);
#4980=ORIENTED_EDGE('',*,*,#3803,.F.);
#4981=ORIENTED_EDGE('',*,*,#3439,.F.);
#4982=ORIENTED_EDGE('',*,*,#3806,.T.);
#4983=ORIENTED_EDGE('',*,*,#3637,.F.);
#4984=ORIENTED_EDGE('',*,*,#3806,.F.);
#4985=ORIENTED_EDGE('',*,*,#3438,.F.);
#4986=ORIENTED_EDGE('',*,*,#3804,.T.);
#4987=ORIENTED_EDGE('',*,*,#3657,.F.);
#4988=ORIENTED_EDGE('',*,*,#3805,.T.);
#4989=ORIENTED_EDGE('',*,*,#3386,.F.);
#4990=ORIENTED_EDGE('',*,*,#3807,.F.);
#4991=ORIENTED_EDGE('',*,*,#3659,.F.);
#4992=ORIENTED_EDGE('',*,*,#3808,.T.);
#4993=ORIENTED_EDGE('',*,*,#3390,.F.);
#4994=ORIENTED_EDGE('',*,*,#3799,.F.);
#4995=ORIENTED_EDGE('',*,*,#3658,.F.);
#4996=ORIENTED_EDGE('',*,*,#3807,.T.);
#4997=ORIENTED_EDGE('',*,*,#3391,.F.);
#4998=ORIENTED_EDGE('',*,*,#3808,.F.);
#4999=ORIENTED_EDGE('',*,*,#3634,.F.);
#5000=ORIENTED_EDGE('',*,*,#3809,.F.);
#5001=ORIENTED_EDGE('',*,*,#3447,.F.);
#5002=ORIENTED_EDGE('',*,*,#3810,.T.);
#5003=ORIENTED_EDGE('',*,*,#3666,.F.);
#5004=ORIENTED_EDGE('',*,*,#3811,.T.);
#5005=ORIENTED_EDGE('',*,*,#3383,.F.);
#5006=ORIENTED_EDGE('',*,*,#3812,.F.);
#5007=ORIENTED_EDGE('',*,*,#3633,.F.);
#5008=ORIENTED_EDGE('',*,*,#3813,.F.);
#5009=ORIENTED_EDGE('',*,*,#3448,.F.);
#5010=ORIENTED_EDGE('',*,*,#3809,.T.);
#5011=ORIENTED_EDGE('',*,*,#3667,.F.);
#5012=ORIENTED_EDGE('',*,*,#3812,.T.);
#5013=ORIENTED_EDGE('',*,*,#3382,.F.);
#5014=ORIENTED_EDGE('',*,*,#3814,.F.);
#5015=ORIENTED_EDGE('',*,*,#3635,.F.);
#5016=ORIENTED_EDGE('',*,*,#3810,.F.);
#5017=ORIENTED_EDGE('',*,*,#3446,.F.);
#5018=ORIENTED_EDGE('',*,*,#3815,.T.);
#5019=ORIENTED_EDGE('',*,*,#3632,.F.);
#5020=ORIENTED_EDGE('',*,*,#3816,.F.);
#5021=ORIENTED_EDGE('',*,*,#3449,.F.);
#5022=ORIENTED_EDGE('',*,*,#3813,.T.);
#5023=ORIENTED_EDGE('',*,*,#3668,.F.);
#5024=ORIENTED_EDGE('',*,*,#3814,.T.);
#5025=ORIENTED_EDGE('',*,*,#3381,.F.);
#5026=ORIENTED_EDGE('',*,*,#3817,.F.);
#5027=ORIENTED_EDGE('',*,*,#3636,.F.);
#5028=ORIENTED_EDGE('',*,*,#3815,.F.);
#5029=ORIENTED_EDGE('',*,*,#3445,.F.);
#5030=ORIENTED_EDGE('',*,*,#3818,.T.);
#5031=ORIENTED_EDGE('',*,*,#3631,.F.);
#5032=ORIENTED_EDGE('',*,*,#3818,.F.);
#5033=ORIENTED_EDGE('',*,*,#3444,.F.);
#5034=ORIENTED_EDGE('',*,*,#3816,.T.);
#5035=ORIENTED_EDGE('',*,*,#3663,.F.);
#5036=ORIENTED_EDGE('',*,*,#3817,.T.);
#5037=ORIENTED_EDGE('',*,*,#3380,.F.);
#5038=ORIENTED_EDGE('',*,*,#3819,.F.);
#5039=ORIENTED_EDGE('',*,*,#3665,.F.);
#5040=ORIENTED_EDGE('',*,*,#3820,.T.);
#5041=ORIENTED_EDGE('',*,*,#3384,.F.);
#5042=ORIENTED_EDGE('',*,*,#3811,.F.);
#5043=ORIENTED_EDGE('',*,*,#3664,.F.);
#5044=ORIENTED_EDGE('',*,*,#3819,.T.);
#5045=ORIENTED_EDGE('',*,*,#3385,.F.);
#5046=ORIENTED_EDGE('',*,*,#3820,.F.);
#5047=ORIENTED_EDGE('',*,*,#3628,.F.);
#5048=ORIENTED_EDGE('',*,*,#3821,.F.);
#5049=ORIENTED_EDGE('',*,*,#3453,.F.);
#5050=ORIENTED_EDGE('',*,*,#3822,.T.);
#5051=ORIENTED_EDGE('',*,*,#3672,.F.);
#5052=ORIENTED_EDGE('',*,*,#3823,.T.);
#5053=ORIENTED_EDGE('',*,*,#3377,.F.);
#5054=ORIENTED_EDGE('',*,*,#3824,.F.);
#5055=ORIENTED_EDGE('',*,*,#3627,.F.);
#5056=ORIENTED_EDGE('',*,*,#3825,.F.);
#5057=ORIENTED_EDGE('',*,*,#3454,.F.);
#5058=ORIENTED_EDGE('',*,*,#3821,.T.);
#5059=ORIENTED_EDGE('',*,*,#3673,.F.);
#5060=ORIENTED_EDGE('',*,*,#3824,.T.);
#5061=ORIENTED_EDGE('',*,*,#3376,.F.);
#5062=ORIENTED_EDGE('',*,*,#3826,.F.);
#5063=ORIENTED_EDGE('',*,*,#3629,.F.);
#5064=ORIENTED_EDGE('',*,*,#3822,.F.);
#5065=ORIENTED_EDGE('',*,*,#3452,.F.);
#5066=ORIENTED_EDGE('',*,*,#3827,.T.);
#5067=ORIENTED_EDGE('',*,*,#3626,.F.);
#5068=ORIENTED_EDGE('',*,*,#3828,.F.);
#5069=ORIENTED_EDGE('',*,*,#3455,.F.);
#5070=ORIENTED_EDGE('',*,*,#3825,.T.);
#5071=ORIENTED_EDGE('',*,*,#3674,.F.);
#5072=ORIENTED_EDGE('',*,*,#3826,.T.);
#5073=ORIENTED_EDGE('',*,*,#3375,.F.);
#5074=ORIENTED_EDGE('',*,*,#3829,.F.);
#5075=ORIENTED_EDGE('',*,*,#3630,.F.);
#5076=ORIENTED_EDGE('',*,*,#3827,.F.);
#5077=ORIENTED_EDGE('',*,*,#3451,.F.);
#5078=ORIENTED_EDGE('',*,*,#3830,.T.);
#5079=ORIENTED_EDGE('',*,*,#3625,.F.);
#5080=ORIENTED_EDGE('',*,*,#3830,.F.);
#5081=ORIENTED_EDGE('',*,*,#3450,.F.);
#5082=ORIENTED_EDGE('',*,*,#3828,.T.);
#5083=ORIENTED_EDGE('',*,*,#3669,.F.);
#5084=ORIENTED_EDGE('',*,*,#3829,.T.);
#5085=ORIENTED_EDGE('',*,*,#3374,.F.);
#5086=ORIENTED_EDGE('',*,*,#3831,.F.);
#5087=ORIENTED_EDGE('',*,*,#3671,.F.);
#5088=ORIENTED_EDGE('',*,*,#3832,.T.);
#5089=ORIENTED_EDGE('',*,*,#3378,.F.);
#5090=ORIENTED_EDGE('',*,*,#3823,.F.);
#5091=ORIENTED_EDGE('',*,*,#3670,.F.);
#5092=ORIENTED_EDGE('',*,*,#3831,.T.);
#5093=ORIENTED_EDGE('',*,*,#3379,.F.);
#5094=ORIENTED_EDGE('',*,*,#3832,.F.);
#5095=ORIENTED_EDGE('',*,*,#3622,.F.);
#5096=ORIENTED_EDGE('',*,*,#3833,.F.);
#5097=ORIENTED_EDGE('',*,*,#3459,.F.);
#5098=ORIENTED_EDGE('',*,*,#3834,.T.);
#5099=ORIENTED_EDGE('',*,*,#3678,.F.);
#5100=ORIENTED_EDGE('',*,*,#3835,.T.);
#5101=ORIENTED_EDGE('',*,*,#3371,.F.);
#5102=ORIENTED_EDGE('',*,*,#3836,.F.);
#5103=ORIENTED_EDGE('',*,*,#3621,.F.);
#5104=ORIENTED_EDGE('',*,*,#3837,.F.);
#5105=ORIENTED_EDGE('',*,*,#3460,.F.);
#5106=ORIENTED_EDGE('',*,*,#3833,.T.);
#5107=ORIENTED_EDGE('',*,*,#3679,.F.);
#5108=ORIENTED_EDGE('',*,*,#3836,.T.);
#5109=ORIENTED_EDGE('',*,*,#3370,.F.);
#5110=ORIENTED_EDGE('',*,*,#3838,.F.);
#5111=ORIENTED_EDGE('',*,*,#3623,.F.);
#5112=ORIENTED_EDGE('',*,*,#3834,.F.);
#5113=ORIENTED_EDGE('',*,*,#3458,.F.);
#5114=ORIENTED_EDGE('',*,*,#3839,.T.);
#5115=ORIENTED_EDGE('',*,*,#3620,.F.);
#5116=ORIENTED_EDGE('',*,*,#3840,.F.);
#5117=ORIENTED_EDGE('',*,*,#3461,.F.);
#5118=ORIENTED_EDGE('',*,*,#3837,.T.);
#5119=ORIENTED_EDGE('',*,*,#3680,.F.);
#5120=ORIENTED_EDGE('',*,*,#3838,.T.);
#5121=ORIENTED_EDGE('',*,*,#3369,.F.);
#5122=ORIENTED_EDGE('',*,*,#3841,.F.);
#5123=ORIENTED_EDGE('',*,*,#3624,.F.);
#5124=ORIENTED_EDGE('',*,*,#3839,.F.);
#5125=ORIENTED_EDGE('',*,*,#3457,.F.);
#5126=ORIENTED_EDGE('',*,*,#3842,.T.);
#5127=ORIENTED_EDGE('',*,*,#3619,.F.);
#5128=ORIENTED_EDGE('',*,*,#3842,.F.);
#5129=ORIENTED_EDGE('',*,*,#3456,.F.);
#5130=ORIENTED_EDGE('',*,*,#3840,.T.);
#5131=ORIENTED_EDGE('',*,*,#3675,.F.);
#5132=ORIENTED_EDGE('',*,*,#3841,.T.);
#5133=ORIENTED_EDGE('',*,*,#3368,.F.);
#5134=ORIENTED_EDGE('',*,*,#3843,.F.);
#5135=ORIENTED_EDGE('',*,*,#3677,.F.);
#5136=ORIENTED_EDGE('',*,*,#3844,.T.);
#5137=ORIENTED_EDGE('',*,*,#3372,.F.);
#5138=ORIENTED_EDGE('',*,*,#3835,.F.);
#5139=ORIENTED_EDGE('',*,*,#3676,.F.);
#5140=ORIENTED_EDGE('',*,*,#3843,.T.);
#5141=ORIENTED_EDGE('',*,*,#3373,.F.);
#5142=ORIENTED_EDGE('',*,*,#3844,.F.);
#5143=ORIENTED_EDGE('',*,*,#3616,.F.);
#5144=ORIENTED_EDGE('',*,*,#3845,.F.);
#5145=ORIENTED_EDGE('',*,*,#3465,.F.);
#5146=ORIENTED_EDGE('',*,*,#3846,.T.);
#5147=ORIENTED_EDGE('',*,*,#3684,.F.);
#5148=ORIENTED_EDGE('',*,*,#3847,.T.);
#5149=ORIENTED_EDGE('',*,*,#3365,.F.);
#5150=ORIENTED_EDGE('',*,*,#3848,.F.);
#5151=ORIENTED_EDGE('',*,*,#3615,.F.);
#5152=ORIENTED_EDGE('',*,*,#3849,.F.);
#5153=ORIENTED_EDGE('',*,*,#3466,.F.);
#5154=ORIENTED_EDGE('',*,*,#3845,.T.);
#5155=ORIENTED_EDGE('',*,*,#3685,.F.);
#5156=ORIENTED_EDGE('',*,*,#3848,.T.);
#5157=ORIENTED_EDGE('',*,*,#3364,.F.);
#5158=ORIENTED_EDGE('',*,*,#3850,.F.);
#5159=ORIENTED_EDGE('',*,*,#3617,.F.);
#5160=ORIENTED_EDGE('',*,*,#3846,.F.);
#5161=ORIENTED_EDGE('',*,*,#3464,.F.);
#5162=ORIENTED_EDGE('',*,*,#3851,.T.);
#5163=ORIENTED_EDGE('',*,*,#3614,.F.);
#5164=ORIENTED_EDGE('',*,*,#3852,.F.);
#5165=ORIENTED_EDGE('',*,*,#3467,.F.);
#5166=ORIENTED_EDGE('',*,*,#3849,.T.);
#5167=ORIENTED_EDGE('',*,*,#3686,.F.);
#5168=ORIENTED_EDGE('',*,*,#3850,.T.);
#5169=ORIENTED_EDGE('',*,*,#3363,.F.);
#5170=ORIENTED_EDGE('',*,*,#3853,.F.);
#5171=ORIENTED_EDGE('',*,*,#3618,.F.);
#5172=ORIENTED_EDGE('',*,*,#3851,.F.);
#5173=ORIENTED_EDGE('',*,*,#3463,.F.);
#5174=ORIENTED_EDGE('',*,*,#3854,.T.);
#5175=ORIENTED_EDGE('',*,*,#3613,.F.);
#5176=ORIENTED_EDGE('',*,*,#3854,.F.);
#5177=ORIENTED_EDGE('',*,*,#3462,.F.);
#5178=ORIENTED_EDGE('',*,*,#3852,.T.);
#5179=ORIENTED_EDGE('',*,*,#3681,.F.);
#5180=ORIENTED_EDGE('',*,*,#3853,.T.);
#5181=ORIENTED_EDGE('',*,*,#3362,.F.);
#5182=ORIENTED_EDGE('',*,*,#3855,.F.);
#5183=ORIENTED_EDGE('',*,*,#3683,.F.);
#5184=ORIENTED_EDGE('',*,*,#3856,.T.);
#5185=ORIENTED_EDGE('',*,*,#3366,.F.);
#5186=ORIENTED_EDGE('',*,*,#3847,.F.);
#5187=ORIENTED_EDGE('',*,*,#3682,.F.);
#5188=ORIENTED_EDGE('',*,*,#3855,.T.);
#5189=ORIENTED_EDGE('',*,*,#3367,.F.);
#5190=ORIENTED_EDGE('',*,*,#3856,.F.);
#5191=ORIENTED_EDGE('',*,*,#3610,.F.);
#5192=ORIENTED_EDGE('',*,*,#3857,.F.);
#5193=ORIENTED_EDGE('',*,*,#3471,.F.);
#5194=ORIENTED_EDGE('',*,*,#3858,.T.);
#5195=ORIENTED_EDGE('',*,*,#3690,.F.);
#5196=ORIENTED_EDGE('',*,*,#3859,.T.);
#5197=ORIENTED_EDGE('',*,*,#3359,.F.);
#5198=ORIENTED_EDGE('',*,*,#3860,.F.);
#5199=ORIENTED_EDGE('',*,*,#3609,.F.);
#5200=ORIENTED_EDGE('',*,*,#3861,.F.);
#5201=ORIENTED_EDGE('',*,*,#3472,.F.);
#5202=ORIENTED_EDGE('',*,*,#3857,.T.);
#5203=ORIENTED_EDGE('',*,*,#3691,.F.);
#5204=ORIENTED_EDGE('',*,*,#3860,.T.);
#5205=ORIENTED_EDGE('',*,*,#3358,.F.);
#5206=ORIENTED_EDGE('',*,*,#3862,.F.);
#5207=ORIENTED_EDGE('',*,*,#3611,.F.);
#5208=ORIENTED_EDGE('',*,*,#3858,.F.);
#5209=ORIENTED_EDGE('',*,*,#3470,.F.);
#5210=ORIENTED_EDGE('',*,*,#3863,.T.);
#5211=ORIENTED_EDGE('',*,*,#3608,.F.);
#5212=ORIENTED_EDGE('',*,*,#3864,.F.);
#5213=ORIENTED_EDGE('',*,*,#3473,.F.);
#5214=ORIENTED_EDGE('',*,*,#3861,.T.);
#5215=ORIENTED_EDGE('',*,*,#3692,.F.);
#5216=ORIENTED_EDGE('',*,*,#3862,.T.);
#5217=ORIENTED_EDGE('',*,*,#3357,.F.);
#5218=ORIENTED_EDGE('',*,*,#3865,.F.);
#5219=ORIENTED_EDGE('',*,*,#3612,.F.);
#5220=ORIENTED_EDGE('',*,*,#3863,.F.);
#5221=ORIENTED_EDGE('',*,*,#3469,.F.);
#5222=ORIENTED_EDGE('',*,*,#3866,.T.);
#5223=ORIENTED_EDGE('',*,*,#3607,.F.);
#5224=ORIENTED_EDGE('',*,*,#3866,.F.);
#5225=ORIENTED_EDGE('',*,*,#3468,.F.);
#5226=ORIENTED_EDGE('',*,*,#3864,.T.);
#5227=ORIENTED_EDGE('',*,*,#3687,.F.);
#5228=ORIENTED_EDGE('',*,*,#3865,.T.);
#5229=ORIENTED_EDGE('',*,*,#3356,.F.);
#5230=ORIENTED_EDGE('',*,*,#3867,.F.);
#5231=ORIENTED_EDGE('',*,*,#3689,.F.);
#5232=ORIENTED_EDGE('',*,*,#3868,.T.);
#5233=ORIENTED_EDGE('',*,*,#3360,.F.);
#5234=ORIENTED_EDGE('',*,*,#3859,.F.);
#5235=ORIENTED_EDGE('',*,*,#3688,.F.);
#5236=ORIENTED_EDGE('',*,*,#3867,.T.);
#5237=ORIENTED_EDGE('',*,*,#3361,.F.);
#5238=ORIENTED_EDGE('',*,*,#3868,.F.);
#5239=ORIENTED_EDGE('',*,*,#3604,.F.);
#5240=ORIENTED_EDGE('',*,*,#3869,.F.);
#5241=ORIENTED_EDGE('',*,*,#3477,.F.);
#5242=ORIENTED_EDGE('',*,*,#3870,.T.);
#5243=ORIENTED_EDGE('',*,*,#3696,.F.);
#5244=ORIENTED_EDGE('',*,*,#3871,.T.);
#5245=ORIENTED_EDGE('',*,*,#3353,.F.);
#5246=ORIENTED_EDGE('',*,*,#3872,.F.);
#5247=ORIENTED_EDGE('',*,*,#3603,.F.);
#5248=ORIENTED_EDGE('',*,*,#3873,.F.);
#5249=ORIENTED_EDGE('',*,*,#3478,.F.);
#5250=ORIENTED_EDGE('',*,*,#3869,.T.);
#5251=ORIENTED_EDGE('',*,*,#3697,.F.);
#5252=ORIENTED_EDGE('',*,*,#3872,.T.);
#5253=ORIENTED_EDGE('',*,*,#3352,.F.);
#5254=ORIENTED_EDGE('',*,*,#3874,.F.);
#5255=ORIENTED_EDGE('',*,*,#3605,.F.);
#5256=ORIENTED_EDGE('',*,*,#3870,.F.);
#5257=ORIENTED_EDGE('',*,*,#3476,.F.);
#5258=ORIENTED_EDGE('',*,*,#3875,.T.);
#5259=ORIENTED_EDGE('',*,*,#3602,.F.);
#5260=ORIENTED_EDGE('',*,*,#3876,.F.);
#5261=ORIENTED_EDGE('',*,*,#3479,.F.);
#5262=ORIENTED_EDGE('',*,*,#3873,.T.);
#5263=ORIENTED_EDGE('',*,*,#3698,.F.);
#5264=ORIENTED_EDGE('',*,*,#3874,.T.);
#5265=ORIENTED_EDGE('',*,*,#3351,.F.);
#5266=ORIENTED_EDGE('',*,*,#3877,.F.);
#5267=ORIENTED_EDGE('',*,*,#3606,.F.);
#5268=ORIENTED_EDGE('',*,*,#3875,.F.);
#5269=ORIENTED_EDGE('',*,*,#3475,.F.);
#5270=ORIENTED_EDGE('',*,*,#3878,.T.);
#5271=ORIENTED_EDGE('',*,*,#3601,.F.);
#5272=ORIENTED_EDGE('',*,*,#3878,.F.);
#5273=ORIENTED_EDGE('',*,*,#3474,.F.);
#5274=ORIENTED_EDGE('',*,*,#3876,.T.);
#5275=ORIENTED_EDGE('',*,*,#3693,.F.);
#5276=ORIENTED_EDGE('',*,*,#3877,.T.);
#5277=ORIENTED_EDGE('',*,*,#3350,.F.);
#5278=ORIENTED_EDGE('',*,*,#3879,.F.);
#5279=ORIENTED_EDGE('',*,*,#3695,.F.);
#5280=ORIENTED_EDGE('',*,*,#3880,.T.);
#5281=ORIENTED_EDGE('',*,*,#3354,.F.);
#5282=ORIENTED_EDGE('',*,*,#3871,.F.);
#5283=ORIENTED_EDGE('',*,*,#3694,.F.);
#5284=ORIENTED_EDGE('',*,*,#3879,.T.);
#5285=ORIENTED_EDGE('',*,*,#3355,.F.);
#5286=ORIENTED_EDGE('',*,*,#3880,.F.);
#5287=ORIENTED_EDGE('',*,*,#3598,.F.);
#5288=ORIENTED_EDGE('',*,*,#3881,.F.);
#5289=ORIENTED_EDGE('',*,*,#3483,.F.);
#5290=ORIENTED_EDGE('',*,*,#3882,.T.);
#5291=ORIENTED_EDGE('',*,*,#3702,.F.);
#5292=ORIENTED_EDGE('',*,*,#3883,.T.);
#5293=ORIENTED_EDGE('',*,*,#3347,.F.);
#5294=ORIENTED_EDGE('',*,*,#3884,.F.);
#5295=ORIENTED_EDGE('',*,*,#3597,.F.);
#5296=ORIENTED_EDGE('',*,*,#3885,.F.);
#5297=ORIENTED_EDGE('',*,*,#3484,.F.);
#5298=ORIENTED_EDGE('',*,*,#3881,.T.);
#5299=ORIENTED_EDGE('',*,*,#3703,.F.);
#5300=ORIENTED_EDGE('',*,*,#3884,.T.);
#5301=ORIENTED_EDGE('',*,*,#3346,.F.);
#5302=ORIENTED_EDGE('',*,*,#3886,.F.);
#5303=ORIENTED_EDGE('',*,*,#3599,.F.);
#5304=ORIENTED_EDGE('',*,*,#3882,.F.);
#5305=ORIENTED_EDGE('',*,*,#3482,.F.);
#5306=ORIENTED_EDGE('',*,*,#3887,.T.);
#5307=ORIENTED_EDGE('',*,*,#3596,.F.);
#5308=ORIENTED_EDGE('',*,*,#3888,.F.);
#5309=ORIENTED_EDGE('',*,*,#3485,.F.);
#5310=ORIENTED_EDGE('',*,*,#3885,.T.);
#5311=ORIENTED_EDGE('',*,*,#3704,.F.);
#5312=ORIENTED_EDGE('',*,*,#3886,.T.);
#5313=ORIENTED_EDGE('',*,*,#3345,.F.);
#5314=ORIENTED_EDGE('',*,*,#3889,.F.);
#5315=ORIENTED_EDGE('',*,*,#3600,.F.);
#5316=ORIENTED_EDGE('',*,*,#3887,.F.);
#5317=ORIENTED_EDGE('',*,*,#3481,.F.);
#5318=ORIENTED_EDGE('',*,*,#3890,.T.);
#5319=ORIENTED_EDGE('',*,*,#3595,.F.);
#5320=ORIENTED_EDGE('',*,*,#3890,.F.);
#5321=ORIENTED_EDGE('',*,*,#3480,.F.);
#5322=ORIENTED_EDGE('',*,*,#3888,.T.);
#5323=ORIENTED_EDGE('',*,*,#3699,.F.);
#5324=ORIENTED_EDGE('',*,*,#3889,.T.);
#5325=ORIENTED_EDGE('',*,*,#3344,.F.);
#5326=ORIENTED_EDGE('',*,*,#3891,.F.);
#5327=ORIENTED_EDGE('',*,*,#3701,.F.);
#5328=ORIENTED_EDGE('',*,*,#3892,.T.);
#5329=ORIENTED_EDGE('',*,*,#3348,.F.);
#5330=ORIENTED_EDGE('',*,*,#3883,.F.);
#5331=ORIENTED_EDGE('',*,*,#3700,.F.);
#5332=ORIENTED_EDGE('',*,*,#3891,.T.);
#5333=ORIENTED_EDGE('',*,*,#3349,.F.);
#5334=ORIENTED_EDGE('',*,*,#3892,.F.);
#5335=ORIENTED_EDGE('',*,*,#3592,.F.);
#5336=ORIENTED_EDGE('',*,*,#3893,.F.);
#5337=ORIENTED_EDGE('',*,*,#3489,.F.);
#5338=ORIENTED_EDGE('',*,*,#3894,.T.);
#5339=ORIENTED_EDGE('',*,*,#3708,.F.);
#5340=ORIENTED_EDGE('',*,*,#3895,.T.);
#5341=ORIENTED_EDGE('',*,*,#3341,.F.);
#5342=ORIENTED_EDGE('',*,*,#3896,.F.);
#5343=ORIENTED_EDGE('',*,*,#3591,.F.);
#5344=ORIENTED_EDGE('',*,*,#3897,.F.);
#5345=ORIENTED_EDGE('',*,*,#3490,.F.);
#5346=ORIENTED_EDGE('',*,*,#3893,.T.);
#5347=ORIENTED_EDGE('',*,*,#3709,.F.);
#5348=ORIENTED_EDGE('',*,*,#3896,.T.);
#5349=ORIENTED_EDGE('',*,*,#3340,.F.);
#5350=ORIENTED_EDGE('',*,*,#3898,.F.);
#5351=ORIENTED_EDGE('',*,*,#3593,.F.);
#5352=ORIENTED_EDGE('',*,*,#3894,.F.);
#5353=ORIENTED_EDGE('',*,*,#3488,.F.);
#5354=ORIENTED_EDGE('',*,*,#3899,.T.);
#5355=ORIENTED_EDGE('',*,*,#3590,.F.);
#5356=ORIENTED_EDGE('',*,*,#3900,.F.);
#5357=ORIENTED_EDGE('',*,*,#3491,.F.);
#5358=ORIENTED_EDGE('',*,*,#3897,.T.);
#5359=ORIENTED_EDGE('',*,*,#3710,.F.);
#5360=ORIENTED_EDGE('',*,*,#3898,.T.);
#5361=ORIENTED_EDGE('',*,*,#3339,.F.);
#5362=ORIENTED_EDGE('',*,*,#3901,.F.);
#5363=ORIENTED_EDGE('',*,*,#3594,.F.);
#5364=ORIENTED_EDGE('',*,*,#3899,.F.);
#5365=ORIENTED_EDGE('',*,*,#3487,.F.);
#5366=ORIENTED_EDGE('',*,*,#3902,.T.);
#5367=ORIENTED_EDGE('',*,*,#3589,.F.);
#5368=ORIENTED_EDGE('',*,*,#3902,.F.);
#5369=ORIENTED_EDGE('',*,*,#3486,.F.);
#5370=ORIENTED_EDGE('',*,*,#3900,.T.);
#5371=ORIENTED_EDGE('',*,*,#3705,.F.);
#5372=ORIENTED_EDGE('',*,*,#3901,.T.);
#5373=ORIENTED_EDGE('',*,*,#3338,.F.);
#5374=ORIENTED_EDGE('',*,*,#3903,.F.);
#5375=ORIENTED_EDGE('',*,*,#3707,.F.);
#5376=ORIENTED_EDGE('',*,*,#3904,.T.);
#5377=ORIENTED_EDGE('',*,*,#3342,.F.);
#5378=ORIENTED_EDGE('',*,*,#3895,.F.);
#5379=ORIENTED_EDGE('',*,*,#3706,.F.);
#5380=ORIENTED_EDGE('',*,*,#3903,.T.);
#5381=ORIENTED_EDGE('',*,*,#3343,.F.);
#5382=ORIENTED_EDGE('',*,*,#3904,.F.);
#5383=ORIENTED_EDGE('',*,*,#3586,.F.);
#5384=ORIENTED_EDGE('',*,*,#3905,.F.);
#5385=ORIENTED_EDGE('',*,*,#3495,.F.);
#5386=ORIENTED_EDGE('',*,*,#3906,.T.);
#5387=ORIENTED_EDGE('',*,*,#3714,.F.);
#5388=ORIENTED_EDGE('',*,*,#3907,.T.);
#5389=ORIENTED_EDGE('',*,*,#3335,.F.);
#5390=ORIENTED_EDGE('',*,*,#3908,.F.);
#5391=ORIENTED_EDGE('',*,*,#3585,.F.);
#5392=ORIENTED_EDGE('',*,*,#3909,.F.);
#5393=ORIENTED_EDGE('',*,*,#3496,.F.);
#5394=ORIENTED_EDGE('',*,*,#3905,.T.);
#5395=ORIENTED_EDGE('',*,*,#3715,.F.);
#5396=ORIENTED_EDGE('',*,*,#3908,.T.);
#5397=ORIENTED_EDGE('',*,*,#3334,.F.);
#5398=ORIENTED_EDGE('',*,*,#3910,.F.);
#5399=ORIENTED_EDGE('',*,*,#3587,.F.);
#5400=ORIENTED_EDGE('',*,*,#3906,.F.);
#5401=ORIENTED_EDGE('',*,*,#3494,.F.);
#5402=ORIENTED_EDGE('',*,*,#3911,.T.);
#5403=ORIENTED_EDGE('',*,*,#3584,.F.);
#5404=ORIENTED_EDGE('',*,*,#3912,.F.);
#5405=ORIENTED_EDGE('',*,*,#3497,.F.);
#5406=ORIENTED_EDGE('',*,*,#3909,.T.);
#5407=ORIENTED_EDGE('',*,*,#3716,.F.);
#5408=ORIENTED_EDGE('',*,*,#3910,.T.);
#5409=ORIENTED_EDGE('',*,*,#3333,.F.);
#5410=ORIENTED_EDGE('',*,*,#3913,.F.);
#5411=ORIENTED_EDGE('',*,*,#3588,.F.);
#5412=ORIENTED_EDGE('',*,*,#3911,.F.);
#5413=ORIENTED_EDGE('',*,*,#3493,.F.);
#5414=ORIENTED_EDGE('',*,*,#3914,.T.);
#5415=ORIENTED_EDGE('',*,*,#3583,.F.);
#5416=ORIENTED_EDGE('',*,*,#3914,.F.);
#5417=ORIENTED_EDGE('',*,*,#3492,.F.);
#5418=ORIENTED_EDGE('',*,*,#3912,.T.);
#5419=ORIENTED_EDGE('',*,*,#3711,.F.);
#5420=ORIENTED_EDGE('',*,*,#3913,.T.);
#5421=ORIENTED_EDGE('',*,*,#3332,.F.);
#5422=ORIENTED_EDGE('',*,*,#3915,.F.);
#5423=ORIENTED_EDGE('',*,*,#3713,.F.);
#5424=ORIENTED_EDGE('',*,*,#3916,.T.);
#5425=ORIENTED_EDGE('',*,*,#3336,.F.);
#5426=ORIENTED_EDGE('',*,*,#3907,.F.);
#5427=ORIENTED_EDGE('',*,*,#3712,.F.);
#5428=ORIENTED_EDGE('',*,*,#3915,.T.);
#5429=ORIENTED_EDGE('',*,*,#3337,.F.);
#5430=ORIENTED_EDGE('',*,*,#3916,.F.);
#5431=ORIENTED_EDGE('',*,*,#3580,.F.);
#5432=ORIENTED_EDGE('',*,*,#3917,.F.);
#5433=ORIENTED_EDGE('',*,*,#3501,.F.);
#5434=ORIENTED_EDGE('',*,*,#3918,.T.);
#5435=ORIENTED_EDGE('',*,*,#3720,.F.);
#5436=ORIENTED_EDGE('',*,*,#3919,.T.);
#5437=ORIENTED_EDGE('',*,*,#3329,.F.);
#5438=ORIENTED_EDGE('',*,*,#3920,.F.);
#5439=ORIENTED_EDGE('',*,*,#3579,.F.);
#5440=ORIENTED_EDGE('',*,*,#3921,.F.);
#5441=ORIENTED_EDGE('',*,*,#3502,.F.);
#5442=ORIENTED_EDGE('',*,*,#3917,.T.);
#5443=ORIENTED_EDGE('',*,*,#3721,.F.);
#5444=ORIENTED_EDGE('',*,*,#3920,.T.);
#5445=ORIENTED_EDGE('',*,*,#3328,.F.);
#5446=ORIENTED_EDGE('',*,*,#3922,.F.);
#5447=ORIENTED_EDGE('',*,*,#3581,.F.);
#5448=ORIENTED_EDGE('',*,*,#3918,.F.);
#5449=ORIENTED_EDGE('',*,*,#3500,.F.);
#5450=ORIENTED_EDGE('',*,*,#3923,.T.);
#5451=ORIENTED_EDGE('',*,*,#3578,.F.);
#5452=ORIENTED_EDGE('',*,*,#3924,.F.);
#5453=ORIENTED_EDGE('',*,*,#3503,.F.);
#5454=ORIENTED_EDGE('',*,*,#3921,.T.);
#5455=ORIENTED_EDGE('',*,*,#3722,.F.);
#5456=ORIENTED_EDGE('',*,*,#3922,.T.);
#5457=ORIENTED_EDGE('',*,*,#3327,.F.);
#5458=ORIENTED_EDGE('',*,*,#3925,.F.);
#5459=ORIENTED_EDGE('',*,*,#3582,.F.);
#5460=ORIENTED_EDGE('',*,*,#3923,.F.);
#5461=ORIENTED_EDGE('',*,*,#3499,.F.);
#5462=ORIENTED_EDGE('',*,*,#3926,.T.);
#5463=ORIENTED_EDGE('',*,*,#3577,.F.);
#5464=ORIENTED_EDGE('',*,*,#3926,.F.);
#5465=ORIENTED_EDGE('',*,*,#3498,.F.);
#5466=ORIENTED_EDGE('',*,*,#3924,.T.);
#5467=ORIENTED_EDGE('',*,*,#3717,.F.);
#5468=ORIENTED_EDGE('',*,*,#3925,.T.);
#5469=ORIENTED_EDGE('',*,*,#3326,.F.);
#5470=ORIENTED_EDGE('',*,*,#3927,.F.);
#5471=ORIENTED_EDGE('',*,*,#3719,.F.);
#5472=ORIENTED_EDGE('',*,*,#3928,.T.);
#5473=ORIENTED_EDGE('',*,*,#3330,.F.);
#5474=ORIENTED_EDGE('',*,*,#3919,.F.);
#5475=ORIENTED_EDGE('',*,*,#3718,.F.);
#5476=ORIENTED_EDGE('',*,*,#3927,.T.);
#5477=ORIENTED_EDGE('',*,*,#3331,.F.);
#5478=ORIENTED_EDGE('',*,*,#3928,.F.);
#5479=ORIENTED_EDGE('',*,*,#3574,.F.);
#5480=ORIENTED_EDGE('',*,*,#3929,.F.);
#5481=ORIENTED_EDGE('',*,*,#3507,.F.);
#5482=ORIENTED_EDGE('',*,*,#3930,.T.);
#5483=ORIENTED_EDGE('',*,*,#3726,.F.);
#5484=ORIENTED_EDGE('',*,*,#3931,.T.);
#5485=ORIENTED_EDGE('',*,*,#3323,.F.);
#5486=ORIENTED_EDGE('',*,*,#3932,.F.);
#5487=ORIENTED_EDGE('',*,*,#3573,.F.);
#5488=ORIENTED_EDGE('',*,*,#3933,.F.);
#5489=ORIENTED_EDGE('',*,*,#3508,.F.);
#5490=ORIENTED_EDGE('',*,*,#3929,.T.);
#5491=ORIENTED_EDGE('',*,*,#3727,.F.);
#5492=ORIENTED_EDGE('',*,*,#3932,.T.);
#5493=ORIENTED_EDGE('',*,*,#3322,.F.);
#5494=ORIENTED_EDGE('',*,*,#3934,.F.);
#5495=ORIENTED_EDGE('',*,*,#3575,.F.);
#5496=ORIENTED_EDGE('',*,*,#3930,.F.);
#5497=ORIENTED_EDGE('',*,*,#3506,.F.);
#5498=ORIENTED_EDGE('',*,*,#3935,.T.);
#5499=ORIENTED_EDGE('',*,*,#3572,.F.);
#5500=ORIENTED_EDGE('',*,*,#3936,.F.);
#5501=ORIENTED_EDGE('',*,*,#3509,.F.);
#5502=ORIENTED_EDGE('',*,*,#3933,.T.);
#5503=ORIENTED_EDGE('',*,*,#3728,.F.);
#5504=ORIENTED_EDGE('',*,*,#3934,.T.);
#5505=ORIENTED_EDGE('',*,*,#3321,.F.);
#5506=ORIENTED_EDGE('',*,*,#3937,.F.);
#5507=ORIENTED_EDGE('',*,*,#3576,.F.);
#5508=ORIENTED_EDGE('',*,*,#3935,.F.);
#5509=ORIENTED_EDGE('',*,*,#3505,.F.);
#5510=ORIENTED_EDGE('',*,*,#3938,.T.);
#5511=ORIENTED_EDGE('',*,*,#3571,.F.);
#5512=ORIENTED_EDGE('',*,*,#3938,.F.);
#5513=ORIENTED_EDGE('',*,*,#3504,.F.);
#5514=ORIENTED_EDGE('',*,*,#3936,.T.);
#5515=ORIENTED_EDGE('',*,*,#3723,.F.);
#5516=ORIENTED_EDGE('',*,*,#3937,.T.);
#5517=ORIENTED_EDGE('',*,*,#3320,.F.);
#5518=ORIENTED_EDGE('',*,*,#3939,.F.);
#5519=ORIENTED_EDGE('',*,*,#3725,.F.);
#5520=ORIENTED_EDGE('',*,*,#3940,.T.);
#5521=ORIENTED_EDGE('',*,*,#3324,.F.);
#5522=ORIENTED_EDGE('',*,*,#3931,.F.);
#5523=ORIENTED_EDGE('',*,*,#3724,.F.);
#5524=ORIENTED_EDGE('',*,*,#3939,.T.);
#5525=ORIENTED_EDGE('',*,*,#3325,.F.);
#5526=ORIENTED_EDGE('',*,*,#3940,.F.);
#5527=ORIENTED_EDGE('',*,*,#3941,.F.);
#5528=ORIENTED_EDGE('',*,*,#3942,.T.);
#5529=ORIENTED_EDGE('',*,*,#3427,.T.);
#5530=ORIENTED_EDGE('',*,*,#3942,.F.);
#5531=ORIENTED_EDGE('',*,*,#3943,.F.);
#5532=ORIENTED_EDGE('',*,*,#3944,.T.);
#5533=ORIENTED_EDGE('',*,*,#3426,.T.);
#5534=ORIENTED_EDGE('',*,*,#3944,.F.);
#5535=ORIENTED_EDGE('',*,*,#3945,.F.);
#5536=ORIENTED_EDGE('',*,*,#3946,.T.);
#5537=ORIENTED_EDGE('',*,*,#3425,.T.);
#5538=ORIENTED_EDGE('',*,*,#3946,.F.);
#5539=ORIENTED_EDGE('',*,*,#3947,.F.);
#5540=ORIENTED_EDGE('',*,*,#3948,.T.);
#5541=ORIENTED_EDGE('',*,*,#3424,.T.);
#5542=ORIENTED_EDGE('',*,*,#3948,.F.);
#5543=ORIENTED_EDGE('',*,*,#3949,.F.);
#5544=ORIENTED_EDGE('',*,*,#3950,.T.);
#5545=ORIENTED_EDGE('',*,*,#3423,.T.);
#5546=ORIENTED_EDGE('',*,*,#3950,.F.);
#5547=ORIENTED_EDGE('',*,*,#3951,.F.);
#5548=ORIENTED_EDGE('',*,*,#3952,.T.);
#5549=ORIENTED_EDGE('',*,*,#3422,.T.);
#5550=ORIENTED_EDGE('',*,*,#3952,.F.);
#5551=ORIENTED_EDGE('',*,*,#3953,.F.);
#5552=ORIENTED_EDGE('',*,*,#3954,.T.);
#5553=ORIENTED_EDGE('',*,*,#3421,.T.);
#5554=ORIENTED_EDGE('',*,*,#3954,.F.);
#5555=ORIENTED_EDGE('',*,*,#3955,.F.);
#5556=ORIENTED_EDGE('',*,*,#3956,.T.);
#5557=ORIENTED_EDGE('',*,*,#3420,.T.);
#5558=ORIENTED_EDGE('',*,*,#3956,.F.);
#5559=ORIENTED_EDGE('',*,*,#3957,.F.);
#5560=ORIENTED_EDGE('',*,*,#3958,.T.);
#5561=ORIENTED_EDGE('',*,*,#3419,.T.);
#5562=ORIENTED_EDGE('',*,*,#3958,.F.);
#5563=ORIENTED_EDGE('',*,*,#3959,.F.);
#5564=ORIENTED_EDGE('',*,*,#3960,.T.);
#5565=ORIENTED_EDGE('',*,*,#3418,.T.);
#5566=ORIENTED_EDGE('',*,*,#3960,.F.);
#5567=ORIENTED_EDGE('',*,*,#3961,.F.);
#5568=ORIENTED_EDGE('',*,*,#3962,.T.);
#5569=ORIENTED_EDGE('',*,*,#3417,.T.);
#5570=ORIENTED_EDGE('',*,*,#3962,.F.);
#5571=ORIENTED_EDGE('',*,*,#3963,.F.);
#5572=ORIENTED_EDGE('',*,*,#3964,.T.);
#5573=ORIENTED_EDGE('',*,*,#3416,.T.);
#5574=ORIENTED_EDGE('',*,*,#3964,.F.);
#5575=ORIENTED_EDGE('',*,*,#3965,.F.);
#5576=ORIENTED_EDGE('',*,*,#3966,.T.);
#5577=ORIENTED_EDGE('',*,*,#3415,.T.);
#5578=ORIENTED_EDGE('',*,*,#3966,.F.);
#5579=ORIENTED_EDGE('',*,*,#3967,.F.);
#5580=ORIENTED_EDGE('',*,*,#3968,.T.);
#5581=ORIENTED_EDGE('',*,*,#3414,.T.);
#5582=ORIENTED_EDGE('',*,*,#3968,.F.);
#5583=ORIENTED_EDGE('',*,*,#3969,.F.);
#5584=ORIENTED_EDGE('',*,*,#3970,.T.);
#5585=ORIENTED_EDGE('',*,*,#3413,.T.);
#5586=ORIENTED_EDGE('',*,*,#3970,.F.);
#5587=ORIENTED_EDGE('',*,*,#3971,.F.);
#5588=ORIENTED_EDGE('',*,*,#3972,.T.);
#5589=ORIENTED_EDGE('',*,*,#3412,.T.);
#5590=ORIENTED_EDGE('',*,*,#3972,.F.);
#5591=ORIENTED_EDGE('',*,*,#3973,.F.);
#5592=ORIENTED_EDGE('',*,*,#3974,.T.);
#5593=ORIENTED_EDGE('',*,*,#3411,.T.);
#5594=ORIENTED_EDGE('',*,*,#3974,.F.);
#5595=ORIENTED_EDGE('',*,*,#3975,.F.);
#5596=ORIENTED_EDGE('',*,*,#3976,.T.);
#5597=ORIENTED_EDGE('',*,*,#3410,.T.);
#5598=ORIENTED_EDGE('',*,*,#3976,.F.);
#5599=ORIENTED_EDGE('',*,*,#3977,.F.);
#5600=ORIENTED_EDGE('',*,*,#3978,.T.);
#5601=ORIENTED_EDGE('',*,*,#3409,.T.);
#5602=ORIENTED_EDGE('',*,*,#3978,.F.);
#5603=ORIENTED_EDGE('',*,*,#3979,.F.);
#5604=ORIENTED_EDGE('',*,*,#3980,.T.);
#5605=ORIENTED_EDGE('',*,*,#3408,.T.);
#5606=ORIENTED_EDGE('',*,*,#3980,.F.);
#5607=ORIENTED_EDGE('',*,*,#3981,.F.);
#5608=ORIENTED_EDGE('',*,*,#3982,.T.);
#5609=ORIENTED_EDGE('',*,*,#3407,.T.);
#5610=ORIENTED_EDGE('',*,*,#3982,.F.);
#5611=ORIENTED_EDGE('',*,*,#3983,.F.);
#5612=ORIENTED_EDGE('',*,*,#3984,.T.);
#5613=ORIENTED_EDGE('',*,*,#3406,.T.);
#5614=ORIENTED_EDGE('',*,*,#3984,.F.);
#5615=ORIENTED_EDGE('',*,*,#3985,.F.);
#5616=ORIENTED_EDGE('',*,*,#3986,.T.);
#5617=ORIENTED_EDGE('',*,*,#3405,.T.);
#5618=ORIENTED_EDGE('',*,*,#3986,.F.);
#5619=ORIENTED_EDGE('',*,*,#3987,.F.);
#5620=ORIENTED_EDGE('',*,*,#3988,.T.);
#5621=ORIENTED_EDGE('',*,*,#3404,.T.);
#5622=ORIENTED_EDGE('',*,*,#3988,.F.);
#5623=ORIENTED_EDGE('',*,*,#3989,.F.);
#5624=ORIENTED_EDGE('',*,*,#3990,.T.);
#5625=ORIENTED_EDGE('',*,*,#3403,.T.);
#5626=ORIENTED_EDGE('',*,*,#3990,.F.);
#5627=ORIENTED_EDGE('',*,*,#3991,.F.);
#5628=ORIENTED_EDGE('',*,*,#3992,.T.);
#5629=ORIENTED_EDGE('',*,*,#3402,.T.);
#5630=ORIENTED_EDGE('',*,*,#3992,.F.);
#5631=ORIENTED_EDGE('',*,*,#3293,.F.);
#5632=ORIENTED_EDGE('',*,*,#3650,.F.);
#5633=ORIENTED_EDGE('',*,*,#3526,.F.);
#5634=ORIENTED_EDGE('',*,*,#3569,.F.);
#5635=ORIENTED_EDGE('',*,*,#3991,.T.);
#5636=ORIENTED_EDGE('',*,*,#3989,.T.);
#5637=ORIENTED_EDGE('',*,*,#3987,.T.);
#5638=ORIENTED_EDGE('',*,*,#3985,.T.);
#5639=ORIENTED_EDGE('',*,*,#3983,.T.);
#5640=ORIENTED_EDGE('',*,*,#3981,.T.);
#5641=ORIENTED_EDGE('',*,*,#3979,.T.);
#5642=ORIENTED_EDGE('',*,*,#3977,.T.);
#5643=ORIENTED_EDGE('',*,*,#3975,.T.);
#5644=ORIENTED_EDGE('',*,*,#3973,.T.);
#5645=ORIENTED_EDGE('',*,*,#3971,.T.);
#5646=ORIENTED_EDGE('',*,*,#3969,.T.);
#5647=ORIENTED_EDGE('',*,*,#3967,.T.);
#5648=ORIENTED_EDGE('',*,*,#3965,.T.);
#5649=ORIENTED_EDGE('',*,*,#3963,.T.);
#5650=ORIENTED_EDGE('',*,*,#3961,.T.);
#5651=ORIENTED_EDGE('',*,*,#3959,.T.);
#5652=ORIENTED_EDGE('',*,*,#3957,.T.);
#5653=ORIENTED_EDGE('',*,*,#3955,.T.);
#5654=ORIENTED_EDGE('',*,*,#3953,.T.);
#5655=ORIENTED_EDGE('',*,*,#3951,.T.);
#5656=ORIENTED_EDGE('',*,*,#3949,.T.);
#5657=ORIENTED_EDGE('',*,*,#3947,.T.);
#5658=ORIENTED_EDGE('',*,*,#3945,.T.);
#5659=ORIENTED_EDGE('',*,*,#3943,.T.);
#5660=ORIENTED_EDGE('',*,*,#3941,.T.);
#5661=B_SPLINE_SURFACE_WITH_KNOTS('',3,3,((#8168,#8169,#8170,#8171,#8172),
(#8173,#8174,#8175,#8176,#8177),(#8178,#8179,#8180,#8181,#8182),(#8183,
#8184,#8185,#8186,#8187),(#8188,#8189,#8190,#8191,#8192)),.UNSPECIFIED.,
 .F.,.F.,.F.,(4,1,4),(4,1,4),(0.,0.571428571428571,1.),(-0.730723567365396,
-9.38138455808257E-15,0.730723567365377),.UNSPECIFIED.);
#5662=B_SPLINE_SURFACE_WITH_KNOTS('',3,3,((#8207,#8208,#8209,#8210,#8211),
(#8212,#8213,#8214,#8215,#8216),(#8217,#8218,#8219,#8220,#8221),(#8222,
#8223,#8224,#8225,#8226),(#8227,#8228,#8229,#8230,#8231)),.UNSPECIFIED.,
 .F.,.F.,.F.,(4,1,4),(4,1,4),(0.,0.571428571428571,1.),(-0.730723567365384,
-5.32907051820075E-15,0.730723567365374),.UNSPECIFIED.);
#5663=B_SPLINE_SURFACE_WITH_KNOTS('',3,3,((#8243,#8244,#8245,#8246,#8247),
(#8248,#8249,#8250,#8251,#8252),(#8253,#8254,#8255,#8256,#8257),(#8258,
#8259,#8260,#8261,#8262),(#8263,#8264,#8265,#8266,#8267)),.UNSPECIFIED.,
 .F.,.F.,.F.,(4,1,4),(4,1,4),(0.,0.571428571428571,1.),(-0.730723567365371,
1.33781874467331E-14,0.730723567365398),.UNSPECIFIED.);
#5664=B_SPLINE_SURFACE_WITH_KNOTS('',3,3,((#8279,#8280,#8281,#8282,#8283),
(#8284,#8285,#8286,#8287,#8288),(#8289,#8290,#8291,#8292,#8293),(#8294,
#8295,#8296,#8297,#8298),(#8299,#8300,#8301,#8302,#8303)),.UNSPECIFIED.,
 .F.,.F.,.F.,(4,1,4),(4,1,4),(0.,0.571428571428571,1.),(-0.730723567365399,
-1.38777878078145E-14,0.730723567365371),.UNSPECIFIED.);
#5665=B_SPLINE_SURFACE_WITH_KNOTS('',3,3,((#8379,#8380,#8381,#8382,#8383),
(#8384,#8385,#8386,#8387,#8388),(#8389,#8390,#8391,#8392,#8393),(#8394,
#8395,#8396,#8397,#8398),(#8399,#8400,#8401,#8402,#8403)),.UNSPECIFIED.,
 .F.,.F.,.F.,(4,1,4),(4,1,4),(0.,0.571428571428571,1.),(-0.730723567365376,
2.22044604925031E-16,0.730723567365376),.UNSPECIFIED.);
#5666=B_SPLINE_SURFACE_WITH_KNOTS('',3,3,((#8413,#8414,#8415,#8416,#8417),
(#8418,#8419,#8420,#8421,#8422),(#8423,#8424,#8425,#8426,#8427),(#8428,
#8429,#8430,#8431,#8432),(#8433,#8434,#8435,#8436,#8437)),.UNSPECIFIED.,
 .F.,.F.,.F.,(4,1,4),(4,1,4),(0.,0.571428571428571,1.),(-0.730723567365375,
4.44089209850063E-15,0.730723567365384),.UNSPECIFIED.);
#5667=B_SPLINE_SURFACE_WITH_KNOTS('',3,3,((#8445,#8446,#8447,#8448,#8449),
(#8450,#8451,#8452,#8453,#8454),(#8455,#8456,#8457,#8458,#8459),(#8460,
#8461,#8462,#8463,#8464),(#8465,#8466,#8467,#8468,#8469)),.UNSPECIFIED.,
 .F.,.F.,.F.,(4,1,4),(4,1,4),(0.,0.571428571428571,1.),(-0.73072356736538,
4.44089209850063E-16,0.73072356736538),.UNSPECIFIED.);
#5668=B_SPLINE_SURFACE_WITH_KNOTS('',3,3,((#8477,#8478,#8479,#8480,#8481),
(#8482,#8483,#8484,#8485,#8486),(#8487,#8488,#8489,#8490,#8491),(#8492,
#8493,#8494,#8495,#8496),(#8497,#8498,#8499,#8500,#8501)),.UNSPECIFIED.,
 .F.,.F.,.F.,(4,1,4),(4,1,4),(0.,0.571428571428571,1.),(-0.730723567365381,
-7.7715611723761E-16,0.730723567365379),.UNSPECIFIED.);
#5669=ADVANCED_FACE('',(#1691),#5661,.T.);
#5670=ADVANCED_FACE('',(#1692),#1601,.F.);
#5671=ADVANCED_FACE('',(#1693),#5662,.T.);
#5672=ADVANCED_FACE('',(#1694),#1602,.F.);
#5673=ADVANCED_FACE('',(#1695),#5663,.T.);
#5674=ADVANCED_FACE('',(#1696),#1603,.F.);
#5675=ADVANCED_FACE('',(#1697),#5664,.T.);
#5676=ADVANCED_FACE('',(#1698),#1604,.F.);
#5677=ADVANCED_FACE('',(#1699),#155,.T.);
#5678=ADVANCED_FACE('',(#1700),#1605,.T.);
#5679=ADVANCED_FACE('',(#1701),#156,.T.);
#5680=ADVANCED_FACE('',(#1702),#1606,.T.);
#5681=ADVANCED_FACE('',(#1703,#47,#48),#157,.T.);
#5682=ADVANCED_FACE('',(#1704),#5665,.T.);
#5683=ADVANCED_FACE('',(#1705),#1607,.F.);
#5684=ADVANCED_FACE('',(#1706),#5666,.T.);
#5685=ADVANCED_FACE('',(#1707),#1608,.F.);
#5686=ADVANCED_FACE('',(#1708),#5667,.T.);
#5687=ADVANCED_FACE('',(#1709),#1609,.F.);
#5688=ADVANCED_FACE('',(#1710),#5668,.T.);
#5689=ADVANCED_FACE('',(#1711),#1610,.F.);
#5690=ADVANCED_FACE('',(#1712),#158,.T.);
#5691=ADVANCED_FACE('',(#1713),#1611,.T.);
#5692=ADVANCED_FACE('',(#1714),#159,.T.);
#5693=ADVANCED_FACE('',(#1715),#1612,.T.);
#5694=ADVANCED_FACE('',(#1716),#1613,.T.);
#5695=ADVANCED_FACE('',(#1717),#1614,.T.);
#5696=ADVANCED_FACE('',(#1718),#31,.T.);
#5697=ADVANCED_FACE('',(#1719),#1615,.T.);
#5698=ADVANCED_FACE('',(#1720),#32,.T.);
#5699=ADVANCED_FACE('',(#1721),#1616,.T.);
#5700=ADVANCED_FACE('',(#1722),#33,.T.);
#5701=ADVANCED_FACE('',(#1723),#34,.T.);
#5702=ADVANCED_FACE('',(#1724),#1617,.T.);
#5703=ADVANCED_FACE('',(#1725),#160,.T.);
#5704=ADVANCED_FACE('',(#1726),#161,.T.);
#5705=ADVANCED_FACE('',(#1727),#1618,.T.);
#5706=ADVANCED_FACE('',(#1728),#1619,.T.);
#5707=ADVANCED_FACE('',(#1729),#35,.T.);
#5708=ADVANCED_FACE('',(#1730),#1620,.T.);
#5709=ADVANCED_FACE('',(#1731),#36,.T.);
#5710=ADVANCED_FACE('',(#1732),#1621,.T.);
#5711=ADVANCED_FACE('',(#1733),#37,.T.);
#5712=ADVANCED_FACE('',(#1734),#38,.T.);
#5713=ADVANCED_FACE('',(#1735),#1622,.T.);
#5714=ADVANCED_FACE('',(#1736),#162,.T.);
#5715=ADVANCED_FACE('',(#1737),#163,.T.);
#5716=ADVANCED_FACE('',(#1738),#1623,.T.);
#5717=ADVANCED_FACE('',(#1739),#164,.T.);
#5718=ADVANCED_FACE('',(#1740),#1624,.T.);
#5719=ADVANCED_FACE('',(#1741),#165,.T.);
#5720=ADVANCED_FACE('',(#1742),#1625,.T.);
#5721=ADVANCED_FACE('',(#1743),#15,.T.);
#5722=ADVANCED_FACE('',(#1744),#1626,.T.);
#5723=ADVANCED_FACE('',(#1745),#16,.T.);
#5724=ADVANCED_FACE('',(#1746),#1627,.T.);
#5725=ADVANCED_FACE('',(#1747),#17,.T.);
#5726=ADVANCED_FACE('',(#1748),#1628,.T.);
#5727=ADVANCED_FACE('',(#1749),#18,.T.);
#5728=ADVANCED_FACE('',(#1750),#1629,.T.);
#5729=ADVANCED_FACE('',(#1751),#19,.T.);
#5730=ADVANCED_FACE('',(#1752),#1630,.T.);
#5731=ADVANCED_FACE('',(#1753),#20,.T.);
#5732=ADVANCED_FACE('',(#1754),#1631,.T.);
#5733=ADVANCED_FACE('',(#1755),#21,.T.);
#5734=ADVANCED_FACE('',(#1756),#1632,.T.);
#5735=ADVANCED_FACE('',(#1757),#22,.T.);
#5736=ADVANCED_FACE('',(#1758),#1633,.T.);
#5737=ADVANCED_FACE('',(#1759),#166,.T.);
#5738=ADVANCED_FACE('',(#1760),#1634,.T.);
#5739=ADVANCED_FACE('',(#1761,#49,#50,#51,#52,#53,#54,#55,#56,#57,#58,#59,
#60,#61),#167,.T.);
#5740=ADVANCED_FACE('',(#1762),#1635,.T.);
#5741=ADVANCED_FACE('',(#1763,#62,#63,#64,#65,#66,#67,#68,#69,#70,#71,#72,
#73,#74,#75,#76,#77,#78,#79,#80,#81,#82,#83,#84,#85,#86,#87),#168,.F.);
#5742=ADVANCED_FACE('',(#1764),#1636,.T.);
#5743=ADVANCED_FACE('',(#1765,#88,#89,#90,#91,#92,#93,#94,#95,#96,#97,#98,
#99,#100),#169,.T.);
#5744=ADVANCED_FACE('',(#1766),#1637,.T.);
#5745=ADVANCED_FACE('',(#1767),#23,.T.);
#5746=ADVANCED_FACE('',(#1768),#1638,.T.);
#5747=ADVANCED_FACE('',(#1769),#24,.T.);
#5748=ADVANCED_FACE('',(#1770),#1639,.T.);
#5749=ADVANCED_FACE('',(#1771),#25,.T.);
#5750=ADVANCED_FACE('',(#1772),#1640,.T.);
#5751=ADVANCED_FACE('',(#1773),#26,.T.);
#5752=ADVANCED_FACE('',(#1774),#1641,.T.);
#5753=ADVANCED_FACE('',(#1775),#27,.T.);
#5754=ADVANCED_FACE('',(#1776),#1642,.T.);
#5755=ADVANCED_FACE('',(#1777),#28,.T.);
#5756=ADVANCED_FACE('',(#1778),#1643,.T.);
#5757=ADVANCED_FACE('',(#1779),#29,.T.);
#5758=ADVANCED_FACE('',(#1780),#1644,.T.);
#5759=ADVANCED_FACE('',(#1781),#30,.T.);
#5760=ADVANCED_FACE('',(#1782),#1645,.T.);
#5761=ADVANCED_FACE('',(#1783),#170,.T.);
#5762=ADVANCED_FACE('',(#1784),#1646,.T.);
#5763=ADVANCED_FACE('',(#1785,#101,#102),#171,.T.);
#5764=ADVANCED_FACE('',(#1786),#1647,.F.);
#5765=ADVANCED_FACE('',(#1787,#103,#104,#105,#106,#107,#108,#109,#110,#111,
#112,#113,#114,#115),#172,.T.);
#5766=ADVANCED_FACE('',(#1788),#1648,.F.);
#5767=ADVANCED_FACE('',(#1789,#116,#117,#118,#119,#120,#121,#122,#123,#124,
#125,#126,#127,#128),#173,.T.);
#5768=ADVANCED_FACE('',(#1790),#1649,.F.);
#5769=ADVANCED_FACE('',(#1791),#1650,.F.);
#5770=ADVANCED_FACE('',(#1792),#39,.F.);
#5771=ADVANCED_FACE('',(#1793),#1651,.F.);
#5772=ADVANCED_FACE('',(#1794),#40,.F.);
#5773=ADVANCED_FACE('',(#1795),#1652,.F.);
#5774=ADVANCED_FACE('',(#1796),#41,.F.);
#5775=ADVANCED_FACE('',(#1797),#42,.F.);
#5776=ADVANCED_FACE('',(#1798),#1653,.F.);
#5777=ADVANCED_FACE('',(#1799),#174,.F.);
#5778=ADVANCED_FACE('',(#1800),#1654,.F.);
#5779=ADVANCED_FACE('',(#1801),#175,.F.);
#5780=ADVANCED_FACE('',(#1802),#176,.F.);
#5781=ADVANCED_FACE('',(#1803),#177,.F.);
#5782=ADVANCED_FACE('',(#1804),#1655,.F.);
#5783=ADVANCED_FACE('',(#1805),#1656,.F.);
#5784=ADVANCED_FACE('',(#1806),#178,.F.);
#5785=ADVANCED_FACE('',(#1807),#1657,.F.);
#5786=ADVANCED_FACE('',(#1808),#1658,.F.);
#5787=ADVANCED_FACE('',(#1809),#43,.F.);
#5788=ADVANCED_FACE('',(#1810),#1659,.F.);
#5789=ADVANCED_FACE('',(#1811),#44,.F.);
#5790=ADVANCED_FACE('',(#1812),#1660,.F.);
#5791=ADVANCED_FACE('',(#1813),#45,.F.);
#5792=ADVANCED_FACE('',(#1814),#46,.F.);
#5793=ADVANCED_FACE('',(#1815),#1661,.F.);
#5794=ADVANCED_FACE('',(#1816),#179,.F.);
#5795=ADVANCED_FACE('',(#1817),#1662,.F.);
#5796=ADVANCED_FACE('',(#1818),#180,.F.);
#5797=ADVANCED_FACE('',(#1819),#181,.F.);
#5798=ADVANCED_FACE('',(#1820),#1663,.F.);
#5799=ADVANCED_FACE('',(#1821),#1664,.F.);
#5800=ADVANCED_FACE('',(#1822),#182,.F.);
#5801=ADVANCED_FACE('',(#1823),#183,.F.);
#5802=ADVANCED_FACE('',(#1824),#184,.F.);
#5803=ADVANCED_FACE('',(#1825),#185,.F.);
#5804=ADVANCED_FACE('',(#1826),#186,.F.);
#5805=ADVANCED_FACE('',(#1827),#187,.F.);
#5806=ADVANCED_FACE('',(#1828),#188,.F.);
#5807=ADVANCED_FACE('',(#1829),#189,.F.);
#5808=ADVANCED_FACE('',(#1830),#190,.F.);
#5809=ADVANCED_FACE('',(#1831),#191,.F.);
#5810=ADVANCED_FACE('',(#1832),#192,.F.);
#5811=ADVANCED_FACE('',(#1833),#193,.F.);
#5812=ADVANCED_FACE('',(#1834),#194,.F.);
#5813=ADVANCED_FACE('',(#1835),#195,.F.);
#5814=ADVANCED_FACE('',(#1836),#196,.F.);
#5815=ADVANCED_FACE('',(#1837),#197,.F.);
#5816=ADVANCED_FACE('',(#1838),#198,.F.);
#5817=ADVANCED_FACE('',(#1839),#199,.F.);
#5818=ADVANCED_FACE('',(#1840),#200,.F.);
#5819=ADVANCED_FACE('',(#1841),#201,.F.);
#5820=ADVANCED_FACE('',(#1842),#202,.F.);
#5821=ADVANCED_FACE('',(#1843),#203,.F.);
#5822=ADVANCED_FACE('',(#1844),#204,.F.);
#5823=ADVANCED_FACE('',(#1845),#205,.F.);
#5824=ADVANCED_FACE('',(#1846),#206,.F.);
#5825=ADVANCED_FACE('',(#1847),#207,.F.);
#5826=ADVANCED_FACE('',(#1848),#208,.F.);
#5827=ADVANCED_FACE('',(#1849),#209,.F.);
#5828=ADVANCED_FACE('',(#1850),#210,.F.);
#5829=ADVANCED_FACE('',(#1851),#211,.F.);
#5830=ADVANCED_FACE('',(#1852),#212,.F.);
#5831=ADVANCED_FACE('',(#1853),#213,.F.);
#5832=ADVANCED_FACE('',(#1854),#214,.F.);
#5833=ADVANCED_FACE('',(#1855),#215,.F.);
#5834=ADVANCED_FACE('',(#1856),#216,.F.);
#5835=ADVANCED_FACE('',(#1857),#217,.F.);
#5836=ADVANCED_FACE('',(#1858),#218,.F.);
#5837=ADVANCED_FACE('',(#1859),#219,.F.);
#5838=ADVANCED_FACE('',(#1860),#220,.F.);
#5839=ADVANCED_FACE('',(#1861),#221,.F.);
#5840=ADVANCED_FACE('',(#1862),#222,.F.);
#5841=ADVANCED_FACE('',(#1863),#223,.F.);
#5842=ADVANCED_FACE('',(#1864),#224,.F.);
#5843=ADVANCED_FACE('',(#1865),#225,.F.);
#5844=ADVANCED_FACE('',(#1866),#226,.F.);
#5845=ADVANCED_FACE('',(#1867),#227,.F.);
#5846=ADVANCED_FACE('',(#1868),#228,.F.);
#5847=ADVANCED_FACE('',(#1869),#229,.F.);
#5848=ADVANCED_FACE('',(#1870),#230,.F.);
#5849=ADVANCED_FACE('',(#1871),#231,.F.);
#5850=ADVANCED_FACE('',(#1872),#232,.F.);
#5851=ADVANCED_FACE('',(#1873),#233,.F.);
#5852=ADVANCED_FACE('',(#1874),#234,.F.);
#5853=ADVANCED_FACE('',(#1875),#235,.F.);
#5854=ADVANCED_FACE('',(#1876),#236,.F.);
#5855=ADVANCED_FACE('',(#1877),#237,.F.);
#5856=ADVANCED_FACE('',(#1878),#238,.F.);
#5857=ADVANCED_FACE('',(#1879),#239,.F.);
#5858=ADVANCED_FACE('',(#1880),#240,.F.);
#5859=ADVANCED_FACE('',(#1881),#241,.F.);
#5860=ADVANCED_FACE('',(#1882),#242,.F.);
#5861=ADVANCED_FACE('',(#1883),#243,.F.);
#5862=ADVANCED_FACE('',(#1884),#244,.F.);
#5863=ADVANCED_FACE('',(#1885),#245,.F.);
#5864=ADVANCED_FACE('',(#1886),#246,.F.);
#5865=ADVANCED_FACE('',(#1887),#247,.F.);
#5866=ADVANCED_FACE('',(#1888),#248,.F.);
#5867=ADVANCED_FACE('',(#1889),#249,.F.);
#5868=ADVANCED_FACE('',(#1890),#250,.F.);
#5869=ADVANCED_FACE('',(#1891),#251,.F.);
#5870=ADVANCED_FACE('',(#1892),#252,.F.);
#5871=ADVANCED_FACE('',(#1893),#253,.F.);
#5872=ADVANCED_FACE('',(#1894),#254,.F.);
#5873=ADVANCED_FACE('',(#1895),#255,.F.);
#5874=ADVANCED_FACE('',(#1896),#256,.F.);
#5875=ADVANCED_FACE('',(#1897),#257,.F.);
#5876=ADVANCED_FACE('',(#1898),#258,.F.);
#5877=ADVANCED_FACE('',(#1899),#259,.F.);
#5878=ADVANCED_FACE('',(#1900),#260,.F.);
#5879=ADVANCED_FACE('',(#1901),#261,.F.);
#5880=ADVANCED_FACE('',(#1902),#262,.F.);
#5881=ADVANCED_FACE('',(#1903),#263,.F.);
#5882=ADVANCED_FACE('',(#1904),#264,.F.);
#5883=ADVANCED_FACE('',(#1905),#265,.F.);
#5884=ADVANCED_FACE('',(#1906),#266,.F.);
#5885=ADVANCED_FACE('',(#1907),#267,.F.);
#5886=ADVANCED_FACE('',(#1908),#268,.F.);
#5887=ADVANCED_FACE('',(#1909),#269,.F.);
#5888=ADVANCED_FACE('',(#1910),#270,.F.);
#5889=ADVANCED_FACE('',(#1911),#271,.F.);
#5890=ADVANCED_FACE('',(#1912),#272,.F.);
#5891=ADVANCED_FACE('',(#1913),#273,.F.);
#5892=ADVANCED_FACE('',(#1914),#274,.F.);
#5893=ADVANCED_FACE('',(#1915),#275,.F.);
#5894=ADVANCED_FACE('',(#1916),#276,.F.);
#5895=ADVANCED_FACE('',(#1917),#277,.F.);
#5896=ADVANCED_FACE('',(#1918),#278,.F.);
#5897=ADVANCED_FACE('',(#1919),#279,.F.);
#5898=ADVANCED_FACE('',(#1920),#280,.F.);
#5899=ADVANCED_FACE('',(#1921),#281,.F.);
#5900=ADVANCED_FACE('',(#1922),#282,.F.);
#5901=ADVANCED_FACE('',(#1923),#283,.F.);
#5902=ADVANCED_FACE('',(#1924),#284,.F.);
#5903=ADVANCED_FACE('',(#1925),#285,.F.);
#5904=ADVANCED_FACE('',(#1926),#286,.F.);
#5905=ADVANCED_FACE('',(#1927),#287,.F.);
#5906=ADVANCED_FACE('',(#1928),#288,.F.);
#5907=ADVANCED_FACE('',(#1929),#289,.F.);
#5908=ADVANCED_FACE('',(#1930),#290,.F.);
#5909=ADVANCED_FACE('',(#1931),#291,.F.);
#5910=ADVANCED_FACE('',(#1932),#292,.F.);
#5911=ADVANCED_FACE('',(#1933),#293,.F.);
#5912=ADVANCED_FACE('',(#1934),#294,.F.);
#5913=ADVANCED_FACE('',(#1935),#295,.F.);
#5914=ADVANCED_FACE('',(#1936),#296,.F.);
#5915=ADVANCED_FACE('',(#1937),#297,.F.);
#5916=ADVANCED_FACE('',(#1938),#298,.F.);
#5917=ADVANCED_FACE('',(#1939),#299,.F.);
#5918=ADVANCED_FACE('',(#1940),#300,.F.);
#5919=ADVANCED_FACE('',(#1941),#301,.F.);
#5920=ADVANCED_FACE('',(#1942),#302,.F.);
#5921=ADVANCED_FACE('',(#1943),#303,.F.);
#5922=ADVANCED_FACE('',(#1944),#304,.F.);
#5923=ADVANCED_FACE('',(#1945),#305,.F.);
#5924=ADVANCED_FACE('',(#1946),#306,.F.);
#5925=ADVANCED_FACE('',(#1947),#307,.F.);
#5926=ADVANCED_FACE('',(#1948),#308,.F.);
#5927=ADVANCED_FACE('',(#1949),#309,.F.);
#5928=ADVANCED_FACE('',(#1950),#310,.F.);
#5929=ADVANCED_FACE('',(#1951),#311,.F.);
#5930=ADVANCED_FACE('',(#1952),#312,.F.);
#5931=ADVANCED_FACE('',(#1953),#313,.F.);
#5932=ADVANCED_FACE('',(#1954),#314,.F.);
#5933=ADVANCED_FACE('',(#1955),#315,.F.);
#5934=ADVANCED_FACE('',(#1956),#316,.F.);
#5935=ADVANCED_FACE('',(#1957),#317,.F.);
#5936=ADVANCED_FACE('',(#1958),#318,.F.);
#5937=ADVANCED_FACE('',(#1959),#319,.F.);
#5938=ADVANCED_FACE('',(#1960),#320,.F.);
#5939=ADVANCED_FACE('',(#1961),#321,.F.);
#5940=ADVANCED_FACE('',(#1962),#322,.F.);
#5941=ADVANCED_FACE('',(#1963),#323,.F.);
#5942=ADVANCED_FACE('',(#1964),#324,.F.);
#5943=ADVANCED_FACE('',(#1965),#325,.F.);
#5944=ADVANCED_FACE('',(#1966),#326,.F.);
#5945=ADVANCED_FACE('',(#1967),#327,.F.);
#5946=ADVANCED_FACE('',(#1968),#328,.F.);
#5947=ADVANCED_FACE('',(#1969),#329,.F.);
#5948=ADVANCED_FACE('',(#1970),#330,.F.);
#5949=ADVANCED_FACE('',(#1971),#331,.F.);
#5950=ADVANCED_FACE('',(#1972),#332,.F.);
#5951=ADVANCED_FACE('',(#1973),#333,.F.);
#5952=ADVANCED_FACE('',(#1974),#334,.F.);
#5953=ADVANCED_FACE('',(#1975),#335,.F.);
#5954=ADVANCED_FACE('',(#1976),#336,.F.);
#5955=ADVANCED_FACE('',(#1977),#337,.F.);
#5956=ADVANCED_FACE('',(#1978),#338,.F.);
#5957=ADVANCED_FACE('',(#1979),#339,.F.);
#5958=ADVANCED_FACE('',(#1980),#1665,.F.);
#5959=ADVANCED_FACE('',(#1981),#1666,.F.);
#5960=ADVANCED_FACE('',(#1982),#1667,.F.);
#5961=ADVANCED_FACE('',(#1983),#1668,.F.);
#5962=ADVANCED_FACE('',(#1984),#1669,.F.);
#5963=ADVANCED_FACE('',(#1985),#1670,.F.);
#5964=ADVANCED_FACE('',(#1986),#1671,.F.);
#5965=ADVANCED_FACE('',(#1987),#1672,.F.);
#5966=ADVANCED_FACE('',(#1988),#1673,.F.);
#5967=ADVANCED_FACE('',(#1989),#1674,.F.);
#5968=ADVANCED_FACE('',(#1990),#1675,.F.);
#5969=ADVANCED_FACE('',(#1991),#1676,.F.);
#5970=ADVANCED_FACE('',(#1992),#1677,.F.);
#5971=ADVANCED_FACE('',(#1993),#1678,.F.);
#5972=ADVANCED_FACE('',(#1994),#1679,.F.);
#5973=ADVANCED_FACE('',(#1995),#1680,.F.);
#5974=ADVANCED_FACE('',(#1996),#1681,.F.);
#5975=ADVANCED_FACE('',(#1997),#1682,.F.);
#5976=ADVANCED_FACE('',(#1998),#1683,.F.);
#5977=ADVANCED_FACE('',(#1999),#1684,.F.);
#5978=ADVANCED_FACE('',(#2000),#1685,.F.);
#5979=ADVANCED_FACE('',(#2001),#1686,.F.);
#5980=ADVANCED_FACE('',(#2002),#1687,.F.);
#5981=ADVANCED_FACE('',(#2003),#1688,.F.);
#5982=ADVANCED_FACE('',(#2004),#1689,.F.);
#5983=ADVANCED_FACE('',(#2005),#1690,.F.);
#5984=ADVANCED_FACE('',(#2006,#129,#130,#131,#132,#133,#134,#135,#136,#137,
#138,#139,#140,#141,#142,#143,#144,#145,#146,#147,#148,#149,#150,#151,#152,
#153,#154),#340,.T.);
#5985=CLOSED_SHELL('',(#5669,#5670,#5671,#5672,#5673,#5674,#5675,#5676,
#5677,#5678,#5679,#5680,#5681,#5682,#5683,#5684,#5685,#5686,#5687,#5688,
#5689,#5690,#5691,#5692,#5693,#5694,#5695,#5696,#5697,#5698,#5699,#5700,
#5701,#5702,#5703,#5704,#5705,#5706,#5707,#5708,#5709,#5710,#5711,#5712,
#5713,#5714,#5715,#5716,#5717,#5718,#5719,#5720,#5721,#5722,#5723,#5724,
#5725,#5726,#5727,#5728,#5729,#5730,#5731,#5732,#5733,#5734,#5735,#5736,
#5737,#5738,#5739,#5740,#5741,#5742,#5743,#5744,#5745,#5746,#5747,#5748,
#5749,#5750,#5751,#5752,#5753,#5754,#5755,#5756,#5757,#5758,#5759,#5760,
#5761,#5762,#5763,#5764,#5765,#5766,#5767,#5768,#5769,#5770,#5771,#5772,
#5773,#5774,#5775,#5776,#5777,#5778,#5779,#5780,#5781,#5782,#5783,#5784,
#5785,#5786,#5787,#5788,#5789,#5790,#5791,#5792,#5793,#5794,#5795,#5796,
#5797,#5798,#5799,#5800,#5801,#5802,#5803,#5804,#5805,#5806,#5807,#5808,
#5809,#5810,#5811,#5812,#5813,#5814,#5815,#5816,#5817,#5818,#5819,#5820,
#5821,#5822,#5823,#5824,#5825,#5826,#5827,#5828,#5829,#5830,#5831,#5832,
#5833,#5834,#5835,#5836,#5837,#5838,#5839,#5840,#5841,#5842,#5843,#5844,
#5845,#5846,#5847,#5848,#5849,#5850,#5851,#5852,#5853,#5854,#5855,#5856,
#5857,#5858,#5859,#5860,#5861,#5862,#5863,#5864,#5865,#5866,#5867,#5868,
#5869,#5870,#5871,#5872,#5873,#5874,#5875,#5876,#5877,#5878,#5879,#5880,
#5881,#5882,#5883,#5884,#5885,#5886,#5887,#5888,#5889,#5890,#5891,#5892,
#5893,#5894,#5895,#5896,#5897,#5898,#5899,#5900,#5901,#5902,#5903,#5904,
#5905,#5906,#5907,#5908,#5909,#5910,#5911,#5912,#5913,#5914,#5915,#5916,
#5917,#5918,#5919,#5920,#5921,#5922,#5923,#5924,#5925,#5926,#5927,#5928,
#5929,#5930,#5931,#5932,#5933,#5934,#5935,#5936,#5937,#5938,#5939,#5940,
#5941,#5942,#5943,#5944,#5945,#5946,#5947,#5948,#5949,#5950,#5951,#5952,
#5953,#5954,#5955,#5956,#5957,#5958,#5959,#5960,#5961,#5962,#5963,#5964,
#5965,#5966,#5967,#5968,#5969,#5970,#5971,#5972,#5973,#5974,#5975,#5976,
#5977,#5978,#5979,#5980,#5981,#5982,#5983,#5984));
#5986=DERIVED_UNIT_ELEMENT(#5988,1.);
#5987=DERIVED_UNIT_ELEMENT(#10039,-3.);
#5988=(
MASS_UNIT()
NAMED_UNIT(*)
SI_UNIT(.KILO.,.GRAM.)
);
#5989=DERIVED_UNIT((#5986,#5987));
#5990=MEASURE_REPRESENTATION_ITEM('density measure',
POSITIVE_RATIO_MEASURE(7850.),#5989);
#5991=PROPERTY_DEFINITION_REPRESENTATION(#5996,#5993);
#5992=PROPERTY_DEFINITION_REPRESENTATION(#5997,#5994);
#5993=REPRESENTATION('material name',(#5995),#10036);
#5994=REPRESENTATION('density',(#5990),#10036);
#5995=DESCRIPTIVE_REPRESENTATION_ITEM('Steel','Steel');
#5996=PROPERTY_DEFINITION('material property','material name',#10046);
#5997=PROPERTY_DEFINITION('material property','density of part',#10046);
#5998=AXIS2_PLACEMENT_3D('',#8167,#6511,#6512);
#5999=AXIS2_PLACEMENT_3D('',#8195,#6513,#6514);
#6000=AXIS2_PLACEMENT_3D('',#8197,#6515,#6516);
#6001=AXIS2_PLACEMENT_3D('',#8199,#6517,#6518);
#6002=AXIS2_PLACEMENT_3D('',#8200,#6519,#6520);
#6003=AXIS2_PLACEMENT_3D('',#8201,#6521,#6522);
#6004=AXIS2_PLACEMENT_3D('',#8204,#6523,#6524);
#6005=AXIS2_PLACEMENT_3D('',#8234,#6527,#6528);
#6006=AXIS2_PLACEMENT_3D('',#8235,#6529,#6530);
#6007=AXIS2_PLACEMENT_3D('',#8236,#6531,#6532);
#6008=AXIS2_PLACEMENT_3D('',#8237,#6533,#6534);
#6009=AXIS2_PLACEMENT_3D('',#8240,#6535,#6536);
#6010=AXIS2_PLACEMENT_3D('',#8270,#6539,#6540);
#6011=AXIS2_PLACEMENT_3D('',#8271,#6541,#6542);
#6012=AXIS2_PLACEMENT_3D('',#8272,#6543,#6544);
#6013=AXIS2_PLACEMENT_3D('',#8273,#6545,#6546);
#6014=AXIS2_PLACEMENT_3D('',#8276,#6547,#6548);
#6015=AXIS2_PLACEMENT_3D('',#8306,#6551,#6552);
#6016=AXIS2_PLACEMENT_3D('',#8307,#6553,#6554);
#6017=AXIS2_PLACEMENT_3D('',#8308,#6555,#6556);
#6018=AXIS2_PLACEMENT_3D('',#8309,#6557,#6558);
#6019=AXIS2_PLACEMENT_3D('',#8312,#6561,#6562);
#6020=AXIS2_PLACEMENT_3D('',#8318,#6566,#6567);
#6021=AXIS2_PLACEMENT_3D('',#8321,#6569,#6570);
#6022=AXIS2_PLACEMENT_3D('',#8322,#6571,#6572);
#6023=AXIS2_PLACEMENT_3D('',#8326,#6575,#6576);
#6024=AXIS2_PLACEMENT_3D('',#8329,#6578,#6579);
#6025=AXIS2_PLACEMENT_3D('',#8330,#6580,#6581);
#6026=AXIS2_PLACEMENT_3D('',#8335,#6583,#6584);
#6027=AXIS2_PLACEMENT_3D('',#8339,#6586,#6587);
#6028=AXIS2_PLACEMENT_3D('',#8343,#6589,#6590);
#6029=AXIS2_PLACEMENT_3D('',#8347,#6592,#6593);
#6030=AXIS2_PLACEMENT_3D('',#8351,#6595,#6596);
#6031=AXIS2_PLACEMENT_3D('',#8355,#6598,#6599);
#6032=AXIS2_PLACEMENT_3D('',#8359,#6601,#6602);
#6033=AXIS2_PLACEMENT_3D('',#8362,#6604,#6605);
#6034=AXIS2_PLACEMENT_3D('',#8365,#6606,#6607);
#6035=AXIS2_PLACEMENT_3D('',#8369,#6609,#6610);
#6036=AXIS2_PLACEMENT_3D('',#8373,#6612,#6613);
#6037=AXIS2_PLACEMENT_3D('',#8377,#6615,#6616);
#6038=AXIS2_PLACEMENT_3D('',#8405,#6618,#6619);
#6039=AXIS2_PLACEMENT_3D('',#8407,#6620,#6621);
#6040=AXIS2_PLACEMENT_3D('',#8408,#6622,#6623);
#6041=AXIS2_PLACEMENT_3D('',#8409,#6624,#6625);
#6042=AXIS2_PLACEMENT_3D('',#8411,#6626,#6627);
#6043=AXIS2_PLACEMENT_3D('',#8439,#6629,#6630);
#6044=AXIS2_PLACEMENT_3D('',#8440,#6631,#6632);
#6045=AXIS2_PLACEMENT_3D('',#8441,#6633,#6634);
#6046=AXIS2_PLACEMENT_3D('',#8443,#6635,#6636);
#6047=AXIS2_PLACEMENT_3D('',#8471,#6638,#6639);
#6048=AXIS2_PLACEMENT_3D('',#8472,#6640,#6641);
#6049=AXIS2_PLACEMENT_3D('',#8473,#6642,#6643);
#6050=AXIS2_PLACEMENT_3D('',#8475,#6644,#6645);
#6051=AXIS2_PLACEMENT_3D('',#8503,#6647,#6648);
#6052=AXIS2_PLACEMENT_3D('',#8504,#6649,#6650);
#6053=AXIS2_PLACEMENT_3D('',#8505,#6651,#6652);
#6054=AXIS2_PLACEMENT_3D('',#8507,#6654,#6655);
#6055=AXIS2_PLACEMENT_3D('',#8513,#6659,#6660);
#6056=AXIS2_PLACEMENT_3D('',#8516,#6662,#6663);
#6057=AXIS2_PLACEMENT_3D('',#8517,#6664,#6665);
#6058=AXIS2_PLACEMENT_3D('',#8521,#6668,#6669);
#6059=AXIS2_PLACEMENT_3D('',#8524,#6671,#6672);
#6060=AXIS2_PLACEMENT_3D('',#8525,#6673,#6674);
#6061=AXIS2_PLACEMENT_3D('',#8527,#6675,#6676);
#6062=AXIS2_PLACEMENT_3D('',#8529,#6677,#6678);
#6063=AXIS2_PLACEMENT_3D('',#8531,#6680,#6681);
#6064=AXIS2_PLACEMENT_3D('',#8534,#6682,#6683);
#6065=AXIS2_PLACEMENT_3D('',#8537,#6685,#6686);
#6066=AXIS2_PLACEMENT_3D('',#8539,#6688,#6689);
#6067=AXIS2_PLACEMENT_3D('',#8540,#6690,#6691);
#6068=AXIS2_PLACEMENT_3D('',#8541,#6692,#6693);
#6069=AXIS2_PLACEMENT_3D('',#8543,#6694,#6695);
#6070=AXIS2_PLACEMENT_3D('',#8546,#6697,#6698);
#6071=AXIS2_PLACEMENT_3D('',#8548,#6700,#6701);
#6072=AXIS2_PLACEMENT_3D('',#8549,#6702,#6703);
#6073=AXIS2_PLACEMENT_3D('',#8550,#6704,#6705);
#6074=AXIS2_PLACEMENT_3D('',#8551,#6706,#6707);
#6075=AXIS2_PLACEMENT_3D('',#8552,#6708,#6709);
#6076=AXIS2_PLACEMENT_3D('',#8554,#6711,#6712);
#6077=AXIS2_PLACEMENT_3D('',#8555,#6713,#6714);
#6078=AXIS2_PLACEMENT_3D('',#8556,#6715,#6716);
#6079=AXIS2_PLACEMENT_3D('',#8559,#6719,#6720);
#6080=AXIS2_PLACEMENT_3D('',#8560,#6721,#6722);
#6081=AXIS2_PLACEMENT_3D('',#8561,#6723,#6724);
#6082=AXIS2_PLACEMENT_3D('',#8563,#6725,#6726);
#6083=AXIS2_PLACEMENT_3D('',#8565,#6727,#6728);
#6084=AXIS2_PLACEMENT_3D('',#8567,#6730,#6731);
#6085=AXIS2_PLACEMENT_3D('',#8570,#6732,#6733);
#6086=AXIS2_PLACEMENT_3D('',#8573,#6735,#6736);
#6087=AXIS2_PLACEMENT_3D('',#8575,#6738,#6739);
#6088=AXIS2_PLACEMENT_3D('',#8576,#6740,#6741);
#6089=AXIS2_PLACEMENT_3D('',#8577,#6742,#6743);
#6090=AXIS2_PLACEMENT_3D('',#8579,#6744,#6745);
#6091=AXIS2_PLACEMENT_3D('',#8582,#6747,#6748);
#6092=AXIS2_PLACEMENT_3D('',#8584,#6750,#6751);
#6093=AXIS2_PLACEMENT_3D('',#8585,#6752,#6753);
#6094=AXIS2_PLACEMENT_3D('',#8586,#6754,#6755);
#6095=AXIS2_PLACEMENT_3D('',#8587,#6756,#6757);
#6096=AXIS2_PLACEMENT_3D('',#8588,#6758,#6759);
#6097=AXIS2_PLACEMENT_3D('',#8590,#6761,#6762);
#6098=AXIS2_PLACEMENT_3D('',#8591,#6763,#6764);
#6099=AXIS2_PLACEMENT_3D('',#8592,#6765,#6766);
#6100=AXIS2_PLACEMENT_3D('',#8595,#6769,#6770);
#6101=AXIS2_PLACEMENT_3D('',#8596,#6771,#6772);
#6102=AXIS2_PLACEMENT_3D('',#8597,#6773,#6774);
#6103=AXIS2_PLACEMENT_3D('',#8599,#6776,#6777);
#6104=AXIS2_PLACEMENT_3D('',#8600,#6778,#6779);
#6105=AXIS2_PLACEMENT_3D('',#8602,#6781,#6782);
#6106=AXIS2_PLACEMENT_3D('',#8603,#6783,#6784);
#6107=AXIS2_PLACEMENT_3D('',#8605,#6785,#6786);
#6108=AXIS2_PLACEMENT_3D('',#8607,#6787,#6788);
#6109=AXIS2_PLACEMENT_3D('',#8609,#6790,#6791);
#6110=AXIS2_PLACEMENT_3D('',#8611,#6792,#6793);
#6111=AXIS2_PLACEMENT_3D('',#8612,#6794,#6795);
#6112=AXIS2_PLACEMENT_3D('',#8613,#6796,#6797);
#6113=AXIS2_PLACEMENT_3D('',#8615,#6798,#6799);
#6114=AXIS2_PLACEMENT_3D('',#8617,#6801,#6802);
#6115=AXIS2_PLACEMENT_3D('',#8619,#6803,#6804);
#6116=AXIS2_PLACEMENT_3D('',#8620,#6805,#6806);
#6117=AXIS2_PLACEMENT_3D('',#8621,#6807,#6808);
#6118=AXIS2_PLACEMENT_3D('',#8623,#6809,#6810);
#6119=AXIS2_PLACEMENT_3D('',#8625,#6812,#6813);
#6120=AXIS2_PLACEMENT_3D('',#8627,#6814,#6815);
#6121=AXIS2_PLACEMENT_3D('',#8628,#6816,#6817);
#6122=AXIS2_PLACEMENT_3D('',#8629,#6818,#6819);
#6123=AXIS2_PLACEMENT_3D('',#8631,#6820,#6821);
#6124=AXIS2_PLACEMENT_3D('',#8633,#6823,#6824);
#6125=AXIS2_PLACEMENT_3D('',#8635,#6825,#6826);
#6126=AXIS2_PLACEMENT_3D('',#8636,#6827,#6828);
#6127=AXIS2_PLACEMENT_3D('',#8637,#6829,#6830);
#6128=AXIS2_PLACEMENT_3D('',#8639,#6831,#6832);
#6129=AXIS2_PLACEMENT_3D('',#8641,#6834,#6835);
#6130=AXIS2_PLACEMENT_3D('',#8643,#6836,#6837);
#6131=AXIS2_PLACEMENT_3D('',#8644,#6838,#6839);
#6132=AXIS2_PLACEMENT_3D('',#8645,#6840,#6841);
#6133=AXIS2_PLACEMENT_3D('',#8647,#6842,#6843);
#6134=AXIS2_PLACEMENT_3D('',#8649,#6845,#6846);
#6135=AXIS2_PLACEMENT_3D('',#8651,#6847,#6848);
#6136=AXIS2_PLACEMENT_3D('',#8652,#6849,#6850);
#6137=AXIS2_PLACEMENT_3D('',#8653,#6851,#6852);
#6138=AXIS2_PLACEMENT_3D('',#8655,#6853,#6854);
#6139=AXIS2_PLACEMENT_3D('',#8657,#6856,#6857);
#6140=AXIS2_PLACEMENT_3D('',#8659,#6858,#6859);
#6141=AXIS2_PLACEMENT_3D('',#8660,#6860,#6861);
#6142=AXIS2_PLACEMENT_3D('',#8661,#6862,#6863);
#6143=AXIS2_PLACEMENT_3D('',#8663,#6864,#6865);
#6144=AXIS2_PLACEMENT_3D('',#8665,#6867,#6868);
#6145=AXIS2_PLACEMENT_3D('',#8666,#6869,#6870);
#6146=AXIS2_PLACEMENT_3D('',#8667,#6871,#6872);
#6147=AXIS2_PLACEMENT_3D('',#8671,#6874,#6875);
#6148=AXIS2_PLACEMENT_3D('',#8673,#6877,#6878);
#6149=AXIS2_PLACEMENT_3D('',#8677,#6881,#6882);
#6150=AXIS2_PLACEMENT_3D('',#8680,#6884,#6885);
#6151=AXIS2_PLACEMENT_3D('',#8681,#6886,#6887);
#6152=AXIS2_PLACEMENT_3D('',#8841,#6968,#6969);
#6153=AXIS2_PLACEMENT_3D('',#8844,#6971,#6972);
#6154=AXIS2_PLACEMENT_3D('',#8845,#6973,#6974);
#6155=AXIS2_PLACEMENT_3D('',#8850,#6977,#6978);
#6156=AXIS2_PLACEMENT_3D('',#8852,#6979,#6980);
#6157=AXIS2_PLACEMENT_3D('',#8854,#6981,#6982);
#6158=AXIS2_PLACEMENT_3D('',#8856,#6983,#6984);
#6159=AXIS2_PLACEMENT_3D('',#8858,#6985,#6986);
#6160=AXIS2_PLACEMENT_3D('',#8860,#6987,#6988);
#6161=AXIS2_PLACEMENT_3D('',#8862,#6989,#6990);
#6162=AXIS2_PLACEMENT_3D('',#8864,#6991,#6992);
#6163=AXIS2_PLACEMENT_3D('',#8866,#6993,#6994);
#6164=AXIS2_PLACEMENT_3D('',#8868,#6995,#6996);
#6165=AXIS2_PLACEMENT_3D('',#8870,#6997,#6998);
#6166=AXIS2_PLACEMENT_3D('',#8872,#6999,#7000);
#6167=AXIS2_PLACEMENT_3D('',#8874,#7001,#7002);
#6168=AXIS2_PLACEMENT_3D('',#8876,#7003,#7004);
#6169=AXIS2_PLACEMENT_3D('',#8878,#7005,#7006);
#6170=AXIS2_PLACEMENT_3D('',#8880,#7007,#7008);
#6171=AXIS2_PLACEMENT_3D('',#8882,#7009,#7010);
#6172=AXIS2_PLACEMENT_3D('',#8884,#7011,#7012);
#6173=AXIS2_PLACEMENT_3D('',#8886,#7013,#7014);
#6174=AXIS2_PLACEMENT_3D('',#8888,#7015,#7016);
#6175=AXIS2_PLACEMENT_3D('',#8890,#7017,#7018);
#6176=AXIS2_PLACEMENT_3D('',#8892,#7019,#7020);
#6177=AXIS2_PLACEMENT_3D('',#8894,#7021,#7022);
#6178=AXIS2_PLACEMENT_3D('',#8896,#7023,#7024);
#6179=AXIS2_PLACEMENT_3D('',#8898,#7025,#7026);
#6180=AXIS2_PLACEMENT_3D('',#8900,#7027,#7028);
#6181=AXIS2_PLACEMENT_3D('',#8901,#7029,#7030);
#6182=AXIS2_PLACEMENT_3D('',#8904,#7032,#7033);
#6183=AXIS2_PLACEMENT_3D('',#8905,#7034,#7035);
#6184=AXIS2_PLACEMENT_3D('',#9065,#7116,#7117);
#6185=AXIS2_PLACEMENT_3D('',#9067,#7118,#7119);
#6186=AXIS2_PLACEMENT_3D('',#9070,#7121,#7122);
#6187=AXIS2_PLACEMENT_3D('',#9071,#7123,#7124);
#6188=AXIS2_PLACEMENT_3D('',#9073,#7125,#7126);
#6189=AXIS2_PLACEMENT_3D('',#9074,#7127,#7128);
#6190=AXIS2_PLACEMENT_3D('',#9075,#7129,#7130);
#6191=AXIS2_PLACEMENT_3D('',#9077,#7131,#7132);
#6192=AXIS2_PLACEMENT_3D('',#9079,#7134,#7135);
#6193=AXIS2_PLACEMENT_3D('',#9081,#7136,#7137);
#6194=AXIS2_PLACEMENT_3D('',#9082,#7138,#7139);
#6195=AXIS2_PLACEMENT_3D('',#9083,#7140,#7141);
#6196=AXIS2_PLACEMENT_3D('',#9086,#7142,#7143);
#6197=AXIS2_PLACEMENT_3D('',#9089,#7146,#7147);
#6198=AXIS2_PLACEMENT_3D('',#9092,#7148,#7149);
#6199=AXIS2_PLACEMENT_3D('',#9093,#7150,#7151);
#6200=AXIS2_PLACEMENT_3D('',#9094,#7152,#7153);
#6201=AXIS2_PLACEMENT_3D('',#9095,#7154,#7155);
#6202=AXIS2_PLACEMENT_3D('',#9098,#7156,#7157);
#6203=AXIS2_PLACEMENT_3D('',#9101,#7160,#7161);
#6204=AXIS2_PLACEMENT_3D('',#9104,#7162,#7163);
#6205=AXIS2_PLACEMENT_3D('',#9105,#7164,#7165);
#6206=AXIS2_PLACEMENT_3D('',#9106,#7166,#7167);
#6207=AXIS2_PLACEMENT_3D('',#9107,#7168,#7169);
#6208=AXIS2_PLACEMENT_3D('',#9110,#7170,#7171);
#6209=AXIS2_PLACEMENT_3D('',#9113,#7174,#7175);
#6210=AXIS2_PLACEMENT_3D('',#9116,#7176,#7177);
#6211=AXIS2_PLACEMENT_3D('',#9117,#7178,#7179);
#6212=AXIS2_PLACEMENT_3D('',#9118,#7180,#7181);
#6213=AXIS2_PLACEMENT_3D('',#9119,#7182,#7183);
#6214=AXIS2_PLACEMENT_3D('',#9122,#7184,#7185);
#6215=AXIS2_PLACEMENT_3D('',#9125,#7188,#7189);
#6216=AXIS2_PLACEMENT_3D('',#9127,#7190,#7191);
#6217=AXIS2_PLACEMENT_3D('',#9128,#7192,#7193);
#6218=AXIS2_PLACEMENT_3D('',#9129,#7194,#7195);
#6219=AXIS2_PLACEMENT_3D('',#9130,#7196,#7197);
#6220=AXIS2_PLACEMENT_3D('',#9132,#7198,#7199);
#6221=AXIS2_PLACEMENT_3D('',#9134,#7201,#7202);
#6222=AXIS2_PLACEMENT_3D('',#9136,#7203,#7204);
#6223=AXIS2_PLACEMENT_3D('',#9137,#7205,#7206);
#6224=AXIS2_PLACEMENT_3D('',#9138,#7207,#7208);
#6225=AXIS2_PLACEMENT_3D('',#9140,#7209,#7210);
#6226=AXIS2_PLACEMENT_3D('',#9142,#7212,#7213);
#6227=AXIS2_PLACEMENT_3D('',#9143,#7214,#7215);
#6228=AXIS2_PLACEMENT_3D('',#9144,#7216,#7217);
#6229=AXIS2_PLACEMENT_3D('',#9147,#7220,#7221);
#6230=AXIS2_PLACEMENT_3D('',#9149,#7223,#7224);
#6231=AXIS2_PLACEMENT_3D('',#9150,#7225,#7226);
#6232=AXIS2_PLACEMENT_3D('',#9155,#7228,#7229);
#6233=AXIS2_PLACEMENT_3D('',#9159,#7231,#7232);
#6234=AXIS2_PLACEMENT_3D('',#9163,#7234,#7235);
#6235=AXIS2_PLACEMENT_3D('',#9166,#7237,#7238);
#6236=AXIS2_PLACEMENT_3D('',#9171,#7240,#7241);
#6237=AXIS2_PLACEMENT_3D('',#9175,#7243,#7244);
#6238=AXIS2_PLACEMENT_3D('',#9179,#7246,#7247);
#6239=AXIS2_PLACEMENT_3D('',#9182,#7249,#7250);
#6240=AXIS2_PLACEMENT_3D('',#9183,#7251,#7252);
#6241=AXIS2_PLACEMENT_3D('',#9186,#7255,#7256);
#6242=AXIS2_PLACEMENT_3D('',#9343,#7335,#7336);
#6243=AXIS2_PLACEMENT_3D('',#9346,#7339,#7340);
#6244=AXIS2_PLACEMENT_3D('',#9503,#7419,#7420);
#6245=AXIS2_PLACEMENT_3D('',#9506,#7421,#7422);
#6246=AXIS2_PLACEMENT_3D('',#9510,#7424,#7425);
#6247=AXIS2_PLACEMENT_3D('',#9512,#7427,#7428);
#6248=AXIS2_PLACEMENT_3D('',#9515,#7429,#7430);
#6249=AXIS2_PLACEMENT_3D('',#9518,#7432,#7433);
#6250=AXIS2_PLACEMENT_3D('',#9520,#7435,#7436);
#6251=AXIS2_PLACEMENT_3D('',#9521,#7437,#7438);
#6252=AXIS2_PLACEMENT_3D('',#9522,#7439,#7440);
#6253=AXIS2_PLACEMENT_3D('',#9525,#7441,#7442);
#6254=AXIS2_PLACEMENT_3D('',#9528,#7444,#7445);
#6255=AXIS2_PLACEMENT_3D('',#9530,#7447,#7448);
#6256=AXIS2_PLACEMENT_3D('',#9531,#7449,#7450);
#6257=AXIS2_PLACEMENT_3D('',#9532,#7451,#7452);
#6258=AXIS2_PLACEMENT_3D('',#9534,#7453,#7454);
#6259=AXIS2_PLACEMENT_3D('',#9537,#7456,#7457);
#6260=AXIS2_PLACEMENT_3D('',#9539,#7459,#7460);
#6261=AXIS2_PLACEMENT_3D('',#9540,#7461,#7462);
#6262=AXIS2_PLACEMENT_3D('',#9541,#7463,#7464);
#6263=AXIS2_PLACEMENT_3D('',#9542,#7465,#7466);
#6264=AXIS2_PLACEMENT_3D('',#9543,#7467,#7468);
#6265=AXIS2_PLACEMENT_3D('',#9546,#7471,#7472);
#6266=AXIS2_PLACEMENT_3D('',#9548,#7474,#7475);
#6267=AXIS2_PLACEMENT_3D('',#9550,#7477,#7478);
#6268=AXIS2_PLACEMENT_3D('',#9552,#7480,#7481);
#6269=AXIS2_PLACEMENT_3D('',#9553,#7482,#7483);
#6270=AXIS2_PLACEMENT_3D('',#9555,#7485,#7486);
#6271=AXIS2_PLACEMENT_3D('',#9557,#7488,#7489);
#6272=AXIS2_PLACEMENT_3D('',#9559,#7491,#7492);
#6273=AXIS2_PLACEMENT_3D('',#9560,#7493,#7494);
#6274=AXIS2_PLACEMENT_3D('',#9563,#7495,#7496);
#6275=AXIS2_PLACEMENT_3D('',#9567,#7498,#7499);
#6276=AXIS2_PLACEMENT_3D('',#9569,#7501,#7502);
#6277=AXIS2_PLACEMENT_3D('',#9572,#7503,#7504);
#6278=AXIS2_PLACEMENT_3D('',#9575,#7506,#7507);
#6279=AXIS2_PLACEMENT_3D('',#9577,#7509,#7510);
#6280=AXIS2_PLACEMENT_3D('',#9578,#7511,#7512);
#6281=AXIS2_PLACEMENT_3D('',#9579,#7513,#7514);
#6282=AXIS2_PLACEMENT_3D('',#9582,#7515,#7516);
#6283=AXIS2_PLACEMENT_3D('',#9585,#7518,#7519);
#6284=AXIS2_PLACEMENT_3D('',#9587,#7521,#7522);
#6285=AXIS2_PLACEMENT_3D('',#9588,#7523,#7524);
#6286=AXIS2_PLACEMENT_3D('',#9589,#7525,#7526);
#6287=AXIS2_PLACEMENT_3D('',#9591,#7527,#7528);
#6288=AXIS2_PLACEMENT_3D('',#9594,#7530,#7531);
#6289=AXIS2_PLACEMENT_3D('',#9596,#7533,#7534);
#6290=AXIS2_PLACEMENT_3D('',#9597,#7535,#7536);
#6291=AXIS2_PLACEMENT_3D('',#9598,#7537,#7538);
#6292=AXIS2_PLACEMENT_3D('',#9599,#7539,#7540);
#6293=AXIS2_PLACEMENT_3D('',#9600,#7541,#7542);
#6294=AXIS2_PLACEMENT_3D('',#9603,#7545,#7546);
#6295=AXIS2_PLACEMENT_3D('',#9605,#7548,#7549);
#6296=AXIS2_PLACEMENT_3D('',#9607,#7551,#7552);
#6297=AXIS2_PLACEMENT_3D('',#9609,#7554,#7555);
#6298=AXIS2_PLACEMENT_3D('',#9610,#7556,#7557);
#6299=AXIS2_PLACEMENT_3D('',#9612,#7559,#7560);
#6300=AXIS2_PLACEMENT_3D('',#9615,#7563,#7564);
#6301=AXIS2_PLACEMENT_3D('',#9616,#7565,#7566);
#6302=AXIS2_PLACEMENT_3D('',#9617,#7567,#7568);
#6303=AXIS2_PLACEMENT_3D('',#9620,#7571,#7572);
#6304=AXIS2_PLACEMENT_3D('',#9623,#7575,#7576);
#6305=AXIS2_PLACEMENT_3D('',#9625,#7578,#7579);
#6306=AXIS2_PLACEMENT_3D('',#9627,#7581,#7582);
#6307=AXIS2_PLACEMENT_3D('',#9629,#7584,#7585);
#6308=AXIS2_PLACEMENT_3D('',#9631,#7587,#7588);
#6309=AXIS2_PLACEMENT_3D('',#9633,#7590,#7591);
#6310=AXIS2_PLACEMENT_3D('',#9635,#7593,#7594);
#6311=AXIS2_PLACEMENT_3D('',#9636,#7595,#7596);
#6312=AXIS2_PLACEMENT_3D('',#9638,#7598,#7599);
#6313=AXIS2_PLACEMENT_3D('',#9640,#7601,#7602);
#6314=AXIS2_PLACEMENT_3D('',#9641,#7603,#7604);
#6315=AXIS2_PLACEMENT_3D('',#9644,#7607,#7608);
#6316=AXIS2_PLACEMENT_3D('',#9647,#7611,#7612);
#6317=AXIS2_PLACEMENT_3D('',#9649,#7614,#7615);
#6318=AXIS2_PLACEMENT_3D('',#9651,#7617,#7618);
#6319=AXIS2_PLACEMENT_3D('',#9653,#7620,#7621);
#6320=AXIS2_PLACEMENT_3D('',#9655,#7623,#7624);
#6321=AXIS2_PLACEMENT_3D('',#9657,#7626,#7627);
#6322=AXIS2_PLACEMENT_3D('',#9659,#7629,#7630);
#6323=AXIS2_PLACEMENT_3D('',#9660,#7631,#7632);
#6324=AXIS2_PLACEMENT_3D('',#9662,#7634,#7635);
#6325=AXIS2_PLACEMENT_3D('',#9664,#7637,#7638);
#6326=AXIS2_PLACEMENT_3D('',#9665,#7639,#7640);
#6327=AXIS2_PLACEMENT_3D('',#9668,#7643,#7644);
#6328=AXIS2_PLACEMENT_3D('',#9671,#7647,#7648);
#6329=AXIS2_PLACEMENT_3D('',#9673,#7650,#7651);
#6330=AXIS2_PLACEMENT_3D('',#9675,#7653,#7654);
#6331=AXIS2_PLACEMENT_3D('',#9677,#7656,#7657);
#6332=AXIS2_PLACEMENT_3D('',#9679,#7659,#7660);
#6333=AXIS2_PLACEMENT_3D('',#9681,#7662,#7663);
#6334=AXIS2_PLACEMENT_3D('',#9683,#7665,#7666);
#6335=AXIS2_PLACEMENT_3D('',#9684,#7667,#7668);
#6336=AXIS2_PLACEMENT_3D('',#9686,#7670,#7671);
#6337=AXIS2_PLACEMENT_3D('',#9688,#7673,#7674);
#6338=AXIS2_PLACEMENT_3D('',#9689,#7675,#7676);
#6339=AXIS2_PLACEMENT_3D('',#9692,#7679,#7680);
#6340=AXIS2_PLACEMENT_3D('',#9695,#7683,#7684);
#6341=AXIS2_PLACEMENT_3D('',#9697,#7686,#7687);
#6342=AXIS2_PLACEMENT_3D('',#9699,#7689,#7690);
#6343=AXIS2_PLACEMENT_3D('',#9701,#7692,#7693);
#6344=AXIS2_PLACEMENT_3D('',#9703,#7695,#7696);
#6345=AXIS2_PLACEMENT_3D('',#9705,#7698,#7699);
#6346=AXIS2_PLACEMENT_3D('',#9707,#7701,#7702);
#6347=AXIS2_PLACEMENT_3D('',#9708,#7703,#7704);
#6348=AXIS2_PLACEMENT_3D('',#9710,#7706,#7707);
#6349=AXIS2_PLACEMENT_3D('',#9712,#7709,#7710);
#6350=AXIS2_PLACEMENT_3D('',#9713,#7711,#7712);
#6351=AXIS2_PLACEMENT_3D('',#9716,#7715,#7716);
#6352=AXIS2_PLACEMENT_3D('',#9719,#7719,#7720);
#6353=AXIS2_PLACEMENT_3D('',#9721,#7722,#7723);
#6354=AXIS2_PLACEMENT_3D('',#9723,#7725,#7726);
#6355=AXIS2_PLACEMENT_3D('',#9725,#7728,#7729);
#6356=AXIS2_PLACEMENT_3D('',#9727,#7731,#7732);
#6357=AXIS2_PLACEMENT_3D('',#9729,#7734,#7735);
#6358=AXIS2_PLACEMENT_3D('',#9731,#7737,#7738);
#6359=AXIS2_PLACEMENT_3D('',#9732,#7739,#7740);
#6360=AXIS2_PLACEMENT_3D('',#9734,#7742,#7743);
#6361=AXIS2_PLACEMENT_3D('',#9736,#7745,#7746);
#6362=AXIS2_PLACEMENT_3D('',#9737,#7747,#7748);
#6363=AXIS2_PLACEMENT_3D('',#9740,#7751,#7752);
#6364=AXIS2_PLACEMENT_3D('',#9743,#7755,#7756);
#6365=AXIS2_PLACEMENT_3D('',#9745,#7758,#7759);
#6366=AXIS2_PLACEMENT_3D('',#9747,#7761,#7762);
#6367=AXIS2_PLACEMENT_3D('',#9749,#7764,#7765);
#6368=AXIS2_PLACEMENT_3D('',#9751,#7767,#7768);
#6369=AXIS2_PLACEMENT_3D('',#9753,#7770,#7771);
#6370=AXIS2_PLACEMENT_3D('',#9755,#7773,#7774);
#6371=AXIS2_PLACEMENT_3D('',#9756,#7775,#7776);
#6372=AXIS2_PLACEMENT_3D('',#9758,#7778,#7779);
#6373=AXIS2_PLACEMENT_3D('',#9760,#7781,#7782);
#6374=AXIS2_PLACEMENT_3D('',#9761,#7783,#7784);
#6375=AXIS2_PLACEMENT_3D('',#9764,#7787,#7788);
#6376=AXIS2_PLACEMENT_3D('',#9767,#7791,#7792);
#6377=AXIS2_PLACEMENT_3D('',#9769,#7794,#7795);
#6378=AXIS2_PLACEMENT_3D('',#9771,#7797,#7798);
#6379=AXIS2_PLACEMENT_3D('',#9773,#7800,#7801);
#6380=AXIS2_PLACEMENT_3D('',#9775,#7803,#7804);
#6381=AXIS2_PLACEMENT_3D('',#9777,#7806,#7807);
#6382=AXIS2_PLACEMENT_3D('',#9779,#7809,#7810);
#6383=AXIS2_PLACEMENT_3D('',#9780,#7811,#7812);
#6384=AXIS2_PLACEMENT_3D('',#9782,#7814,#7815);
#6385=AXIS2_PLACEMENT_3D('',#9784,#7817,#7818);
#6386=AXIS2_PLACEMENT_3D('',#9785,#7819,#7820);
#6387=AXIS2_PLACEMENT_3D('',#9788,#7823,#7824);
#6388=AXIS2_PLACEMENT_3D('',#9791,#7827,#7828);
#6389=AXIS2_PLACEMENT_3D('',#9793,#7830,#7831);
#6390=AXIS2_PLACEMENT_3D('',#9795,#7833,#7834);
#6391=AXIS2_PLACEMENT_3D('',#9797,#7836,#7837);
#6392=AXIS2_PLACEMENT_3D('',#9799,#7839,#7840);
#6393=AXIS2_PLACEMENT_3D('',#9801,#7842,#7843);
#6394=AXIS2_PLACEMENT_3D('',#9803,#7845,#7846);
#6395=AXIS2_PLACEMENT_3D('',#9804,#7847,#7848);
#6396=AXIS2_PLACEMENT_3D('',#9806,#7850,#7851);
#6397=AXIS2_PLACEMENT_3D('',#9808,#7853,#7854);
#6398=AXIS2_PLACEMENT_3D('',#9809,#7855,#7856);
#6399=AXIS2_PLACEMENT_3D('',#9812,#7859,#7860);
#6400=AXIS2_PLACEMENT_3D('',#9815,#7863,#7864);
#6401=AXIS2_PLACEMENT_3D('',#9817,#7866,#7867);
#6402=AXIS2_PLACEMENT_3D('',#9819,#7869,#7870);
#6403=AXIS2_PLACEMENT_3D('',#9821,#7872,#7873);
#6404=AXIS2_PLACEMENT_3D('',#9823,#7875,#7876);
#6405=AXIS2_PLACEMENT_3D('',#9825,#7878,#7879);
#6406=AXIS2_PLACEMENT_3D('',#9827,#7881,#7882);
#6407=AXIS2_PLACEMENT_3D('',#9828,#7883,#7884);
#6408=AXIS2_PLACEMENT_3D('',#9830,#7886,#7887);
#6409=AXIS2_PLACEMENT_3D('',#9832,#7889,#7890);
#6410=AXIS2_PLACEMENT_3D('',#9833,#7891,#7892);
#6411=AXIS2_PLACEMENT_3D('',#9836,#7895,#7896);
#6412=AXIS2_PLACEMENT_3D('',#9839,#7899,#7900);
#6413=AXIS2_PLACEMENT_3D('',#9841,#7902,#7903);
#6414=AXIS2_PLACEMENT_3D('',#9843,#7905,#7906);
#6415=AXIS2_PLACEMENT_3D('',#9845,#7908,#7909);
#6416=AXIS2_PLACEMENT_3D('',#9847,#7911,#7912);
#6417=AXIS2_PLACEMENT_3D('',#9849,#7914,#7915);
#6418=AXIS2_PLACEMENT_3D('',#9851,#7917,#7918);
#6419=AXIS2_PLACEMENT_3D('',#9852,#7919,#7920);
#6420=AXIS2_PLACEMENT_3D('',#9854,#7922,#7923);
#6421=AXIS2_PLACEMENT_3D('',#9856,#7925,#7926);
#6422=AXIS2_PLACEMENT_3D('',#9857,#7927,#7928);
#6423=AXIS2_PLACEMENT_3D('',#9860,#7931,#7932);
#6424=AXIS2_PLACEMENT_3D('',#9863,#7935,#7936);
#6425=AXIS2_PLACEMENT_3D('',#9865,#7938,#7939);
#6426=AXIS2_PLACEMENT_3D('',#9867,#7941,#7942);
#6427=AXIS2_PLACEMENT_3D('',#9869,#7944,#7945);
#6428=AXIS2_PLACEMENT_3D('',#9871,#7947,#7948);
#6429=AXIS2_PLACEMENT_3D('',#9873,#7950,#7951);
#6430=AXIS2_PLACEMENT_3D('',#9875,#7953,#7954);
#6431=AXIS2_PLACEMENT_3D('',#9876,#7955,#7956);
#6432=AXIS2_PLACEMENT_3D('',#9878,#7958,#7959);
#6433=AXIS2_PLACEMENT_3D('',#9880,#7961,#7962);
#6434=AXIS2_PLACEMENT_3D('',#9881,#7963,#7964);
#6435=AXIS2_PLACEMENT_3D('',#9884,#7967,#7968);
#6436=AXIS2_PLACEMENT_3D('',#9887,#7971,#7972);
#6437=AXIS2_PLACEMENT_3D('',#9889,#7974,#7975);
#6438=AXIS2_PLACEMENT_3D('',#9891,#7977,#7978);
#6439=AXIS2_PLACEMENT_3D('',#9893,#7980,#7981);
#6440=AXIS2_PLACEMENT_3D('',#9895,#7983,#7984);
#6441=AXIS2_PLACEMENT_3D('',#9897,#7986,#7987);
#6442=AXIS2_PLACEMENT_3D('',#9899,#7989,#7990);
#6443=AXIS2_PLACEMENT_3D('',#9900,#7991,#7992);
#6444=AXIS2_PLACEMENT_3D('',#9902,#7994,#7995);
#6445=AXIS2_PLACEMENT_3D('',#9904,#7997,#7998);
#6446=AXIS2_PLACEMENT_3D('',#9905,#7999,#8000);
#6447=AXIS2_PLACEMENT_3D('',#9908,#8003,#8004);
#6448=AXIS2_PLACEMENT_3D('',#9911,#8007,#8008);
#6449=AXIS2_PLACEMENT_3D('',#9913,#8010,#8011);
#6450=AXIS2_PLACEMENT_3D('',#9915,#8013,#8014);
#6451=AXIS2_PLACEMENT_3D('',#9917,#8016,#8017);
#6452=AXIS2_PLACEMENT_3D('',#9919,#8019,#8020);
#6453=AXIS2_PLACEMENT_3D('',#9921,#8022,#8023);
#6454=AXIS2_PLACEMENT_3D('',#9923,#8025,#8026);
#6455=AXIS2_PLACEMENT_3D('',#9924,#8027,#8028);
#6456=AXIS2_PLACEMENT_3D('',#9926,#8030,#8031);
#6457=AXIS2_PLACEMENT_3D('',#9928,#8033,#8034);
#6458=AXIS2_PLACEMENT_3D('',#9929,#8035,#8036);
#6459=AXIS2_PLACEMENT_3D('',#9931,#8037,#8038);
#6460=AXIS2_PLACEMENT_3D('',#9933,#8040,#8041);
#6461=AXIS2_PLACEMENT_3D('',#9935,#8042,#8043);
#6462=AXIS2_PLACEMENT_3D('',#9937,#8045,#8046);
#6463=AXIS2_PLACEMENT_3D('',#9939,#8047,#8048);
#6464=AXIS2_PLACEMENT_3D('',#9941,#8050,#8051);
#6465=AXIS2_PLACEMENT_3D('',#9943,#8052,#8053);
#6466=AXIS2_PLACEMENT_3D('',#9945,#8055,#8056);
#6467=AXIS2_PLACEMENT_3D('',#9947,#8057,#8058);
#6468=AXIS2_PLACEMENT_3D('',#9949,#8060,#8061);
#6469=AXIS2_PLACEMENT_3D('',#9951,#8062,#8063);
#6470=AXIS2_PLACEMENT_3D('',#9953,#8065,#8066);
#6471=AXIS2_PLACEMENT_3D('',#9955,#8067,#8068);
#6472=AXIS2_PLACEMENT_3D('',#9957,#8070,#8071);
#6473=AXIS2_PLACEMENT_3D('',#9959,#8072,#8073);
#6474=AXIS2_PLACEMENT_3D('',#9961,#8075,#8076);
#6475=AXIS2_PLACEMENT_3D('',#9963,#8077,#8078);
#6476=AXIS2_PLACEMENT_3D('',#9965,#8080,#8081);
#6477=AXIS2_PLACEMENT_3D('',#9967,#8082,#8083);
#6478=AXIS2_PLACEMENT_3D('',#9969,#8085,#8086);
#6479=AXIS2_PLACEMENT_3D('',#9971,#8087,#8088);
#6480=AXIS2_PLACEMENT_3D('',#9973,#8090,#8091);
#6481=AXIS2_PLACEMENT_3D('',#9975,#8092,#8093);
#6482=AXIS2_PLACEMENT_3D('',#9977,#8095,#8096);
#6483=AXIS2_PLACEMENT_3D('',#9979,#8097,#8098);
#6484=AXIS2_PLACEMENT_3D('',#9981,#8100,#8101);
#6485=AXIS2_PLACEMENT_3D('',#9983,#8102,#8103);
#6486=AXIS2_PLACEMENT_3D('',#9985,#8105,#8106);
#6487=AXIS2_PLACEMENT_3D('',#9987,#8107,#8108);
#6488=AXIS2_PLACEMENT_3D('',#9989,#8110,#8111);
#6489=AXIS2_PLACEMENT_3D('',#9991,#8112,#8113);
#6490=AXIS2_PLACEMENT_3D('',#9993,#8115,#8116);
#6491=AXIS2_PLACEMENT_3D('',#9995,#8117,#8118);
#6492=AXIS2_PLACEMENT_3D('',#9997,#8120,#8121);
#6493=AXIS2_PLACEMENT_3D('',#9999,#8122,#8123);
#6494=AXIS2_PLACEMENT_3D('',#10001,#8125,#8126);
#6495=AXIS2_PLACEMENT_3D('',#10003,#8127,#8128);
#6496=AXIS2_PLACEMENT_3D('',#10005,#8130,#8131);
#6497=AXIS2_PLACEMENT_3D('',#10007,#8132,#8133);
#6498=AXIS2_PLACEMENT_3D('',#10009,#8135,#8136);
#6499=AXIS2_PLACEMENT_3D('',#10011,#8137,#8138);
#6500=AXIS2_PLACEMENT_3D('',#10013,#8140,#8141);
#6501=AXIS2_PLACEMENT_3D('',#10015,#8142,#8143);
#6502=AXIS2_PLACEMENT_3D('',#10017,#8145,#8146);
#6503=AXIS2_PLACEMENT_3D('',#10019,#8147,#8148);
#6504=AXIS2_PLACEMENT_3D('',#10021,#8150,#8151);
#6505=AXIS2_PLACEMENT_3D('',#10023,#8152,#8153);
#6506=AXIS2_PLACEMENT_3D('',#10025,#8155,#8156);
#6507=AXIS2_PLACEMENT_3D('',#10027,#8157,#8158);
#6508=AXIS2_PLACEMENT_3D('',#10029,#8160,#8161);
#6509=AXIS2_PLACEMENT_3D('',#10031,#8162,#8163);
#6510=AXIS2_PLACEMENT_3D('',#10033,#8165,#8166);
#6511=DIRECTION('axis',(0.,0.,1.));
#6512=DIRECTION('refdir',(1.,0.,0.));
#6513=DIRECTION('center_axis',(-9.41008164741733E-15,-1.,0.));
#6514=DIRECTION('ref_axis',(0.943858356366018,-8.88178419700135E-15,0.330350424728104));
#6515=DIRECTION('center_axis',(0.,0.,-1.));
#6516=DIRECTION('ref_axis',(-0.707106781186542,0.707106781186553,0.));
#6517=DIRECTION('center_axis',(1.,-1.88201632948345E-14,0.));
#6518=DIRECTION('ref_axis',(0.,0.,1.));
#6519=DIRECTION('center_axis',(0.222920892678363,-0.22292089267837,0.949006085973615));
#6520=DIRECTION('ref_axis',(-0.671048638779241,0.671048638779253,0.315257749762063));
#6521=DIRECTION('center_axis',(-1.,8.95434951819151E-17,0.));
#6522=DIRECTION('ref_axis',(0.,-0.578640464914053,0.815582744032786));
#6523=DIRECTION('center_axis',(1.,0.,0.));
#6524=DIRECTION('ref_axis',(0.,0.,1.));
#6525=DIRECTION('',(-1.,8.95434951819151E-17,0.));
#6526=DIRECTION('',(1.,-8.95434951819151E-17,0.));
#6527=DIRECTION('center_axis',(-9.41008164741768E-15,-1.,0.));
#6528=DIRECTION('ref_axis',(0.,0.,1.));
#6529=DIRECTION('center_axis',(-0.222920892678367,-0.222920892678369,0.949006085973615));
#6530=DIRECTION('ref_axis',(0.67104863877925,0.671048638779243,0.315257749762065));
#6531=DIRECTION('center_axis',(0.,0.,-1.));
#6532=DIRECTION('ref_axis',(0.707106781186553,0.707106781186542,0.));
#6533=DIRECTION('center_axis',(3.14971326973898E-17,1.,0.));
#6534=DIRECTION('ref_axis',(-0.578640464914045,0.,0.815582744032792));
#6535=DIRECTION('center_axis',(0.,-1.,0.));
#6536=DIRECTION('ref_axis',(0.,0.,1.));
#6537=DIRECTION('',(3.14971326973898E-17,1.,0.));
#6538=DIRECTION('',(-3.14971326973898E-17,-1.,0.));
#6539=DIRECTION('center_axis',(-1.,1.88201632948344E-14,0.));
#6540=DIRECTION('ref_axis',(0.,0.,1.));
#6541=DIRECTION('center_axis',(-0.222920892678363,0.222920892678367,0.949006085973616));
#6542=DIRECTION('ref_axis',(0.671048638779258,-0.671048638779236,0.315257749762061));
#6543=DIRECTION('center_axis',(0.,0.,-1.));
#6544=DIRECTION('ref_axis',(0.707106781186557,-0.707106781186538,0.));
#6545=DIRECTION('center_axis',(1.,-8.95434951819151E-17,0.));
#6546=DIRECTION('ref_axis',(0.,0.578640464914049,0.815582744032789));
#6547=DIRECTION('center_axis',(-1.,0.,0.));
#6548=DIRECTION('ref_axis',(0.,0.,1.));
#6549=DIRECTION('',(1.,-8.95434951819151E-17,0.));
#6550=DIRECTION('',(-1.,8.95434951819151E-17,0.));
#6551=DIRECTION('center_axis',(7.057561235563E-15,1.,0.));
#6552=DIRECTION('ref_axis',(0.,0.,1.));
#6553=DIRECTION('center_axis',(0.222920892678367,0.222920892678366,0.949006085973615));
#6554=DIRECTION('ref_axis',(-0.671048638779252,-0.671048638779242,0.315257749762063));
#6555=DIRECTION('center_axis',(0.,0.,-1.));
#6556=DIRECTION('ref_axis',(-0.707106781186557,-0.707106781186538,0.));
#6557=DIRECTION('center_axis',(0.,-1.,0.));
#6558=DIRECTION('ref_axis',(0.578640464914059,0.,0.815582744032781));
#6559=DIRECTION('',(0.,1.,0.));
#6560=DIRECTION('',(0.,-1.,0.));
#6561=DIRECTION('center_axis',(-8.45163761856707E-17,-0.943858356366017,
-0.330350424728106));
#6562=DIRECTION('ref_axis',(0.,0.330350424728106,-0.943858356366017));
#6563=DIRECTION('',(-0.313677500463754,-0.313677500463755,0.896221429896442));
#6564=DIRECTION('',(-1.,8.95434951819151E-17,0.));
#6565=DIRECTION('',(-0.313677500463754,0.313677500463755,-0.896221429896442));
#6566=DIRECTION('center_axis',(-0.313677500463754,-0.313677500463755,0.896221429896442));
#6567=DIRECTION('ref_axis',(-0.633724250524489,-0.633724250524468,-0.443606975367132));
#6568=DIRECTION('',(0.313677500463754,0.313677500463755,-0.896221429896442));
#6569=DIRECTION('center_axis',(0.313677500463754,0.313677500463755,-0.896221429896442));
#6570=DIRECTION('ref_axis',(-0.633724250524492,-0.633724250524465,-0.443606975367134));
#6571=DIRECTION('center_axis',(-0.943858356366018,0.,-0.330350424728105));
#6572=DIRECTION('ref_axis',(-0.330350424728105,0.,0.943858356366018));
#6573=DIRECTION('',(-0.313677500463754,0.313677500463755,0.896221429896442));
#6574=DIRECTION('',(0.,1.,0.));
#6575=DIRECTION('center_axis',(-0.313677500463754,0.313677500463755,0.896221429896442));
#6576=DIRECTION('ref_axis',(-0.633724250524472,0.633724250524484,-0.443606975367135));
#6577=DIRECTION('',(0.313677500463754,-0.313677500463755,-0.896221429896442));
#6578=DIRECTION('center_axis',(0.313677500463754,-0.313677500463755,-0.896221429896442));
#6579=DIRECTION('ref_axis',(-0.633724250524474,0.633724250524483,-0.443606975367133));
#6580=DIRECTION('center_axis',(0.,0.,-1.));
#6581=DIRECTION('ref_axis',(-1.,0.,0.));
#6582=DIRECTION('',(0.,1.,0.));
#6583=DIRECTION('center_axis',(0.,0.,1.));
#6584=DIRECTION('ref_axis',(0.707106781186547,-0.707106781186548,0.));
#6585=DIRECTION('',(1.,0.,0.));
#6586=DIRECTION('center_axis',(0.,0.,1.));
#6587=DIRECTION('ref_axis',(-0.707106781186547,-0.707106781186547,0.));
#6588=DIRECTION('',(0.,-1.,0.));
#6589=DIRECTION('center_axis',(0.,0.,1.));
#6590=DIRECTION('ref_axis',(-0.707106781186547,0.707106781186548,0.));
#6591=DIRECTION('',(-1.,0.,0.));
#6592=DIRECTION('center_axis',(0.,0.,1.));
#6593=DIRECTION('ref_axis',(0.707106781186547,0.707106781186548,0.));
#6594=DIRECTION('',(0.,1.,0.));
#6595=DIRECTION('center_axis',(0.,0.,-1.));
#6596=DIRECTION('ref_axis',(-0.707106781186548,-0.707106781186547,0.));
#6597=DIRECTION('',(-1.,0.,0.));
#6598=DIRECTION('center_axis',(0.,0.,-1.));
#6599=DIRECTION('ref_axis',(0.707106781186547,-0.707106781186548,0.));
#6600=DIRECTION('',(0.,-1.,0.));
#6601=DIRECTION('center_axis',(0.,0.,1.));
#6602=DIRECTION('ref_axis',(-0.707106781186549,0.707106781186546,0.));
#6603=DIRECTION('',(-1.,0.,0.));
#6604=DIRECTION('center_axis',(0.,0.,1.));
#6605=DIRECTION('ref_axis',(0.707106781186548,0.707106781186548,0.));
#6606=DIRECTION('center_axis',(0.,0.,-1.));
#6607=DIRECTION('ref_axis',(-0.707106781186545,0.70710678118655,0.));
#6608=DIRECTION('',(0.,1.,0.));
#6609=DIRECTION('center_axis',(0.,0.,-1.));
#6610=DIRECTION('ref_axis',(-0.707106781186547,-0.707106781186547,0.));
#6611=DIRECTION('',(-1.,8.95434951819149E-17,0.));
#6612=DIRECTION('center_axis',(0.,0.,-1.));
#6613=DIRECTION('ref_axis',(0.707106781186549,-0.707106781186546,0.));
#6614=DIRECTION('',(3.14971326973898E-17,-1.,0.));
#6615=DIRECTION('center_axis',(0.,0.,-1.));
#6616=DIRECTION('ref_axis',(0.707106781186545,0.70710678118655,0.));
#6617=DIRECTION('',(1.,0.,0.));
#6618=DIRECTION('center_axis',(-1.25187061163677E-14,-1.,8.88178419700125E-15));
#6619=DIRECTION('ref_axis',(0.943858356366017,-8.88178419700126E-15,0.330350424728107));
#6620=DIRECTION('center_axis',(1.,7.057561235563E-15,0.));
#6621=DIRECTION('ref_axis',(0.,0.,1.));
#6622=DIRECTION('center_axis',(0.222920892678367,-0.222920892678365,0.949006085973615));
#6623=DIRECTION('ref_axis',(-0.671048638779242,0.671048638779252,0.315257749762062));
#6624=DIRECTION('center_axis',(-1.,0.,0.));
#6625=DIRECTION('ref_axis',(0.,-0.578640464914053,0.815582744032786));
#6626=DIRECTION('center_axis',(1.,-4.70504082370862E-15,0.));
#6627=DIRECTION('ref_axis',(0.,0.,1.));
#6628=DIRECTION('',(-1.,0.,0.));
#6629=DIRECTION('center_axis',(-6.30145717846682E-15,-1.,8.88178419700124E-15));
#6630=DIRECTION('ref_axis',(0.,8.88178419700124E-15,1.));
#6631=DIRECTION('center_axis',(-0.222920892678367,-0.222920892678365,0.949006085973615));
#6632=DIRECTION('ref_axis',(0.671048638779245,0.671048638779249,0.315257749762063));
#6633=DIRECTION('center_axis',(-3.14971326973898E-17,1.,0.));
#6634=DIRECTION('ref_axis',(-0.578640464914049,0.,0.815582744032789));
#6635=DIRECTION('center_axis',(0.,-1.,0.));
#6636=DIRECTION('ref_axis',(0.,0.,1.));
#6637=DIRECTION('',(-3.14971326973898E-17,1.,0.));
#6638=DIRECTION('center_axis',(-1.,-2.3525204118543E-15,0.));
#6639=DIRECTION('ref_axis',(0.,0.,1.));
#6640=DIRECTION('center_axis',(-0.222920892678365,0.222920892678367,0.949006085973615));
#6641=DIRECTION('ref_axis',(0.671048638779248,-0.671048638779246,0.315257749762062));
#6642=DIRECTION('center_axis',(1.,-8.95434951819149E-17,0.));
#6643=DIRECTION('ref_axis',(0.,0.578640464914049,0.815582744032789));
#6644=DIRECTION('center_axis',(-1.,-4.70504082370862E-15,0.));
#6645=DIRECTION('ref_axis',(0.,0.,1.));
#6646=DIRECTION('',(1.,-8.95434951819149E-17,0.));
#6647=DIRECTION('center_axis',(2.3525204118543E-15,1.,0.));
#6648=DIRECTION('ref_axis',(0.,0.,1.));
#6649=DIRECTION('center_axis',(0.222920892678367,0.222920892678366,0.949006085973615));
#6650=DIRECTION('ref_axis',(-0.671048638779247,-0.671048638779247,0.315257749762063));
#6651=DIRECTION('center_axis',(0.,-1.,0.));
#6652=DIRECTION('ref_axis',(0.57864046491405,0.,0.815582744032788));
#6653=DIRECTION('',(0.,-1.,0.));
#6654=DIRECTION('center_axis',(-8.45163761856706E-17,-0.943858356366017,
-0.330350424728106));
#6655=DIRECTION('ref_axis',(0.,0.330350424728106,-0.943858356366017));
#6656=DIRECTION('',(-0.313677500463755,-0.313677500463755,0.896221429896441));
#6657=DIRECTION('',(-1.,8.95434951819149E-17,0.));
#6658=DIRECTION('',(-0.313677500463755,0.313677500463755,-0.896221429896441));
#6659=DIRECTION('center_axis',(-0.313677500463755,-0.313677500463755,0.896221429896442));
#6660=DIRECTION('ref_axis',(-0.633724250524478,-0.633724250524478,-0.443606975367134));
#6661=DIRECTION('',(0.313677500463755,0.313677500463755,-0.896221429896441));
#6662=DIRECTION('center_axis',(0.313677500463755,0.313677500463755,-0.896221429896442));
#6663=DIRECTION('ref_axis',(-0.633724250524477,-0.633724250524479,-0.443606975367134));
#6664=DIRECTION('center_axis',(-0.943858356366017,0.,-0.330350424728106));
#6665=DIRECTION('ref_axis',(-0.330350424728106,0.,0.943858356366017));
#6666=DIRECTION('',(-0.313677500463755,0.313677500463755,0.896221429896441));
#6667=DIRECTION('',(0.,1.,0.));
#6668=DIRECTION('center_axis',(-0.313677500463755,0.313677500463755,0.896221429896442));
#6669=DIRECTION('ref_axis',(-0.633724250524475,0.633724250524481,-0.443606975367135));
#6670=DIRECTION('',(0.313677500463755,-0.313677500463755,-0.896221429896441));
#6671=DIRECTION('center_axis',(0.313677500463755,-0.313677500463755,-0.896221429896442));
#6672=DIRECTION('ref_axis',(-0.633724250524478,0.633724250524479,-0.443606975367134));
#6673=DIRECTION('center_axis',(-1.,8.95434951819149E-17,0.));
#6674=DIRECTION('ref_axis',(0.,-0.578640464914049,-0.815582744032789));
#6675=DIRECTION('center_axis',(-1.,0.,0.));
#6676=DIRECTION('ref_axis',(0.,0.,-1.));
#6677=DIRECTION('center_axis',(1.,0.,0.));
#6678=DIRECTION('ref_axis',(0.,-0.943858356366018,-0.330350424728106));
#6679=DIRECTION('',(1.,-8.95434951819149E-17,0.));
#6680=DIRECTION('center_axis',(3.14971326973898E-17,-1.,0.));
#6681=DIRECTION('ref_axis',(0.57864046491405,0.,-0.815582744032788));
#6682=DIRECTION('center_axis',(0.,-1.,0.));
#6683=DIRECTION('ref_axis',(0.,0.,-1.));
#6684=DIRECTION('',(3.14971326973898E-17,-1.,0.));
#6685=DIRECTION('center_axis',(0.,1.,0.));
#6686=DIRECTION('ref_axis',(0.943858356366018,0.,-0.330350424728106));
#6687=DIRECTION('',(-3.14971326973898E-17,1.,0.));
#6688=DIRECTION('center_axis',(-0.218890536154648,-0.896526037032578,0.385133740542934));
#6689=DIRECTION('ref_axis',(0.442991043840239,-0.442991043840236,-0.77943432703126));
#6690=DIRECTION('center_axis',(-0.313677500463755,0.313677500463755,-0.896221429896442));
#6691=DIRECTION('ref_axis',(0.633724250524479,-0.633724250524476,-0.443606975367135));
#6692=DIRECTION('center_axis',(1.,0.,0.));
#6693=DIRECTION('ref_axis',(0.,0.578640464914045,-0.815582744032791));
#6694=DIRECTION('center_axis',(1.,0.,0.));
#6695=DIRECTION('ref_axis',(0.,0.,-1.));
#6696=DIRECTION('',(1.,0.,0.));
#6697=DIRECTION('center_axis',(-1.,0.,0.));
#6698=DIRECTION('ref_axis',(0.,0.943858356366018,-0.330350424728106));
#6699=DIRECTION('',(-1.,0.,0.));
#6700=DIRECTION('center_axis',(0.218890536154649,-0.896526037032577,-0.385133740542936));
#6701=DIRECTION('ref_axis',(0.442991043840238,0.442991043840238,-0.77943432703126));
#6702=DIRECTION('center_axis',(-0.313677500463755,-0.313677500463755,-0.896221429896442));
#6703=DIRECTION('ref_axis',(0.633724250524473,0.633724250524483,-0.443606975367134));
#6704=DIRECTION('center_axis',(0.,1.,0.));
#6705=DIRECTION('ref_axis',(-0.57864046491405,0.,-0.815582744032788));
#6706=DIRECTION('center_axis',(0.,1.,0.));
#6707=DIRECTION('ref_axis',(0.,0.,-1.));
#6708=DIRECTION('center_axis',(0.,-1.,0.));
#6709=DIRECTION('ref_axis',(-0.943858356366017,0.,-0.330350424728106));
#6710=DIRECTION('',(0.,-1.,0.));
#6711=DIRECTION('center_axis',(-0.218890536154652,-0.896526037032573,-0.385133740542943));
#6712=DIRECTION('ref_axis',(-0.442991043840235,0.442991043840244,-0.779434327031258));
#6713=DIRECTION('center_axis',(0.218890536154649,-0.896526037032577,0.385133740542936));
#6714=DIRECTION('ref_axis',(-0.442991043840238,-0.442991043840238,-0.77943432703126));
#6715=DIRECTION('center_axis',(0.313677500463755,0.313677500463755,0.896221429896442));
#6716=DIRECTION('ref_axis',(0.633724250524476,0.633724250524482,-0.443606975367132));
#6717=DIRECTION('',(-0.313677500463755,-0.313677500463755,-0.896221429896441));
#6718=DIRECTION('',(0.313677500463755,0.313677500463755,0.896221429896441));
#6719=DIRECTION('center_axis',(0.,0.943858356366017,-0.330350424728106));
#6720=DIRECTION('ref_axis',(0.,0.330350424728106,0.943858356366017));
#6721=DIRECTION('center_axis',(0.,0.,-1.));
#6722=DIRECTION('ref_axis',(-1.,0.,0.));
#6723=DIRECTION('center_axis',(-1.,8.95434951819151E-17,0.));
#6724=DIRECTION('ref_axis',(0.,-0.578640464914049,-0.815582744032789));
#6725=DIRECTION('center_axis',(-1.,0.,0.));
#6726=DIRECTION('ref_axis',(0.,0.,-1.));
#6727=DIRECTION('center_axis',(1.,0.,0.));
#6728=DIRECTION('ref_axis',(0.,-0.943858356366018,-0.330350424728106));
#6729=DIRECTION('',(1.,-8.95434951819151E-17,0.));
#6730=DIRECTION('center_axis',(-3.14971326973898E-17,-1.,0.));
#6731=DIRECTION('ref_axis',(0.578640464914059,0.,-0.815582744032782));
#6732=DIRECTION('center_axis',(0.,-1.,0.));
#6733=DIRECTION('ref_axis',(0.,0.,-1.));
#6734=DIRECTION('',(-3.14971326973898E-17,-1.,0.));
#6735=DIRECTION('center_axis',(0.,1.,0.));
#6736=DIRECTION('ref_axis',(0.943858356366017,0.,-0.330350424728106));
#6737=DIRECTION('',(3.14971326973898E-17,1.,0.));
#6738=DIRECTION('center_axis',(-0.218890536154646,-0.896526037032578,0.385133740542934));
#6739=DIRECTION('ref_axis',(0.442991043840238,-0.442991043840236,-0.77943432703126));
#6740=DIRECTION('center_axis',(-0.313677500463754,0.313677500463755,-0.896221429896442));
#6741=DIRECTION('ref_axis',(0.633724250524493,-0.633724250524464,-0.443606975367133));
#6742=DIRECTION('center_axis',(1.,-8.95434951819151E-17,0.));
#6743=DIRECTION('ref_axis',(0.,0.578640464914045,-0.815582744032791));
#6744=DIRECTION('center_axis',(1.,0.,0.));
#6745=DIRECTION('ref_axis',(0.,0.,-1.));
#6746=DIRECTION('',(1.,-8.95434951819151E-17,0.));
#6747=DIRECTION('center_axis',(-1.,0.,0.));
#6748=DIRECTION('ref_axis',(0.,0.943858356366018,-0.330350424728106));
#6749=DIRECTION('',(-1.,8.95434951819151E-17,0.));
#6750=DIRECTION('center_axis',(0.218890536154646,-0.896526037032581,-0.385133740542928));
#6751=DIRECTION('ref_axis',(0.442991043840252,0.442991043840231,-0.779434327031256));
#6752=DIRECTION('center_axis',(-0.313677500463754,-0.313677500463755,-0.896221429896442));
#6753=DIRECTION('ref_axis',(0.633724250524478,0.633724250524478,-0.443606975367133));
#6754=DIRECTION('center_axis',(0.,1.,0.));
#6755=DIRECTION('ref_axis',(-0.578640464914044,0.,-0.815582744032792));
#6756=DIRECTION('center_axis',(-2.35252041185429E-15,1.,0.));
#6757=DIRECTION('ref_axis',(0.,0.,-1.));
#6758=DIRECTION('center_axis',(0.,-1.,0.));
#6759=DIRECTION('ref_axis',(-0.943858356366017,0.,-0.330350424728106));
#6760=DIRECTION('',(0.,-1.,0.));
#6761=DIRECTION('center_axis',(-0.218890536154647,-0.896526037032575,-0.385133740542942));
#6762=DIRECTION('ref_axis',(-0.442991043840237,0.442991043840244,-0.779434327031256));
#6763=DIRECTION('center_axis',(0.218890536154646,-0.896526037032578,0.385133740542934));
#6764=DIRECTION('ref_axis',(-0.442991043840238,-0.442991043840236,-0.77943432703126));
#6765=DIRECTION('center_axis',(0.313677500463754,0.313677500463755,0.896221429896442));
#6766=DIRECTION('ref_axis',(0.633724250524485,0.633724250524473,-0.443606975367132));
#6767=DIRECTION('',(-0.313677500463754,-0.313677500463755,-0.896221429896442));
#6768=DIRECTION('',(0.313677500463754,0.313677500463755,0.896221429896442));
#6769=DIRECTION('center_axis',(8.45163761856707E-17,0.943858356366017,-0.330350424728106));
#6770=DIRECTION('ref_axis',(0.,0.330350424728106,0.943858356366017));
#6771=DIRECTION('center_axis',(0.,0.,-1.));
#6772=DIRECTION('ref_axis',(-1.,0.,0.));
#6773=DIRECTION('center_axis',(0.313677500463755,-0.313677500463755,0.896221429896442));
#6774=DIRECTION('ref_axis',(0.633724250524479,-0.633724250524476,-0.443606975367135));
#6775=DIRECTION('',(0.313677500463755,-0.313677500463755,0.896221429896441));
#6776=DIRECTION('center_axis',(0.943858356366017,2.97288318980007E-17,-0.330350424728106));
#6777=DIRECTION('ref_axis',(-0.330350424728106,0.,-0.943858356366017));
#6778=DIRECTION('center_axis',(0.313677500463754,-0.313677500463755,0.896221429896442));
#6779=DIRECTION('ref_axis',(0.63372425052449,-0.633724250524469,-0.443606975367131));
#6780=DIRECTION('',(0.313677500463754,-0.313677500463755,0.896221429896442));
#6781=DIRECTION('center_axis',(0.943858356366018,-2.97288318980007E-17,
-0.330350424728105));
#6782=DIRECTION('ref_axis',(-0.330350424728105,0.,-0.943858356366018));
#6783=DIRECTION('center_axis',(0.,1.,0.));
#6784=DIRECTION('ref_axis',(0.707106781186548,0.,-0.707106781186548));
#6785=DIRECTION('center_axis',(0.,1.,0.));
#6786=DIRECTION('ref_axis',(1.,0.,0.));
#6787=DIRECTION('center_axis',(0.,-1.,0.));
#6788=DIRECTION('ref_axis',(0.,0.,-1.));
#6789=DIRECTION('',(0.,-1.,0.));
#6790=DIRECTION('center_axis',(0.,0.,1.));
#6791=DIRECTION('ref_axis',(1.,0.,0.));
#6792=DIRECTION('center_axis',(1.,0.,0.));
#6793=DIRECTION('ref_axis',(0.,0.,-1.));
#6794=DIRECTION('center_axis',(0.,0.,-1.));
#6795=DIRECTION('ref_axis',(0.707106781186548,0.707106781186548,0.));
#6796=DIRECTION('center_axis',(-1.,0.,0.));
#6797=DIRECTION('ref_axis',(0.,0.707106781186548,-0.707106781186548));
#6798=DIRECTION('center_axis',(1.,0.,0.));
#6799=DIRECTION('ref_axis',(0.,0.,-1.));
#6800=DIRECTION('',(1.,0.,0.));
#6801=DIRECTION('center_axis',(0.,0.,1.));
#6802=DIRECTION('ref_axis',(1.,0.,0.));
#6803=DIRECTION('center_axis',(0.,1.,0.));
#6804=DIRECTION('ref_axis',(0.,0.,-1.));
#6805=DIRECTION('center_axis',(0.,0.,-1.));
#6806=DIRECTION('ref_axis',(-0.707106781186549,0.707106781186546,0.));
#6807=DIRECTION('center_axis',(0.,1.,0.));
#6808=DIRECTION('ref_axis',(-0.707106781186553,0.,-0.707106781186543));
#6809=DIRECTION('center_axis',(0.,1.,0.));
#6810=DIRECTION('ref_axis',(0.,0.,-1.));
#6811=DIRECTION('',(0.,1.,0.));
#6812=DIRECTION('center_axis',(0.,0.,-1.));
#6813=DIRECTION('ref_axis',(-1.,0.,0.));
#6814=DIRECTION('center_axis',(1.,0.,0.));
#6815=DIRECTION('ref_axis',(0.,0.,-1.));
#6816=DIRECTION('center_axis',(0.,0.,1.));
#6817=DIRECTION('ref_axis',(0.707106781186547,-0.707106781186548,0.));
#6818=DIRECTION('center_axis',(-1.,0.,0.));
#6819=DIRECTION('ref_axis',(0.,0.707106781186548,-0.707106781186547));
#6820=DIRECTION('center_axis',(1.,4.44089209850063E-15,0.));
#6821=DIRECTION('ref_axis',(0.,0.,-1.));
#6822=DIRECTION('',(1.,0.,0.));
#6823=DIRECTION('center_axis',(0.,0.,-1.));
#6824=DIRECTION('ref_axis',(-1.,0.,0.));
#6825=DIRECTION('center_axis',(0.,-1.,0.));
#6826=DIRECTION('ref_axis',(0.,0.,-1.));
#6827=DIRECTION('center_axis',(0.,0.,1.));
#6828=DIRECTION('ref_axis',(-0.707106781186548,-0.707106781186547,0.));
#6829=DIRECTION('center_axis',(0.,1.,0.));
#6830=DIRECTION('ref_axis',(0.707106781186544,0.,-0.707106781186551));
#6831=DIRECTION('center_axis',(0.,-1.,0.));
#6832=DIRECTION('ref_axis',(0.,0.,-1.));
#6833=DIRECTION('',(0.,-1.,0.));
#6834=DIRECTION('center_axis',(0.,0.,1.));
#6835=DIRECTION('ref_axis',(1.,0.,0.));
#6836=DIRECTION('center_axis',(1.,0.,0.));
#6837=DIRECTION('ref_axis',(0.,0.,-1.));
#6838=DIRECTION('center_axis',(0.,0.,-1.));
#6839=DIRECTION('ref_axis',(0.707106781186547,0.707106781186548,0.));
#6840=DIRECTION('center_axis',(-1.,0.,0.));
#6841=DIRECTION('ref_axis',(0.,0.707106781186548,-0.707106781186548));
#6842=DIRECTION('center_axis',(1.,3.33066907387548E-15,0.));
#6843=DIRECTION('ref_axis',(0.,0.,-1.));
#6844=DIRECTION('',(1.,0.,0.));
#6845=DIRECTION('center_axis',(0.,0.,1.));
#6846=DIRECTION('ref_axis',(1.,0.,0.));
#6847=DIRECTION('center_axis',(0.,1.,0.));
#6848=DIRECTION('ref_axis',(0.,0.,-1.));
#6849=DIRECTION('center_axis',(0.,0.,-1.));
#6850=DIRECTION('ref_axis',(-0.707106781186547,0.707106781186548,0.));
#6851=DIRECTION('center_axis',(0.,1.,0.));
#6852=DIRECTION('ref_axis',(-0.707106781186546,0.,-0.707106781186549));
#6853=DIRECTION('center_axis',(0.,1.,0.));
#6854=DIRECTION('ref_axis',(0.,0.,-1.));
#6855=DIRECTION('',(0.,1.,0.));
#6856=DIRECTION('center_axis',(0.,0.,1.));
#6857=DIRECTION('ref_axis',(1.,0.,0.));
#6858=DIRECTION('center_axis',(-1.,0.,0.));
#6859=DIRECTION('ref_axis',(0.,0.,-1.));
#6860=DIRECTION('center_axis',(0.,0.,-1.));
#6861=DIRECTION('ref_axis',(-0.707106781186548,-0.707106781186548,0.));
#6862=DIRECTION('center_axis',(1.,0.,0.));
#6863=DIRECTION('ref_axis',(0.,-0.707106781186549,-0.707106781186546));
#6864=DIRECTION('center_axis',(-1.,0.,0.));
#6865=DIRECTION('ref_axis',(0.,0.,-1.));
#6866=DIRECTION('',(-1.,0.,0.));
#6867=DIRECTION('center_axis',(0.,0.,1.));
#6868=DIRECTION('ref_axis',(1.,0.,0.));
#6869=DIRECTION('center_axis',(0.,0.,-1.));
#6870=DIRECTION('ref_axis',(0.707106781186547,-0.707106781186548,0.));
#6871=DIRECTION('center_axis',(0.,0.,-1.));
#6872=DIRECTION('ref_axis',(0.707106781186547,0.707106781186548,0.));
#6873=DIRECTION('',(0.,0.,1.));
#6874=DIRECTION('center_axis',(0.,0.,1.));
#6875=DIRECTION('ref_axis',(0.707106781186547,0.707106781186548,0.));
#6876=DIRECTION('',(0.,0.,-1.));
#6877=DIRECTION('center_axis',(0.,1.,0.));
#6878=DIRECTION('ref_axis',(0.,0.,1.));
#6879=DIRECTION('',(0.,0.,-1.));
#6880=DIRECTION('',(-1.,0.,0.));
#6881=DIRECTION('center_axis',(0.,0.,1.));
#6882=DIRECTION('ref_axis',(-0.707106781186547,0.707106781186548,0.));
#6883=DIRECTION('',(0.,0.,1.));
#6884=DIRECTION('center_axis',(0.,0.,1.));
#6885=DIRECTION('ref_axis',(-0.707106781186547,0.707106781186548,0.));
#6886=DIRECTION('center_axis',(-1.,0.,0.));
#6887=DIRECTION('ref_axis',(0.,0.,1.));
#6888=DIRECTION('',(0.,0.,-1.));
#6889=DIRECTION('',(0.,-1.,0.));
#6890=DIRECTION('',(0.,-0.5,-0.866025403784438));
#6891=DIRECTION('',(0.,0.499999999999999,-0.866025403784439));
#6892=DIRECTION('',(0.,1.,-9.61481343191782E-16));
#6893=DIRECTION('',(0.,0.5,0.866025403784439));
#6894=DIRECTION('',(0.,-0.499999999999999,0.866025403784439));
#6895=DIRECTION('',(0.,-1.,9.61481343191782E-16));
#6896=DIRECTION('',(0.,-0.500000000000002,-0.866025403784438));
#6897=DIRECTION('',(0.,0.499999999999999,-0.866025403784439));
#6898=DIRECTION('',(0.,1.,0.));
#6899=DIRECTION('',(0.,0.500000000000001,0.866025403784438));
#6900=DIRECTION('',(0.,-0.499999999999999,0.866025403784439));
#6901=DIRECTION('',(0.,-1.,0.));
#6902=DIRECTION('',(0.,-0.500000000000002,-0.866025403784438));
#6903=DIRECTION('',(0.,0.499999999999997,-0.86602540378444));
#6904=DIRECTION('',(0.,1.,0.));
#6905=DIRECTION('',(0.,0.499999999999998,0.86602540378444));
#6906=DIRECTION('',(0.,-0.500000000000001,0.866025403784438));
#6907=DIRECTION('',(0.,-1.,0.));
#6908=DIRECTION('',(0.,0.5,0.866025403784438));
#6909=DIRECTION('',(0.,-0.499999999999999,0.866025403784439));
#6910=DIRECTION('',(0.,-1.,9.61481343191782E-16));
#6911=DIRECTION('',(0.,-0.500000000000001,-0.866025403784438));
#6912=DIRECTION('',(0.,0.499999999999999,-0.866025403784439));
#6913=DIRECTION('',(0.,1.,-4.80740671595891E-16));
#6914=DIRECTION('',(0.,-0.500000000000002,-0.866025403784438));
#6915=DIRECTION('',(0.,0.499999999999997,-0.86602540378444));
#6916=DIRECTION('',(0.,1.,0.));
#6917=DIRECTION('',(0.,0.499999999999998,0.86602540378444));
#6918=DIRECTION('',(0.,-0.500000000000001,0.866025403784438));
#6919=DIRECTION('',(0.,-1.,0.));
#6920=DIRECTION('',(0.,-0.500000000000002,-0.866025403784438));
#6921=DIRECTION('',(0.,0.499999999999999,-0.866025403784439));
#6922=DIRECTION('',(0.,1.,0.));
#6923=DIRECTION('',(0.,0.500000000000001,0.866025403784438));
#6924=DIRECTION('',(0.,-0.499999999999999,0.866025403784439));
#6925=DIRECTION('',(0.,-1.,0.));
#6926=DIRECTION('',(0.,-0.500000000000001,-0.866025403784438));
#6927=DIRECTION('',(0.,0.5,-0.866025403784439));
#6928=DIRECTION('',(0.,1.,-1.92296268638356E-15));
#6929=DIRECTION('',(0.,0.500000000000001,0.866025403784438));
#6930=DIRECTION('',(0.,-0.499999999999999,0.866025403784439));
#6931=DIRECTION('',(0.,-1.,0.));
#6932=DIRECTION('',(0.,-0.500000000000002,-0.866025403784438));
#6933=DIRECTION('',(0.,0.499999999999999,-0.866025403784439));
#6934=DIRECTION('',(0.,1.,0.));
#6935=DIRECTION('',(0.,0.500000000000001,0.866025403784438));
#6936=DIRECTION('',(0.,-0.499999999999999,0.866025403784439));
#6937=DIRECTION('',(0.,-1.,0.));
#6938=DIRECTION('',(0.,-0.500000000000002,-0.866025403784438));
#6939=DIRECTION('',(0.,0.499999999999997,-0.86602540378444));
#6940=DIRECTION('',(0.,1.,0.));
#6941=DIRECTION('',(0.,0.499999999999998,0.86602540378444));
#6942=DIRECTION('',(0.,-0.500000000000001,0.866025403784438));
#6943=DIRECTION('',(0.,-1.,0.));
#6944=DIRECTION('',(0.,-0.500000000000002,-0.866025403784438));
#6945=DIRECTION('',(0.,0.499999999999997,-0.86602540378444));
#6946=DIRECTION('',(0.,1.,0.));
#6947=DIRECTION('',(0.,0.499999999999998,0.86602540378444));
#6948=DIRECTION('',(0.,-0.500000000000001,0.866025403784438));
#6949=DIRECTION('',(0.,-1.,0.));
#6950=DIRECTION('',(0.,-0.500000000000002,-0.866025403784438));
#6951=DIRECTION('',(0.,0.499999999999997,-0.86602540378444));
#6952=DIRECTION('',(0.,1.,0.));
#6953=DIRECTION('',(0.,0.499999999999998,0.86602540378444));
#6954=DIRECTION('',(0.,-0.500000000000001,0.866025403784438));
#6955=DIRECTION('',(0.,-1.,0.));
#6956=DIRECTION('',(0.,-0.500000000000002,-0.866025403784438));
#6957=DIRECTION('',(0.,0.499999999999999,-0.866025403784439));
#6958=DIRECTION('',(0.,1.,0.));
#6959=DIRECTION('',(0.,0.500000000000001,0.866025403784438));
#6960=DIRECTION('',(0.,-0.499999999999999,0.866025403784439));
#6961=DIRECTION('',(0.,-1.,0.));
#6962=DIRECTION('',(0.,-0.5,-0.866025403784439));
#6963=DIRECTION('',(0.,0.499999999999999,-0.866025403784439));
#6964=DIRECTION('',(0.,1.,0.));
#6965=DIRECTION('',(0.,0.5,0.866025403784439));
#6966=DIRECTION('',(0.,-0.5,0.866025403784439));
#6967=DIRECTION('',(0.,-1.,1.92296268638356E-15));
#6968=DIRECTION('center_axis',(0.,0.,-1.));
#6969=DIRECTION('ref_axis',(-0.707106781186547,-0.707106781186548,0.));
#6970=DIRECTION('',(0.,0.,1.));
#6971=DIRECTION('center_axis',(0.,0.,1.));
#6972=DIRECTION('ref_axis',(-0.707106781186547,-0.707106781186548,0.));
#6973=DIRECTION('center_axis',(0.,1.,0.));
#6974=DIRECTION('ref_axis',(1.,0.,0.));
#6975=DIRECTION('',(0.,0.,-1.));
#6976=DIRECTION('',(1.,0.,0.));
#6977=DIRECTION('center_axis',(0.,-1.,0.));
#6978=DIRECTION('ref_axis',(1.,0.,0.));
#6979=DIRECTION('center_axis',(0.,-1.,0.));
#6980=DIRECTION('ref_axis',(1.,0.,0.));
#6981=DIRECTION('center_axis',(0.,-1.,0.));
#6982=DIRECTION('ref_axis',(1.,0.,0.));
#6983=DIRECTION('center_axis',(0.,-1.,0.));
#6984=DIRECTION('ref_axis',(1.,0.,0.));
#6985=DIRECTION('center_axis',(0.,-1.,0.));
#6986=DIRECTION('ref_axis',(1.,0.,0.));
#6987=DIRECTION('center_axis',(0.,-1.,0.));
#6988=DIRECTION('ref_axis',(1.,0.,0.));
#6989=DIRECTION('center_axis',(0.,-1.,0.));
#6990=DIRECTION('ref_axis',(1.,0.,0.));
#6991=DIRECTION('center_axis',(0.,-1.,0.));
#6992=DIRECTION('ref_axis',(1.,0.,0.));
#6993=DIRECTION('center_axis',(0.,-1.,0.));
#6994=DIRECTION('ref_axis',(1.,0.,0.));
#6995=DIRECTION('center_axis',(0.,-1.,0.));
#6996=DIRECTION('ref_axis',(1.,0.,0.));
#6997=DIRECTION('center_axis',(0.,-1.,0.));
#6998=DIRECTION('ref_axis',(1.,0.,0.));
#6999=DIRECTION('center_axis',(0.,-1.,0.));
#7000=DIRECTION('ref_axis',(1.,0.,0.));
#7001=DIRECTION('center_axis',(0.,-1.,0.));
#7002=DIRECTION('ref_axis',(1.,0.,0.));
#7003=DIRECTION('center_axis',(0.,-1.,0.));
#7004=DIRECTION('ref_axis',(1.,0.,0.));
#7005=DIRECTION('center_axis',(0.,-1.,0.));
#7006=DIRECTION('ref_axis',(1.,0.,0.));
#7007=DIRECTION('center_axis',(0.,-1.,0.));
#7008=DIRECTION('ref_axis',(1.,0.,0.));
#7009=DIRECTION('center_axis',(0.,-1.,0.));
#7010=DIRECTION('ref_axis',(1.,0.,0.));
#7011=DIRECTION('center_axis',(0.,-1.,0.));
#7012=DIRECTION('ref_axis',(1.,0.,0.));
#7013=DIRECTION('center_axis',(0.,-1.,0.));
#7014=DIRECTION('ref_axis',(1.,0.,0.));
#7015=DIRECTION('center_axis',(0.,-1.,0.));
#7016=DIRECTION('ref_axis',(1.,0.,0.));
#7017=DIRECTION('center_axis',(0.,-1.,0.));
#7018=DIRECTION('ref_axis',(1.,0.,0.));
#7019=DIRECTION('center_axis',(0.,-1.,0.));
#7020=DIRECTION('ref_axis',(1.,0.,0.));
#7021=DIRECTION('center_axis',(0.,-1.,0.));
#7022=DIRECTION('ref_axis',(1.,0.,0.));
#7023=DIRECTION('center_axis',(0.,-1.,0.));
#7024=DIRECTION('ref_axis',(1.,0.,0.));
#7025=DIRECTION('center_axis',(0.,-1.,0.));
#7026=DIRECTION('ref_axis',(1.,0.,0.));
#7027=DIRECTION('center_axis',(0.,-1.,0.));
#7028=DIRECTION('ref_axis',(1.,0.,0.));
#7029=DIRECTION('center_axis',(0.,0.,1.));
#7030=DIRECTION('ref_axis',(0.707106781186546,-0.707106781186549,0.));
#7031=DIRECTION('',(0.,0.,1.));
#7032=DIRECTION('center_axis',(0.,0.,1.));
#7033=DIRECTION('ref_axis',(0.707106781186547,-0.707106781186548,0.));
#7034=DIRECTION('center_axis',(1.,0.,0.));
#7035=DIRECTION('ref_axis',(0.,0.,-1.));
#7036=DIRECTION('',(0.,0.,-1.));
#7037=DIRECTION('',(0.,1.,0.));
#7038=DIRECTION('',(0.,0.5,0.866025403784439));
#7039=DIRECTION('',(0.,1.,-1.92296268638356E-15));
#7040=DIRECTION('',(0.,0.5,-0.866025403784439));
#7041=DIRECTION('',(0.,-0.5,-0.866025403784439));
#7042=DIRECTION('',(0.,-1.,0.));
#7043=DIRECTION('',(0.,-0.499999999999999,0.866025403784439));
#7044=DIRECTION('',(0.,0.500000000000002,0.866025403784438));
#7045=DIRECTION('',(0.,1.,0.));
#7046=DIRECTION('',(0.,0.499999999999999,-0.866025403784439));
#7047=DIRECTION('',(0.,-0.500000000000001,-0.866025403784438));
#7048=DIRECTION('',(0.,-1.,0.));
#7049=DIRECTION('',(0.,-0.499999999999999,0.866025403784439));
#7050=DIRECTION('',(0.,0.500000000000002,0.866025403784438));
#7051=DIRECTION('',(0.,1.,0.));
#7052=DIRECTION('',(0.,0.500000000000001,-0.866025403784438));
#7053=DIRECTION('',(0.,-0.499999999999998,-0.86602540378444));
#7054=DIRECTION('',(0.,-1.,0.));
#7055=DIRECTION('',(0.,-0.499999999999997,0.86602540378444));
#7056=DIRECTION('',(0.,0.500000000000002,0.866025403784438));
#7057=DIRECTION('',(0.,1.,0.));
#7058=DIRECTION('',(0.,0.500000000000001,-0.866025403784438));
#7059=DIRECTION('',(0.,-0.499999999999998,-0.86602540378444));
#7060=DIRECTION('',(0.,-1.,0.));
#7061=DIRECTION('',(0.,-0.499999999999997,0.86602540378444));
#7062=DIRECTION('',(0.,0.500000000000002,0.866025403784438));
#7063=DIRECTION('',(0.,1.,0.));
#7064=DIRECTION('',(0.,0.500000000000001,-0.866025403784438));
#7065=DIRECTION('',(0.,-0.499999999999998,-0.86602540378444));
#7066=DIRECTION('',(0.,-1.,0.));
#7067=DIRECTION('',(0.,-0.499999999999997,0.86602540378444));
#7068=DIRECTION('',(0.,0.500000000000002,0.866025403784438));
#7069=DIRECTION('',(0.,1.,0.));
#7070=DIRECTION('',(0.,0.499999999999999,-0.866025403784439));
#7071=DIRECTION('',(0.,-0.500000000000001,-0.866025403784438));
#7072=DIRECTION('',(0.,-1.,0.));
#7073=DIRECTION('',(0.,-0.499999999999999,0.866025403784439));
#7074=DIRECTION('',(0.,0.500000000000001,0.866025403784438));
#7075=DIRECTION('',(0.,1.,0.));
#7076=DIRECTION('',(0.,0.499999999999999,-0.866025403784439));
#7077=DIRECTION('',(0.,-0.500000000000001,-0.866025403784438));
#7078=DIRECTION('',(0.,-1.,1.92296268638356E-15));
#7079=DIRECTION('',(0.,-0.5,0.866025403784439));
#7080=DIRECTION('',(0.,0.500000000000002,0.866025403784438));
#7081=DIRECTION('',(0.,1.,0.));
#7082=DIRECTION('',(0.,0.499999999999999,-0.866025403784439));
#7083=DIRECTION('',(0.,-0.500000000000001,-0.866025403784438));
#7084=DIRECTION('',(0.,-1.,0.));
#7085=DIRECTION('',(0.,-0.499999999999999,0.866025403784439));
#7086=DIRECTION('',(0.,0.500000000000002,0.866025403784438));
#7087=DIRECTION('',(0.,1.,0.));
#7088=DIRECTION('',(0.,0.500000000000001,-0.866025403784438));
#7089=DIRECTION('',(0.,-0.499999999999998,-0.86602540378444));
#7090=DIRECTION('',(0.,-1.,0.));
#7091=DIRECTION('',(0.,-0.499999999999997,0.86602540378444));
#7092=DIRECTION('',(0.,-0.5,-0.866025403784438));
#7093=DIRECTION('',(0.,-1.,4.80740671595891E-16));
#7094=DIRECTION('',(0.,-0.499999999999999,0.866025403784439));
#7095=DIRECTION('',(0.,0.500000000000001,0.866025403784438));
#7096=DIRECTION('',(0.,1.,-9.61481343191782E-16));
#7097=DIRECTION('',(0.,0.499999999999999,-0.866025403784439));
#7098=DIRECTION('',(0.,0.500000000000002,0.866025403784438));
#7099=DIRECTION('',(0.,1.,0.));
#7100=DIRECTION('',(0.,0.500000000000001,-0.866025403784438));
#7101=DIRECTION('',(0.,-0.499999999999998,-0.86602540378444));
#7102=DIRECTION('',(0.,-1.,0.));
#7103=DIRECTION('',(0.,-0.499999999999997,0.86602540378444));
#7104=DIRECTION('',(0.,0.500000000000002,0.866025403784438));
#7105=DIRECTION('',(0.,1.,0.));
#7106=DIRECTION('',(0.,0.499999999999999,-0.866025403784439));
#7107=DIRECTION('',(0.,-0.500000000000001,-0.866025403784438));
#7108=DIRECTION('',(0.,-1.,0.));
#7109=DIRECTION('',(0.,-0.499999999999999,0.866025403784439));
#7110=DIRECTION('',(0.,0.500000000000001,0.866025403784438));
#7111=DIRECTION('',(0.,1.,-9.61481343191782E-16));
#7112=DIRECTION('',(0.,0.499999999999999,-0.866025403784439));
#7113=DIRECTION('',(0.,-0.5,-0.866025403784439));
#7114=DIRECTION('',(0.,-1.,9.61481343191782E-16));
#7115=DIRECTION('',(0.,-0.499999999999999,0.866025403784439));
#7116=DIRECTION('center_axis',(0.,1.,0.));
#7117=DIRECTION('ref_axis',(-0.707106781186518,0.,0.707106781186577));
#7118=DIRECTION('center_axis',(0.,1.,0.));
#7119=DIRECTION('ref_axis',(-1.,0.,-7.105427357601E-14));
#7120=DIRECTION('',(0.,1.,0.));
#7121=DIRECTION('center_axis',(0.,-1.,0.));
#7122=DIRECTION('ref_axis',(0.,0.,1.));
#7123=DIRECTION('center_axis',(0.,0.,-1.));
#7124=DIRECTION('ref_axis',(-1.,0.,0.));
#7125=DIRECTION('center_axis',(-1.,0.,0.));
#7126=DIRECTION('ref_axis',(0.,0.,1.));
#7127=DIRECTION('center_axis',(0.,0.,-1.));
#7128=DIRECTION('ref_axis',(-0.707106781186547,0.707106781186548,0.));
#7129=DIRECTION('center_axis',(1.,0.,0.));
#7130=DIRECTION('ref_axis',(0.,0.707106781186516,0.707106781186579));
#7131=DIRECTION('center_axis',(-1.,0.,0.));
#7132=DIRECTION('ref_axis',(0.,0.,1.));
#7133=DIRECTION('',(1.,0.,0.));
#7134=DIRECTION('center_axis',(0.,0.,-1.));
#7135=DIRECTION('ref_axis',(-1.,0.,0.));
#7136=DIRECTION('center_axis',(0.,1.,0.));
#7137=DIRECTION('ref_axis',(0.,0.,1.));
#7138=DIRECTION('center_axis',(0.,0.,-1.));
#7139=DIRECTION('ref_axis',(0.707106781186547,0.707106781186548,0.));
#7140=DIRECTION('center_axis',(0.,1.,0.));
#7141=DIRECTION('ref_axis',(0.707106781186568,0.,0.707106781186527));
#7142=DIRECTION('center_axis',(0.,1.,0.));
#7143=DIRECTION('ref_axis',(0.,0.,1.));
#7144=DIRECTION('',(0.,1.,0.));
#7145=DIRECTION('',(0.,-1.,0.));
#7146=DIRECTION('center_axis',(0.,0.,1.));
#7147=DIRECTION('ref_axis',(1.,0.,0.));
#7148=DIRECTION('center_axis',(-1.,0.,0.));
#7149=DIRECTION('ref_axis',(0.,0.,1.));
#7150=DIRECTION('center_axis',(0.,0.,-1.));
#7151=DIRECTION('ref_axis',(-0.707106781186547,-0.707106781186548,0.));
#7152=DIRECTION('center_axis',(0.,0.,1.));
#7153=DIRECTION('ref_axis',(-0.707106781186547,-0.707106781186548,0.));
#7154=DIRECTION('center_axis',(1.,0.,0.));
#7155=DIRECTION('ref_axis',(0.,0.707106781186517,0.707106781186578));
#7156=DIRECTION('center_axis',(-1.,0.,0.));
#7157=DIRECTION('ref_axis',(0.,0.,1.));
#7158=DIRECTION('',(-1.,0.,0.));
#7159=DIRECTION('',(1.,0.,0.));
#7160=DIRECTION('center_axis',(0.,0.,1.));
#7161=DIRECTION('ref_axis',(1.,0.,0.));
#7162=DIRECTION('center_axis',(2.22044604925028E-15,-1.,0.));
#7163=DIRECTION('ref_axis',(0.,0.,1.));
#7164=DIRECTION('center_axis',(0.,0.,-1.));
#7165=DIRECTION('ref_axis',(0.707106781186545,-0.70710678118655,0.));
#7166=DIRECTION('center_axis',(0.,0.,1.));
#7167=DIRECTION('ref_axis',(0.707106781186545,-0.70710678118655,0.));
#7168=DIRECTION('center_axis',(0.,1.,0.));
#7169=DIRECTION('ref_axis',(-0.707106781186523,0.,0.707106781186573));
#7170=DIRECTION('center_axis',(0.,-1.,0.));
#7171=DIRECTION('ref_axis',(0.,0.,1.));
#7172=DIRECTION('',(0.,-1.,0.));
#7173=DIRECTION('',(0.,1.,0.));
#7174=DIRECTION('center_axis',(0.,0.,-1.));
#7175=DIRECTION('ref_axis',(-1.,0.,0.));
#7176=DIRECTION('center_axis',(-1.,0.,0.));
#7177=DIRECTION('ref_axis',(0.,0.,1.));
#7178=DIRECTION('center_axis',(0.,0.,1.));
#7179=DIRECTION('ref_axis',(-0.707106781186551,0.707106781186544,0.));
#7180=DIRECTION('center_axis',(0.,0.,-1.));
#7181=DIRECTION('ref_axis',(-0.707106781186551,0.707106781186544,0.));
#7182=DIRECTION('center_axis',(1.,0.,0.));
#7183=DIRECTION('ref_axis',(0.,0.707106781186516,0.707106781186579));
#7184=DIRECTION('center_axis',(-1.,0.,0.));
#7185=DIRECTION('ref_axis',(0.,0.,1.));
#7186=DIRECTION('',(-1.,0.,0.));
#7187=DIRECTION('',(1.,0.,0.));
#7188=DIRECTION('center_axis',(0.,0.,-1.));
#7189=DIRECTION('ref_axis',(-1.,0.,0.));
#7190=DIRECTION('center_axis',(0.,1.,0.));
#7191=DIRECTION('ref_axis',(0.,0.,1.));
#7192=DIRECTION('center_axis',(0.,0.,1.));
#7193=DIRECTION('ref_axis',(0.707106781186548,0.707106781186548,0.));
#7194=DIRECTION('center_axis',(0.,0.,-1.));
#7195=DIRECTION('ref_axis',(0.707106781186548,0.707106781186548,0.));
#7196=DIRECTION('center_axis',(0.,1.,0.));
#7197=DIRECTION('ref_axis',(0.707106781186573,0.,0.707106781186522));
#7198=DIRECTION('center_axis',(0.,1.,0.));
#7199=DIRECTION('ref_axis',(0.,0.,1.));
#7200=DIRECTION('',(0.,-1.,0.));
#7201=DIRECTION('center_axis',(0.,0.,-1.));
#7202=DIRECTION('ref_axis',(-1.,0.,0.));
#7203=DIRECTION('center_axis',(1.,0.,0.));
#7204=DIRECTION('ref_axis',(0.,0.,1.));
#7205=DIRECTION('center_axis',(0.,0.,-1.));
#7206=DIRECTION('ref_axis',(0.707106781186547,-0.707106781186548,0.));
#7207=DIRECTION('center_axis',(-1.,0.,0.));
#7208=DIRECTION('ref_axis',(0.,-0.707106781186517,0.707106781186578));
#7209=DIRECTION('center_axis',(1.,0.,0.));
#7210=DIRECTION('ref_axis',(0.,0.,1.));
#7211=DIRECTION('',(-1.,0.,0.));
#7212=DIRECTION('center_axis',(0.,0.,-1.));
#7213=DIRECTION('ref_axis',(-1.,0.,0.));
#7214=DIRECTION('center_axis',(0.,0.,-1.));
#7215=DIRECTION('ref_axis',(-0.707106781186547,-0.707106781186548,0.));
#7216=DIRECTION('center_axis',(-6.78970602733015E-17,0.,1.));
#7217=DIRECTION('ref_axis',(-0.707106781186549,0.707106781186546,0.));
#7218=DIRECTION('',(-6.78970602733015E-17,0.,1.));
#7219=DIRECTION('',(6.78970602733015E-17,0.,-1.));
#7220=DIRECTION('center_axis',(0.,1.,0.));
#7221=DIRECTION('ref_axis',(0.,0.,1.));
#7222=DIRECTION('',(0.,0.,1.));
#7223=DIRECTION('center_axis',(0.,0.,-1.));
#7224=DIRECTION('ref_axis',(0.707106781186546,0.707106781186549,0.));
#7225=DIRECTION('center_axis',(0.,0.,1.));
#7226=DIRECTION('ref_axis',(1.,0.,0.));
#7227=DIRECTION('',(0.,-1.,0.));
#7228=DIRECTION('center_axis',(0.,0.,1.));
#7229=DIRECTION('ref_axis',(0.707106781186547,-0.707106781186548,0.));
#7230=DIRECTION('',(-1.,-2.83220159343152E-16,0.));
#7231=DIRECTION('center_axis',(0.,0.,1.));
#7232=DIRECTION('ref_axis',(-0.707106781186546,-0.707106781186549,0.));
#7233=DIRECTION('',(0.,1.,0.));
#7234=DIRECTION('center_axis',(0.,0.,1.));
#7235=DIRECTION('ref_axis',(-0.707106781186544,0.707106781186551,0.));
#7236=DIRECTION('',(1.,0.,0.));
#7237=DIRECTION('center_axis',(0.,0.,1.));
#7238=DIRECTION('ref_axis',(0.70710678118654,0.707106781186555,0.));
#7239=DIRECTION('',(0.,1.,0.));
#7240=DIRECTION('center_axis',(0.,0.,1.));
#7241=DIRECTION('ref_axis',(-0.707106781186542,0.707106781186553,0.));
#7242=DIRECTION('',(1.,0.,0.));
#7243=DIRECTION('center_axis',(0.,0.,1.));
#7244=DIRECTION('ref_axis',(0.707106781186536,0.707106781186559,0.));
#7245=DIRECTION('',(0.,-1.,0.));
#7246=DIRECTION('center_axis',(0.,0.,1.));
#7247=DIRECTION('ref_axis',(0.707106781186544,-0.70710678118655,0.));
#7248=DIRECTION('',(-1.,-2.83220159343151E-16,0.));
#7249=DIRECTION('center_axis',(0.,0.,1.));
#7250=DIRECTION('ref_axis',(-0.707106781186542,-0.707106781186553,0.));
#7251=DIRECTION('center_axis',(6.78970602733015E-17,0.,-1.));
#7252=DIRECTION('ref_axis',(0.707106781186546,-0.707106781186549,0.));
#7253=DIRECTION('',(-6.78970602733015E-17,0.,1.));
#7254=DIRECTION('',(6.78970602733015E-17,0.,-1.));
#7255=DIRECTION('center_axis',(-1.,0.,-6.78970602733015E-17));
#7256=DIRECTION('ref_axis',(-6.78970602733015E-17,0.,1.));
#7257=DIRECTION('',(5.88005790389623E-17,-0.5,-0.866025403784438));
#7258=DIRECTION('',(5.88005790389623E-17,0.499999999999999,-0.866025403784439));
#7259=DIRECTION('',(6.52817567103473E-32,1.,-9.61481343191782E-16));
#7260=DIRECTION('',(-5.88005790389623E-17,0.5,0.866025403784439));
#7261=DIRECTION('',(-5.88005790389623E-17,-0.499999999999999,0.866025403784439));
#7262=DIRECTION('',(-6.52817567103473E-32,-1.,9.61481343191782E-16));
#7263=DIRECTION('',(5.88005790389622E-17,-0.500000000000002,-0.866025403784438));
#7264=DIRECTION('',(5.88005790389623E-17,0.499999999999999,-0.866025403784439));
#7265=DIRECTION('',(0.,1.,0.));
#7266=DIRECTION('',(-5.88005790389622E-17,0.500000000000001,0.866025403784438));
#7267=DIRECTION('',(-5.88005790389623E-17,-0.499999999999999,0.866025403784439));
#7268=DIRECTION('',(0.,-1.,0.));
#7269=DIRECTION('',(5.88005790389622E-17,-0.500000000000002,-0.866025403784438));
#7270=DIRECTION('',(5.88005790389624E-17,0.499999999999997,-0.86602540378444));
#7271=DIRECTION('',(0.,1.,0.));
#7272=DIRECTION('',(-5.88005790389624E-17,0.499999999999998,0.86602540378444));
#7273=DIRECTION('',(-5.88005790389623E-17,-0.500000000000001,0.866025403784438));
#7274=DIRECTION('',(0.,-1.,0.));
#7275=DIRECTION('',(-5.88005790389623E-17,0.5,0.866025403784438));
#7276=DIRECTION('',(-5.88005790389623E-17,-0.499999999999999,0.866025403784439));
#7277=DIRECTION('',(-6.52817567103473E-32,-1.,9.61481343191782E-16));
#7278=DIRECTION('',(5.88005790389623E-17,-0.500000000000001,-0.866025403784438));
#7279=DIRECTION('',(5.88005790389623E-17,0.499999999999999,-0.866025403784439));
#7280=DIRECTION('',(3.26408783551736E-32,1.,-4.80740671595891E-16));
#7281=DIRECTION('',(5.88005790389622E-17,-0.500000000000002,-0.866025403784438));
#7282=DIRECTION('',(5.88005790389624E-17,0.499999999999997,-0.86602540378444));
#7283=DIRECTION('',(0.,1.,0.));
#7284=DIRECTION('',(-5.88005790389624E-17,0.499999999999998,0.86602540378444));
#7285=DIRECTION('',(-5.88005790389623E-17,-0.500000000000001,0.866025403784438));
#7286=DIRECTION('',(0.,-1.,0.));
#7287=DIRECTION('',(5.88005790389622E-17,-0.500000000000002,-0.866025403784438));
#7288=DIRECTION('',(5.88005790389623E-17,0.499999999999999,-0.866025403784439));
#7289=DIRECTION('',(0.,1.,0.));
#7290=DIRECTION('',(-5.88005790389622E-17,0.500000000000001,0.866025403784438));
#7291=DIRECTION('',(-5.88005790389623E-17,-0.499999999999999,0.866025403784439));
#7292=DIRECTION('',(0.,-1.,0.));
#7293=DIRECTION('',(5.88005790389622E-17,-0.500000000000001,-0.866025403784438));
#7294=DIRECTION('',(5.88005790389623E-17,0.5,-0.866025403784439));
#7295=DIRECTION('',(1.30563513420695E-31,1.,-1.92296268638356E-15));
#7296=DIRECTION('',(-5.88005790389623E-17,0.500000000000001,0.866025403784438));
#7297=DIRECTION('',(-5.88005790389623E-17,-0.499999999999999,0.866025403784439));
#7298=DIRECTION('',(0.,-1.,0.));
#7299=DIRECTION('',(5.88005790389622E-17,-0.500000000000002,-0.866025403784438));
#7300=DIRECTION('',(5.88005790389623E-17,0.499999999999999,-0.866025403784439));
#7301=DIRECTION('',(0.,1.,0.));
#7302=DIRECTION('',(-5.88005790389622E-17,0.500000000000001,0.866025403784438));
#7303=DIRECTION('',(-5.88005790389623E-17,-0.499999999999999,0.866025403784439));
#7304=DIRECTION('',(0.,-1.,0.));
#7305=DIRECTION('',(5.88005790389622E-17,-0.500000000000002,-0.866025403784438));
#7306=DIRECTION('',(5.88005790389624E-17,0.499999999999997,-0.86602540378444));
#7307=DIRECTION('',(0.,1.,0.));
#7308=DIRECTION('',(-5.88005790389624E-17,0.499999999999998,0.86602540378444));
#7309=DIRECTION('',(-5.88005790389623E-17,-0.500000000000001,0.866025403784438));
#7310=DIRECTION('',(0.,-1.,0.));
#7311=DIRECTION('',(5.88005790389622E-17,-0.500000000000002,-0.866025403784438));
#7312=DIRECTION('',(5.88005790389624E-17,0.499999999999997,-0.86602540378444));
#7313=DIRECTION('',(0.,1.,0.));
#7314=DIRECTION('',(-5.88005790389624E-17,0.499999999999998,0.86602540378444));
#7315=DIRECTION('',(-5.88005790389623E-17,-0.500000000000001,0.866025403784438));
#7316=DIRECTION('',(0.,-1.,0.));
#7317=DIRECTION('',(5.88005790389622E-17,-0.500000000000002,-0.866025403784438));
#7318=DIRECTION('',(5.88005790389624E-17,0.499999999999997,-0.86602540378444));
#7319=DIRECTION('',(0.,1.,0.));
#7320=DIRECTION('',(-5.88005790389624E-17,0.499999999999998,0.86602540378444));
#7321=DIRECTION('',(-5.88005790389623E-17,-0.500000000000001,0.866025403784438));
#7322=DIRECTION('',(0.,-1.,0.));
#7323=DIRECTION('',(5.88005790389622E-17,-0.500000000000002,-0.866025403784438));
#7324=DIRECTION('',(5.88005790389623E-17,0.499999999999999,-0.866025403784439));
#7325=DIRECTION('',(0.,1.,0.));
#7326=DIRECTION('',(-5.88005790389622E-17,0.500000000000001,0.866025403784438));
#7327=DIRECTION('',(-5.88005790389623E-17,-0.499999999999999,0.866025403784439));
#7328=DIRECTION('',(0.,-1.,0.));
#7329=DIRECTION('',(5.88005790389623E-17,-0.5,-0.866025403784439));
#7330=DIRECTION('',(5.88005790389623E-17,0.499999999999999,-0.866025403784439));
#7331=DIRECTION('',(0.,1.,0.));
#7332=DIRECTION('',(-5.88005790389623E-17,0.5,0.866025403784439));
#7333=DIRECTION('',(-5.88005790389623E-17,-0.5,0.866025403784439));
#7334=DIRECTION('',(-1.30563513420695E-31,-1.,1.92296268638356E-15));
#7335=DIRECTION('center_axis',(0.,0.,1.));
#7336=DIRECTION('ref_axis',(-0.707106781186548,-0.707106781186547,0.));
#7337=DIRECTION('',(0.,0.,1.));
#7338=DIRECTION('',(0.,0.,-1.));
#7339=DIRECTION('center_axis',(1.,0.,0.));
#7340=DIRECTION('ref_axis',(0.,0.,-1.));
#7341=DIRECTION('',(0.,0.5,0.866025403784439));
#7342=DIRECTION('',(0.,1.,-1.92296268638356E-15));
#7343=DIRECTION('',(0.,0.5,-0.866025403784439));
#7344=DIRECTION('',(0.,-0.5,-0.866025403784439));
#7345=DIRECTION('',(0.,-1.,0.));
#7346=DIRECTION('',(0.,-0.499999999999999,0.866025403784439));
#7347=DIRECTION('',(0.,0.500000000000002,0.866025403784438));
#7348=DIRECTION('',(0.,1.,0.));
#7349=DIRECTION('',(0.,0.499999999999999,-0.866025403784439));
#7350=DIRECTION('',(0.,-0.500000000000001,-0.866025403784438));
#7351=DIRECTION('',(0.,-1.,0.));
#7352=DIRECTION('',(0.,-0.499999999999999,0.866025403784439));
#7353=DIRECTION('',(0.,0.500000000000002,0.866025403784438));
#7354=DIRECTION('',(0.,1.,0.));
#7355=DIRECTION('',(0.,0.500000000000001,-0.866025403784438));
#7356=DIRECTION('',(0.,-0.499999999999998,-0.86602540378444));
#7357=DIRECTION('',(0.,-1.,0.));
#7358=DIRECTION('',(0.,-0.499999999999997,0.86602540378444));
#7359=DIRECTION('',(0.,0.500000000000002,0.866025403784438));
#7360=DIRECTION('',(0.,1.,0.));
#7361=DIRECTION('',(0.,0.500000000000001,-0.866025403784438));
#7362=DIRECTION('',(0.,-0.499999999999998,-0.86602540378444));
#7363=DIRECTION('',(0.,-1.,0.));
#7364=DIRECTION('',(0.,-0.499999999999997,0.86602540378444));
#7365=DIRECTION('',(0.,0.500000000000002,0.866025403784438));
#7366=DIRECTION('',(0.,1.,0.));
#7367=DIRECTION('',(0.,0.500000000000001,-0.866025403784438));
#7368=DIRECTION('',(0.,-0.499999999999998,-0.86602540378444));
#7369=DIRECTION('',(0.,-1.,0.));
#7370=DIRECTION('',(0.,-0.499999999999997,0.86602540378444));
#7371=DIRECTION('',(0.,0.500000000000002,0.866025403784438));
#7372=DIRECTION('',(0.,1.,0.));
#7373=DIRECTION('',(0.,0.499999999999999,-0.866025403784439));
#7374=DIRECTION('',(0.,-0.500000000000001,-0.866025403784438));
#7375=DIRECTION('',(0.,-1.,0.));
#7376=DIRECTION('',(0.,-0.499999999999999,0.866025403784439));
#7377=DIRECTION('',(0.,0.500000000000001,0.866025403784438));
#7378=DIRECTION('',(0.,1.,0.));
#7379=DIRECTION('',(0.,0.499999999999999,-0.866025403784439));
#7380=DIRECTION('',(0.,-0.500000000000001,-0.866025403784438));
#7381=DIRECTION('',(0.,-1.,1.92296268638356E-15));
#7382=DIRECTION('',(0.,-0.5,0.866025403784439));
#7383=DIRECTION('',(0.,0.500000000000002,0.866025403784438));
#7384=DIRECTION('',(0.,1.,0.));
#7385=DIRECTION('',(0.,0.499999999999999,-0.866025403784439));
#7386=DIRECTION('',(0.,-0.500000000000001,-0.866025403784438));
#7387=DIRECTION('',(0.,-1.,0.));
#7388=DIRECTION('',(0.,-0.499999999999999,0.866025403784439));
#7389=DIRECTION('',(0.,0.500000000000002,0.866025403784438));
#7390=DIRECTION('',(0.,1.,0.));
#7391=DIRECTION('',(0.,0.500000000000001,-0.866025403784438));
#7392=DIRECTION('',(0.,-0.499999999999998,-0.86602540378444));
#7393=DIRECTION('',(0.,-1.,0.));
#7394=DIRECTION('',(0.,-0.499999999999997,0.86602540378444));
#7395=DIRECTION('',(0.,-0.5,-0.866025403784438));
#7396=DIRECTION('',(0.,-1.,4.80740671595891E-16));
#7397=DIRECTION('',(0.,-0.499999999999999,0.866025403784439));
#7398=DIRECTION('',(0.,0.500000000000001,0.866025403784438));
#7399=DIRECTION('',(0.,1.,-9.61481343191782E-16));
#7400=DIRECTION('',(0.,0.499999999999999,-0.866025403784439));
#7401=DIRECTION('',(0.,0.500000000000002,0.866025403784438));
#7402=DIRECTION('',(0.,1.,0.));
#7403=DIRECTION('',(0.,0.500000000000001,-0.866025403784438));
#7404=DIRECTION('',(0.,-0.499999999999998,-0.86602540378444));
#7405=DIRECTION('',(0.,-1.,0.));
#7406=DIRECTION('',(0.,-0.499999999999997,0.86602540378444));
#7407=DIRECTION('',(0.,0.500000000000002,0.866025403784438));
#7408=DIRECTION('',(0.,1.,0.));
#7409=DIRECTION('',(0.,0.499999999999999,-0.866025403784439));
#7410=DIRECTION('',(0.,-0.500000000000001,-0.866025403784438));
#7411=DIRECTION('',(0.,-1.,0.));
#7412=DIRECTION('',(0.,-0.499999999999999,0.866025403784439));
#7413=DIRECTION('',(0.,0.500000000000001,0.866025403784438));
#7414=DIRECTION('',(0.,1.,-9.61481343191782E-16));
#7415=DIRECTION('',(0.,0.499999999999999,-0.866025403784439));
#7416=DIRECTION('',(0.,-0.5,-0.866025403784439));
#7417=DIRECTION('',(0.,-1.,9.61481343191782E-16));
#7418=DIRECTION('',(0.,-0.499999999999999,0.866025403784439));
#7419=DIRECTION('center_axis',(1.,0.,0.));
#7420=DIRECTION('ref_axis',(0.,0.611705054840599,-0.79108591561376));
#7421=DIRECTION('center_axis',(-1.,0.,0.));
#7422=DIRECTION('ref_axis',(0.,0.967822506788266,-0.251633851764975));
#7423=DIRECTION('',(1.,0.,0.));
#7424=DIRECTION('center_axis',(1.,0.,0.));
#7425=DIRECTION('ref_axis',(0.,0.,-1.));
#7426=DIRECTION('',(-1.,0.,0.));
#7427=DIRECTION('center_axis',(0.,1.,0.));
#7428=DIRECTION('ref_axis',(-0.611705054840613,0.,-0.791085915613749));
#7429=DIRECTION('center_axis',(0.,-1.,0.));
#7430=DIRECTION('ref_axis',(-0.967822506788267,0.,-0.25163385176497));
#7431=DIRECTION('',(0.,1.,0.));
#7432=DIRECTION('center_axis',(0.,1.,0.));
#7433=DIRECTION('ref_axis',(0.,0.,-1.));
#7434=DIRECTION('',(0.,-1.,0.));
#7435=DIRECTION('center_axis',(-0.257698920435724,-0.879417460492325,-0.400270154505044));
#7436=DIRECTION('ref_axis',(-0.47605139447459,0.476051394474583,-0.739425547055012));
#7437=DIRECTION('center_axis',(-0.24402659312794,0.24402659312794,0.938563819722848));
#7438=DIRECTION('ref_axis',(-0.663664841502369,0.663664841502369,-0.345105717581254));
#7439=DIRECTION('center_axis',(-1.,-2.83220159343151E-16,0.));
#7440=DIRECTION('ref_axis',(0.,-0.6117050548406,-0.791085915613758));
#7441=DIRECTION('center_axis',(1.,0.,0.));
#7442=DIRECTION('ref_axis',(0.,-0.967822506788266,-0.251633851764974));
#7443=DIRECTION('',(-1.,-2.83220159343151E-16,0.));
#7444=DIRECTION('center_axis',(-1.,0.,0.));
#7445=DIRECTION('ref_axis',(0.,0.,-1.));
#7446=DIRECTION('',(1.,2.83220159343151E-16,0.));
#7447=DIRECTION('center_axis',(0.257698920435726,-0.879417460492324,0.400270154505046));
#7448=DIRECTION('ref_axis',(-0.476051394474576,-0.476051394474596,-0.739425547055012));
#7449=DIRECTION('center_axis',(-0.24402659312794,-0.24402659312794,0.938563819722847));
#7450=DIRECTION('ref_axis',(-0.663664841502359,-0.663664841502376,-0.345105717581258));
#7451=DIRECTION('center_axis',(0.,-1.,0.));
#7452=DIRECTION('ref_axis',(0.611705054840613,0.,-0.791085915613749));
#7453=DIRECTION('center_axis',(0.,1.,0.));
#7454=DIRECTION('ref_axis',(0.967822506788267,0.,-0.25163385176497));
#7455=DIRECTION('',(0.,-1.,0.));
#7456=DIRECTION('center_axis',(-2.29426990349586E-15,-1.,0.));
#7457=DIRECTION('ref_axis',(0.,0.,-1.));
#7458=DIRECTION('',(0.,1.,0.));
#7459=DIRECTION('center_axis',(-0.257698920435725,-0.879417460492325,0.400270154505044));
#7460=DIRECTION('ref_axis',(0.476051394474589,-0.476051394474585,-0.739425547055011));
#7461=DIRECTION('center_axis',(0.24402659312794,-0.24402659312794,0.938563819722848));
#7462=DIRECTION('ref_axis',(0.66366484150237,-0.663664841502367,-0.345105717581254));
#7463=DIRECTION('center_axis',(0.257698920435726,-0.879417460492324,-0.400270154505047));
#7464=DIRECTION('ref_axis',(0.476051394474576,0.476051394474597,-0.739425547055012));
#7465=DIRECTION('center_axis',(0.24402659312794,0.24402659312794,0.938563819722848));
#7466=DIRECTION('ref_axis',(0.663664841502345,0.663664841502389,-0.34510571758126));
#7467=DIRECTION('center_axis',(0.24402659312794,-0.24402659312794,-0.938563819722848));
#7468=DIRECTION('ref_axis',(-0.66366484150236,0.663664841502372,-0.345105717581262));
#7469=DIRECTION('',(-0.24402659312794,0.24402659312794,0.938563819722848));
#7470=DIRECTION('',(0.24402659312794,-0.24402659312794,-0.938563819722848));
#7471=DIRECTION('center_axis',(0.,0.967822506788272,-0.25163385176495));
#7472=DIRECTION('ref_axis',(0.,0.25163385176495,0.967822506788272));
#7473=DIRECTION('',(-0.24402659312794,-0.24402659312794,-0.938563819722848));
#7474=DIRECTION('center_axis',(-0.24402659312794,-0.24402659312794,-0.938563819722848));
#7475=DIRECTION('ref_axis',(0.663664841502355,0.663664841502379,-0.34510571758126));
#7476=DIRECTION('',(0.24402659312794,0.24402659312794,0.938563819722848));
#7477=DIRECTION('center_axis',(0.967822506788272,0.,-0.25163385176495));
#7478=DIRECTION('ref_axis',(-0.25163385176495,0.,-0.967822506788272));
#7479=DIRECTION('',(-0.24402659312794,0.24402659312794,-0.938563819722848));
#7480=DIRECTION('center_axis',(0.,0.,-1.));
#7481=DIRECTION('ref_axis',(-1.,0.,0.));
#7482=DIRECTION('center_axis',(-0.967822506788272,0.,-0.25163385176495));
#7483=DIRECTION('ref_axis',(-0.25163385176495,0.,0.967822506788272));
#7484=DIRECTION('',(-0.24402659312794,-0.24402659312794,0.938563819722848));
#7485=DIRECTION('center_axis',(-0.24402659312794,0.24402659312794,-0.938563819722848));
#7486=DIRECTION('ref_axis',(0.663664841502363,-0.663664841502369,-0.345105717581264));
#7487=DIRECTION('',(0.24402659312794,-0.24402659312794,0.938563819722848));
#7488=DIRECTION('center_axis',(0.24402659312794,0.24402659312794,-0.938563819722847));
#7489=DIRECTION('ref_axis',(-0.66366484150236,-0.663664841502372,-0.345105717581263));
#7490=DIRECTION('',(0.24402659312794,0.24402659312794,-0.938563819722848));
#7491=DIRECTION('center_axis',(2.74106844588462E-16,-0.967822506788272,
-0.25163385176495));
#7492=DIRECTION('ref_axis',(0.,0.25163385176495,-0.967822506788272));
#7493=DIRECTION('center_axis',(1.,0.,0.));
#7494=DIRECTION('ref_axis',(0.,0.611705054840599,-0.79108591561376));
#7495=DIRECTION('center_axis',(-1.,0.,0.));
#7496=DIRECTION('ref_axis',(0.,0.967822506788266,-0.251633851764975));
#7497=DIRECTION('',(1.,0.,0.));
#7498=DIRECTION('center_axis',(1.,0.,0.));
#7499=DIRECTION('ref_axis',(0.,0.,-1.));
#7500=DIRECTION('',(-1.,0.,0.));
#7501=DIRECTION('center_axis',(0.,1.,0.));
#7502=DIRECTION('ref_axis',(-0.611705054840602,0.,-0.791085915613757));
#7503=DIRECTION('center_axis',(-1.14713495174794E-15,-1.,0.));
#7504=DIRECTION('ref_axis',(-0.967822506788266,1.11022302462513E-15,-0.251633851764972));
#7505=DIRECTION('',(0.,1.,0.));
#7506=DIRECTION('center_axis',(0.,1.,0.));
#7507=DIRECTION('ref_axis',(0.,0.,-1.));
#7508=DIRECTION('',(0.,-1.,0.));
#7509=DIRECTION('center_axis',(-0.257698920435722,-0.879417460492326,-0.400270154505044));
#7510=DIRECTION('ref_axis',(-0.47605139447459,0.476051394474583,-0.739425547055012));
#7511=DIRECTION('center_axis',(-0.24402659312794,0.24402659312794,0.938563819722847));
#7512=DIRECTION('ref_axis',(-0.663664841502367,0.663664841502367,-0.345105717581258));
#7513=DIRECTION('center_axis',(-1.,-2.83220159343152E-16,0.));
#7514=DIRECTION('ref_axis',(0.,-0.6117050548406,-0.791085915613758));
#7515=DIRECTION('center_axis',(1.,0.,0.));
#7516=DIRECTION('ref_axis',(0.,-0.967822506788266,-0.251633851764973));
#7517=DIRECTION('',(-1.,-2.83220159343152E-16,0.));
#7518=DIRECTION('center_axis',(-1.,0.,0.));
#7519=DIRECTION('ref_axis',(0.,0.,-1.));
#7520=DIRECTION('',(1.,2.83220159343152E-16,0.));
#7521=DIRECTION('center_axis',(0.257698920435728,-0.879417460492323,0.400270154505046));
#7522=DIRECTION('ref_axis',(-0.476051394474584,-0.476051394474593,-0.739425547055009));
#7523=DIRECTION('center_axis',(-0.24402659312794,-0.24402659312794,0.938563819722847));
#7524=DIRECTION('ref_axis',(-0.663664841502366,-0.66366484150237,-0.345105717581256));
#7525=DIRECTION('center_axis',(0.,-1.,0.));
#7526=DIRECTION('ref_axis',(0.611705054840602,0.,-0.791085915613757));
#7527=DIRECTION('center_axis',(0.,1.,0.));
#7528=DIRECTION('ref_axis',(0.967822506788266,0.,-0.251633851764972));
#7529=DIRECTION('',(0.,-1.,0.));
#7530=DIRECTION('center_axis',(-2.29426990349588E-15,-1.,0.));
#7531=DIRECTION('ref_axis',(0.,0.,-1.));
#7532=DIRECTION('',(0.,1.,0.));
#7533=DIRECTION('center_axis',(-0.257698920435723,-0.879417460492325,0.400270154505045));
#7534=DIRECTION('ref_axis',(0.476051394474589,-0.476051394474585,-0.739425547055011));
#7535=DIRECTION('center_axis',(0.24402659312794,-0.24402659312794,0.938563819722847));
#7536=DIRECTION('ref_axis',(0.663664841502367,-0.663664841502369,-0.345105717581256));
#7537=DIRECTION('center_axis',(0.257698920435728,-0.879417460492323,-0.400270154505046));
#7538=DIRECTION('ref_axis',(0.476051394474584,0.476051394474594,-0.739425547055008));
#7539=DIRECTION('center_axis',(0.24402659312794,0.24402659312794,0.938563819722847));
#7540=DIRECTION('ref_axis',(0.663664841502357,0.663664841502379,-0.345105717581255));
#7541=DIRECTION('center_axis',(0.24402659312794,-0.24402659312794,-0.938563819722847));
#7542=DIRECTION('ref_axis',(-0.663664841502363,0.66366484150237,-0.345105717581261));
#7543=DIRECTION('',(-0.24402659312794,0.24402659312794,0.938563819722847));
#7544=DIRECTION('',(0.24402659312794,-0.24402659312794,-0.938563819722847));
#7545=DIRECTION('center_axis',(0.,0.967822506788272,-0.25163385176495));
#7546=DIRECTION('ref_axis',(0.,0.25163385176495,0.967822506788272));
#7547=DIRECTION('',(-0.24402659312794,-0.24402659312794,-0.938563819722847));
#7548=DIRECTION('center_axis',(-0.24402659312794,-0.24402659312794,-0.938563819722847));
#7549=DIRECTION('ref_axis',(0.66366484150236,0.663664841502375,-0.345105717581258));
#7550=DIRECTION('',(0.24402659312794,0.24402659312794,0.938563819722847));
#7551=DIRECTION('center_axis',(0.967822506788272,0.,-0.251633851764951));
#7552=DIRECTION('ref_axis',(-0.251633851764951,0.,-0.967822506788272));
#7553=DIRECTION('',(-0.24402659312794,0.24402659312794,-0.938563819722847));
#7554=DIRECTION('center_axis',(0.,0.,-1.));
#7555=DIRECTION('ref_axis',(-1.,0.,0.));
#7556=DIRECTION('center_axis',(-0.24402659312794,0.24402659312794,-0.938563819722847));
#7557=DIRECTION('ref_axis',(0.663664841502366,-0.663664841502367,-0.345105717581262));
#7558=DIRECTION('',(0.24402659312794,-0.24402659312794,0.938563819722847));
#7559=DIRECTION('center_axis',(0.24402659312794,0.24402659312794,-0.938563819722847));
#7560=DIRECTION('ref_axis',(-0.663664841502365,-0.663664841502369,-0.345105717581261));
#7561=DIRECTION('',(-0.24402659312794,-0.24402659312794,0.938563819722847));
#7562=DIRECTION('',(0.24402659312794,0.24402659312794,-0.938563819722847));
#7563=DIRECTION('center_axis',(-0.967822506788272,0.,-0.251633851764951));
#7564=DIRECTION('ref_axis',(-0.251633851764951,0.,0.967822506788272));
#7565=DIRECTION('center_axis',(2.74106844588463E-16,-0.967822506788272,
-0.25163385176495));
#7566=DIRECTION('ref_axis',(0.,0.25163385176495,-0.967822506788272));
#7567=DIRECTION('center_axis',(0.,0.866025403784439,-0.5));
#7568=DIRECTION('ref_axis',(0.,-0.5,-0.866025403784439));
#7569=DIRECTION('',(-1.,0.,0.));
#7570=DIRECTION('',(-1.,0.,0.));
#7571=DIRECTION('center_axis',(0.,0.866025403784439,-0.5));
#7572=DIRECTION('ref_axis',(0.,-0.5,-0.866025403784439));
#7573=DIRECTION('',(-1.,0.,0.));
#7574=DIRECTION('',(-1.,0.,0.));
#7575=DIRECTION('center_axis',(0.,0.,-1.));
#7576=DIRECTION('ref_axis',(0.,-1.,0.));
#7577=DIRECTION('',(-1.,0.,0.));
#7578=DIRECTION('center_axis',(0.,0.,-1.));
#7579=DIRECTION('ref_axis',(0.,-1.,0.));
#7580=DIRECTION('',(-1.,0.,0.));
#7581=DIRECTION('center_axis',(0.,0.866025403784439,0.5));
#7582=DIRECTION('ref_axis',(0.,0.5,-0.866025403784439));
#7583=DIRECTION('',(-1.,0.,0.));
#7584=DIRECTION('center_axis',(0.,-0.866025403784439,-0.499999999999999));
#7585=DIRECTION('ref_axis',(0.,-0.499999999999999,0.866025403784439));
#7586=DIRECTION('',(-1.,0.,0.));
#7587=DIRECTION('center_axis',(0.,-0.866025403784439,-0.499999999999999));
#7588=DIRECTION('ref_axis',(0.,-0.499999999999999,0.866025403784439));
#7589=DIRECTION('',(-1.,0.,0.));
#7590=DIRECTION('center_axis',(0.,1.92296268638356E-15,1.));
#7591=DIRECTION('ref_axis',(0.,1.,-1.92296268638356E-15));
#7592=DIRECTION('',(-1.,0.,0.));
#7593=DIRECTION('center_axis',(0.,-0.866025403784439,0.5));
#7594=DIRECTION('ref_axis',(0.,0.5,0.866025403784439));
#7595=DIRECTION('center_axis',(0.,-0.866025403784439,0.5));
#7596=DIRECTION('ref_axis',(0.,0.5,0.866025403784439));
#7597=DIRECTION('',(-1.,0.,0.));
#7598=DIRECTION('center_axis',(0.,0.866025403784439,0.5));
#7599=DIRECTION('ref_axis',(0.,0.5,-0.866025403784439));
#7600=DIRECTION('',(-1.,0.,0.));
#7601=DIRECTION('center_axis',(0.,1.92296268638356E-15,1.));
#7602=DIRECTION('ref_axis',(0.,1.,-1.92296268638356E-15));
#7603=DIRECTION('center_axis',(0.,0.866025403784438,-0.500000000000001));
#7604=DIRECTION('ref_axis',(0.,-0.500000000000001,-0.866025403784438));
#7605=DIRECTION('',(-1.,0.,0.));
#7606=DIRECTION('',(-1.,0.,0.));
#7607=DIRECTION('center_axis',(0.,0.866025403784438,-0.500000000000001));
#7608=DIRECTION('ref_axis',(0.,-0.500000000000001,-0.866025403784438));
#7609=DIRECTION('',(-1.,0.,0.));
#7610=DIRECTION('',(-1.,0.,0.));
#7611=DIRECTION('center_axis',(0.,0.,-1.));
#7612=DIRECTION('ref_axis',(0.,-1.,0.));
#7613=DIRECTION('',(-1.,0.,0.));
#7614=DIRECTION('center_axis',(0.,0.,-1.));
#7615=DIRECTION('ref_axis',(0.,-1.,0.));
#7616=DIRECTION('',(-1.,0.,0.));
#7617=DIRECTION('center_axis',(0.,0.866025403784439,0.499999999999999));
#7618=DIRECTION('ref_axis',(0.,0.499999999999999,-0.866025403784439));
#7619=DIRECTION('',(-1.,0.,0.));
#7620=DIRECTION('center_axis',(0.,-0.866025403784439,-0.499999999999999));
#7621=DIRECTION('ref_axis',(0.,-0.499999999999999,0.866025403784439));
#7622=DIRECTION('',(-1.,0.,0.));
#7623=DIRECTION('center_axis',(0.,-0.866025403784439,-0.499999999999999));
#7624=DIRECTION('ref_axis',(0.,-0.499999999999999,0.866025403784439));
#7625=DIRECTION('',(-1.,0.,0.));
#7626=DIRECTION('center_axis',(0.,0.,1.));
#7627=DIRECTION('ref_axis',(0.,1.,0.));
#7628=DIRECTION('',(-1.,0.,0.));
#7629=DIRECTION('center_axis',(0.,-0.866025403784438,0.500000000000002));
#7630=DIRECTION('ref_axis',(0.,0.500000000000002,0.866025403784438));
#7631=DIRECTION('center_axis',(0.,-0.866025403784438,0.500000000000002));
#7632=DIRECTION('ref_axis',(0.,0.500000000000002,0.866025403784438));
#7633=DIRECTION('',(-1.,0.,0.));
#7634=DIRECTION('center_axis',(0.,0.866025403784439,0.499999999999999));
#7635=DIRECTION('ref_axis',(0.,0.499999999999999,-0.866025403784439));
#7636=DIRECTION('',(-1.,0.,0.));
#7637=DIRECTION('center_axis',(0.,0.,1.));
#7638=DIRECTION('ref_axis',(0.,1.,0.));
#7639=DIRECTION('center_axis',(0.,0.86602540378444,-0.499999999999998));
#7640=DIRECTION('ref_axis',(0.,-0.499999999999998,-0.86602540378444));
#7641=DIRECTION('',(-1.,0.,0.));
#7642=DIRECTION('',(-1.,0.,0.));
#7643=DIRECTION('center_axis',(0.,0.86602540378444,-0.499999999999998));
#7644=DIRECTION('ref_axis',(0.,-0.499999999999998,-0.86602540378444));
#7645=DIRECTION('',(-1.,0.,0.));
#7646=DIRECTION('',(-1.,0.,0.));
#7647=DIRECTION('center_axis',(0.,0.,-1.));
#7648=DIRECTION('ref_axis',(0.,-1.,0.));
#7649=DIRECTION('',(-1.,0.,0.));
#7650=DIRECTION('center_axis',(0.,0.,-1.));
#7651=DIRECTION('ref_axis',(0.,-1.,0.));
#7652=DIRECTION('',(-1.,0.,0.));
#7653=DIRECTION('center_axis',(0.,0.866025403784438,0.500000000000001));
#7654=DIRECTION('ref_axis',(0.,0.500000000000001,-0.866025403784438));
#7655=DIRECTION('',(-1.,0.,0.));
#7656=DIRECTION('center_axis',(0.,-0.86602540378444,-0.499999999999997));
#7657=DIRECTION('ref_axis',(0.,-0.499999999999997,0.86602540378444));
#7658=DIRECTION('',(-1.,0.,0.));
#7659=DIRECTION('center_axis',(0.,-0.86602540378444,-0.499999999999997));
#7660=DIRECTION('ref_axis',(0.,-0.499999999999997,0.86602540378444));
#7661=DIRECTION('',(-1.,0.,0.));
#7662=DIRECTION('center_axis',(0.,0.,1.));
#7663=DIRECTION('ref_axis',(0.,1.,0.));
#7664=DIRECTION('',(-1.,0.,0.));
#7665=DIRECTION('center_axis',(0.,-0.866025403784438,0.500000000000002));
#7666=DIRECTION('ref_axis',(0.,0.500000000000002,0.866025403784438));
#7667=DIRECTION('center_axis',(0.,-0.866025403784438,0.500000000000002));
#7668=DIRECTION('ref_axis',(0.,0.500000000000002,0.866025403784438));
#7669=DIRECTION('',(-1.,0.,0.));
#7670=DIRECTION('center_axis',(0.,0.866025403784438,0.500000000000001));
#7671=DIRECTION('ref_axis',(0.,0.500000000000001,-0.866025403784438));
#7672=DIRECTION('',(-1.,0.,0.));
#7673=DIRECTION('center_axis',(0.,0.,1.));
#7674=DIRECTION('ref_axis',(0.,1.,0.));
#7675=DIRECTION('center_axis',(0.,0.86602540378444,-0.499999999999998));
#7676=DIRECTION('ref_axis',(0.,-0.499999999999998,-0.86602540378444));
#7677=DIRECTION('',(-1.,0.,0.));
#7678=DIRECTION('',(-1.,0.,0.));
#7679=DIRECTION('center_axis',(0.,0.86602540378444,-0.499999999999998));
#7680=DIRECTION('ref_axis',(0.,-0.499999999999998,-0.86602540378444));
#7681=DIRECTION('',(-1.,0.,0.));
#7682=DIRECTION('',(-1.,0.,0.));
#7683=DIRECTION('center_axis',(0.,0.,-1.));
#7684=DIRECTION('ref_axis',(0.,-1.,0.));
#7685=DIRECTION('',(-1.,0.,0.));
#7686=DIRECTION('center_axis',(0.,0.,-1.));
#7687=DIRECTION('ref_axis',(0.,-1.,0.));
#7688=DIRECTION('',(-1.,0.,0.));
#7689=DIRECTION('center_axis',(0.,0.866025403784438,0.500000000000001));
#7690=DIRECTION('ref_axis',(0.,0.500000000000001,-0.866025403784438));
#7691=DIRECTION('',(-1.,0.,0.));
#7692=DIRECTION('center_axis',(0.,-0.86602540378444,-0.499999999999997));
#7693=DIRECTION('ref_axis',(0.,-0.499999999999997,0.86602540378444));
#7694=DIRECTION('',(-1.,0.,0.));
#7695=DIRECTION('center_axis',(0.,-0.86602540378444,-0.499999999999997));
#7696=DIRECTION('ref_axis',(0.,-0.499999999999997,0.86602540378444));
#7697=DIRECTION('',(-1.,0.,0.));
#7698=DIRECTION('center_axis',(0.,0.,1.));
#7699=DIRECTION('ref_axis',(0.,1.,0.));
#7700=DIRECTION('',(-1.,0.,0.));
#7701=DIRECTION('center_axis',(0.,-0.866025403784438,0.500000000000002));
#7702=DIRECTION('ref_axis',(0.,0.500000000000002,0.866025403784438));
#7703=DIRECTION('center_axis',(0.,-0.866025403784438,0.500000000000002));
#7704=DIRECTION('ref_axis',(0.,0.500000000000002,0.866025403784438));
#7705=DIRECTION('',(-1.,0.,0.));
#7706=DIRECTION('center_axis',(0.,0.866025403784438,0.500000000000001));
#7707=DIRECTION('ref_axis',(0.,0.500000000000001,-0.866025403784438));
#7708=DIRECTION('',(-1.,0.,0.));
#7709=DIRECTION('center_axis',(0.,0.,1.));
#7710=DIRECTION('ref_axis',(0.,1.,0.));
#7711=DIRECTION('center_axis',(0.,0.86602540378444,-0.499999999999998));
#7712=DIRECTION('ref_axis',(0.,-0.499999999999998,-0.86602540378444));
#7713=DIRECTION('',(-1.,0.,0.));
#7714=DIRECTION('',(-1.,0.,0.));
#7715=DIRECTION('center_axis',(0.,0.86602540378444,-0.499999999999998));
#7716=DIRECTION('ref_axis',(0.,-0.499999999999998,-0.86602540378444));
#7717=DIRECTION('',(-1.,0.,0.));
#7718=DIRECTION('',(-1.,0.,0.));
#7719=DIRECTION('center_axis',(0.,0.,-1.));
#7720=DIRECTION('ref_axis',(0.,-1.,0.));
#7721=DIRECTION('',(-1.,0.,0.));
#7722=DIRECTION('center_axis',(0.,0.,-1.));
#7723=DIRECTION('ref_axis',(0.,-1.,0.));
#7724=DIRECTION('',(-1.,0.,0.));
#7725=DIRECTION('center_axis',(0.,0.866025403784438,0.500000000000001));
#7726=DIRECTION('ref_axis',(0.,0.500000000000001,-0.866025403784438));
#7727=DIRECTION('',(-1.,0.,0.));
#7728=DIRECTION('center_axis',(0.,-0.86602540378444,-0.499999999999997));
#7729=DIRECTION('ref_axis',(0.,-0.499999999999997,0.86602540378444));
#7730=DIRECTION('',(-1.,0.,0.));
#7731=DIRECTION('center_axis',(0.,-0.86602540378444,-0.499999999999997));
#7732=DIRECTION('ref_axis',(0.,-0.499999999999997,0.86602540378444));
#7733=DIRECTION('',(-1.,0.,0.));
#7734=DIRECTION('center_axis',(0.,0.,1.));
#7735=DIRECTION('ref_axis',(0.,1.,0.));
#7736=DIRECTION('',(-1.,0.,0.));
#7737=DIRECTION('center_axis',(0.,-0.866025403784438,0.500000000000002));
#7738=DIRECTION('ref_axis',(0.,0.500000000000002,0.866025403784438));
#7739=DIRECTION('center_axis',(0.,-0.866025403784438,0.500000000000002));
#7740=DIRECTION('ref_axis',(0.,0.500000000000002,0.866025403784438));
#7741=DIRECTION('',(-1.,0.,0.));
#7742=DIRECTION('center_axis',(0.,0.866025403784438,0.500000000000001));
#7743=DIRECTION('ref_axis',(0.,0.500000000000001,-0.866025403784438));
#7744=DIRECTION('',(-1.,0.,0.));
#7745=DIRECTION('center_axis',(0.,0.,1.));
#7746=DIRECTION('ref_axis',(0.,1.,0.));
#7747=DIRECTION('center_axis',(0.,0.866025403784438,-0.500000000000001));
#7748=DIRECTION('ref_axis',(0.,-0.500000000000001,-0.866025403784438));
#7749=DIRECTION('',(-1.,0.,0.));
#7750=DIRECTION('',(-1.,0.,0.));
#7751=DIRECTION('center_axis',(0.,0.866025403784438,-0.500000000000001));
#7752=DIRECTION('ref_axis',(0.,-0.500000000000001,-0.866025403784438));
#7753=DIRECTION('',(-1.,0.,0.));
#7754=DIRECTION('',(-1.,0.,0.));
#7755=DIRECTION('center_axis',(0.,0.,-1.));
#7756=DIRECTION('ref_axis',(0.,-1.,0.));
#7757=DIRECTION('',(-1.,0.,0.));
#7758=DIRECTION('center_axis',(0.,0.,-1.));
#7759=DIRECTION('ref_axis',(0.,-1.,0.));
#7760=DIRECTION('',(-1.,0.,0.));
#7761=DIRECTION('center_axis',(0.,0.866025403784439,0.499999999999999));
#7762=DIRECTION('ref_axis',(0.,0.499999999999999,-0.866025403784439));
#7763=DIRECTION('',(-1.,0.,0.));
#7764=DIRECTION('center_axis',(0.,-0.866025403784439,-0.499999999999999));
#7765=DIRECTION('ref_axis',(0.,-0.499999999999999,0.866025403784439));
#7766=DIRECTION('',(-1.,0.,0.));
#7767=DIRECTION('center_axis',(0.,-0.866025403784439,-0.499999999999999));
#7768=DIRECTION('ref_axis',(0.,-0.499999999999999,0.866025403784439));
#7769=DIRECTION('',(-1.,0.,0.));
#7770=DIRECTION('center_axis',(0.,0.,1.));
#7771=DIRECTION('ref_axis',(0.,1.,0.));
#7772=DIRECTION('',(-1.,0.,0.));
#7773=DIRECTION('center_axis',(0.,-0.866025403784438,0.500000000000002));
#7774=DIRECTION('ref_axis',(0.,0.500000000000002,0.866025403784438));
#7775=DIRECTION('center_axis',(0.,-0.866025403784438,0.500000000000002));
#7776=DIRECTION('ref_axis',(0.,0.500000000000002,0.866025403784438));
#7777=DIRECTION('',(-1.,0.,0.));
#7778=DIRECTION('center_axis',(0.,0.866025403784439,0.499999999999999));
#7779=DIRECTION('ref_axis',(0.,0.499999999999999,-0.866025403784439));
#7780=DIRECTION('',(-1.,0.,0.));
#7781=DIRECTION('center_axis',(0.,0.,1.));
#7782=DIRECTION('ref_axis',(0.,1.,0.));
#7783=DIRECTION('center_axis',(0.,0.866025403784438,-0.500000000000001));
#7784=DIRECTION('ref_axis',(0.,-0.500000000000001,-0.866025403784438));
#7785=DIRECTION('',(-1.,0.,0.));
#7786=DIRECTION('',(-1.,0.,0.));
#7787=DIRECTION('center_axis',(0.,0.866025403784438,-0.500000000000001));
#7788=DIRECTION('ref_axis',(0.,-0.500000000000001,-0.866025403784438));
#7789=DIRECTION('',(-1.,0.,0.));
#7790=DIRECTION('',(-1.,0.,0.));
#7791=DIRECTION('center_axis',(0.,-1.92296268638356E-15,-1.));
#7792=DIRECTION('ref_axis',(0.,-1.,1.92296268638356E-15));
#7793=DIRECTION('',(-1.,0.,0.));
#7794=DIRECTION('center_axis',(0.,-1.92296268638356E-15,-1.));
#7795=DIRECTION('ref_axis',(0.,-1.,1.92296268638356E-15));
#7796=DIRECTION('',(-1.,0.,0.));
#7797=DIRECTION('center_axis',(0.,0.866025403784439,0.499999999999999));
#7798=DIRECTION('ref_axis',(0.,0.499999999999999,-0.866025403784439));
#7799=DIRECTION('',(-1.,0.,0.));
#7800=DIRECTION('center_axis',(0.,-0.866025403784439,-0.5));
#7801=DIRECTION('ref_axis',(0.,-0.5,0.866025403784439));
#7802=DIRECTION('',(-1.,0.,0.));
#7803=DIRECTION('center_axis',(0.,-0.866025403784439,-0.5));
#7804=DIRECTION('ref_axis',(0.,-0.5,0.866025403784439));
#7805=DIRECTION('',(-1.,0.,0.));
#7806=DIRECTION('center_axis',(0.,0.,1.));
#7807=DIRECTION('ref_axis',(0.,1.,0.));
#7808=DIRECTION('',(-1.,0.,0.));
#7809=DIRECTION('center_axis',(0.,-0.866025403784438,0.500000000000001));
#7810=DIRECTION('ref_axis',(0.,0.500000000000001,0.866025403784438));
#7811=DIRECTION('center_axis',(0.,-0.866025403784438,0.500000000000001));
#7812=DIRECTION('ref_axis',(0.,0.500000000000001,0.866025403784438));
#7813=DIRECTION('',(-1.,0.,0.));
#7814=DIRECTION('center_axis',(0.,0.866025403784439,0.499999999999999));
#7815=DIRECTION('ref_axis',(0.,0.499999999999999,-0.866025403784439));
#7816=DIRECTION('',(-1.,0.,0.));
#7817=DIRECTION('center_axis',(0.,0.,1.));
#7818=DIRECTION('ref_axis',(0.,1.,0.));
#7819=DIRECTION('center_axis',(0.,0.866025403784438,-0.500000000000001));
#7820=DIRECTION('ref_axis',(0.,-0.500000000000001,-0.866025403784438));
#7821=DIRECTION('',(-1.,0.,0.));
#7822=DIRECTION('',(-1.,0.,0.));
#7823=DIRECTION('center_axis',(0.,0.866025403784438,-0.500000000000001));
#7824=DIRECTION('ref_axis',(0.,-0.500000000000001,-0.866025403784438));
#7825=DIRECTION('',(-1.,0.,0.));
#7826=DIRECTION('',(-1.,0.,0.));
#7827=DIRECTION('center_axis',(0.,0.,-1.));
#7828=DIRECTION('ref_axis',(0.,-1.,0.));
#7829=DIRECTION('',(-1.,0.,0.));
#7830=DIRECTION('center_axis',(0.,0.,-1.));
#7831=DIRECTION('ref_axis',(0.,-1.,0.));
#7832=DIRECTION('',(-1.,0.,0.));
#7833=DIRECTION('center_axis',(0.,0.866025403784439,0.499999999999999));
#7834=DIRECTION('ref_axis',(0.,0.499999999999999,-0.866025403784439));
#7835=DIRECTION('',(-1.,0.,0.));
#7836=DIRECTION('center_axis',(0.,-0.866025403784439,-0.499999999999999));
#7837=DIRECTION('ref_axis',(0.,-0.499999999999999,0.866025403784439));
#7838=DIRECTION('',(-1.,0.,0.));
#7839=DIRECTION('center_axis',(0.,-0.866025403784439,-0.499999999999999));
#7840=DIRECTION('ref_axis',(0.,-0.499999999999999,0.866025403784439));
#7841=DIRECTION('',(-1.,0.,0.));
#7842=DIRECTION('center_axis',(0.,0.,1.));
#7843=DIRECTION('ref_axis',(0.,1.,0.));
#7844=DIRECTION('',(-1.,0.,0.));
#7845=DIRECTION('center_axis',(0.,-0.866025403784438,0.500000000000002));
#7846=DIRECTION('ref_axis',(0.,0.500000000000002,0.866025403784438));
#7847=DIRECTION('center_axis',(0.,-0.866025403784438,0.500000000000002));
#7848=DIRECTION('ref_axis',(0.,0.500000000000002,0.866025403784438));
#7849=DIRECTION('',(-1.,0.,0.));
#7850=DIRECTION('center_axis',(0.,0.866025403784439,0.499999999999999));
#7851=DIRECTION('ref_axis',(0.,0.499999999999999,-0.866025403784439));
#7852=DIRECTION('',(-1.,0.,0.));
#7853=DIRECTION('center_axis',(0.,0.,1.));
#7854=DIRECTION('ref_axis',(0.,1.,0.));
#7855=DIRECTION('center_axis',(0.,0.86602540378444,-0.499999999999998));
#7856=DIRECTION('ref_axis',(0.,-0.499999999999998,-0.86602540378444));
#7857=DIRECTION('',(-1.,0.,0.));
#7858=DIRECTION('',(-1.,0.,0.));
#7859=DIRECTION('center_axis',(0.,0.86602540378444,-0.499999999999998));
#7860=DIRECTION('ref_axis',(0.,-0.499999999999998,-0.86602540378444));
#7861=DIRECTION('',(-1.,0.,0.));
#7862=DIRECTION('',(-1.,0.,0.));
#7863=DIRECTION('center_axis',(0.,0.,-1.));
#7864=DIRECTION('ref_axis',(0.,-1.,0.));
#7865=DIRECTION('',(-1.,0.,0.));
#7866=DIRECTION('center_axis',(0.,0.,-1.));
#7867=DIRECTION('ref_axis',(0.,-1.,0.));
#7868=DIRECTION('',(-1.,0.,0.));
#7869=DIRECTION('center_axis',(0.,0.866025403784438,0.500000000000001));
#7870=DIRECTION('ref_axis',(0.,0.500000000000001,-0.866025403784438));
#7871=DIRECTION('',(-1.,0.,0.));
#7872=DIRECTION('center_axis',(0.,-0.86602540378444,-0.499999999999997));
#7873=DIRECTION('ref_axis',(0.,-0.499999999999997,0.86602540378444));
#7874=DIRECTION('',(-1.,0.,0.));
#7875=DIRECTION('center_axis',(0.,-0.86602540378444,-0.499999999999997));
#7876=DIRECTION('ref_axis',(0.,-0.499999999999997,0.86602540378444));
#7877=DIRECTION('',(-1.,0.,0.));
#7878=DIRECTION('center_axis',(0.,0.,1.));
#7879=DIRECTION('ref_axis',(0.,1.,0.));
#7880=DIRECTION('',(-1.,0.,0.));
#7881=DIRECTION('center_axis',(0.,-0.866025403784438,0.500000000000002));
#7882=DIRECTION('ref_axis',(0.,0.500000000000002,0.866025403784438));
#7883=DIRECTION('center_axis',(0.,-0.866025403784438,0.500000000000002));
#7884=DIRECTION('ref_axis',(0.,0.500000000000002,0.866025403784438));
#7885=DIRECTION('',(-1.,0.,0.));
#7886=DIRECTION('center_axis',(0.,0.866025403784438,0.500000000000001));
#7887=DIRECTION('ref_axis',(0.,0.500000000000001,-0.866025403784438));
#7888=DIRECTION('',(-1.,0.,0.));
#7889=DIRECTION('center_axis',(0.,0.,1.));
#7890=DIRECTION('ref_axis',(0.,1.,0.));
#7891=DIRECTION('center_axis',(0.,-0.866025403784438,0.500000000000001));
#7892=DIRECTION('ref_axis',(0.,0.500000000000001,0.866025403784438));
#7893=DIRECTION('',(-1.,0.,0.));
#7894=DIRECTION('',(-1.,0.,0.));
#7895=DIRECTION('center_axis',(0.,-0.866025403784438,0.500000000000001));
#7896=DIRECTION('ref_axis',(0.,0.500000000000001,0.866025403784438));
#7897=DIRECTION('',(-1.,0.,0.));
#7898=DIRECTION('',(-1.,0.,0.));
#7899=DIRECTION('center_axis',(0.,9.61481343191782E-16,1.));
#7900=DIRECTION('ref_axis',(0.,1.,-9.61481343191782E-16));
#7901=DIRECTION('',(-1.,0.,0.));
#7902=DIRECTION('center_axis',(0.,9.61481343191782E-16,1.));
#7903=DIRECTION('ref_axis',(0.,1.,-9.61481343191782E-16));
#7904=DIRECTION('',(-1.,0.,0.));
#7905=DIRECTION('center_axis',(0.,-0.866025403784439,-0.499999999999999));
#7906=DIRECTION('ref_axis',(0.,-0.499999999999999,0.866025403784439));
#7907=DIRECTION('',(-1.,0.,0.));
#7908=DIRECTION('center_axis',(0.,0.866025403784439,0.5));
#7909=DIRECTION('ref_axis',(0.,0.499999999999999,-0.866025403784439));
#7910=DIRECTION('',(-1.,0.,0.));
#7911=DIRECTION('center_axis',(0.,0.866025403784439,0.5));
#7912=DIRECTION('ref_axis',(0.,0.499999999999999,-0.866025403784439));
#7913=DIRECTION('',(-1.,0.,0.));
#7914=DIRECTION('center_axis',(0.,-4.80740671595891E-16,-1.));
#7915=DIRECTION('ref_axis',(0.,-1.,4.80740671595891E-16));
#7916=DIRECTION('',(-1.,0.,0.));
#7917=DIRECTION('center_axis',(0.,0.866025403784438,-0.5));
#7918=DIRECTION('ref_axis',(0.,-0.5,-0.866025403784438));
#7919=DIRECTION('center_axis',(0.,0.866025403784438,-0.5));
#7920=DIRECTION('ref_axis',(0.,-0.5,-0.866025403784438));
#7921=DIRECTION('',(-1.,0.,0.));
#7922=DIRECTION('center_axis',(0.,-0.866025403784439,-0.499999999999999));
#7923=DIRECTION('ref_axis',(0.,-0.499999999999999,0.866025403784439));
#7924=DIRECTION('',(-1.,0.,0.));
#7925=DIRECTION('center_axis',(0.,-4.80740671595891E-16,-1.));
#7926=DIRECTION('ref_axis',(0.,-1.,4.80740671595891E-16));
#7927=DIRECTION('center_axis',(0.,0.86602540378444,-0.499999999999998));
#7928=DIRECTION('ref_axis',(0.,-0.499999999999998,-0.86602540378444));
#7929=DIRECTION('',(-1.,0.,0.));
#7930=DIRECTION('',(-1.,0.,0.));
#7931=DIRECTION('center_axis',(0.,0.86602540378444,-0.499999999999998));
#7932=DIRECTION('ref_axis',(0.,-0.499999999999998,-0.86602540378444));
#7933=DIRECTION('',(-1.,0.,0.));
#7934=DIRECTION('',(-1.,0.,0.));
#7935=DIRECTION('center_axis',(0.,0.,-1.));
#7936=DIRECTION('ref_axis',(0.,-1.,0.));
#7937=DIRECTION('',(-1.,0.,0.));
#7938=DIRECTION('center_axis',(0.,0.,-1.));
#7939=DIRECTION('ref_axis',(0.,-1.,0.));
#7940=DIRECTION('',(-1.,0.,0.));
#7941=DIRECTION('center_axis',(0.,0.866025403784438,0.500000000000001));
#7942=DIRECTION('ref_axis',(0.,0.500000000000001,-0.866025403784438));
#7943=DIRECTION('',(-1.,0.,0.));
#7944=DIRECTION('center_axis',(0.,-0.86602540378444,-0.499999999999997));
#7945=DIRECTION('ref_axis',(0.,-0.499999999999997,0.86602540378444));
#7946=DIRECTION('',(-1.,0.,0.));
#7947=DIRECTION('center_axis',(0.,-0.86602540378444,-0.499999999999997));
#7948=DIRECTION('ref_axis',(0.,-0.499999999999997,0.86602540378444));
#7949=DIRECTION('',(-1.,0.,0.));
#7950=DIRECTION('center_axis',(0.,0.,1.));
#7951=DIRECTION('ref_axis',(0.,1.,0.));
#7952=DIRECTION('',(-1.,0.,0.));
#7953=DIRECTION('center_axis',(0.,-0.866025403784438,0.500000000000002));
#7954=DIRECTION('ref_axis',(0.,0.500000000000002,0.866025403784438));
#7955=DIRECTION('center_axis',(0.,-0.866025403784438,0.500000000000002));
#7956=DIRECTION('ref_axis',(0.,0.500000000000002,0.866025403784438));
#7957=DIRECTION('',(-1.,0.,0.));
#7958=DIRECTION('center_axis',(0.,0.866025403784438,0.500000000000001));
#7959=DIRECTION('ref_axis',(0.,0.500000000000001,-0.866025403784438));
#7960=DIRECTION('',(-1.,0.,0.));
#7961=DIRECTION('center_axis',(0.,0.,1.));
#7962=DIRECTION('ref_axis',(0.,1.,0.));
#7963=DIRECTION('center_axis',(0.,0.866025403784438,-0.500000000000001));
#7964=DIRECTION('ref_axis',(0.,-0.500000000000001,-0.866025403784438));
#7965=DIRECTION('',(-1.,0.,0.));
#7966=DIRECTION('',(-1.,0.,0.));
#7967=DIRECTION('center_axis',(0.,0.866025403784438,-0.500000000000001));
#7968=DIRECTION('ref_axis',(0.,-0.500000000000001,-0.866025403784438));
#7969=DIRECTION('',(-1.,0.,0.));
#7970=DIRECTION('',(-1.,0.,0.));
#7971=DIRECTION('center_axis',(0.,0.,-1.));
#7972=DIRECTION('ref_axis',(0.,-1.,0.));
#7973=DIRECTION('',(-1.,0.,0.));
#7974=DIRECTION('center_axis',(0.,0.,-1.));
#7975=DIRECTION('ref_axis',(0.,-1.,0.));
#7976=DIRECTION('',(-1.,0.,0.));
#7977=DIRECTION('center_axis',(0.,0.866025403784439,0.499999999999999));
#7978=DIRECTION('ref_axis',(0.,0.499999999999999,-0.866025403784439));
#7979=DIRECTION('',(-1.,0.,0.));
#7980=DIRECTION('center_axis',(0.,-0.866025403784439,-0.499999999999999));
#7981=DIRECTION('ref_axis',(0.,-0.499999999999999,0.866025403784439));
#7982=DIRECTION('',(-1.,0.,0.));
#7983=DIRECTION('center_axis',(0.,-0.866025403784439,-0.499999999999999));
#7984=DIRECTION('ref_axis',(0.,-0.499999999999999,0.866025403784439));
#7985=DIRECTION('',(-1.,0.,0.));
#7986=DIRECTION('center_axis',(0.,0.,1.));
#7987=DIRECTION('ref_axis',(0.,1.,0.));
#7988=DIRECTION('',(-1.,0.,0.));
#7989=DIRECTION('center_axis',(0.,-0.866025403784438,0.500000000000002));
#7990=DIRECTION('ref_axis',(0.,0.500000000000002,0.866025403784438));
#7991=DIRECTION('center_axis',(0.,-0.866025403784438,0.500000000000002));
#7992=DIRECTION('ref_axis',(0.,0.500000000000002,0.866025403784438));
#7993=DIRECTION('',(-1.,0.,0.));
#7994=DIRECTION('center_axis',(0.,0.866025403784439,0.499999999999999));
#7995=DIRECTION('ref_axis',(0.,0.499999999999999,-0.866025403784439));
#7996=DIRECTION('',(-1.,0.,0.));
#7997=DIRECTION('center_axis',(0.,0.,1.));
#7998=DIRECTION('ref_axis',(0.,1.,0.));
#7999=DIRECTION('center_axis',(0.,0.866025403784439,-0.5));
#8000=DIRECTION('ref_axis',(0.,-0.5,-0.866025403784439));
#8001=DIRECTION('',(-1.,0.,0.));
#8002=DIRECTION('',(-1.,0.,0.));
#8003=DIRECTION('center_axis',(0.,0.866025403784439,-0.5));
#8004=DIRECTION('ref_axis',(0.,-0.5,-0.866025403784439));
#8005=DIRECTION('',(-1.,0.,0.));
#8006=DIRECTION('',(-1.,0.,0.));
#8007=DIRECTION('center_axis',(0.,-9.61481343191782E-16,-1.));
#8008=DIRECTION('ref_axis',(0.,-1.,9.61481343191782E-16));
#8009=DIRECTION('',(-1.,0.,0.));
#8010=DIRECTION('center_axis',(0.,-9.61481343191782E-16,-1.));
#8011=DIRECTION('ref_axis',(0.,-1.,9.61481343191782E-16));
#8012=DIRECTION('',(-1.,0.,0.));
#8013=DIRECTION('center_axis',(0.,0.866025403784439,0.5));
#8014=DIRECTION('ref_axis',(0.,0.499999999999999,-0.866025403784439));
#8015=DIRECTION('',(-1.,0.,0.));
#8016=DIRECTION('center_axis',(0.,-0.866025403784439,-0.5));
#8017=DIRECTION('ref_axis',(0.,-0.499999999999999,0.866025403784439));
#8018=DIRECTION('',(-1.,0.,0.));
#8019=DIRECTION('center_axis',(0.,-0.866025403784439,-0.5));
#8020=DIRECTION('ref_axis',(0.,-0.499999999999999,0.866025403784439));
#8021=DIRECTION('',(-1.,0.,0.));
#8022=DIRECTION('center_axis',(0.,9.61481343191782E-16,1.));
#8023=DIRECTION('ref_axis',(0.,1.,-9.61481343191782E-16));
#8024=DIRECTION('',(-1.,0.,0.));
#8025=DIRECTION('center_axis',(0.,-0.866025403784438,0.500000000000001));
#8026=DIRECTION('ref_axis',(0.,0.500000000000001,0.866025403784438));
#8027=DIRECTION('center_axis',(0.,-0.866025403784438,0.500000000000001));
#8028=DIRECTION('ref_axis',(0.,0.500000000000001,0.866025403784438));
#8029=DIRECTION('',(-1.,0.,0.));
#8030=DIRECTION('center_axis',(0.,0.866025403784439,0.5));
#8031=DIRECTION('ref_axis',(0.,0.499999999999999,-0.866025403784439));
#8032=DIRECTION('',(-1.,0.,0.));
#8033=DIRECTION('center_axis',(0.,9.61481343191782E-16,1.));
#8034=DIRECTION('ref_axis',(0.,1.,-9.61481343191782E-16));
#8035=DIRECTION('center_axis',(0.,1.,0.));
#8036=DIRECTION('ref_axis',(1.,0.,0.));
#8037=DIRECTION('center_axis',(0.,-1.,0.));
#8038=DIRECTION('ref_axis',(1.,0.,0.));
#8039=DIRECTION('',(0.,-1.,0.));
#8040=DIRECTION('center_axis',(0.,1.,0.));
#8041=DIRECTION('ref_axis',(1.,0.,0.));
#8042=DIRECTION('center_axis',(0.,-1.,0.));
#8043=DIRECTION('ref_axis',(1.,0.,0.));
#8044=DIRECTION('',(0.,-1.,0.));
#8045=DIRECTION('center_axis',(0.,1.,0.));
#8046=DIRECTION('ref_axis',(1.,0.,0.));
#8047=DIRECTION('center_axis',(0.,-1.,0.));
#8048=DIRECTION('ref_axis',(1.,0.,0.));
#8049=DIRECTION('',(0.,-1.,0.));
#8050=DIRECTION('center_axis',(0.,1.,0.));
#8051=DIRECTION('ref_axis',(1.,0.,0.));
#8052=DIRECTION('center_axis',(0.,-1.,0.));
#8053=DIRECTION('ref_axis',(1.,0.,0.));
#8054=DIRECTION('',(0.,-1.,0.));
#8055=DIRECTION('center_axis',(0.,1.,0.));
#8056=DIRECTION('ref_axis',(1.,0.,0.));
#8057=DIRECTION('center_axis',(0.,-1.,0.));
#8058=DIRECTION('ref_axis',(1.,0.,0.));
#8059=DIRECTION('',(0.,-1.,0.));
#8060=DIRECTION('center_axis',(0.,1.,0.));
#8061=DIRECTION('ref_axis',(1.,0.,0.));
#8062=DIRECTION('center_axis',(0.,-1.,0.));
#8063=DIRECTION('ref_axis',(1.,0.,0.));
#8064=DIRECTION('',(0.,-1.,0.));
#8065=DIRECTION('center_axis',(0.,1.,0.));
#8066=DIRECTION('ref_axis',(1.,0.,0.));
#8067=DIRECTION('center_axis',(0.,-1.,0.));
#8068=DIRECTION('ref_axis',(1.,0.,0.));
#8069=DIRECTION('',(0.,-1.,0.));
#8070=DIRECTION('center_axis',(0.,1.,0.));
#8071=DIRECTION('ref_axis',(1.,0.,0.));
#8072=DIRECTION('center_axis',(0.,-1.,0.));
#8073=DIRECTION('ref_axis',(1.,0.,0.));
#8074=DIRECTION('',(0.,-1.,0.));
#8075=DIRECTION('center_axis',(0.,1.,0.));
#8076=DIRECTION('ref_axis',(1.,0.,0.));
#8077=DIRECTION('center_axis',(0.,-1.,0.));
#8078=DIRECTION('ref_axis',(1.,0.,0.));
#8079=DIRECTION('',(0.,-1.,0.));
#8080=DIRECTION('center_axis',(0.,1.,0.));
#8081=DIRECTION('ref_axis',(1.,0.,0.));
#8082=DIRECTION('center_axis',(0.,-1.,0.));
#8083=DIRECTION('ref_axis',(1.,0.,0.));
#8084=DIRECTION('',(0.,-1.,0.));
#8085=DIRECTION('center_axis',(0.,1.,0.));
#8086=DIRECTION('ref_axis',(1.,0.,0.));
#8087=DIRECTION('center_axis',(0.,-1.,0.));
#8088=DIRECTION('ref_axis',(1.,0.,0.));
#8089=DIRECTION('',(0.,-1.,0.));
#8090=DIRECTION('center_axis',(0.,1.,0.));
#8091=DIRECTION('ref_axis',(1.,0.,0.));
#8092=DIRECTION('center_axis',(0.,-1.,0.));
#8093=DIRECTION('ref_axis',(1.,0.,0.));
#8094=DIRECTION('',(0.,-1.,0.));
#8095=DIRECTION('center_axis',(0.,1.,0.));
#8096=DIRECTION('ref_axis',(1.,0.,0.));
#8097=DIRECTION('center_axis',(0.,-1.,0.));
#8098=DIRECTION('ref_axis',(1.,0.,0.));
#8099=DIRECTION('',(0.,-1.,0.));
#8100=DIRECTION('center_axis',(0.,1.,0.));
#8101=DIRECTION('ref_axis',(1.,0.,0.));
#8102=DIRECTION('center_axis',(0.,-1.,0.));
#8103=DIRECTION('ref_axis',(1.,0.,0.));
#8104=DIRECTION('',(0.,-1.,0.));
#8105=DIRECTION('center_axis',(0.,1.,0.));
#8106=DIRECTION('ref_axis',(1.,0.,0.));
#8107=DIRECTION('center_axis',(0.,-1.,0.));
#8108=DIRECTION('ref_axis',(1.,0.,0.));
#8109=DIRECTION('',(0.,-1.,0.));
#8110=DIRECTION('center_axis',(0.,1.,0.));
#8111=DIRECTION('ref_axis',(1.,0.,0.));
#8112=DIRECTION('center_axis',(0.,-1.,0.));
#8113=DIRECTION('ref_axis',(1.,0.,0.));
#8114=DIRECTION('',(0.,-1.,0.));
#8115=DIRECTION('center_axis',(0.,1.,0.));
#8116=DIRECTION('ref_axis',(1.,0.,0.));
#8117=DIRECTION('center_axis',(0.,-1.,0.));
#8118=DIRECTION('ref_axis',(1.,0.,0.));
#8119=DIRECTION('',(0.,-1.,0.));
#8120=DIRECTION('center_axis',(0.,1.,0.));
#8121=DIRECTION('ref_axis',(1.,0.,0.));
#8122=DIRECTION('center_axis',(0.,-1.,0.));
#8123=DIRECTION('ref_axis',(1.,0.,0.));
#8124=DIRECTION('',(0.,-1.,0.));
#8125=DIRECTION('center_axis',(0.,1.,0.));
#8126=DIRECTION('ref_axis',(1.,0.,0.));
#8127=DIRECTION('center_axis',(0.,-1.,0.));
#8128=DIRECTION('ref_axis',(1.,0.,0.));
#8129=DIRECTION('',(0.,-1.,0.));
#8130=DIRECTION('center_axis',(0.,1.,0.));
#8131=DIRECTION('ref_axis',(1.,0.,0.));
#8132=DIRECTION('center_axis',(0.,-1.,0.));
#8133=DIRECTION('ref_axis',(1.,0.,0.));
#8134=DIRECTION('',(0.,-1.,0.));
#8135=DIRECTION('center_axis',(0.,1.,0.));
#8136=DIRECTION('ref_axis',(1.,0.,0.));
#8137=DIRECTION('center_axis',(0.,-1.,0.));
#8138=DIRECTION('ref_axis',(1.,0.,0.));
#8139=DIRECTION('',(0.,-1.,0.));
#8140=DIRECTION('center_axis',(0.,1.,0.));
#8141=DIRECTION('ref_axis',(1.,0.,0.));
#8142=DIRECTION('center_axis',(0.,-1.,0.));
#8143=DIRECTION('ref_axis',(1.,0.,0.));
#8144=DIRECTION('',(0.,-1.,0.));
#8145=DIRECTION('center_axis',(0.,1.,0.));
#8146=DIRECTION('ref_axis',(1.,0.,0.));
#8147=DIRECTION('center_axis',(0.,-1.,0.));
#8148=DIRECTION('ref_axis',(1.,0.,0.));
#8149=DIRECTION('',(0.,-1.,0.));
#8150=DIRECTION('center_axis',(0.,1.,0.));
#8151=DIRECTION('ref_axis',(1.,0.,0.));
#8152=DIRECTION('center_axis',(0.,-1.,0.));
#8153=DIRECTION('ref_axis',(1.,0.,0.));
#8154=DIRECTION('',(0.,-1.,0.));
#8155=DIRECTION('center_axis',(0.,1.,0.));
#8156=DIRECTION('ref_axis',(1.,0.,0.));
#8157=DIRECTION('center_axis',(0.,-1.,0.));
#8158=DIRECTION('ref_axis',(1.,0.,0.));
#8159=DIRECTION('',(0.,-1.,0.));
#8160=DIRECTION('center_axis',(0.,1.,0.));
#8161=DIRECTION('ref_axis',(1.,0.,0.));
#8162=DIRECTION('center_axis',(0.,-1.,0.));
#8163=DIRECTION('ref_axis',(1.,0.,0.));
#8164=DIRECTION('',(0.,-1.,0.));
#8165=DIRECTION('center_axis',(0.,1.,0.));
#8166=DIRECTION('ref_axis',(1.,0.,0.));
#8167=CARTESIAN_POINT('',(0.,0.,0.));
#8168=CARTESIAN_POINT('Ctrl Pts',(28.5585943378363,12.5804410730722,-0.167412393817974));
#8169=CARTESIAN_POINT('Ctrl Pts',(28.5522843269781,12.6508813983673,-0.149383791365853));
#8170=CARTESIAN_POINT('Ctrl Pts',(28.5943919657682,12.7806080342318,-0.128802147757765));
#8171=CARTESIAN_POINT('Ctrl Pts',(28.7241186016327,12.822715673022,-0.149383791365853));
#8172=CARTESIAN_POINT('Ctrl Pts',(28.7945589269278,12.8164056621637,-0.167412393817974));
#8173=CARTESIAN_POINT('Ctrl Pts',(28.5391804062107,12.5804410730722,-0.111944017744726));
#8174=CARTESIAN_POINT('Ctrl Pts',(28.5297577931979,12.6555741146176,-0.0988660324970058));
#8175=CARTESIAN_POINT('Ctrl Pts',(28.5747783123229,12.8002216876771,-0.0845321225670701));
#8176=CARTESIAN_POINT('Ctrl Pts',(28.7194258853824,12.8452422068021,-0.0988660324970051));
#8177=CARTESIAN_POINT('Ctrl Pts',(28.7945589269278,12.8358195937893,-0.111944017744724));
#8178=CARTESIAN_POINT('Ctrl Pts',(28.4696318510251,12.5804410730722,-0.0277724272000216));
#8179=CARTESIAN_POINT('Ctrl Pts',(28.46053610761,12.6726987880873,-0.0242386397110173));
#8180=CARTESIAN_POINT('Ctrl Pts',(28.5214523396068,12.8535476603932,-0.0205724660121531));
#8181=CARTESIAN_POINT('Ctrl Pts',(28.7023012119127,12.91446389239,-0.0242386397110149));
#8182=CARTESIAN_POINT('Ctrl Pts',(28.7945589269278,12.9053681489749,-0.0277724272000181));
#8183=CARTESIAN_POINT('Ctrl Pts',(28.3667055168665,12.5804410730722,-2.46483652128072E-15));
#8184=CARTESIAN_POINT('Ctrl Pts',(28.363987982291,12.6979111414102,-1.85813588575254E-5));
#8185=CARTESIAN_POINT('Ctrl Pts',(28.4513028809946,12.9236971190054,-4.91352300989314E-6));
#8186=CARTESIAN_POINT('Ctrl Pts',(28.6770888585898,13.011012017709,-1.85813588543564E-5));
#8187=CARTESIAN_POINT('Ctrl Pts',(28.7945589269278,13.0082944831335,1.73931103215775E-15));
#8188=CARTESIAN_POINT('Ctrl Pts',(28.3226297487448,12.5804410730722,-2.46330733588707E-15));
#8189=CARTESIAN_POINT('Ctrl Pts',(28.3226297487448,12.7087017019459,-2.36678711190746E-15));
#8190=CARTESIAN_POINT('Ctrl Pts',(28.4212521768507,12.9537478231493,-6.02796483409691E-16));
#8191=CARTESIAN_POINT('Ctrl Pts',(28.6662982980541,13.0523702512552,9.18051087327686E-16));
#8192=CARTESIAN_POINT('Ctrl Pts',(28.7945589269278,13.0523702512552,1.73472347597681E-15));
#8193=CARTESIAN_POINT('',(28.5585943378363,12.5804410730722,-0.167412393817975));
#8194=CARTESIAN_POINT('',(28.3226297487448,12.5804410730722,0.));
#8195=CARTESIAN_POINT('Origin',(28.3226297487448,12.5804410730722,-0.25));
#8196=CARTESIAN_POINT('',(28.7945589269278,13.0523702512552,0.));
#8197=CARTESIAN_POINT('Origin',(28.8523702512552,12.5226297487448,0.));
#8198=CARTESIAN_POINT('',(28.7945589269278,12.8164056621637,-0.167412393817974));
#8199=CARTESIAN_POINT('Origin',(28.7945589269278,13.0523702512552,-0.25));
#8200=CARTESIAN_POINT('Origin',(28.8523702512552,12.5226297487448,-0.25));
#8201=CARTESIAN_POINT('Origin',(28.775,13.0523702512552,-0.25));
#8202=CARTESIAN_POINT('',(30.4554410730722,13.0523702512552,0.));
#8203=CARTESIAN_POINT('',(30.4554410730722,12.8164056621637,-0.167412393817973));
#8204=CARTESIAN_POINT('Origin',(30.4554410730722,13.0523702512552,-0.25));
#8205=CARTESIAN_POINT('',(28.775,12.8164056621637,-0.167412393817974));
#8206=CARTESIAN_POINT('',(28.775,13.0523702512552,0.));
#8207=CARTESIAN_POINT('Ctrl Pts',(30.4554410730722,12.8164056621637,-0.167412393817975));
#8208=CARTESIAN_POINT('Ctrl Pts',(30.5258813983673,12.822715673022,-0.149383791365854));
#8209=CARTESIAN_POINT('Ctrl Pts',(30.6556049704796,12.7806049704796,-0.128803587104438));
#8210=CARTESIAN_POINT('Ctrl Pts',(30.6977156730219,12.6508813983673,-0.149383791365854));
#8211=CARTESIAN_POINT('Ctrl Pts',(30.6914056621637,12.5804410730722,-0.167412393817975));
#8212=CARTESIAN_POINT('Ctrl Pts',(30.4554410730722,12.8358195937893,-0.111944017744726));
#8213=CARTESIAN_POINT('Ctrl Pts',(30.5305741146176,12.8452422068021,-0.0988660324970063));
#8214=CARTESIAN_POINT('Ctrl Pts',(30.6752179175878,12.8002179175878,-0.0845340868918488));
#8215=CARTESIAN_POINT('Ctrl Pts',(30.7202422068021,12.6555741146176,-0.0988660324970067));
#8216=CARTESIAN_POINT('Ctrl Pts',(30.7108195937893,12.5804410730722,-0.111944017744727));
#8217=CARTESIAN_POINT('Ctrl Pts',(30.4554410730722,12.9053686916887,-0.0277733173823957));
#8218=CARTESIAN_POINT('Ctrl Pts',(30.5476987880873,12.9144644351037,-0.0242395298933919));
#8219=CARTESIAN_POINT('Ctrl Pts',(30.728542574301,12.853542574301,-0.0205727106570135));
#8220=CARTESIAN_POINT('Ctrl Pts',(30.7894644351037,12.6726987880873,-0.0242395298933933));
#8221=CARTESIAN_POINT('Ctrl Pts',(30.7803686916887,12.5804410730722,-0.0277733173823975));
#8222=CARTESIAN_POINT('Ctrl Pts',(30.4554410730722,13.0082944831335,-9.06643763688887E-16));
#8223=CARTESIAN_POINT('Ctrl Pts',(30.5729111414102,13.011012017709,-1.85813588564221E-5));
#8224=CARTESIAN_POINT('Ctrl Pts',(30.7986919185764,12.9236919185764,-5.51793452230825E-6));
#8225=CARTESIAN_POINT('Ctrl Pts',(30.886012017709,12.6979111414102,-1.85813588581958E-5));
#8226=CARTESIAN_POINT('Ctrl Pts',(30.8832944831335,12.5804410730722,-3.02147721898694E-15));
#8227=CARTESIAN_POINT('Ctrl Pts',(30.4554410730722,13.0523702512552,-9.0205620750794E-16));
#8228=CARTESIAN_POINT('Ctrl Pts',(30.5837017019459,13.0523702512552,-1.20404375472298E-15));
#8229=CARTESIAN_POINT('Ctrl Pts',(30.8287427031876,12.9537427031876,-2.54897132094146E-15));
#8230=CARTESIAN_POINT('Ctrl Pts',(30.9273702512552,12.7087017019459,-3.0461526463175E-15));
#8231=CARTESIAN_POINT('Ctrl Pts',(30.9273702512552,12.5804410730722,-3.01841884819964E-15));
#8232=CARTESIAN_POINT('',(30.9273702512552,12.5804410730722,0.));
#8233=CARTESIAN_POINT('',(30.6914056621637,12.5804410730722,-0.167412393817971));
#8234=CARTESIAN_POINT('Origin',(30.9273702512552,12.5804410730722,-0.25));
#8235=CARTESIAN_POINT('Origin',(30.3976297487448,12.5226297487448,-0.250000000000001));
#8236=CARTESIAN_POINT('Origin',(30.3976297487448,12.5226297487448,0.));
#8237=CARTESIAN_POINT('Origin',(30.9273702512552,1.85,-0.25));
#8238=CARTESIAN_POINT('',(30.9273702512552,3.29455892692779,0.));
#8239=CARTESIAN_POINT('',(30.6914056621637,3.29455892692779,-0.167412393817973));
#8240=CARTESIAN_POINT('Origin',(30.9273702512552,3.29455892692779,-0.25));
#8241=CARTESIAN_POINT('',(30.6914056621637,1.85,-0.167412393817973));
#8242=CARTESIAN_POINT('',(30.9273702512552,1.85,0.));
#8243=CARTESIAN_POINT('Ctrl Pts',(30.6914056621637,3.29455892692779,-0.167412393817975));
#8244=CARTESIAN_POINT('Ctrl Pts',(30.697715673022,3.22411860163272,-0.149383791365854));
#8245=CARTESIAN_POINT('Ctrl Pts',(30.6556222814704,3.09437771852961,-0.128795454424211));
#8246=CARTESIAN_POINT('Ctrl Pts',(30.5258813983673,3.05228432697805,-0.149383791365854));
#8247=CARTESIAN_POINT('Ctrl Pts',(30.4554410730722,3.05859433783629,-0.167412393817975));
#8248=CARTESIAN_POINT('Ctrl Pts',(30.7108195937893,3.29455892692779,-0.111944017744727));
#8249=CARTESIAN_POINT('Ctrl Pts',(30.7202422068021,3.21942588538243,-0.0988660324970065));
#8250=CARTESIAN_POINT('Ctrl Pts',(30.6752392195654,3.07476078043461,-0.0845229879498241));
#8251=CARTESIAN_POINT('Ctrl Pts',(30.5305741146176,3.02975779319786,-0.0988660324970064));
#8252=CARTESIAN_POINT('Ctrl Pts',(30.4554410730722,3.03918040621065,-0.111944017744726));
#8253=CARTESIAN_POINT('Ctrl Pts',(30.7803654616418,3.29455892692779,-0.0277680193206766));
#8254=CARTESIAN_POINT('Ctrl Pts',(30.7894612050568,3.20230121191273,-0.0242342318316723));
#8255=CARTESIAN_POINT('Ctrl Pts',(30.7285712673851,3.02142873261491,-0.0205713353993605));
#8256=CARTESIAN_POINT('Ctrl Pts',(30.5476987880873,2.96053879494321,-0.0242342318316714));
#8257=CARTESIAN_POINT('Ctrl Pts',(30.4554410730722,2.96963453835824,-0.0277680193206755));
#8258=CARTESIAN_POINT('Ctrl Pts',(30.8832944831335,3.2945589269278,-2.80872284568878E-15));
#8259=CARTESIAN_POINT('Ctrl Pts',(30.886012017709,3.17708885858979,-1.85813588579545E-5));
#8260=CARTESIAN_POINT('Ctrl Pts',(30.7987213023424,2.95127869765759,-2.10285347786967E-6));
#8261=CARTESIAN_POINT('Ctrl Pts',(30.5729111414102,2.863987982291,-1.8581358856678E-5));
#8262=CARTESIAN_POINT('Ctrl Pts',(30.4554410730722,2.86670551686651,-1.31380228556143E-15));
#8263=CARTESIAN_POINT('Ctrl Pts',(30.9273702512552,3.2945589269278,-2.81025203108243E-15));
#8264=CARTESIAN_POINT('Ctrl Pts',(30.9273702512552,3.16629829805414,-2.79796963618195E-15));
#8265=CARTESIAN_POINT('Ctrl Pts',(30.8287716322929,2.92122836770705,-9.53548698479286E-16));
#8266=CARTESIAN_POINT('Ctrl Pts',(30.5837017019459,2.82262974874479,-1.48964086985042E-15));
#8267=CARTESIAN_POINT('Ctrl Pts',(30.4554410730722,2.82262974874479,-1.31838984174237E-15));
#8268=CARTESIAN_POINT('',(30.4554410730722,2.82262974874479,0.));
#8269=CARTESIAN_POINT('',(30.4554410730722,3.05859433783629,-0.167412393817974));
#8270=CARTESIAN_POINT('Origin',(30.4554410730722,2.82262974874479,-0.25));
#8271=CARTESIAN_POINT('Origin',(30.3976297487448,3.35237025125521,-0.25));
#8272=CARTESIAN_POINT('Origin',(30.3976297487448,3.35237025125521,0.));
#8273=CARTESIAN_POINT('Origin',(28.35,2.82262974874479,-0.25));
#8274=CARTESIAN_POINT('',(28.7945589269278,2.82262974874479,0.));
#8275=CARTESIAN_POINT('',(28.7945589269278,3.05859433783629,-0.167412393817973));
#8276=CARTESIAN_POINT('Origin',(28.7945589269278,2.82262974874479,-0.25));
#8277=CARTESIAN_POINT('',(28.35,3.05859433783629,-0.167412393817973));
#8278=CARTESIAN_POINT('',(28.35,2.82262974874479,0.));
#8279=CARTESIAN_POINT('Ctrl Pts',(28.7945589269278,3.05859433783629,-0.167412393817976));
#8280=CARTESIAN_POINT('Ctrl Pts',(28.7241186016327,3.05228432697805,-0.149383791365855));
#8281=CARTESIAN_POINT('Ctrl Pts',(28.5943730080737,3.09437300807368,-0.128793241458341));
#8282=CARTESIAN_POINT('Ctrl Pts',(28.5522843269781,3.22411860163272,-0.149383791365854));
#8283=CARTESIAN_POINT('Ctrl Pts',(28.5585943378363,3.29455892692779,-0.167412393817975));
#8284=CARTESIAN_POINT('Ctrl Pts',(28.7945589269278,3.03918040621065,-0.111944017744727));
#8285=CARTESIAN_POINT('Ctrl Pts',(28.7194258853824,3.02975779319786,-0.098866032497007));
#8286=CARTESIAN_POINT('Ctrl Pts',(28.574754984,3.07475498399998,-0.0845199678409287));
#8287=CARTESIAN_POINT('Ctrl Pts',(28.5297577931979,3.21942588538243,-0.0988660324970065));
#8288=CARTESIAN_POINT('Ctrl Pts',(28.5391804062107,3.29455892692779,-0.111944017744727));
#8289=CARTESIAN_POINT('Ctrl Pts',(28.7945589269278,2.96963549104735,-0.0277664566790608));
#8290=CARTESIAN_POINT('Ctrl Pts',(28.7023012119127,2.96053974763232,-0.0242326691900569));
#8291=CARTESIAN_POINT('Ctrl Pts',(28.5214209451383,3.02142094513827,-0.0205709643599093));
#8292=CARTESIAN_POINT('Ctrl Pts',(28.4605397476323,3.20230121191272,-0.0242326691900577));
#8293=CARTESIAN_POINT('Ctrl Pts',(28.4696354910474,3.29455892692779,-0.027766456679062));
#8294=CARTESIAN_POINT('Ctrl Pts',(28.7945589269278,2.86670551686651,-1.25053008809695E-15));
#8295=CARTESIAN_POINT('Ctrl Pts',(28.6770888585898,2.863987982291,-1.85813588567602E-5));
#8296=CARTESIAN_POINT('Ctrl Pts',(28.4512707021051,2.95127070210515,-1.17358322686887E-6));
#8297=CARTESIAN_POINT('Ctrl Pts',(28.363987982291,3.17708885858979,-1.85813588580901E-5));
#8298=CARTESIAN_POINT('Ctrl Pts',(28.3667055168665,3.29455892692779,-3.02147721898694E-15));
#8299=CARTESIAN_POINT('Ctrl Pts',(28.7945589269278,2.82262974874479,-1.2490009027033E-15));
#8300=CARTESIAN_POINT('Ctrl Pts',(28.6662982980541,2.82262974874479,-1.54860671833565E-15));
#8301=CARTESIAN_POINT('Ctrl Pts',(28.4212204958713,2.92122049587131,-7.36600952666034E-16));
#8302=CARTESIAN_POINT('Ctrl Pts',(28.3226297487448,3.16629829805414,-2.93101201080362E-15));
#8303=CARTESIAN_POINT('Ctrl Pts',(28.3226297487448,3.2945589269278,-3.01841884819964E-15));
#8304=CARTESIAN_POINT('',(28.3226297487448,3.2945589269278,0.));
#8305=CARTESIAN_POINT('',(28.5585943378363,3.29455892692779,-0.167412393817973));
#8306=CARTESIAN_POINT('Origin',(28.3226297487448,3.2945589269278,-0.25));
#8307=CARTESIAN_POINT('Origin',(28.8523702512552,3.35237025125521,-0.25));
#8308=CARTESIAN_POINT('Origin',(28.8523702512552,3.35237025125521,0.));
#8309=CARTESIAN_POINT('Origin',(28.3226297487448,6.0875,-0.25));
#8310=CARTESIAN_POINT('',(28.3226297487448,6.0875,0.));
#8311=CARTESIAN_POINT('',(28.5585943378363,6.0875,-0.167412393817973));
#8312=CARTESIAN_POINT('Origin',(29.2,3.7,-2.));
#8313=CARTESIAN_POINT('',(29.3773702512552,3.64140566216371,-1.83258760618203));
#8314=CARTESIAN_POINT('',(29.8296899608476,4.09372537175606,-3.12492963358874));
#8315=CARTESIAN_POINT('',(29.8726297487448,3.64140566216371,-1.83258760618203));
#8316=CARTESIAN_POINT('',(29.4125,3.64140566216371,-1.83258760618203));
#8317=CARTESIAN_POINT('',(29.7954355411605,3.71859986974803,-2.05314248499436));
#8318=CARTESIAN_POINT('Origin',(29.8296899608476,4.32968996084756,-3.04234202740671));
#8319=CARTESIAN_POINT('',(29.1414056621637,3.87737025125521,-1.83258760618203));
#8320=CARTESIAN_POINT('',(29.5937253717561,4.32968996084756,-3.12492963358874));
#8321=CARTESIAN_POINT('Origin',(29.3773702512552,3.87737025125521,-1.75));
#8322=CARTESIAN_POINT('Origin',(29.2,12.175,-2.));
#8323=CARTESIAN_POINT('',(29.1414056621637,11.9976297487448,-1.83258760618203));
#8324=CARTESIAN_POINT('',(29.218599869748,11.9204355411605,-2.05314248499436));
#8325=CARTESIAN_POINT('',(29.1414056621637,10.05625,-1.83258760618203));
#8326=CARTESIAN_POINT('Origin',(29.4545644588395,11.9204355411605,-1.97055487881233));
#8327=CARTESIAN_POINT('',(29.3773702512552,12.2335943378363,-1.83258760618203));
#8328=CARTESIAN_POINT('',(29.4545644588395,12.156400130252,-2.05314248499436));
#8329=CARTESIAN_POINT('Origin',(29.3773702512552,11.9976297487448,-1.75));
#8330=CARTESIAN_POINT('Origin',(27.5,0.,0.));
#8331=CARTESIAN_POINT('',(31.5,1.,0.));
#8332=CARTESIAN_POINT('',(31.5,14.875,0.));
#8333=CARTESIAN_POINT('',(31.5,0.,0.));
#8334=CARTESIAN_POINT('',(30.75,0.25,0.));
#8335=CARTESIAN_POINT('Origin',(30.75,1.,0.));
#8336=CARTESIAN_POINT('',(1.,0.25,0.));
#8337=CARTESIAN_POINT('',(21.6875,0.25,0.));
#8338=CARTESIAN_POINT('',(0.249999999999999,1.,0.));
#8339=CARTESIAN_POINT('Origin',(1.,1.,0.));
#8340=CARTESIAN_POINT('',(0.25,14.875,0.));
#8341=CARTESIAN_POINT('',(0.249999999999999,0.,0.));
#8342=CARTESIAN_POINT('',(1.,15.625,0.));
#8343=CARTESIAN_POINT('Origin',(1.,14.875,0.));
#8344=CARTESIAN_POINT('',(3.25,15.625,0.));
#8345=CARTESIAN_POINT('',(14.8125,15.625,0.));
#8346=CARTESIAN_POINT('',(4.,14.875,0.));
#8347=CARTESIAN_POINT('Origin',(3.25,14.875,0.));
#8348=CARTESIAN_POINT('',(4.,3.5,0.));
#8349=CARTESIAN_POINT('',(4.,0.,0.));
#8350=CARTESIAN_POINT('',(5.75,1.75,0.));
#8351=CARTESIAN_POINT('Origin',(5.75,3.5,0.));
#8352=CARTESIAN_POINT('',(26.,1.75,0.));
#8353=CARTESIAN_POINT('',(21.6875,1.75,0.));
#8354=CARTESIAN_POINT('',(27.75,3.5,0.));
#8355=CARTESIAN_POINT('Origin',(26.,3.5,0.));
#8356=CARTESIAN_POINT('',(27.75,14.875,0.));
#8357=CARTESIAN_POINT('',(27.75,0.,0.));
#8358=CARTESIAN_POINT('',(28.5,15.625,0.));
#8359=CARTESIAN_POINT('Origin',(28.5,14.875,0.));
#8360=CARTESIAN_POINT('',(30.75,15.625,0.));
#8361=CARTESIAN_POINT('',(28.5625,15.625,0.));
#8362=CARTESIAN_POINT('Origin',(30.75,14.875,0.));
#8363=CARTESIAN_POINT('',(0.822629748744786,12.5804410730722,0.));
#8364=CARTESIAN_POINT('',(1.29455892692779,13.0523702512552,0.));
#8365=CARTESIAN_POINT('Origin',(1.35237025125521,12.5226297487448,0.));
#8366=CARTESIAN_POINT('',(0.822629748744786,3.2945589269278,0.));
#8367=CARTESIAN_POINT('',(0.822629748744785,6.0875,0.));
#8368=CARTESIAN_POINT('',(1.2945589269278,2.82262974874479,0.));
#8369=CARTESIAN_POINT('Origin',(1.35237025125521,3.35237025125521,0.));
#8370=CARTESIAN_POINT('',(2.95544107307221,2.82262974874479,0.));
#8371=CARTESIAN_POINT('',(14.6,2.82262974874479,0.));
#8372=CARTESIAN_POINT('',(3.42737025125522,3.29455892692779,0.));
#8373=CARTESIAN_POINT('Origin',(2.89762974874479,3.35237025125521,0.));
#8374=CARTESIAN_POINT('',(3.42737025125521,12.5804410730722,0.));
#8375=CARTESIAN_POINT('',(3.42737025125522,1.85,0.));
#8376=CARTESIAN_POINT('',(2.95544107307221,13.0523702512552,0.));
#8377=CARTESIAN_POINT('Origin',(2.89762974874479,12.5226297487448,0.));
#8378=CARTESIAN_POINT('',(15.025,13.0523702512552,0.));
#8379=CARTESIAN_POINT('Ctrl Pts',(1.05859433783629,12.5804410730722,-0.167412393817972));
#8380=CARTESIAN_POINT('Ctrl Pts',(1.05228432697805,12.6508813983673,-0.149383791365852));
#8381=CARTESIAN_POINT('Ctrl Pts',(1.09432015828267,12.7806798417173,-0.128768412697463));
#8382=CARTESIAN_POINT('Ctrl Pts',(1.22411860163272,12.822715673022,-0.149383791365853));
#8383=CARTESIAN_POINT('Ctrl Pts',(1.2945589269278,12.8164056621637,-0.167412393817973));
#8384=CARTESIAN_POINT('Ctrl Pts',(1.03918040621065,12.5804410730722,-0.111944017744724));
#8385=CARTESIAN_POINT('Ctrl Pts',(1.02975779319786,12.6555741146176,-0.098866032497004));
#8386=CARTESIAN_POINT('Ctrl Pts',(1.07468994987927,12.8003100501207,-0.084486083196523));
#8387=CARTESIAN_POINT('Ctrl Pts',(1.21942588538243,12.8452422068021,-0.0988660324970048));
#8388=CARTESIAN_POINT('Ctrl Pts',(1.2945589269278,12.8358195937893,-0.111944017744724));
#8389=CARTESIAN_POINT('Ctrl Pts',(0.969649116289489,12.5804410730722,-0.0277441079715277));
#8390=CARTESIAN_POINT('Ctrl Pts',(0.960553372874459,12.6726987880873,-0.0242103204825237));
#8391=CARTESIAN_POINT('Ctrl Pts',(1.02133437368921,12.8536656263108,-0.0205669279554685));
#8392=CARTESIAN_POINT('Ctrl Pts',(1.20230121191273,12.9144466271255,-0.0242103204825244));
#8393=CARTESIAN_POINT('Ctrl Pts',(1.2945589269278,12.9053508837105,-0.0277441079715281));
#8394=CARTESIAN_POINT('Ctrl Pts',(0.866705516866506,12.5804410730722,-6.59525755078444E-17));
#8395=CARTESIAN_POINT('Ctrl Pts',(0.863987982291001,12.6979111414102,-1.85813588552615E-5));
#8396=CARTESIAN_POINT('Ctrl Pts',(0.951180994594306,12.9238190054057,9.25252824626581E-6));
#8397=CARTESIAN_POINT('Ctrl Pts',(1.1770888585898,13.011012017709,-1.85813588554238E-5));
#8398=CARTESIAN_POINT('Ctrl Pts',(1.2945589269278,13.0082944831335,-7.09181244327215E-17));
#8399=CARTESIAN_POINT('Ctrl Pts',(0.822629748744785,12.5804410730722,-2.08166817117217E-16));
#8400=CARTESIAN_POINT('Ctrl Pts',(0.822629748744786,12.7087017019459,-1.71887993969237E-16));
#8401=CARTESIAN_POINT('Ctrl Pts',(0.921132176421909,12.9538678235781,7.16530518610127E-16));
#8402=CARTESIAN_POINT('Ctrl Pts',(1.16629829805414,13.0523702512552,-1.12305081002875E-16));
#8403=CARTESIAN_POINT('Ctrl Pts',(1.2945589269278,13.0523702512552,-6.93889390390723E-17));
#8404=CARTESIAN_POINT('',(1.05859433783629,12.5804410730722,-0.167412393817973));
#8405=CARTESIAN_POINT('Origin',(0.822629748744786,12.5804410730722,-0.25));
#8406=CARTESIAN_POINT('',(1.29455892692779,12.8164056621637,-0.167412393817973));
#8407=CARTESIAN_POINT('Origin',(1.29455892692779,13.0523702512552,-0.25));
#8408=CARTESIAN_POINT('Origin',(1.35237025125521,12.5226297487448,-0.25));
#8409=CARTESIAN_POINT('Origin',(15.025,13.0523702512552,-0.25));
#8410=CARTESIAN_POINT('',(2.95544107307221,12.8164056621637,-0.167412393817973));
#8411=CARTESIAN_POINT('Origin',(2.95544107307221,13.0523702512552,-0.25));
#8412=CARTESIAN_POINT('',(15.025,12.8164056621637,-0.167412393817973));
#8413=CARTESIAN_POINT('Ctrl Pts',(2.95544107307221,12.8164056621637,-0.167412393817974));
#8414=CARTESIAN_POINT('Ctrl Pts',(3.02588139836728,12.822715673022,-0.149383791365853));
#8415=CARTESIAN_POINT('Ctrl Pts',(3.15567257506973,12.7806725750697,-0.128771826558749));
#8416=CARTESIAN_POINT('Ctrl Pts',(3.19771567302195,12.6508813983673,-0.149383791365853));
#8417=CARTESIAN_POINT('Ctrl Pts',(3.19140566216371,12.5804410730722,-0.167412393817974));
#8418=CARTESIAN_POINT('Ctrl Pts',(2.95544107307221,12.8358195937893,-0.111944017744726));
#8419=CARTESIAN_POINT('Ctrl Pts',(3.03057411461758,12.8452422068021,-0.0988660324970055));
#8420=CARTESIAN_POINT('Ctrl Pts',(3.1753011081736,12.8003011081736,-0.0844907422077532));
#8421=CARTESIAN_POINT('Ctrl Pts',(3.22024220680214,12.6555741146176,-0.0988660324970058));
#8422=CARTESIAN_POINT('Ctrl Pts',(3.21081959378935,12.5804410730722,-0.111944017744726));
#8423=CARTESIAN_POINT('Ctrl Pts',(2.95544107307221,12.9053531510344,-0.0277478269335398));
#8424=CARTESIAN_POINT('Ctrl Pts',(3.04769878808728,12.9144488944494,-0.0242140394445358));
#8425=CARTESIAN_POINT('Ctrl Pts',(3.22865383058271,12.8536538305827,-0.0205674659712874));
#8426=CARTESIAN_POINT('Ctrl Pts',(3.2894488944494,12.6726987880873,-0.0242140394445365));
#8427=CARTESIAN_POINT('Ctrl Pts',(3.28035315103437,12.5804410730722,-0.0277478269335407));
#8428=CARTESIAN_POINT('Ctrl Pts',(2.95544107307221,13.0082944831335,-7.28583859910259E-16));
#8429=CARTESIAN_POINT('Ctrl Pts',(3.07291114141021,13.011012017709,-1.85813588560551E-5));
#8430=CARTESIAN_POINT('Ctrl Pts',(3.29880667096017,12.9238066709602,7.81897711014213E-6));
#8431=CARTESIAN_POINT('Ctrl Pts',(3.386012017709,12.6979111414102,-1.85813588566094E-5));
#8432=CARTESIAN_POINT('Ctrl Pts',(3.38329448313349,12.5804410730722,-1.4416782623031E-15));
#8433=CARTESIAN_POINT('Ctrl Pts',(2.95544107307221,13.0523702512552,-7.28583859910259E-16));
#8434=CARTESIAN_POINT('Ctrl Pts',(3.08370170194587,13.0523702512552,-8.1414708446644E-16));
#8435=CARTESIAN_POINT('Ctrl Pts',(3.3288556799858,12.9538556799858,-4.74848902248549E-16));
#8436=CARTESIAN_POINT('Ctrl Pts',(3.42737025125521,12.7087017019459,-1.21947285445528E-15));
#8437=CARTESIAN_POINT('Ctrl Pts',(3.42737025125521,12.5804410730722,-1.2490009027033E-15));
#8438=CARTESIAN_POINT('',(3.19140566216371,12.5804410730722,-0.167412393817974));
#8439=CARTESIAN_POINT('Origin',(3.42737025125521,12.5804410730722,-0.25));
#8440=CARTESIAN_POINT('Origin',(2.89762974874479,12.5226297487448,-0.250000000000001));
#8441=CARTESIAN_POINT('Origin',(3.42737025125522,1.85,-0.25));
#8442=CARTESIAN_POINT('',(3.19140566216371,3.29455892692779,-0.167412393817973));
#8443=CARTESIAN_POINT('Origin',(3.42737025125522,3.29455892692779,-0.25));
#8444=CARTESIAN_POINT('',(3.19140566216371,1.85,-0.167412393817973));
#8445=CARTESIAN_POINT('Ctrl Pts',(3.19140566216371,3.2945589269278,-0.167412393817973));
#8446=CARTESIAN_POINT('Ctrl Pts',(3.19771567302195,3.22411860163272,-0.149383791365852));
#8447=CARTESIAN_POINT('Ctrl Pts',(3.15571625486829,3.09428374513171,-0.128751305848018));
#8448=CARTESIAN_POINT('Ctrl Pts',(3.02588139836728,3.05228432697805,-0.149383791365852));
#8449=CARTESIAN_POINT('Ctrl Pts',(2.95544107307221,3.05859433783629,-0.167412393817973));
#8450=CARTESIAN_POINT('Ctrl Pts',(3.21081959378935,3.2945589269278,-0.111944017744725));
#8451=CARTESIAN_POINT('Ctrl Pts',(3.22024220680214,3.21942588538243,-0.0988660324970048));
#8452=CARTESIAN_POINT('Ctrl Pts',(3.17535485819299,3.07464514180701,-0.084462736904166));
#8453=CARTESIAN_POINT('Ctrl Pts',(3.03057411461757,3.02975779319786,-0.0988660324970047));
#8454=CARTESIAN_POINT('Ctrl Pts',(2.95544107307221,3.03918040621065,-0.111944017744724));
#8455=CARTESIAN_POINT('Ctrl Pts',(3.28033665544567,3.2945589269278,-0.0277207701602556));
#8456=CARTESIAN_POINT('Ctrl Pts',(3.28943239886071,3.20230121191273,-0.0241869826712515));
#8457=CARTESIAN_POINT('Ctrl Pts',(3.22872395216947,3.02127604783054,-0.0205643554956242));
#8458=CARTESIAN_POINT('Ctrl Pts',(3.04769878808728,2.9605676011393,-0.0241869826712507));
#8459=CARTESIAN_POINT('Ctrl Pts',(2.95544107307221,2.96966334455433,-0.0277207701602546));
#8460=CARTESIAN_POINT('Ctrl Pts',(3.38329448313349,3.2945589269278,-8.1402063837368E-16));
#8461=CARTESIAN_POINT('Ctrl Pts',(3.386012017709,3.1770888585898,-1.85813588559979E-5));
#8462=CARTESIAN_POINT('Ctrl Pts',(3.29888081327801,2.951119186722,1.64360490068655E-5));
#8463=CARTESIAN_POINT('Ctrl Pts',(3.07291114141021,2.863987982291,-1.85813588553342E-5));
#8464=CARTESIAN_POINT('Ctrl Pts',(2.95544107307221,2.86670551686651,-7.09181244327215E-17));
#8465=CARTESIAN_POINT('Ctrl Pts',(3.42737025125521,3.2945589269278,-5.20417042793042E-16));
#8466=CARTESIAN_POINT('Ctrl Pts',(3.42737025125521,3.16629829805414,-5.11387650963992E-16));
#8467=CARTESIAN_POINT('Ctrl Pts',(3.3289286750854,2.9210713249146,4.05302243192605E-16));
#8468=CARTESIAN_POINT('Ctrl Pts',(3.08370170194586,2.82262974874479,-7.21643089888645E-17));
#8469=CARTESIAN_POINT('Ctrl Pts',(2.95544107307221,2.82262974874479,-6.93889390390723E-17));
#8470=CARTESIAN_POINT('',(2.95544107307221,3.05859433783629,-0.167412393817974));
#8471=CARTESIAN_POINT('Origin',(2.95544107307221,2.82262974874479,-0.25));
#8472=CARTESIAN_POINT('Origin',(2.89762974874479,3.35237025125521,-0.25));
#8473=CARTESIAN_POINT('Origin',(14.6,2.82262974874479,-0.25));
#8474=CARTESIAN_POINT('',(1.29455892692779,3.05859433783629,-0.167412393817973));
#8475=CARTESIAN_POINT('Origin',(1.2945589269278,2.82262974874479,-0.25));
#8476=CARTESIAN_POINT('',(14.6,3.05859433783629,-0.167412393817973));
#8477=CARTESIAN_POINT('Ctrl Pts',(1.29455892692779,3.05859433783629,-0.167412393817973));
#8478=CARTESIAN_POINT('Ctrl Pts',(1.22411860163272,3.05228432697805,-0.149383791365853));
#8479=CARTESIAN_POINT('Ctrl Pts',(1.09427066132294,3.09427066132294,-0.128745159092219));
#8480=CARTESIAN_POINT('Ctrl Pts',(1.05228432697805,3.22411860163272,-0.149383791365853));
#8481=CARTESIAN_POINT('Ctrl Pts',(1.05859433783629,3.29455892692779,-0.167412393817973));
#8482=CARTESIAN_POINT('Ctrl Pts',(1.29455892692779,3.03918040621065,-0.111944017744724));
#8483=CARTESIAN_POINT('Ctrl Pts',(1.21942588538243,3.02975779319786,-0.0988660324970047));
#8484=CARTESIAN_POINT('Ctrl Pts',(1.07462904157307,3.07462904157307,-0.0844543482199483));
#8485=CARTESIAN_POINT('Ctrl Pts',(1.02975779319786,3.21942588538243,-0.0988660324970048));
#8486=CARTESIAN_POINT('Ctrl Pts',(1.03918040621065,3.29455892692779,-0.111944017744725));
#8487=CARTESIAN_POINT('Ctrl Pts',(1.29455892692779,2.96967003824574,-0.0277097908800301));
#8488=CARTESIAN_POINT('Ctrl Pts',(1.20230121191273,2.96057429483071,-0.0241760033910264));
#8489=CARTESIAN_POINT('Ctrl Pts',(1.02125552206873,3.02125552206873,-0.0205634993124401));
#8490=CARTESIAN_POINT('Ctrl Pts',(0.960574294830704,3.20230121191273,-0.0241760033910264));
#8491=CARTESIAN_POINT('Ctrl Pts',(0.969670038245734,3.29455892692779,-0.0277097908800303));
#8492=CARTESIAN_POINT('Ctrl Pts',(1.29455892692779,2.86670551686651,1.70413976810382E-16));
#8493=CARTESIAN_POINT('Ctrl Pts',(1.17708885858979,2.863987982291,-1.8581358855198E-5));
#8494=CARTESIAN_POINT('Ctrl Pts',(0.951096978196756,2.95109697819676,1.90171992086311E-5));
#8495=CARTESIAN_POINT('Ctrl Pts',(0.863987982291,3.17708885858979,-1.85813588556132E-5));
#8496=CARTESIAN_POINT('Ctrl Pts',(0.866705516866506,3.29455892692779,-2.50606015395464E-16));
#8497=CARTESIAN_POINT('Ctrl Pts',(1.2945589269278,2.82262974874479,1.73472347597681E-16));
#8498=CARTESIAN_POINT('Ctrl Pts',(1.16629829805414,2.82262974874479,1.22499155155926E-16));
#8499=CARTESIAN_POINT('Ctrl Pts',(0.921049460026109,2.92104946002611,-2.58076452918219E-16));
#8500=CARTESIAN_POINT('Ctrl Pts',(0.822629748744785,3.16629829805414,-4.62588817407218E-16));
#8501=CARTESIAN_POINT('Ctrl Pts',(0.822629748744785,3.2945589269278,-3.46944695195361E-16));
#8502=CARTESIAN_POINT('',(1.05859433783629,3.2945589269278,-0.167412393817973));
#8503=CARTESIAN_POINT('Origin',(0.822629748744786,3.2945589269278,-0.25));
#8504=CARTESIAN_POINT('Origin',(1.35237025125521,3.35237025125521,-0.25));
#8505=CARTESIAN_POINT('Origin',(0.822629748744785,6.0875,-0.25));
#8506=CARTESIAN_POINT('',(1.05859433783629,6.0875,-0.167412393817973));
#8507=CARTESIAN_POINT('Origin',(1.7,3.7,-2.));
#8508=CARTESIAN_POINT('',(1.87737025125521,3.64140566216371,-1.83258760618203));
#8509=CARTESIAN_POINT('',(2.32968996084756,4.09372537175606,-3.12492963358873));
#8510=CARTESIAN_POINT('',(2.37262974874479,3.64140566216371,-1.83258760618203));
#8511=CARTESIAN_POINT('',(1.9125,3.64140566216371,-1.83258760618203));
#8512=CARTESIAN_POINT('',(2.29543554116047,3.71859986974803,-2.05314248499436));
#8513=CARTESIAN_POINT('Origin',(2.32968996084756,4.32968996084756,-3.04234202740671));
#8514=CARTESIAN_POINT('',(1.64140566216371,3.87737025125521,-1.83258760618203));
#8515=CARTESIAN_POINT('',(2.09372537175606,4.32968996084756,-3.12492963358873));
#8516=CARTESIAN_POINT('Origin',(1.87737025125521,3.87737025125521,-1.75));
#8517=CARTESIAN_POINT('Origin',(1.7,12.175,-2.));
#8518=CARTESIAN_POINT('',(1.64140566216371,11.9976297487448,-1.83258760618203));
#8519=CARTESIAN_POINT('',(1.71859986974802,11.9204355411605,-2.05314248499436));
#8520=CARTESIAN_POINT('',(1.64140566216371,10.05625,-1.83258760618203));
#8521=CARTESIAN_POINT('Origin',(1.95456445883953,11.9204355411605,-1.97055487881233));
#8522=CARTESIAN_POINT('',(1.87737025125521,12.2335943378363,-1.83258760618203));
#8523=CARTESIAN_POINT('',(1.95456445883953,12.156400130252,-2.05314248499436));
#8524=CARTESIAN_POINT('Origin',(1.87737025125521,11.9976297487448,-1.75));
#8525=CARTESIAN_POINT('Origin',(1.9125,3.87737025125521,-1.75));
#8526=CARTESIAN_POINT('',(2.37262974874479,3.87737025125521,-2.));
#8527=CARTESIAN_POINT('Origin',(2.37262974874479,3.87737025125521,-1.75));
#8528=CARTESIAN_POINT('',(1.87737025125521,3.87737025125521,-2.));
#8529=CARTESIAN_POINT('Origin',(1.87737025125521,3.87737025125521,-1.75));
#8530=CARTESIAN_POINT('',(1.9125,3.87737025125521,-2.));
#8531=CARTESIAN_POINT('Origin',(2.37262974874479,5.81875,-1.75));
#8532=CARTESIAN_POINT('',(2.37262974874479,11.9976297487448,-2.));
#8533=CARTESIAN_POINT('',(2.60859433783629,11.9976297487448,-1.83258760618203));
#8534=CARTESIAN_POINT('Origin',(2.37262974874479,11.9976297487448,-1.75));
#8535=CARTESIAN_POINT('',(2.60859433783629,3.87737025125521,-1.83258760618203));
#8536=CARTESIAN_POINT('',(2.60859433783629,5.81875,-1.83258760618203));
#8537=CARTESIAN_POINT('Origin',(2.37262974874479,3.87737025125521,-1.75));
#8538=CARTESIAN_POINT('',(2.37262974874479,5.81875,-2.));
#8539=CARTESIAN_POINT('Origin',(2.37262974874479,3.87737025125521,-1.75));
#8540=CARTESIAN_POINT('Origin',(2.37262974874479,3.87737025125521,-1.75));
#8541=CARTESIAN_POINT('Origin',(2.3375,11.9976297487448,-1.75));
#8542=CARTESIAN_POINT('',(1.87737025125521,11.9976297487448,-2.));
#8543=CARTESIAN_POINT('Origin',(1.87737025125521,11.9976297487448,-1.75));
#8544=CARTESIAN_POINT('',(2.37262974874479,12.2335943378363,-1.83258760618203));
#8545=CARTESIAN_POINT('',(2.3375,12.2335943378363,-1.83258760618203));
#8546=CARTESIAN_POINT('Origin',(2.37262974874479,11.9976297487448,-1.75));
#8547=CARTESIAN_POINT('',(2.3375,11.9976297487448,-2.));
#8548=CARTESIAN_POINT('Origin',(2.37262974874479,11.9976297487448,-1.75));
#8549=CARTESIAN_POINT('Origin',(2.37262974874479,11.9976297487448,-1.75));
#8550=CARTESIAN_POINT('Origin',(1.87737025125521,10.05625,-1.75));
#8551=CARTESIAN_POINT('Origin',(1.87737025125521,3.87737025125521,-1.75));
#8552=CARTESIAN_POINT('Origin',(1.87737025125521,11.9976297487448,-1.75));
#8553=CARTESIAN_POINT('',(1.87737025125521,10.05625,-2.));
#8554=CARTESIAN_POINT('Origin',(1.87737025125521,11.9976297487448,-1.75));
#8555=CARTESIAN_POINT('Origin',(1.87737025125521,3.87737025125521,-1.75));
#8556=CARTESIAN_POINT('Origin',(1.92031003915244,11.5453100391524,-3.04234202740671));
#8557=CARTESIAN_POINT('',(2.15627462824394,11.5453100391524,-3.12492963358873));
#8558=CARTESIAN_POINT('',(1.92031003915244,11.7812746282439,-3.12492963358873));
#8559=CARTESIAN_POINT('Origin',(2.55,12.175,-2.));
#8560=CARTESIAN_POINT('Origin',(2.125,7.9375,-2.));
#8561=CARTESIAN_POINT('Origin',(29.4125,3.87737025125521,-1.75));
#8562=CARTESIAN_POINT('',(29.8726297487448,3.87737025125521,-2.));
#8563=CARTESIAN_POINT('Origin',(29.8726297487448,3.87737025125521,-1.75));
#8564=CARTESIAN_POINT('',(29.3773702512552,3.87737025125521,-2.));
#8565=CARTESIAN_POINT('Origin',(29.3773702512552,3.87737025125521,-1.75));
#8566=CARTESIAN_POINT('',(29.4125,3.87737025125521,-2.));
#8567=CARTESIAN_POINT('Origin',(29.8726297487448,5.81875,-1.75));
#8568=CARTESIAN_POINT('',(29.8726297487448,11.9976297487448,-2.));
#8569=CARTESIAN_POINT('',(30.1085943378363,11.9976297487448,-1.83258760618203));
#8570=CARTESIAN_POINT('Origin',(29.8726297487448,11.9976297487448,-1.75));
#8571=CARTESIAN_POINT('',(30.1085943378363,3.87737025125521,-1.83258760618203));
#8572=CARTESIAN_POINT('',(30.1085943378363,5.81875,-1.83258760618203));
#8573=CARTESIAN_POINT('Origin',(29.8726297487448,3.87737025125521,-1.75));
#8574=CARTESIAN_POINT('',(29.8726297487448,5.81875,-2.));
#8575=CARTESIAN_POINT('Origin',(29.8726297487448,3.87737025125521,-1.75));
#8576=CARTESIAN_POINT('Origin',(29.8726297487448,3.87737025125521,-1.75));
#8577=CARTESIAN_POINT('Origin',(29.8375,11.9976297487448,-1.75));
#8578=CARTESIAN_POINT('',(29.3773702512552,11.9976297487448,-2.));
#8579=CARTESIAN_POINT('Origin',(29.3773702512552,11.9976297487448,-1.75));
#8580=CARTESIAN_POINT('',(29.8726297487448,12.2335943378363,-1.83258760618203));
#8581=CARTESIAN_POINT('',(29.8375,12.2335943378363,-1.83258760618203));
#8582=CARTESIAN_POINT('Origin',(29.8726297487448,11.9976297487448,-1.75));
#8583=CARTESIAN_POINT('',(29.8375,11.9976297487448,-2.));
#8584=CARTESIAN_POINT('Origin',(29.8726297487448,11.9976297487448,-1.75));
#8585=CARTESIAN_POINT('Origin',(29.8726297487448,11.9976297487448,-1.75));
#8586=CARTESIAN_POINT('Origin',(29.3773702512552,10.05625,-1.75));
#8587=CARTESIAN_POINT('Origin',(29.3773702512552,3.87737025125521,-1.75));
#8588=CARTESIAN_POINT('Origin',(29.3773702512552,11.9976297487448,-1.75));
#8589=CARTESIAN_POINT('',(29.3773702512552,10.05625,-2.));
#8590=CARTESIAN_POINT('Origin',(29.3773702512552,11.9976297487448,-1.75));
#8591=CARTESIAN_POINT('Origin',(29.3773702512552,3.87737025125521,-1.75));
#8592=CARTESIAN_POINT('Origin',(29.4203100391524,11.5453100391524,-3.04234202740671));
#8593=CARTESIAN_POINT('',(29.6562746282439,11.5453100391524,-3.12492963358874));
#8594=CARTESIAN_POINT('',(29.4203100391524,11.7812746282439,-3.12492963358874));
#8595=CARTESIAN_POINT('Origin',(30.05,12.175,-2.));
#8596=CARTESIAN_POINT('Origin',(29.625,7.9375,-2.));
#8597=CARTESIAN_POINT('Origin',(2.29543554116047,3.95456445883953,-1.97055487881233));
#8598=CARTESIAN_POINT('',(2.53140013025198,3.95456445883953,-2.05314248499436));
#8599=CARTESIAN_POINT('Origin',(2.55,3.7,-2.));
#8600=CARTESIAN_POINT('Origin',(29.7954355411605,3.95456445883953,-1.97055487881233));
#8601=CARTESIAN_POINT('',(30.031400130252,3.95456445883953,-2.05314248499436));
#8602=CARTESIAN_POINT('Origin',(30.05,3.7,-2.));
#8603=CARTESIAN_POINT('Origin',(31.5,0.,0.250000000000004));
#8604=CARTESIAN_POINT('',(31.75,1.,0.250000000000004));
#8605=CARTESIAN_POINT('Origin',(31.5,1.,0.250000000000004));
#8606=CARTESIAN_POINT('',(31.75,14.875,0.250000000000004));
#8607=CARTESIAN_POINT('Origin',(31.5,14.875,0.250000000000004));
#8608=CARTESIAN_POINT('',(31.75,0.,0.250000000000004));
#8609=CARTESIAN_POINT('Origin',(30.75,14.875,0.250000000000004));
#8610=CARTESIAN_POINT('',(30.75,15.875,0.250000000000004));
#8611=CARTESIAN_POINT('Origin',(30.75,15.625,0.250000000000004));
#8612=CARTESIAN_POINT('Origin',(30.75,14.875,0.250000000000004));
#8613=CARTESIAN_POINT('Origin',(28.5625,15.625,0.249999999999999));
#8614=CARTESIAN_POINT('',(28.5,15.875,0.249999999999999));
#8615=CARTESIAN_POINT('Origin',(28.5,15.625,0.249999999999999));
#8616=CARTESIAN_POINT('',(28.5625,15.875,0.249999999999999));
#8617=CARTESIAN_POINT('Origin',(28.5,14.875,0.249999999999999));
#8618=CARTESIAN_POINT('',(27.5,14.875,0.249999999999999));
#8619=CARTESIAN_POINT('Origin',(27.75,14.875,0.249999999999999));
#8620=CARTESIAN_POINT('Origin',(28.5,14.875,0.249999999999999));
#8621=CARTESIAN_POINT('Origin',(27.75,0.,0.25));
#8622=CARTESIAN_POINT('',(27.5,3.5,0.249999999999999));
#8623=CARTESIAN_POINT('Origin',(27.75,3.5,0.25));
#8624=CARTESIAN_POINT('',(27.5,0.,0.25));
#8625=CARTESIAN_POINT('Origin',(26.,3.5,0.249999999999999));
#8626=CARTESIAN_POINT('',(26.,2.,0.249999999999999));
#8627=CARTESIAN_POINT('Origin',(26.,1.75,0.249999999999999));
#8628=CARTESIAN_POINT('Origin',(26.,3.5,0.249999999999999));
#8629=CARTESIAN_POINT('Origin',(21.6875,1.75,0.249999999999999));
#8630=CARTESIAN_POINT('',(5.75,2.,0.250000000000004));
#8631=CARTESIAN_POINT('Origin',(5.75,1.75,0.249999999999999));
#8632=CARTESIAN_POINT('',(21.6875,2.,0.249999999999999));
#8633=CARTESIAN_POINT('Origin',(5.75,3.5,0.250000000000004));
#8634=CARTESIAN_POINT('',(4.25,3.5,0.250000000000004));
#8635=CARTESIAN_POINT('Origin',(4.,3.5,0.250000000000004));
#8636=CARTESIAN_POINT('Origin',(5.75,3.5,0.250000000000004));
#8637=CARTESIAN_POINT('Origin',(4.,0.,0.250000000000004));
#8638=CARTESIAN_POINT('',(4.25,14.875,0.250000000000004));
#8639=CARTESIAN_POINT('Origin',(4.,14.875,0.250000000000004));
#8640=CARTESIAN_POINT('',(4.25,0.,0.250000000000004));
#8641=CARTESIAN_POINT('Origin',(3.25,14.875,0.250000000000004));
#8642=CARTESIAN_POINT('',(3.25,15.875,0.250000000000004));
#8643=CARTESIAN_POINT('Origin',(3.25,15.625,0.250000000000004));
#8644=CARTESIAN_POINT('Origin',(3.25,14.875,0.250000000000004));
#8645=CARTESIAN_POINT('Origin',(14.8125,15.625,0.249999999999999));
#8646=CARTESIAN_POINT('',(1.,15.875,0.249999999999999));
#8647=CARTESIAN_POINT('Origin',(1.,15.625,0.249999999999999));
#8648=CARTESIAN_POINT('',(14.8125,15.875,0.249999999999999));
#8649=CARTESIAN_POINT('Origin',(1.,14.875,0.249999999999999));
#8650=CARTESIAN_POINT('',(0.,14.875,0.249999999999999));
#8651=CARTESIAN_POINT('Origin',(0.25,14.875,0.249999999999999));
#8652=CARTESIAN_POINT('Origin',(1.,14.875,0.249999999999999));
#8653=CARTESIAN_POINT('Origin',(0.249999999999999,0.,0.25));
#8654=CARTESIAN_POINT('',(0.,1.,0.249999999999999));
#8655=CARTESIAN_POINT('Origin',(0.249999999999999,1.,0.25));
#8656=CARTESIAN_POINT('',(0.,0.,0.25));
#8657=CARTESIAN_POINT('Origin',(1.,1.,0.249999999999999));
#8658=CARTESIAN_POINT('',(1.,0.,0.249999999999999));
#8659=CARTESIAN_POINT('Origin',(1.,0.25,0.249999999999999));
#8660=CARTESIAN_POINT('Origin',(1.,1.,0.249999999999999));
#8661=CARTESIAN_POINT('Origin',(21.6875,0.25,0.249999999999999));
#8662=CARTESIAN_POINT('',(30.75,0.,0.250000000000004));
#8663=CARTESIAN_POINT('Origin',(30.75,0.25,0.249999999999999));
#8664=CARTESIAN_POINT('',(21.6875,0.,0.249999999999999));
#8665=CARTESIAN_POINT('Origin',(30.75,1.,0.250000000000004));
#8666=CARTESIAN_POINT('Origin',(30.75,1.,0.250000000000004));
#8667=CARTESIAN_POINT('Origin',(3.25,14.875,98.109375));
#8668=CARTESIAN_POINT('',(3.25,15.875,130.5625));
#8669=CARTESIAN_POINT('',(3.25,15.875,98.109375));
#8670=CARTESIAN_POINT('',(4.25,14.875,130.5625));
#8671=CARTESIAN_POINT('Origin',(3.25,14.875,130.5625));
#8672=CARTESIAN_POINT('',(4.25,14.875,98.109375));
#8673=CARTESIAN_POINT('Origin',(2.125,15.875,65.40625));
#8674=CARTESIAN_POINT('',(1.,15.875,130.5625));
#8675=CARTESIAN_POINT('',(1.,15.875,32.703125));
#8676=CARTESIAN_POINT('',(3.1875,15.875,130.5625));
#8677=CARTESIAN_POINT('Origin',(1.,14.875,32.703125));
#8678=CARTESIAN_POINT('',(0.,14.875,130.5625));
#8679=CARTESIAN_POINT('',(0.,14.875,32.703125));
#8680=CARTESIAN_POINT('Origin',(1.,14.875,130.5625));
#8681=CARTESIAN_POINT('Origin',(0.,0.,0.));
#8682=CARTESIAN_POINT('',(0.,1.,130.5625));
#8683=CARTESIAN_POINT('',(0.,1.,32.703125));
#8684=CARTESIAN_POINT('',(0.,0.,130.5625));
#8685=CARTESIAN_POINT('',(0.,6.78279946162075,17.0938));
#8686=CARTESIAN_POINT('',(0.,5.6280989232415,15.0938));
#8687=CARTESIAN_POINT('',(-2.22044604925031E-15,1.65668299792592,8.21510583936526));
#8688=CARTESIAN_POINT('',(0.,6.78279946162075,13.0938));
#8689=CARTESIAN_POINT('',(2.22044604925031E-15,8.76984038693633,9.65214416063474));
#8690=CARTESIAN_POINT('',(0.,9.09220053837925,13.0938));
#8691=CARTESIAN_POINT('',(0.,4.54610026918963,13.0938));
#8692=CARTESIAN_POINT('',(0.,10.2469010767585,15.0938));
#8693=CARTESIAN_POINT('',(-2.22044604925031E-15,5.6981348822533,7.21510583936525));
#8694=CARTESIAN_POINT('',(0.,9.09220053837925,17.0938));
#8695=CARTESIAN_POINT('',(2.22044604925031E-15,11.6565917328845,12.6521441606347));
#8696=CARTESIAN_POINT('',(0.,3.39139973081038,17.0938));
#8697=CARTESIAN_POINT('',(0.,6.78279946162075,57.3438));
#8698=CARTESIAN_POINT('',(0.,5.6280989232415,55.3438));
#8699=CARTESIAN_POINT('',(0.,-7.05769762765503,33.3713558393653));
#8700=CARTESIAN_POINT('',(0.,6.78279946162075,53.3438));
#8701=CARTESIAN_POINT('',(2.22044604925031E-15,17.4842210125172,34.8083941606347));
#8702=CARTESIAN_POINT('',(0.,9.09220053837925,53.3438));
#8703=CARTESIAN_POINT('',(0.,4.54610026918963,53.3438));
#8704=CARTESIAN_POINT('',(0.,10.2469010767585,55.3438));
#8705=CARTESIAN_POINT('',(0.,-3.01624574332764,32.3713558393653));
#8706=CARTESIAN_POINT('',(0.,9.09220053837925,57.3438));
#8707=CARTESIAN_POINT('',(2.22044604925031E-15,20.3709723584654,37.8083941606347));
#8708=CARTESIAN_POINT('',(0.,3.39139973081038,57.3438));
#8709=CARTESIAN_POINT('',(0.,6.78279946162075,97.5938));
#8710=CARTESIAN_POINT('',(0.,5.6280989232415,95.5938));
#8711=CARTESIAN_POINT('',(0.,-15.772078253236,58.5276058393653));
#8712=CARTESIAN_POINT('',(0.,6.78279946162075,93.5938));
#8713=CARTESIAN_POINT('',(0.,26.1986016380981,59.9646441606346));
#8714=CARTESIAN_POINT('',(0.,9.09220053837925,93.5938));
#8715=CARTESIAN_POINT('',(0.,4.54610026918963,93.5938));
#8716=CARTESIAN_POINT('',(0.,10.2469010767585,95.5938));
#8717=CARTESIAN_POINT('',(0.,-11.7306263689085,57.5276058393652));
#8718=CARTESIAN_POINT('',(0.,9.09220053837925,97.5938));
#8719=CARTESIAN_POINT('',(0.,29.0853529840463,62.9646441606348));
#8720=CARTESIAN_POINT('',(0.,3.39139973081038,97.5938));
#8721=CARTESIAN_POINT('',(0.,9.09220053837925,3.0313));
#8722=CARTESIAN_POINT('',(0.,10.2469010767585,5.0313));
#8723=CARTESIAN_POINT('',(0.,7.87673003864853,0.926043339365253));
#8724=CARTESIAN_POINT('',(0.,9.09220053837925,7.0313));
#8725=CARTESIAN_POINT('',(2.22044604925031E-15,9.47799657648923,6.36308166063474));
#8726=CARTESIAN_POINT('',(0.,6.78279946162075,7.0313));
#8727=CARTESIAN_POINT('',(0.,3.39139973081038,7.0313));
#8728=CARTESIAN_POINT('',(0.,5.6280989232415,5.0313));
#8729=CARTESIAN_POINT('',(0.,3.83527815432115,1.92604333936526));
#8730=CARTESIAN_POINT('',(0.,6.78279946162075,3.0313));
#8731=CARTESIAN_POINT('',(0.,6.5912452305411,3.36308166063474));
#8732=CARTESIAN_POINT('',(0.,4.54610026918963,3.0313));
#8733=CARTESIAN_POINT('',(0.,6.78279946162075,107.6563));
#8734=CARTESIAN_POINT('',(0.,5.6280989232415,105.6563));
#8735=CARTESIAN_POINT('',(0.,-17.9506734096312,64.8166683393653));
#8736=CARTESIAN_POINT('',(0.,6.78279946162075,103.6563));
#8737=CARTESIAN_POINT('',(0.,28.3771967944933,66.2537066606346));
#8738=CARTESIAN_POINT('',(0.,9.09220053837925,103.6563));
#8739=CARTESIAN_POINT('',(0.,4.54610026918963,103.6563));
#8740=CARTESIAN_POINT('',(0.,10.2469010767585,105.6563));
#8741=CARTESIAN_POINT('',(0.,-13.9092215253037,63.8166683393652));
#8742=CARTESIAN_POINT('',(0.,9.09220053837925,107.6563));
#8743=CARTESIAN_POINT('',(0.,31.2639481404415,69.2537066606348));
#8744=CARTESIAN_POINT('',(0.,3.39139973081038,107.6563));
#8745=CARTESIAN_POINT('',(0.,6.78279946162075,67.4063));
#8746=CARTESIAN_POINT('',(0.,5.6280989232415,65.4063));
#8747=CARTESIAN_POINT('',(0.,-9.23629278405026,39.6604183393653));
#8748=CARTESIAN_POINT('',(0.,6.78279946162075,63.4063));
#8749=CARTESIAN_POINT('',(2.22044604925031E-15,19.6628161689125,41.0974566606347));
#8750=CARTESIAN_POINT('',(0.,9.09220053837925,63.4063));
#8751=CARTESIAN_POINT('',(0.,4.54610026918963,63.4063));
#8752=CARTESIAN_POINT('',(0.,10.2469010767585,65.4063));
#8753=CARTESIAN_POINT('',(0.,-5.19484089972288,38.6604183393653));
#8754=CARTESIAN_POINT('',(0.,9.09220053837925,67.4063));
#8755=CARTESIAN_POINT('',(2.22044604925031E-15,22.5495675148606,44.0974566606347));
#8756=CARTESIAN_POINT('',(0.,3.39139973081038,67.4063));
#8757=CARTESIAN_POINT('',(0.,6.78279946162075,27.1563));
#8758=CARTESIAN_POINT('',(0.,5.6280989232415,25.1563));
#8759=CARTESIAN_POINT('',(0.,-0.521912158469318,14.5041683393653));
#8760=CARTESIAN_POINT('',(0.,6.78279946162075,23.1563));
#8761=CARTESIAN_POINT('',(0.,10.9484355433316,15.9412066606347));
#8762=CARTESIAN_POINT('',(0.,9.09220053837925,23.1563));
#8763=CARTESIAN_POINT('',(0.,4.54610026918965,23.1563));
#8764=CARTESIAN_POINT('',(0.,10.2469010767585,25.1563));
#8765=CARTESIAN_POINT('',(0.,3.51953972585806,13.5041683393653));
#8766=CARTESIAN_POINT('',(0.,9.09220053837925,27.1563));
#8767=CARTESIAN_POINT('',(2.22044604925031E-15,13.8351868892797,18.9412066606347));
#8768=CARTESIAN_POINT('',(0.,3.39139973081038,27.1563));
#8769=CARTESIAN_POINT('',(0.,6.78279946162075,47.2813));
#8770=CARTESIAN_POINT('',(0.,5.6280989232415,45.2813));
#8771=CARTESIAN_POINT('',(0.,-4.87910247125979,27.0822933393653));
#8772=CARTESIAN_POINT('',(0.,6.78279946162075,43.2813));
#8773=CARTESIAN_POINT('',(2.22044604925031E-15,15.305625856122,28.5193316606347));
#8774=CARTESIAN_POINT('',(0.,9.09220053837925,43.2813));
#8775=CARTESIAN_POINT('',(0.,4.54610026918963,43.2813));
#8776=CARTESIAN_POINT('',(0.,10.2469010767585,45.2813));
#8777=CARTESIAN_POINT('',(0.,-0.837650586932412,26.0822933393653));
#8778=CARTESIAN_POINT('',(0.,9.09220053837925,47.2813));
#8779=CARTESIAN_POINT('',(2.22044604925031E-15,18.1923772020701,31.5193316606347));
#8780=CARTESIAN_POINT('',(0.,3.39139973081038,47.2813));
#8781=CARTESIAN_POINT('',(0.,6.78279946162075,87.5313));
#8782=CARTESIAN_POINT('',(0.,5.6280989232415,85.5313));
#8783=CARTESIAN_POINT('',(0.,-13.5934830968407,52.2385433393653));
#8784=CARTESIAN_POINT('',(0.,6.78279946162075,83.5313));
#8785=CARTESIAN_POINT('',(0.,24.0200064817029,53.6755816606346));
#8786=CARTESIAN_POINT('',(0.,9.09220053837925,83.5313));
#8787=CARTESIAN_POINT('',(0.,4.54610026918963,83.5313));
#8788=CARTESIAN_POINT('',(0.,10.2469010767585,85.5313));
#8789=CARTESIAN_POINT('',(0.,-9.55203121251324,51.2385433393652));
#8790=CARTESIAN_POINT('',(0.,9.09220053837925,87.5313));
#8791=CARTESIAN_POINT('',(0.,26.9067578276511,56.6755816606348));
#8792=CARTESIAN_POINT('',(0.,3.39139973081038,87.5313));
#8793=CARTESIAN_POINT('',(0.,6.78279946162075,127.7813));
#8794=CARTESIAN_POINT('',(0.,5.6280989232415,125.7813));
#8795=CARTESIAN_POINT('',(0.,-22.3078637224217,77.3947933393654));
#8796=CARTESIAN_POINT('',(0.,6.78279946162075,123.7813));
#8797=CARTESIAN_POINT('',(0.,32.7343871072838,78.8318316606346));
#8798=CARTESIAN_POINT('',(0.,9.09220053837925,123.7813));
#8799=CARTESIAN_POINT('',(0.,4.54610026918963,123.7813));
#8800=CARTESIAN_POINT('',(0.,10.2469010767585,125.7813));
#8801=CARTESIAN_POINT('',(0.,-18.2664118380941,76.3947933393652));
#8802=CARTESIAN_POINT('',(0.,9.09220053837925,127.7813));
#8803=CARTESIAN_POINT('',(0.,35.621138453232,81.8318316606348));
#8804=CARTESIAN_POINT('',(0.,3.39139973081038,127.7813));
#8805=CARTESIAN_POINT('',(0.,6.78279946162075,117.7188));
#8806=CARTESIAN_POINT('',(0.,5.6280989232415,115.7188));
#8807=CARTESIAN_POINT('',(0.,-20.1292685660264,71.1057308393654));
#8808=CARTESIAN_POINT('',(0.,6.78279946162075,113.7188));
#8809=CARTESIAN_POINT('',(0.,30.5557919508885,72.5427691606346));
#8810=CARTESIAN_POINT('',(0.,9.09220053837925,113.7188));
#8811=CARTESIAN_POINT('',(0.,4.54610026918963,113.7188));
#8812=CARTESIAN_POINT('',(0.,10.2469010767585,115.7188));
#8813=CARTESIAN_POINT('',(0.,-16.0878166816989,70.1057308393652));
#8814=CARTESIAN_POINT('',(0.,9.09220053837925,117.7188));
#8815=CARTESIAN_POINT('',(0.,33.4425432968368,75.5427691606348));
#8816=CARTESIAN_POINT('',(0.,3.39139973081038,117.7188));
#8817=CARTESIAN_POINT('',(0.,6.78279946162075,77.4688));
#8818=CARTESIAN_POINT('',(0.,5.6280989232415,75.4688));
#8819=CARTESIAN_POINT('',(0.,-11.4148879404455,45.9494808393653));
#8820=CARTESIAN_POINT('',(0.,6.78279946162075,73.4688));
#8821=CARTESIAN_POINT('',(2.22044604925031E-15,21.8414113253077,47.3865191606347));
#8822=CARTESIAN_POINT('',(0.,9.09220053837925,73.4688));
#8823=CARTESIAN_POINT('',(0.,4.54610026918963,73.4688));
#8824=CARTESIAN_POINT('',(0.,10.2469010767585,75.4688));
#8825=CARTESIAN_POINT('',(0.,-7.37343605611811,44.9494808393653));
#8826=CARTESIAN_POINT('',(0.,9.09220053837925,77.4688));
#8827=CARTESIAN_POINT('',(2.22044604925031E-15,24.7281626712558,50.3865191606347));
#8828=CARTESIAN_POINT('',(0.,3.39139973081038,77.4688));
#8829=CARTESIAN_POINT('',(0.,6.78279946162075,37.2188));
#8830=CARTESIAN_POINT('',(0.,5.6280989232415,35.2188));
#8831=CARTESIAN_POINT('',(-2.22044604925031E-15,-2.70050731486454,20.7932308393653));
#8832=CARTESIAN_POINT('',(0.,6.78279946162075,33.2188));
#8833=CARTESIAN_POINT('',(2.22044604925031E-15,13.1270306997268,22.2302691606347));
#8834=CARTESIAN_POINT('',(0.,9.09220053837925,33.2188));
#8835=CARTESIAN_POINT('',(0.,4.54610026918963,33.2188));
#8836=CARTESIAN_POINT('',(0.,10.2469010767585,35.2188));
#8837=CARTESIAN_POINT('',(2.22044604925031E-15,1.34094456946285,19.7932308393653));
#8838=CARTESIAN_POINT('',(0.,9.09220053837925,37.2188));
#8839=CARTESIAN_POINT('',(0.,16.0137820456749,25.2302691606347));
#8840=CARTESIAN_POINT('',(0.,3.39139973081041,37.2188));
#8841=CARTESIAN_POINT('Origin',(1.,1.,32.703125));
#8842=CARTESIAN_POINT('',(1.,0.,130.5625));
#8843=CARTESIAN_POINT('',(1.,0.,32.703125));
#8844=CARTESIAN_POINT('Origin',(1.,1.,130.5625));
#8845=CARTESIAN_POINT('Origin',(15.875,0.,65.40625));
#8846=CARTESIAN_POINT('',(30.75,0.,130.5625));
#8847=CARTESIAN_POINT('',(30.75,0.,98.109375));
#8848=CARTESIAN_POINT('',(10.0625,0.,130.5625));
#8849=CARTESIAN_POINT('',(5.9625,0.,5.0313));
#8850=CARTESIAN_POINT('Origin',(9.0625,0.,5.0313));
#8851=CARTESIAN_POINT('',(5.9625,0.,55.3438));
#8852=CARTESIAN_POINT('Origin',(9.0625,0.,55.3438));
#8853=CARTESIAN_POINT('',(19.5875,0.,15.0938));
#8854=CARTESIAN_POINT('Origin',(22.6875,0.,15.0938));
#8855=CARTESIAN_POINT('',(5.9625,0.,125.7813));
#8856=CARTESIAN_POINT('Origin',(9.0625,0.,125.7813));
#8857=CARTESIAN_POINT('',(19.5875,0.,105.6563));
#8858=CARTESIAN_POINT('Origin',(22.6875,0.,105.6563));
#8859=CARTESIAN_POINT('',(19.5875,0.,5.0313));
#8860=CARTESIAN_POINT('Origin',(22.6875,0.,5.0313));
#8861=CARTESIAN_POINT('',(19.5875,0.,65.4063));
#8862=CARTESIAN_POINT('Origin',(22.6875,0.,65.4063));
#8863=CARTESIAN_POINT('',(5.9625,0.,45.2813));
#8864=CARTESIAN_POINT('Origin',(9.0625,0.,45.2813));
#8865=CARTESIAN_POINT('',(19.5875,0.,125.7813));
#8866=CARTESIAN_POINT('Origin',(22.6875,0.,125.7813));
#8867=CARTESIAN_POINT('',(5.9625,0.,75.4688));
#8868=CARTESIAN_POINT('Origin',(9.0625,0.,75.4688));
#8869=CARTESIAN_POINT('',(5.9625,0.,25.1563));
#8870=CARTESIAN_POINT('Origin',(9.0625,0.,25.1563));
#8871=CARTESIAN_POINT('',(5.9625,0.,15.0938));
#8872=CARTESIAN_POINT('Origin',(9.0625,0.,15.0938));
#8873=CARTESIAN_POINT('',(19.5875,0.,35.2188));
#8874=CARTESIAN_POINT('Origin',(22.6875,0.,35.2188));
#8875=CARTESIAN_POINT('',(19.5875,0.,95.5938));
#8876=CARTESIAN_POINT('Origin',(22.6875,0.,95.5938));
#8877=CARTESIAN_POINT('',(19.5875,0.,55.3438));
#8878=CARTESIAN_POINT('Origin',(22.6875,0.,55.3438));
#8879=CARTESIAN_POINT('',(19.5875,0.,85.5313));
#8880=CARTESIAN_POINT('Origin',(22.6875,0.,85.5313));
#8881=CARTESIAN_POINT('',(5.9625,0.,95.5938));
#8882=CARTESIAN_POINT('Origin',(9.0625,0.,95.5938));
#8883=CARTESIAN_POINT('',(5.9625,0.,35.2188));
#8884=CARTESIAN_POINT('Origin',(9.0625,0.,35.2188));
#8885=CARTESIAN_POINT('',(19.5875,0.,115.7188));
#8886=CARTESIAN_POINT('Origin',(22.6875,0.,115.7188));
#8887=CARTESIAN_POINT('',(19.5875,0.,75.4688));
#8888=CARTESIAN_POINT('Origin',(22.6875,0.,75.4688));
#8889=CARTESIAN_POINT('',(5.9625,0.,105.6563));
#8890=CARTESIAN_POINT('Origin',(9.0625,0.,105.6563));
#8891=CARTESIAN_POINT('',(5.9625,0.,115.7188));
#8892=CARTESIAN_POINT('Origin',(9.0625,0.,115.7188));
#8893=CARTESIAN_POINT('',(5.9625,0.,85.5313));
#8894=CARTESIAN_POINT('Origin',(9.0625,0.,85.5313));
#8895=CARTESIAN_POINT('',(19.5875,0.,25.1563));
#8896=CARTESIAN_POINT('Origin',(22.6875,0.,25.1563));
#8897=CARTESIAN_POINT('',(5.9625,0.,65.4063));
#8898=CARTESIAN_POINT('Origin',(9.0625,0.,65.4063));
#8899=CARTESIAN_POINT('',(19.5875,0.,45.2813));
#8900=CARTESIAN_POINT('Origin',(22.6875,0.,45.2813));
#8901=CARTESIAN_POINT('Origin',(30.75,1.,98.109375));
#8902=CARTESIAN_POINT('',(31.75,1.,130.5625));
#8903=CARTESIAN_POINT('',(31.75,1.,98.109375));
#8904=CARTESIAN_POINT('Origin',(30.75,1.,130.5625));
#8905=CARTESIAN_POINT('Origin',(31.75,0.,130.8125));
#8906=CARTESIAN_POINT('',(31.75,14.875,130.5625));
#8907=CARTESIAN_POINT('',(31.75,14.875,98.109375));
#8908=CARTESIAN_POINT('',(31.75,0.,130.5625));
#8909=CARTESIAN_POINT('',(31.75,5.6280989232415,35.2188));
#8910=CARTESIAN_POINT('',(31.75,6.78279946162075,37.2188));
#8911=CARTESIAN_POINT('',(31.75,25.6212297182734,69.8479183393653));
#8912=CARTESIAN_POINT('',(31.75,9.09220053837925,37.2188));
#8913=CARTESIAN_POINT('',(31.75,3.39139973081029,37.2188));
#8914=CARTESIAN_POINT('',(31.75,10.2469010767585,35.2188));
#8915=CARTESIAN_POINT('',(31.75,-12.3079549874631,74.2849566606347));
#8916=CARTESIAN_POINT('',(31.75,9.09220053837925,33.2188));
#8917=CARTESIAN_POINT('',(31.75,29.6626816026008,68.8479183393653));
#8918=CARTESIAN_POINT('',(31.75,6.78279946162075,33.2188));
#8919=CARTESIAN_POINT('',(31.75,4.54610026918963,33.2188));
#8920=CARTESIAN_POINT('',(31.75,-15.1947063334112,71.2849566606348));
#8921=CARTESIAN_POINT('',(31.75,5.6280989232415,75.4688));
#8922=CARTESIAN_POINT('',(31.75,6.78279946162075,77.4688));
#8923=CARTESIAN_POINT('',(31.75,16.9068490926925,95.0041683393652));
#8924=CARTESIAN_POINT('',(31.75,9.09220053837925,77.4688));
#8925=CARTESIAN_POINT('',(31.75,3.39139973081038,77.4688));
#8926=CARTESIAN_POINT('',(31.75,10.2469010767585,75.4688));
#8927=CARTESIAN_POINT('',(31.75,-3.59357436188212,99.4412066606348));
#8928=CARTESIAN_POINT('',(31.75,9.09220053837925,73.4688));
#8929=CARTESIAN_POINT('',(31.75,20.9483009770199,94.0041683393652));
#8930=CARTESIAN_POINT('',(31.75,6.78279946162075,73.4688));
#8931=CARTESIAN_POINT('',(31.75,4.54610026918963,73.4688));
#8932=CARTESIAN_POINT('',(31.75,-6.48032570783026,96.4412066606348));
#8933=CARTESIAN_POINT('',(31.75,5.6280989232415,115.7188));
#8934=CARTESIAN_POINT('',(31.75,6.78279946162075,117.7188));
#8935=CARTESIAN_POINT('',(31.75,8.19246846711161,120.160418339365));
#8936=CARTESIAN_POINT('',(31.75,9.09220053837925,117.7188));
#8937=CARTESIAN_POINT('',(31.75,3.39139973081038,117.7188));
#8938=CARTESIAN_POINT('',(31.75,10.2469010767585,115.7188));
#8939=CARTESIAN_POINT('',(31.75,5.12080626369877,124.597456660635));
#8940=CARTESIAN_POINT('',(31.75,9.09220053837925,113.7188));
#8941=CARTESIAN_POINT('',(31.75,12.233920351439,119.160418339365));
#8942=CARTESIAN_POINT('',(31.75,6.78279946162075,113.7188));
#8943=CARTESIAN_POINT('',(31.75,4.54610026918963,113.7188));
#8944=CARTESIAN_POINT('',(31.75,2.23405491775066,121.597456660635));
#8945=CARTESIAN_POINT('',(31.75,5.6280989232415,125.7813));
#8946=CARTESIAN_POINT('',(31.75,6.78279946162075,127.7813));
#8947=CARTESIAN_POINT('',(31.75,6.01387331071637,126.449480839365));
#8948=CARTESIAN_POINT('',(31.75,9.09220053837925,127.7813));
#8949=CARTESIAN_POINT('',(31.75,3.39139973081038,127.7813));
#8950=CARTESIAN_POINT('',(31.75,10.2469010767585,125.7813));
#8951=CARTESIAN_POINT('',(31.75,7.299401420094,130.886519160635));
#8952=CARTESIAN_POINT('',(31.75,9.09220053837925,123.7813));
#8953=CARTESIAN_POINT('',(31.75,10.0553251950438,125.449480839365));
#8954=CARTESIAN_POINT('',(31.75,6.78279946162075,123.7813));
#8955=CARTESIAN_POINT('',(31.75,4.54610026918963,123.7813));
#8956=CARTESIAN_POINT('',(31.75,4.41265007414588,127.886519160635));
#8957=CARTESIAN_POINT('',(31.75,5.6280989232415,85.5313));
#8958=CARTESIAN_POINT('',(31.75,6.78279946162075,87.5313));
#8959=CARTESIAN_POINT('',(31.75,14.7282539362973,101.293230839365));
#8960=CARTESIAN_POINT('',(31.75,9.09220053837925,87.5313));
#8961=CARTESIAN_POINT('',(31.75,3.39139973081038,87.5313));
#8962=CARTESIAN_POINT('',(31.75,10.2469010767585,85.5313));
#8963=CARTESIAN_POINT('',(31.75,-1.41497920548693,105.730269160635));
#8964=CARTESIAN_POINT('',(31.75,9.09220053837925,83.5313));
#8965=CARTESIAN_POINT('',(31.75,18.7697058206247,100.293230839365));
#8966=CARTESIAN_POINT('',(31.75,6.78279946162075,83.5313));
#8967=CARTESIAN_POINT('',(31.75,4.54610026918963,83.5313));
#8968=CARTESIAN_POINT('',(31.75,-4.301730551435,102.730269160635));
#8969=CARTESIAN_POINT('',(31.75,5.6280989232415,45.2813));
#8970=CARTESIAN_POINT('',(31.75,6.78279946162075,47.2813));
#8971=CARTESIAN_POINT('',(31.75,23.4426345618782,76.1369808393652));
#8972=CARTESIAN_POINT('',(31.75,9.09220053837925,47.2813));
#8973=CARTESIAN_POINT('',(31.75,3.39139973081038,47.2813));
#8974=CARTESIAN_POINT('',(31.75,10.2469010767585,45.2813));
#8975=CARTESIAN_POINT('',(31.75,-10.1293598310678,80.5740191606348));
#8976=CARTESIAN_POINT('',(31.75,9.09220053837925,43.2813));
#8977=CARTESIAN_POINT('',(31.75,27.4840864462056,75.1369808393652));
#8978=CARTESIAN_POINT('',(31.75,6.78279946162075,43.2813));
#8979=CARTESIAN_POINT('',(31.75,4.54610026918963,43.2813));
#8980=CARTESIAN_POINT('',(31.75,-13.0161111770159,77.5740191606348));
#8981=CARTESIAN_POINT('',(31.75,5.6280989232415,25.1563));
#8982=CARTESIAN_POINT('',(31.75,6.78279946162075,27.1563));
#8983=CARTESIAN_POINT('',(31.75,27.7998248746687,63.5588558393652));
#8984=CARTESIAN_POINT('',(31.75,9.09220053837925,27.1563));
#8985=CARTESIAN_POINT('',(31.75,3.39139973081038,27.1563));
#8986=CARTESIAN_POINT('',(31.75,10.2469010767585,25.1563));
#8987=CARTESIAN_POINT('',(31.75,-14.4865501438583,67.9958941606348));
#8988=CARTESIAN_POINT('',(31.75,9.09220053837925,23.1563));
#8989=CARTESIAN_POINT('',(31.75,31.8412767589961,62.5588558393652));
#8990=CARTESIAN_POINT('',(31.75,6.78279946162075,23.1563));
#8991=CARTESIAN_POINT('',(31.75,4.54610026918952,23.1563));
#8992=CARTESIAN_POINT('',(31.75,-17.3733014898064,64.9958941606347));
#8993=CARTESIAN_POINT('',(31.75,5.6280989232415,65.4063));
#8994=CARTESIAN_POINT('',(31.75,6.78279946162075,67.4063));
#8995=CARTESIAN_POINT('',(31.75,19.0854442490878,88.7151058393652));
#8996=CARTESIAN_POINT('',(31.75,9.09220053837925,67.4063));
#8997=CARTESIAN_POINT('',(31.75,3.39139973081038,67.4063));
#8998=CARTESIAN_POINT('',(31.75,10.2469010767585,65.4063));
#8999=CARTESIAN_POINT('',(31.75,-5.77216951827735,93.1521441606348));
#9000=CARTESIAN_POINT('',(31.75,9.09220053837925,63.4063));
#9001=CARTESIAN_POINT('',(31.75,23.1268961334151,87.7151058393652));
#9002=CARTESIAN_POINT('',(31.75,6.78279946162075,63.4063));
#9003=CARTESIAN_POINT('',(31.75,4.54610026918963,63.4063));
#9004=CARTESIAN_POINT('',(31.75,-8.65892086422549,90.1521441606348));
#9005=CARTESIAN_POINT('',(31.75,5.6280989232415,105.6563));
#9006=CARTESIAN_POINT('',(31.75,6.78279946162075,107.6563));
#9007=CARTESIAN_POINT('',(31.75,10.3710636235068,113.871355839365));
#9008=CARTESIAN_POINT('',(31.75,9.09220053837925,107.6563));
#9009=CARTESIAN_POINT('',(31.75,3.39139973081038,107.6563));
#9010=CARTESIAN_POINT('',(31.75,10.2469010767585,105.6563));
#9011=CARTESIAN_POINT('',(31.75,2.94221110730353,118.308394160635));
#9012=CARTESIAN_POINT('',(31.75,9.09220053837925,103.6563));
#9013=CARTESIAN_POINT('',(31.75,14.4125155078342,112.871355839365));
#9014=CARTESIAN_POINT('',(31.75,6.78279946162075,103.6563));
#9015=CARTESIAN_POINT('',(31.75,4.54610026918963,103.6563));
#9016=CARTESIAN_POINT('',(31.75,0.0554597613554375,115.308394160635));
#9017=CARTESIAN_POINT('',(31.75,10.2469010767585,5.0313));
#9018=CARTESIAN_POINT('',(31.75,9.09220053837925,3.0313));
#9019=CARTESIAN_POINT('',(31.75,36.1984670717865,49.9807308393652));
#9020=CARTESIAN_POINT('',(31.75,6.78279946162075,3.0313));
#9021=CARTESIAN_POINT('',(31.75,4.5461002691896,3.03129999999999));
#9022=CARTESIAN_POINT('',(31.75,5.6280989232415,5.0313));
#9023=CARTESIAN_POINT('',(31.75,-21.7304918025968,52.4177691606348));
#9024=CARTESIAN_POINT('',(31.75,6.78279946162075,7.0313));
#9025=CARTESIAN_POINT('',(31.75,32.1570151874592,50.9807308393652));
#9026=CARTESIAN_POINT('',(31.75,9.09220053837925,7.0313));
#9027=CARTESIAN_POINT('',(31.75,3.39139973081032,7.0313));
#9028=CARTESIAN_POINT('',(31.75,-18.8437404566487,55.4177691606348));
#9029=CARTESIAN_POINT('',(31.75,5.6280989232415,95.5938));
#9030=CARTESIAN_POINT('',(31.75,6.78279946162075,97.5938));
#9031=CARTESIAN_POINT('',(31.75,12.5496587799021,107.582293339365));
#9032=CARTESIAN_POINT('',(31.75,9.09220053837925,97.5938));
#9033=CARTESIAN_POINT('',(31.75,3.39139973081038,97.5938));
#9034=CARTESIAN_POINT('',(31.75,10.2469010767585,95.5938));
#9035=CARTESIAN_POINT('',(31.75,0.763615950908301,112.019331660635));
#9036=CARTESIAN_POINT('',(31.75,9.09220053837925,93.5938));
#9037=CARTESIAN_POINT('',(31.75,16.5911106642294,106.582293339365));
#9038=CARTESIAN_POINT('',(31.75,6.78279946162075,93.5938));
#9039=CARTESIAN_POINT('',(31.75,4.54610026918963,93.5938));
#9040=CARTESIAN_POINT('',(31.75,-2.12313539503978,109.019331660635));
#9041=CARTESIAN_POINT('',(31.75,5.6280989232415,55.3438));
#9042=CARTESIAN_POINT('',(31.75,6.78279946162075,57.3438));
#9043=CARTESIAN_POINT('',(31.75,21.264039405483,82.4260433393652));
#9044=CARTESIAN_POINT('',(31.75,9.09220053837925,57.3438));
#9045=CARTESIAN_POINT('',(31.75,3.39139973081038,57.3438));
#9046=CARTESIAN_POINT('',(31.75,10.2469010767585,55.3438));
#9047=CARTESIAN_POINT('',(31.75,-7.95076467467258,86.8630816606348));
#9048=CARTESIAN_POINT('',(31.75,9.09220053837925,53.3438));
#9049=CARTESIAN_POINT('',(31.75,25.3054912898104,81.4260433393652));
#9050=CARTESIAN_POINT('',(31.75,6.78279946162075,53.3438));
#9051=CARTESIAN_POINT('',(31.75,4.54610026918963,53.3438));
#9052=CARTESIAN_POINT('',(31.75,-10.8375160206207,83.8630816606348));
#9053=CARTESIAN_POINT('',(31.75,5.6280989232415,15.0938));
#9054=CARTESIAN_POINT('',(31.75,6.78279946162075,17.0938));
#9055=CARTESIAN_POINT('',(31.75,29.9784200310639,57.2697933393652));
#9056=CARTESIAN_POINT('',(31.75,9.09220053837925,17.0938));
#9057=CARTESIAN_POINT('',(31.75,3.39139973081032,17.0938));
#9058=CARTESIAN_POINT('',(31.75,10.2469010767585,15.0938));
#9059=CARTESIAN_POINT('',(31.75,-16.6651453002535,61.7068316606348));
#9060=CARTESIAN_POINT('',(31.75,9.09220053837925,13.0938));
#9061=CARTESIAN_POINT('',(31.75,34.0198719153913,56.2697933393652));
#9062=CARTESIAN_POINT('',(31.75,6.78279946162075,13.0938));
#9063=CARTESIAN_POINT('',(31.75,4.54610026918957,13.0938));
#9064=CARTESIAN_POINT('',(31.75,-19.5518966462016,58.7068316606348));
#9065=CARTESIAN_POINT('Origin',(0.25,0.,130.5625));
#9066=CARTESIAN_POINT('',(0.25,1.,130.8125));
#9067=CARTESIAN_POINT('Origin',(0.25,1.,130.5625));
#9068=CARTESIAN_POINT('',(0.25,14.875,130.8125));
#9069=CARTESIAN_POINT('',(0.25,0.,130.8125));
#9070=CARTESIAN_POINT('Origin',(0.25,14.875,130.5625));
#9071=CARTESIAN_POINT('Origin',(1.,14.875,130.5625));
#9072=CARTESIAN_POINT('',(1.,15.625,130.8125));
#9073=CARTESIAN_POINT('Origin',(1.,15.625,130.5625));
#9074=CARTESIAN_POINT('Origin',(1.,14.875,130.8125));
#9075=CARTESIAN_POINT('Origin',(3.1875,15.625,130.5625));
#9076=CARTESIAN_POINT('',(3.25,15.625,130.8125));
#9077=CARTESIAN_POINT('Origin',(3.25,15.625,130.5625));
#9078=CARTESIAN_POINT('',(3.1875,15.625,130.8125));
#9079=CARTESIAN_POINT('Origin',(3.25,14.875,130.5625));
#9080=CARTESIAN_POINT('',(4.,14.875,130.8125));
#9081=CARTESIAN_POINT('Origin',(4.,14.875,130.5625));
#9082=CARTESIAN_POINT('Origin',(3.25,14.875,130.8125));
#9083=CARTESIAN_POINT('Origin',(4.,0.,130.5625));
#9084=CARTESIAN_POINT('',(4.,3.5,130.8125));
#9085=CARTESIAN_POINT('',(4.25,3.5,130.5625));
#9086=CARTESIAN_POINT('Origin',(4.,3.5,130.5625));
#9087=CARTESIAN_POINT('',(4.25,0.,130.5625));
#9088=CARTESIAN_POINT('',(4.,0.,130.8125));
#9089=CARTESIAN_POINT('Origin',(5.75,3.5,130.5625));
#9090=CARTESIAN_POINT('',(5.75,1.75,130.8125));
#9091=CARTESIAN_POINT('',(5.75,2.,130.5625));
#9092=CARTESIAN_POINT('Origin',(5.75,1.75,130.5625));
#9093=CARTESIAN_POINT('Origin',(5.75,3.5,130.5625));
#9094=CARTESIAN_POINT('Origin',(5.75,3.5,130.8125));
#9095=CARTESIAN_POINT('Origin',(10.0625,1.75,130.5625));
#9096=CARTESIAN_POINT('',(26.,1.75,130.8125));
#9097=CARTESIAN_POINT('',(26.,2.,130.5625));
#9098=CARTESIAN_POINT('Origin',(26.,1.75,130.5625));
#9099=CARTESIAN_POINT('',(10.0625,2.,130.5625));
#9100=CARTESIAN_POINT('',(10.0625,1.75,130.8125));
#9101=CARTESIAN_POINT('Origin',(26.,3.5,130.5625));
#9102=CARTESIAN_POINT('',(27.75,3.5,130.8125));
#9103=CARTESIAN_POINT('',(27.5,3.5,130.5625));
#9104=CARTESIAN_POINT('Origin',(27.75,3.5,130.5625));
#9105=CARTESIAN_POINT('Origin',(26.,3.5,130.5625));
#9106=CARTESIAN_POINT('Origin',(26.,3.5,130.8125));
#9107=CARTESIAN_POINT('Origin',(27.75,0.,130.5625));
#9108=CARTESIAN_POINT('',(27.75,14.875,130.8125));
#9109=CARTESIAN_POINT('',(27.5,14.875,130.5625));
#9110=CARTESIAN_POINT('Origin',(27.75,14.875,130.5625));
#9111=CARTESIAN_POINT('',(27.5,0.,130.5625));
#9112=CARTESIAN_POINT('',(27.75,0.,130.8125));
#9113=CARTESIAN_POINT('Origin',(28.5,14.875,130.5625));
#9114=CARTESIAN_POINT('',(28.5,15.625,130.8125));
#9115=CARTESIAN_POINT('',(28.5,15.875,130.5625));
#9116=CARTESIAN_POINT('Origin',(28.5,15.625,130.5625));
#9117=CARTESIAN_POINT('Origin',(28.5,14.875,130.5625));
#9118=CARTESIAN_POINT('Origin',(28.5,14.875,130.8125));
#9119=CARTESIAN_POINT('Origin',(16.9375,15.625,130.5625));
#9120=CARTESIAN_POINT('',(30.75,15.625,130.8125));
#9121=CARTESIAN_POINT('',(30.75,15.875,130.5625));
#9122=CARTESIAN_POINT('Origin',(30.75,15.625,130.5625));
#9123=CARTESIAN_POINT('',(16.9375,15.875,130.5625));
#9124=CARTESIAN_POINT('',(16.9375,15.625,130.8125));
#9125=CARTESIAN_POINT('Origin',(30.75,14.875,130.5625));
#9126=CARTESIAN_POINT('',(31.5,14.875,130.8125));
#9127=CARTESIAN_POINT('Origin',(31.5,14.875,130.5625));
#9128=CARTESIAN_POINT('Origin',(30.75,14.875,130.5625));
#9129=CARTESIAN_POINT('Origin',(30.75,14.875,130.8125));
#9130=CARTESIAN_POINT('Origin',(31.5,0.,130.5625));
#9131=CARTESIAN_POINT('',(31.5,1.,130.8125));
#9132=CARTESIAN_POINT('Origin',(31.5,1.,130.5625));
#9133=CARTESIAN_POINT('',(31.5,0.,130.8125));
#9134=CARTESIAN_POINT('Origin',(30.75,1.,130.5625));
#9135=CARTESIAN_POINT('',(30.75,0.25,130.8125));
#9136=CARTESIAN_POINT('Origin',(30.75,0.25,130.5625));
#9137=CARTESIAN_POINT('Origin',(30.75,1.,130.8125));
#9138=CARTESIAN_POINT('Origin',(10.0625,0.25,130.5625));
#9139=CARTESIAN_POINT('',(1.,0.25,130.8125));
#9140=CARTESIAN_POINT('Origin',(1.,0.25,130.5625));
#9141=CARTESIAN_POINT('',(10.0625,0.25,130.8125));
#9142=CARTESIAN_POINT('Origin',(1.,1.,130.5625));
#9143=CARTESIAN_POINT('Origin',(1.,1.,130.8125));
#9144=CARTESIAN_POINT('Origin',(28.5,14.875,32.703125));
#9145=CARTESIAN_POINT('',(27.5,14.875,32.703125));
#9146=CARTESIAN_POINT('',(28.5,15.875,32.703125));
#9147=CARTESIAN_POINT('Origin',(29.625,15.875,65.40625));
#9148=CARTESIAN_POINT('',(30.75,15.875,98.109375));
#9149=CARTESIAN_POINT('Origin',(30.75,14.875,98.109375));
#9150=CARTESIAN_POINT('Origin',(4.25,0.,130.8125));
#9151=CARTESIAN_POINT('',(3.35,14.7330443733029,130.8125));
#9152=CARTESIAN_POINT('',(3.35,1.14195562669707,130.8125));
#9153=CARTESIAN_POINT('',(3.35,7.4875,130.8125));
#9154=CARTESIAN_POINT('',(3.10804437330294,0.9,130.8125));
#9155=CARTESIAN_POINT('Origin',(3.09168817293821,1.15831182706179,130.8125));
#9156=CARTESIAN_POINT('',(1.14195562669707,0.899999999999999,130.8125));
#9157=CARTESIAN_POINT('',(3.8,0.9,130.8125));
#9158=CARTESIAN_POINT('',(0.9,1.14195562669707,130.8125));
#9159=CARTESIAN_POINT('Origin',(1.15831182706179,1.15831182706179,130.8125));
#9160=CARTESIAN_POINT('',(0.9,14.7330443733029,130.8125));
#9161=CARTESIAN_POINT('',(0.9,0.45,130.8125));
#9162=CARTESIAN_POINT('',(1.14195562669707,14.975,130.8125));
#9163=CARTESIAN_POINT('Origin',(1.15831182706179,14.7166881729382,130.8125));
#9164=CARTESIAN_POINT('',(3.10804437330293,14.975,130.8125));
#9165=CARTESIAN_POINT('',(2.575,14.975,130.8125));
#9166=CARTESIAN_POINT('Origin',(3.09168817293821,14.7166881729382,130.8125));
#9167=CARTESIAN_POINT('',(28.4,1.14195562669707,130.8125));
#9168=CARTESIAN_POINT('',(28.4,14.7330443733029,130.8125));
#9169=CARTESIAN_POINT('',(28.4,0.45,130.8125));
#9170=CARTESIAN_POINT('',(28.6419556266971,14.975,130.8125));
#9171=CARTESIAN_POINT('Origin',(28.6583118270618,14.7166881729382,130.8125));
#9172=CARTESIAN_POINT('',(30.6080443733029,14.975,130.8125));
#9173=CARTESIAN_POINT('',(16.325,14.975,130.8125));
#9174=CARTESIAN_POINT('',(30.85,14.7330443733029,130.8125));
#9175=CARTESIAN_POINT('Origin',(30.5916881729382,14.7166881729382,130.8125));
#9176=CARTESIAN_POINT('',(30.85,1.14195562669707,130.8125));
#9177=CARTESIAN_POINT('',(30.85,7.4875,130.8125));
#9178=CARTESIAN_POINT('',(30.6080443733029,0.9,130.8125));
#9179=CARTESIAN_POINT('Origin',(30.5916881729382,1.15831182706179,130.8125));
#9180=CARTESIAN_POINT('',(28.6419556266971,0.9,130.8125));
#9181=CARTESIAN_POINT('',(17.55,0.899999999999996,130.8125));
#9182=CARTESIAN_POINT('Origin',(28.6583118270618,1.15831182706179,130.8125));
#9183=CARTESIAN_POINT('Origin',(26.,3.5,32.703125));
#9184=CARTESIAN_POINT('',(26.,2.,32.703125));
#9185=CARTESIAN_POINT('',(27.5,3.5,32.703125));
#9186=CARTESIAN_POINT('Origin',(27.5,0.,2.60237444818813E-16));
#9187=CARTESIAN_POINT('',(27.5,6.78279946162075,17.0938));
#9188=CARTESIAN_POINT('',(27.5,5.6280989232415,15.0938));
#9189=CARTESIAN_POINT('',(27.5,1.65668299792592,8.21510583936526));
#9190=CARTESIAN_POINT('',(27.5,6.78279946162075,13.0938));
#9191=CARTESIAN_POINT('',(27.5,8.76984038693633,9.65214416063474));
#9192=CARTESIAN_POINT('',(27.5,9.09220053837925,13.0938));
#9193=CARTESIAN_POINT('',(27.5,4.54610026918963,13.0938));
#9194=CARTESIAN_POINT('',(27.5,10.2469010767585,15.0938));
#9195=CARTESIAN_POINT('',(27.5,5.6981348822533,7.21510583936525));
#9196=CARTESIAN_POINT('',(27.5,9.09220053837925,17.0938));
#9197=CARTESIAN_POINT('',(27.5,11.6565917328845,12.6521441606347));
#9198=CARTESIAN_POINT('',(27.5,3.39139973081038,17.0938));
#9199=CARTESIAN_POINT('',(27.5,6.78279946162075,57.3438));
#9200=CARTESIAN_POINT('',(27.5,5.6280989232415,55.3438));
#9201=CARTESIAN_POINT('',(27.5,-7.05769762765503,33.3713558393653));
#9202=CARTESIAN_POINT('',(27.5,6.78279946162075,53.3438));
#9203=CARTESIAN_POINT('',(27.5,17.4842210125172,34.8083941606347));
#9204=CARTESIAN_POINT('',(27.5,9.09220053837925,53.3438));
#9205=CARTESIAN_POINT('',(27.5,4.54610026918963,53.3438));
#9206=CARTESIAN_POINT('',(27.5,10.2469010767585,55.3438));
#9207=CARTESIAN_POINT('',(27.5,-3.01624574332764,32.3713558393653));
#9208=CARTESIAN_POINT('',(27.5,9.09220053837925,57.3438));
#9209=CARTESIAN_POINT('',(27.5,20.3709723584654,37.8083941606347));
#9210=CARTESIAN_POINT('',(27.5,3.39139973081038,57.3438));
#9211=CARTESIAN_POINT('',(27.5,6.78279946162075,97.5938));
#9212=CARTESIAN_POINT('',(27.5,5.6280989232415,95.5938));
#9213=CARTESIAN_POINT('',(27.5,-15.772078253236,58.5276058393653));
#9214=CARTESIAN_POINT('',(27.5,6.78279946162075,93.5938));
#9215=CARTESIAN_POINT('',(27.5,26.1986016380981,59.9646441606346));
#9216=CARTESIAN_POINT('',(27.5,9.09220053837925,93.5938));
#9217=CARTESIAN_POINT('',(27.5,4.54610026918963,93.5938));
#9218=CARTESIAN_POINT('',(27.5,10.2469010767585,95.5938));
#9219=CARTESIAN_POINT('',(27.5,-11.7306263689085,57.5276058393652));
#9220=CARTESIAN_POINT('',(27.5,9.09220053837925,97.5938));
#9221=CARTESIAN_POINT('',(27.5,29.0853529840463,62.9646441606348));
#9222=CARTESIAN_POINT('',(27.5,3.39139973081038,97.5938));
#9223=CARTESIAN_POINT('',(27.5,9.09220053837925,3.0313));
#9224=CARTESIAN_POINT('',(27.5,10.2469010767585,5.0313));
#9225=CARTESIAN_POINT('',(27.5,7.87673003864853,0.926043339365253));
#9226=CARTESIAN_POINT('',(27.5,9.09220053837925,7.0313));
#9227=CARTESIAN_POINT('',(27.5,9.47799657648923,6.36308166063474));
#9228=CARTESIAN_POINT('',(27.5,6.78279946162075,7.0313));
#9229=CARTESIAN_POINT('',(27.5,3.39139973081038,7.0313));
#9230=CARTESIAN_POINT('',(27.5,5.6280989232415,5.0313));
#9231=CARTESIAN_POINT('',(27.5,3.83527815432115,1.92604333936526));
#9232=CARTESIAN_POINT('',(27.5,6.78279946162075,3.0313));
#9233=CARTESIAN_POINT('',(27.5,6.5912452305411,3.36308166063474));
#9234=CARTESIAN_POINT('',(27.5,4.54610026918963,3.0313));
#9235=CARTESIAN_POINT('',(27.5,6.78279946162075,107.6563));
#9236=CARTESIAN_POINT('',(27.5,5.6280989232415,105.6563));
#9237=CARTESIAN_POINT('',(27.5,-17.9506734096312,64.8166683393653));
#9238=CARTESIAN_POINT('',(27.5,6.78279946162075,103.6563));
#9239=CARTESIAN_POINT('',(27.5,28.3771967944933,66.2537066606346));
#9240=CARTESIAN_POINT('',(27.5,9.09220053837925,103.6563));
#9241=CARTESIAN_POINT('',(27.5,4.54610026918963,103.6563));
#9242=CARTESIAN_POINT('',(27.5,10.2469010767585,105.6563));
#9243=CARTESIAN_POINT('',(27.5,-13.9092215253037,63.8166683393652));
#9244=CARTESIAN_POINT('',(27.5,9.09220053837925,107.6563));
#9245=CARTESIAN_POINT('',(27.5,31.2639481404415,69.2537066606348));
#9246=CARTESIAN_POINT('',(27.5,3.39139973081038,107.6563));
#9247=CARTESIAN_POINT('',(27.5,6.78279946162075,67.4063));
#9248=CARTESIAN_POINT('',(27.5,5.6280989232415,65.4063));
#9249=CARTESIAN_POINT('',(27.5,-9.23629278405026,39.6604183393653));
#9250=CARTESIAN_POINT('',(27.5,6.78279946162075,63.4063));
#9251=CARTESIAN_POINT('',(27.5,19.6628161689125,41.0974566606347));
#9252=CARTESIAN_POINT('',(27.5,9.09220053837925,63.4063));
#9253=CARTESIAN_POINT('',(27.5,4.54610026918963,63.4063));
#9254=CARTESIAN_POINT('',(27.5,10.2469010767585,65.4063));
#9255=CARTESIAN_POINT('',(27.5,-5.19484089972288,38.6604183393653));
#9256=CARTESIAN_POINT('',(27.5,9.09220053837925,67.4063));
#9257=CARTESIAN_POINT('',(27.5,22.5495675148606,44.0974566606347));
#9258=CARTESIAN_POINT('',(27.5,3.39139973081038,67.4063));
#9259=CARTESIAN_POINT('',(27.5,6.78279946162075,27.1563));
#9260=CARTESIAN_POINT('',(27.5,5.6280989232415,25.1563));
#9261=CARTESIAN_POINT('',(27.5,-0.521912158469318,14.5041683393653));
#9262=CARTESIAN_POINT('',(27.5,6.78279946162075,23.1563));
#9263=CARTESIAN_POINT('',(27.5,10.9484355433316,15.9412066606347));
#9264=CARTESIAN_POINT('',(27.5,9.09220053837925,23.1563));
#9265=CARTESIAN_POINT('',(27.5,4.54610026918965,23.1563));
#9266=CARTESIAN_POINT('',(27.5,10.2469010767585,25.1563));
#9267=CARTESIAN_POINT('',(27.5,3.51953972585806,13.5041683393653));
#9268=CARTESIAN_POINT('',(27.5,9.09220053837925,27.1563));
#9269=CARTESIAN_POINT('',(27.5,13.8351868892797,18.9412066606347));
#9270=CARTESIAN_POINT('',(27.5,3.39139973081038,27.1563));
#9271=CARTESIAN_POINT('',(27.5,6.78279946162075,47.2813));
#9272=CARTESIAN_POINT('',(27.5,5.6280989232415,45.2813));
#9273=CARTESIAN_POINT('',(27.5,-4.87910247125979,27.0822933393653));
#9274=CARTESIAN_POINT('',(27.5,6.78279946162075,43.2813));
#9275=CARTESIAN_POINT('',(27.5,15.305625856122,28.5193316606347));
#9276=CARTESIAN_POINT('',(27.5,9.09220053837925,43.2813));
#9277=CARTESIAN_POINT('',(27.5,4.54610026918963,43.2813));
#9278=CARTESIAN_POINT('',(27.5,10.2469010767585,45.2813));
#9279=CARTESIAN_POINT('',(27.5,-0.837650586932412,26.0822933393653));
#9280=CARTESIAN_POINT('',(27.5,9.09220053837925,47.2813));
#9281=CARTESIAN_POINT('',(27.5,18.1923772020701,31.5193316606347));
#9282=CARTESIAN_POINT('',(27.5,3.39139973081038,47.2813));
#9283=CARTESIAN_POINT('',(27.5,6.78279946162075,87.5313));
#9284=CARTESIAN_POINT('',(27.5,5.6280989232415,85.5313));
#9285=CARTESIAN_POINT('',(27.5,-13.5934830968407,52.2385433393653));
#9286=CARTESIAN_POINT('',(27.5,6.78279946162075,83.5313));
#9287=CARTESIAN_POINT('',(27.5,24.0200064817029,53.6755816606346));
#9288=CARTESIAN_POINT('',(27.5,9.09220053837925,83.5313));
#9289=CARTESIAN_POINT('',(27.5,4.54610026918963,83.5313));
#9290=CARTESIAN_POINT('',(27.5,10.2469010767585,85.5313));
#9291=CARTESIAN_POINT('',(27.5,-9.55203121251324,51.2385433393652));
#9292=CARTESIAN_POINT('',(27.5,9.09220053837925,87.5313));
#9293=CARTESIAN_POINT('',(27.5,26.9067578276511,56.6755816606348));
#9294=CARTESIAN_POINT('',(27.5,3.39139973081038,87.5313));
#9295=CARTESIAN_POINT('',(27.5,6.78279946162075,127.7813));
#9296=CARTESIAN_POINT('',(27.5,5.6280989232415,125.7813));
#9297=CARTESIAN_POINT('',(27.5,-22.3078637224217,77.3947933393654));
#9298=CARTESIAN_POINT('',(27.5,6.78279946162075,123.7813));
#9299=CARTESIAN_POINT('',(27.5,32.7343871072838,78.8318316606346));
#9300=CARTESIAN_POINT('',(27.5,9.09220053837925,123.7813));
#9301=CARTESIAN_POINT('',(27.5,4.54610026918963,123.7813));
#9302=CARTESIAN_POINT('',(27.5,10.2469010767585,125.7813));
#9303=CARTESIAN_POINT('',(27.5,-18.2664118380941,76.3947933393652));
#9304=CARTESIAN_POINT('',(27.5,9.09220053837925,127.7813));
#9305=CARTESIAN_POINT('',(27.5,35.621138453232,81.8318316606348));
#9306=CARTESIAN_POINT('',(27.5,3.39139973081038,127.7813));
#9307=CARTESIAN_POINT('',(27.5,6.78279946162075,117.7188));
#9308=CARTESIAN_POINT('',(27.5,5.6280989232415,115.7188));
#9309=CARTESIAN_POINT('',(27.5,-20.1292685660264,71.1057308393654));
#9310=CARTESIAN_POINT('',(27.5,6.78279946162075,113.7188));
#9311=CARTESIAN_POINT('',(27.5,30.5557919508885,72.5427691606346));
#9312=CARTESIAN_POINT('',(27.5,9.09220053837925,113.7188));
#9313=CARTESIAN_POINT('',(27.5,4.54610026918963,113.7188));
#9314=CARTESIAN_POINT('',(27.5,10.2469010767585,115.7188));
#9315=CARTESIAN_POINT('',(27.5,-16.0878166816989,70.1057308393652));
#9316=CARTESIAN_POINT('',(27.5,9.09220053837925,117.7188));
#9317=CARTESIAN_POINT('',(27.5,33.4425432968368,75.5427691606348));
#9318=CARTESIAN_POINT('',(27.5,3.39139973081038,117.7188));
#9319=CARTESIAN_POINT('',(27.5,6.78279946162075,77.4688));
#9320=CARTESIAN_POINT('',(27.5,5.6280989232415,75.4688));
#9321=CARTESIAN_POINT('',(27.5,-11.4148879404455,45.9494808393653));
#9322=CARTESIAN_POINT('',(27.5,6.78279946162075,73.4688));
#9323=CARTESIAN_POINT('',(27.5,21.8414113253077,47.3865191606347));
#9324=CARTESIAN_POINT('',(27.5,9.09220053837925,73.4688));
#9325=CARTESIAN_POINT('',(27.5,4.54610026918963,73.4688));
#9326=CARTESIAN_POINT('',(27.5,10.2469010767585,75.4688));
#9327=CARTESIAN_POINT('',(27.5,-7.37343605611811,44.9494808393653));
#9328=CARTESIAN_POINT('',(27.5,9.09220053837925,77.4688));
#9329=CARTESIAN_POINT('',(27.5,24.7281626712558,50.3865191606347));
#9330=CARTESIAN_POINT('',(27.5,3.39139973081038,77.4688));
#9331=CARTESIAN_POINT('',(27.5,6.78279946162075,37.2188));
#9332=CARTESIAN_POINT('',(27.5,5.6280989232415,35.2188));
#9333=CARTESIAN_POINT('',(27.5,-2.70050731486454,20.7932308393653));
#9334=CARTESIAN_POINT('',(27.5,6.78279946162075,33.2188));
#9335=CARTESIAN_POINT('',(27.5,13.1270306997268,22.2302691606347));
#9336=CARTESIAN_POINT('',(27.5,9.09220053837925,33.2188));
#9337=CARTESIAN_POINT('',(27.5,4.54610026918963,33.2188));
#9338=CARTESIAN_POINT('',(27.5,10.2469010767585,35.2188));
#9339=CARTESIAN_POINT('',(27.5,1.34094456946285,19.7932308393653));
#9340=CARTESIAN_POINT('',(27.5,9.09220053837925,37.2188));
#9341=CARTESIAN_POINT('',(27.5,16.0137820456749,25.2302691606347));
#9342=CARTESIAN_POINT('',(27.5,3.39139973081041,37.2188));
#9343=CARTESIAN_POINT('Origin',(5.75,3.5,98.109375));
#9344=CARTESIAN_POINT('',(4.25,3.5,98.109375));
#9345=CARTESIAN_POINT('',(5.75,2.,98.109375));
#9346=CARTESIAN_POINT('Origin',(4.25,0.,130.8125));
#9347=CARTESIAN_POINT('',(4.25,5.6280989232415,35.2188));
#9348=CARTESIAN_POINT('',(4.25,6.78279946162075,37.2188));
#9349=CARTESIAN_POINT('',(4.25,25.6212297182734,69.8479183393653));
#9350=CARTESIAN_POINT('',(4.25,9.09220053837925,37.2188));
#9351=CARTESIAN_POINT('',(4.25,3.39139973081029,37.2188));
#9352=CARTESIAN_POINT('',(4.25,10.2469010767585,35.2188));
#9353=CARTESIAN_POINT('',(4.25,-12.3079549874631,74.2849566606347));
#9354=CARTESIAN_POINT('',(4.25,9.09220053837925,33.2188));
#9355=CARTESIAN_POINT('',(4.25,29.6626816026008,68.8479183393653));
#9356=CARTESIAN_POINT('',(4.25,6.78279946162075,33.2188));
#9357=CARTESIAN_POINT('',(4.25,4.54610026918963,33.2188));
#9358=CARTESIAN_POINT('',(4.25,-15.1947063334112,71.2849566606348));
#9359=CARTESIAN_POINT('',(4.25,5.6280989232415,75.4688));
#9360=CARTESIAN_POINT('',(4.25,6.78279946162075,77.4688));
#9361=CARTESIAN_POINT('',(4.25,16.9068490926925,95.0041683393652));
#9362=CARTESIAN_POINT('',(4.25,9.09220053837925,77.4688));
#9363=CARTESIAN_POINT('',(4.25,3.39139973081038,77.4688));
#9364=CARTESIAN_POINT('',(4.25,10.2469010767585,75.4688));
#9365=CARTESIAN_POINT('',(4.25,-3.59357436188212,99.4412066606348));
#9366=CARTESIAN_POINT('',(4.25,9.09220053837925,73.4688));
#9367=CARTESIAN_POINT('',(4.25,20.9483009770199,94.0041683393652));
#9368=CARTESIAN_POINT('',(4.25,6.78279946162075,73.4688));
#9369=CARTESIAN_POINT('',(4.25,4.54610026918963,73.4688));
#9370=CARTESIAN_POINT('',(4.25,-6.48032570783026,96.4412066606348));
#9371=CARTESIAN_POINT('',(4.25,5.6280989232415,115.7188));
#9372=CARTESIAN_POINT('',(4.25,6.78279946162075,117.7188));
#9373=CARTESIAN_POINT('',(4.25,8.19246846711161,120.160418339365));
#9374=CARTESIAN_POINT('',(4.25,9.09220053837925,117.7188));
#9375=CARTESIAN_POINT('',(4.25,3.39139973081038,117.7188));
#9376=CARTESIAN_POINT('',(4.25,10.2469010767585,115.7188));
#9377=CARTESIAN_POINT('',(4.25,5.12080626369877,124.597456660635));
#9378=CARTESIAN_POINT('',(4.25,9.09220053837925,113.7188));
#9379=CARTESIAN_POINT('',(4.25,12.233920351439,119.160418339365));
#9380=CARTESIAN_POINT('',(4.25,6.78279946162075,113.7188));
#9381=CARTESIAN_POINT('',(4.25,4.54610026918963,113.7188));
#9382=CARTESIAN_POINT('',(4.25,2.23405491775066,121.597456660635));
#9383=CARTESIAN_POINT('',(4.25,5.6280989232415,125.7813));
#9384=CARTESIAN_POINT('',(4.25,6.78279946162075,127.7813));
#9385=CARTESIAN_POINT('',(4.25,6.01387331071637,126.449480839365));
#9386=CARTESIAN_POINT('',(4.25,9.09220053837925,127.7813));
#9387=CARTESIAN_POINT('',(4.25,3.39139973081038,127.7813));
#9388=CARTESIAN_POINT('',(4.25,10.2469010767585,125.7813));
#9389=CARTESIAN_POINT('',(4.25,7.299401420094,130.886519160635));
#9390=CARTESIAN_POINT('',(4.25,9.09220053837925,123.7813));
#9391=CARTESIAN_POINT('',(4.25,10.0553251950438,125.449480839365));
#9392=CARTESIAN_POINT('',(4.25,6.78279946162075,123.7813));
#9393=CARTESIAN_POINT('',(4.25,4.54610026918963,123.7813));
#9394=CARTESIAN_POINT('',(4.25,4.41265007414588,127.886519160635));
#9395=CARTESIAN_POINT('',(4.25,5.6280989232415,85.5313));
#9396=CARTESIAN_POINT('',(4.25,6.78279946162075,87.5313));
#9397=CARTESIAN_POINT('',(4.25,14.7282539362973,101.293230839365));
#9398=CARTESIAN_POINT('',(4.25,9.09220053837925,87.5313));
#9399=CARTESIAN_POINT('',(4.25,3.39139973081038,87.5313));
#9400=CARTESIAN_POINT('',(4.25,10.2469010767585,85.5313));
#9401=CARTESIAN_POINT('',(4.25,-1.41497920548693,105.730269160635));
#9402=CARTESIAN_POINT('',(4.25,9.09220053837925,83.5313));
#9403=CARTESIAN_POINT('',(4.25,18.7697058206247,100.293230839365));
#9404=CARTESIAN_POINT('',(4.25,6.78279946162075,83.5313));
#9405=CARTESIAN_POINT('',(4.25,4.54610026918963,83.5313));
#9406=CARTESIAN_POINT('',(4.25,-4.301730551435,102.730269160635));
#9407=CARTESIAN_POINT('',(4.25,5.6280989232415,45.2813));
#9408=CARTESIAN_POINT('',(4.25,6.78279946162075,47.2813));
#9409=CARTESIAN_POINT('',(4.25,23.4426345618782,76.1369808393652));
#9410=CARTESIAN_POINT('',(4.25,9.09220053837925,47.2813));
#9411=CARTESIAN_POINT('',(4.25,3.39139973081038,47.2813));
#9412=CARTESIAN_POINT('',(4.25,10.2469010767585,45.2813));
#9413=CARTESIAN_POINT('',(4.25,-10.1293598310678,80.5740191606348));
#9414=CARTESIAN_POINT('',(4.25,9.09220053837925,43.2813));
#9415=CARTESIAN_POINT('',(4.25,27.4840864462056,75.1369808393652));
#9416=CARTESIAN_POINT('',(4.25,6.78279946162075,43.2813));
#9417=CARTESIAN_POINT('',(4.25,4.54610026918963,43.2813));
#9418=CARTESIAN_POINT('',(4.25,-13.0161111770159,77.5740191606348));
#9419=CARTESIAN_POINT('',(4.25,5.6280989232415,25.1563));
#9420=CARTESIAN_POINT('',(4.25,6.78279946162075,27.1563));
#9421=CARTESIAN_POINT('',(4.25,27.7998248746687,63.5588558393652));
#9422=CARTESIAN_POINT('',(4.25,9.09220053837925,27.1563));
#9423=CARTESIAN_POINT('',(4.25,3.39139973081038,27.1563));
#9424=CARTESIAN_POINT('',(4.25,10.2469010767585,25.1563));
#9425=CARTESIAN_POINT('',(4.25,-14.4865501438583,67.9958941606348));
#9426=CARTESIAN_POINT('',(4.25,9.09220053837925,23.1563));
#9427=CARTESIAN_POINT('',(4.25,31.8412767589961,62.5588558393652));
#9428=CARTESIAN_POINT('',(4.25,6.78279946162075,23.1563));
#9429=CARTESIAN_POINT('',(4.25,4.54610026918952,23.1563));
#9430=CARTESIAN_POINT('',(4.25,-17.3733014898064,64.9958941606347));
#9431=CARTESIAN_POINT('',(4.25,5.6280989232415,65.4063));
#9432=CARTESIAN_POINT('',(4.25,6.78279946162075,67.4063));
#9433=CARTESIAN_POINT('',(4.25,19.0854442490878,88.7151058393652));
#9434=CARTESIAN_POINT('',(4.25,9.09220053837925,67.4063));
#9435=CARTESIAN_POINT('',(4.25,3.39139973081038,67.4063));
#9436=CARTESIAN_POINT('',(4.25,10.2469010767585,65.4063));
#9437=CARTESIAN_POINT('',(4.25,-5.77216951827735,93.1521441606348));
#9438=CARTESIAN_POINT('',(4.25,9.09220053837925,63.4063));
#9439=CARTESIAN_POINT('',(4.25,23.1268961334151,87.7151058393652));
#9440=CARTESIAN_POINT('',(4.25,6.78279946162075,63.4063));
#9441=CARTESIAN_POINT('',(4.25,4.54610026918963,63.4063));
#9442=CARTESIAN_POINT('',(4.25,-8.65892086422549,90.1521441606348));
#9443=CARTESIAN_POINT('',(4.25,5.6280989232415,105.6563));
#9444=CARTESIAN_POINT('',(4.25,6.78279946162075,107.6563));
#9445=CARTESIAN_POINT('',(4.25,10.3710636235068,113.871355839365));
#9446=CARTESIAN_POINT('',(4.25,9.09220053837925,107.6563));
#9447=CARTESIAN_POINT('',(4.25,3.39139973081038,107.6563));
#9448=CARTESIAN_POINT('',(4.25,10.2469010767585,105.6563));
#9449=CARTESIAN_POINT('',(4.25,2.94221110730353,118.308394160635));
#9450=CARTESIAN_POINT('',(4.25,9.09220053837925,103.6563));
#9451=CARTESIAN_POINT('',(4.25,14.4125155078342,112.871355839365));
#9452=CARTESIAN_POINT('',(4.25,6.78279946162075,103.6563));
#9453=CARTESIAN_POINT('',(4.25,4.54610026918963,103.6563));
#9454=CARTESIAN_POINT('',(4.25,0.0554597613554375,115.308394160635));
#9455=CARTESIAN_POINT('',(4.25,10.2469010767585,5.0313));
#9456=CARTESIAN_POINT('',(4.25,9.09220053837925,3.0313));
#9457=CARTESIAN_POINT('',(4.25,36.1984670717865,49.9807308393652));
#9458=CARTESIAN_POINT('',(4.25,6.78279946162075,3.0313));
#9459=CARTESIAN_POINT('',(4.25,4.5461002691896,3.03129999999999));
#9460=CARTESIAN_POINT('',(4.25,5.6280989232415,5.0313));
#9461=CARTESIAN_POINT('',(4.25,-21.7304918025968,52.4177691606348));
#9462=CARTESIAN_POINT('',(4.25,6.78279946162075,7.0313));
#9463=CARTESIAN_POINT('',(4.25,32.1570151874592,50.9807308393652));
#9464=CARTESIAN_POINT('',(4.25,9.09220053837925,7.0313));
#9465=CARTESIAN_POINT('',(4.25,3.39139973081032,7.0313));
#9466=CARTESIAN_POINT('',(4.25,-18.8437404566487,55.4177691606348));
#9467=CARTESIAN_POINT('',(4.25,5.6280989232415,95.5938));
#9468=CARTESIAN_POINT('',(4.25,6.78279946162075,97.5938));
#9469=CARTESIAN_POINT('',(4.25,12.5496587799021,107.582293339365));
#9470=CARTESIAN_POINT('',(4.25,9.09220053837925,97.5938));
#9471=CARTESIAN_POINT('',(4.25,3.39139973081038,97.5938));
#9472=CARTESIAN_POINT('',(4.25,10.2469010767585,95.5938));
#9473=CARTESIAN_POINT('',(4.25,0.763615950908301,112.019331660635));
#9474=CARTESIAN_POINT('',(4.25,9.09220053837925,93.5938));
#9475=CARTESIAN_POINT('',(4.25,16.5911106642294,106.582293339365));
#9476=CARTESIAN_POINT('',(4.25,6.78279946162075,93.5938));
#9477=CARTESIAN_POINT('',(4.25,4.54610026918963,93.5938));
#9478=CARTESIAN_POINT('',(4.25,-2.12313539503978,109.019331660635));
#9479=CARTESIAN_POINT('',(4.25,5.6280989232415,55.3438));
#9480=CARTESIAN_POINT('',(4.25,6.78279946162075,57.3438));
#9481=CARTESIAN_POINT('',(4.25,21.264039405483,82.4260433393652));
#9482=CARTESIAN_POINT('',(4.25,9.09220053837925,57.3438));
#9483=CARTESIAN_POINT('',(4.25,3.39139973081038,57.3438));
#9484=CARTESIAN_POINT('',(4.25,10.2469010767585,55.3438));
#9485=CARTESIAN_POINT('',(4.25,-7.95076467467258,86.8630816606348));
#9486=CARTESIAN_POINT('',(4.25,9.09220053837925,53.3438));
#9487=CARTESIAN_POINT('',(4.25,25.3054912898104,81.4260433393652));
#9488=CARTESIAN_POINT('',(4.25,6.78279946162075,53.3438));
#9489=CARTESIAN_POINT('',(4.25,4.54610026918963,53.3438));
#9490=CARTESIAN_POINT('',(4.25,-10.8375160206207,83.8630816606348));
#9491=CARTESIAN_POINT('',(4.25,5.6280989232415,15.0938));
#9492=CARTESIAN_POINT('',(4.25,6.78279946162075,17.0938));
#9493=CARTESIAN_POINT('',(4.25,29.9784200310639,57.2697933393652));
#9494=CARTESIAN_POINT('',(4.25,9.09220053837925,17.0938));
#9495=CARTESIAN_POINT('',(4.25,3.39139973081032,17.0938));
#9496=CARTESIAN_POINT('',(4.25,10.2469010767585,15.0938));
#9497=CARTESIAN_POINT('',(4.25,-16.6651453002535,61.7068316606348));
#9498=CARTESIAN_POINT('',(4.25,9.09220053837925,13.0938));
#9499=CARTESIAN_POINT('',(4.25,34.0198719153913,56.2697933393652));
#9500=CARTESIAN_POINT('',(4.25,6.78279946162075,13.0938));
#9501=CARTESIAN_POINT('',(4.25,4.54610026918957,13.0938));
#9502=CARTESIAN_POINT('',(4.25,-19.5518966462016,58.7068316606348));
#9503=CARTESIAN_POINT('Origin',(29.0125,14.1316881729382,128.5625));
#9504=CARTESIAN_POINT('',(29.2433118270618,14.3736437996353,128.499591537059));
#9505=CARTESIAN_POINT('',(29.2433118270618,14.1316881729382,128.3125));
#9506=CARTESIAN_POINT('Origin',(29.2433118270618,14.1316881729382,128.5625));
#9507=CARTESIAN_POINT('',(30.0066881729382,14.1316881729382,128.3125));
#9508=CARTESIAN_POINT('',(29.0125,14.1316881729382,128.3125));
#9509=CARTESIAN_POINT('',(30.0066881729382,14.3736437996353,128.499591537059));
#9510=CARTESIAN_POINT('Origin',(30.0066881729382,14.1316881729382,128.5625));
#9511=CARTESIAN_POINT('',(29.0125,14.3736437996353,128.499591537059));
#9512=CARTESIAN_POINT('Origin',(29.2433118270618,4.41875,128.5625));
#9513=CARTESIAN_POINT('',(29.0013562003647,1.74331182706179,128.499591537059));
#9514=CARTESIAN_POINT('',(29.2433118270618,1.74331182706179,128.3125));
#9515=CARTESIAN_POINT('Origin',(29.2433118270618,1.74331182706179,128.5625));
#9516=CARTESIAN_POINT('',(29.2433118270618,4.41875,128.3125));
#9517=CARTESIAN_POINT('',(29.0013562003647,14.1316881729382,128.499591537059));
#9518=CARTESIAN_POINT('Origin',(29.2433118270618,14.1316881729382,128.5625));
#9519=CARTESIAN_POINT('',(29.0013562003647,4.41875,128.499591537059));
#9520=CARTESIAN_POINT('Origin',(29.2433118270618,14.1316881729382,128.5625));
#9521=CARTESIAN_POINT('Origin',(29.2433118270618,14.1316881729382,128.5625));
#9522=CARTESIAN_POINT('Origin',(30.2375,1.74331182706179,128.5625));
#9523=CARTESIAN_POINT('',(30.0066881729382,1.50135620036472,128.499591537059));
#9524=CARTESIAN_POINT('',(30.0066881729382,1.74331182706179,128.3125));
#9525=CARTESIAN_POINT('Origin',(30.0066881729382,1.74331182706179,128.5625));
#9526=CARTESIAN_POINT('',(30.2375,1.74331182706179,128.3125));
#9527=CARTESIAN_POINT('',(29.2433118270618,1.50135620036472,128.499591537059));
#9528=CARTESIAN_POINT('Origin',(29.2433118270618,1.74331182706179,128.5625));
#9529=CARTESIAN_POINT('',(30.2375,1.50135620036472,128.499591537059));
#9530=CARTESIAN_POINT('Origin',(29.2433118270618,1.74331182706179,128.5625));
#9531=CARTESIAN_POINT('Origin',(29.2433118270618,1.74331182706179,128.5625));
#9532=CARTESIAN_POINT('Origin',(30.0066881729382,11.45625,128.5625));
#9533=CARTESIAN_POINT('',(30.2486437996353,14.1316881729382,128.499591537059));
#9534=CARTESIAN_POINT('Origin',(30.0066881729382,14.1316881729382,128.5625));
#9535=CARTESIAN_POINT('',(30.0066881729382,11.45625,128.3125));
#9536=CARTESIAN_POINT('',(30.2486437996353,1.74331182706179,128.499591537059));
#9537=CARTESIAN_POINT('Origin',(30.0066881729382,1.74331182706179,128.5625));
#9538=CARTESIAN_POINT('',(30.2486437996353,11.45625,128.499591537059));
#9539=CARTESIAN_POINT('Origin',(30.0066881729382,1.74331182706179,128.5625));
#9540=CARTESIAN_POINT('Origin',(30.0066881729382,1.74331182706179,128.5625));
#9541=CARTESIAN_POINT('Origin',(30.0066881729382,14.1316881729382,128.5625));
#9542=CARTESIAN_POINT('Origin',(30.0066881729382,14.1316881729382,128.5625));
#9543=CARTESIAN_POINT('Origin',(29.0466233501249,14.3283766498751,129.318994142065));
#9544=CARTESIAN_POINT('',(29.0466233501249,14.5703322765722,129.256085679124));
#9545=CARTESIAN_POINT('',(28.8046677234278,14.3283766498751,129.256085679124));
#9546=CARTESIAN_POINT('Origin',(28.4,14.975,130.8125));
#9547=CARTESIAN_POINT('',(30.5495050853931,14.9164607120901,130.587348892654));
#9548=CARTESIAN_POINT('Origin',(30.5495050853931,14.6745050853931,130.650257355596));
#9549=CARTESIAN_POINT('',(30.7914607120901,14.6745050853931,130.587348892654));
#9550=CARTESIAN_POINT('Origin',(30.85,14.975,130.8125));
#9551=CARTESIAN_POINT('',(30.4453322765722,1.5466233501249,129.256085679124));
#9552=CARTESIAN_POINT('Origin',(29.625,7.9375,128.3125));
#9553=CARTESIAN_POINT('Origin',(28.4,0.9,130.8125));
#9554=CARTESIAN_POINT('',(28.4585392879099,1.20049491460693,130.587348892654));
#9555=CARTESIAN_POINT('Origin',(30.2033766498751,1.5466233501249,129.318994142065));
#9556=CARTESIAN_POINT('',(30.2033766498751,1.30466772342783,129.256085679124));
#9557=CARTESIAN_POINT('Origin',(28.7004949146069,1.20049491460693,130.650257355596));
#9558=CARTESIAN_POINT('',(28.7004949146069,0.958539287909863,130.587348892654));
#9559=CARTESIAN_POINT('Origin',(30.85,0.900000000000001,130.8125));
#9560=CARTESIAN_POINT('Origin',(1.5125,14.1316881729382,128.5625));
#9561=CARTESIAN_POINT('',(1.74331182706179,14.3736437996353,128.499591537059));
#9562=CARTESIAN_POINT('',(1.74331182706179,14.1316881729382,128.3125));
#9563=CARTESIAN_POINT('Origin',(1.74331182706179,14.1316881729382,128.5625));
#9564=CARTESIAN_POINT('',(2.50668817293821,14.1316881729382,128.3125));
#9565=CARTESIAN_POINT('',(1.5125,14.1316881729382,128.3125));
#9566=CARTESIAN_POINT('',(2.50668817293821,14.3736437996353,128.499591537059));
#9567=CARTESIAN_POINT('Origin',(2.50668817293821,14.1316881729382,128.5625));
#9568=CARTESIAN_POINT('',(1.5125,14.3736437996353,128.499591537059));
#9569=CARTESIAN_POINT('Origin',(1.74331182706179,4.41875,128.5625));
#9570=CARTESIAN_POINT('',(1.50135620036472,1.74331182706179,128.499591537059));
#9571=CARTESIAN_POINT('',(1.74331182706179,1.74331182706179,128.3125));
#9572=CARTESIAN_POINT('Origin',(1.74331182706179,1.74331182706179,128.5625));
#9573=CARTESIAN_POINT('',(1.74331182706179,4.41875,128.3125));
#9574=CARTESIAN_POINT('',(1.50135620036472,14.1316881729382,128.499591537059));
#9575=CARTESIAN_POINT('Origin',(1.74331182706179,14.1316881729382,128.5625));
#9576=CARTESIAN_POINT('',(1.50135620036472,4.41875,128.499591537059));
#9577=CARTESIAN_POINT('Origin',(1.74331182706179,14.1316881729382,128.5625));
#9578=CARTESIAN_POINT('Origin',(1.74331182706179,14.1316881729382,128.5625));
#9579=CARTESIAN_POINT('Origin',(2.7375,1.74331182706179,128.5625));
#9580=CARTESIAN_POINT('',(2.50668817293821,1.50135620036472,128.499591537059));
#9581=CARTESIAN_POINT('',(2.50668817293821,1.74331182706179,128.3125));
#9582=CARTESIAN_POINT('Origin',(2.50668817293821,1.74331182706179,128.5625));
#9583=CARTESIAN_POINT('',(2.7375,1.74331182706179,128.3125));
#9584=CARTESIAN_POINT('',(1.74331182706179,1.50135620036472,128.499591537059));
#9585=CARTESIAN_POINT('Origin',(1.74331182706179,1.74331182706179,128.5625));
#9586=CARTESIAN_POINT('',(2.7375,1.50135620036472,128.499591537059));
#9587=CARTESIAN_POINT('Origin',(1.74331182706179,1.74331182706179,128.5625));
#9588=CARTESIAN_POINT('Origin',(1.74331182706179,1.74331182706179,128.5625));
#9589=CARTESIAN_POINT('Origin',(2.50668817293821,11.45625,128.5625));
#9590=CARTESIAN_POINT('',(2.74864379963528,14.1316881729382,128.499591537059));
#9591=CARTESIAN_POINT('Origin',(2.50668817293821,14.1316881729382,128.5625));
#9592=CARTESIAN_POINT('',(2.50668817293821,11.45625,128.3125));
#9593=CARTESIAN_POINT('',(2.74864379963528,1.74331182706179,128.499591537059));
#9594=CARTESIAN_POINT('Origin',(2.50668817293821,1.74331182706179,128.5625));
#9595=CARTESIAN_POINT('',(2.74864379963528,11.45625,128.499591537059));
#9596=CARTESIAN_POINT('Origin',(2.50668817293821,1.74331182706179,128.5625));
#9597=CARTESIAN_POINT('Origin',(2.50668817293821,1.74331182706179,128.5625));
#9598=CARTESIAN_POINT('Origin',(2.50668817293821,14.1316881729382,128.5625));
#9599=CARTESIAN_POINT('Origin',(2.50668817293821,14.1316881729382,128.5625));
#9600=CARTESIAN_POINT('Origin',(1.5466233501249,14.3283766498751,129.318994142065));
#9601=CARTESIAN_POINT('',(1.5466233501249,14.5703322765722,129.256085679124));
#9602=CARTESIAN_POINT('',(1.30466772342783,14.3283766498751,129.256085679124));
#9603=CARTESIAN_POINT('Origin',(0.9,14.975,130.8125));
#9604=CARTESIAN_POINT('',(3.04950508539307,14.9164607120901,130.587348892654));
#9605=CARTESIAN_POINT('Origin',(3.04950508539307,14.6745050853931,130.650257355596));
#9606=CARTESIAN_POINT('',(3.29146071209014,14.6745050853931,130.587348892654));
#9607=CARTESIAN_POINT('Origin',(3.35,14.975,130.8125));
#9608=CARTESIAN_POINT('',(2.94533227657217,1.5466233501249,129.256085679124));
#9609=CARTESIAN_POINT('Origin',(2.125,7.9375,128.3125));
#9610=CARTESIAN_POINT('Origin',(2.7033766498751,1.5466233501249,129.318994142065));
#9611=CARTESIAN_POINT('',(2.7033766498751,1.30466772342783,129.256085679124));
#9612=CARTESIAN_POINT('Origin',(1.20049491460693,1.20049491460693,130.650257355596));
#9613=CARTESIAN_POINT('',(0.958539287909863,1.20049491460693,130.587348892654));
#9614=CARTESIAN_POINT('',(1.20049491460693,0.958539287909863,130.587348892654));
#9615=CARTESIAN_POINT('Origin',(0.9,0.9,130.8125));
#9616=CARTESIAN_POINT('Origin',(3.35,0.900000000000001,130.8125));
#9617=CARTESIAN_POINT('Origin',(31.75,10.2469010767585,35.2188));
#9618=CARTESIAN_POINT('',(31.75,9.09220053837925,33.2188));
#9619=CARTESIAN_POINT('',(31.75,10.2469010767585,35.2188));
#9620=CARTESIAN_POINT('Origin',(31.75,10.2469010767585,35.2188));
#9621=CARTESIAN_POINT('',(31.75,10.2469010767585,35.2188));
#9622=CARTESIAN_POINT('',(31.75,9.09220053837925,33.2188));
#9623=CARTESIAN_POINT('Origin',(31.75,9.09220053837925,33.2188));
#9624=CARTESIAN_POINT('',(31.75,6.78279946162075,33.2188));
#9625=CARTESIAN_POINT('Origin',(31.75,9.09220053837925,33.2188));
#9626=CARTESIAN_POINT('',(31.75,6.78279946162075,33.2188));
#9627=CARTESIAN_POINT('Origin',(31.75,9.09220053837925,37.2188));
#9628=CARTESIAN_POINT('',(31.75,9.09220053837925,37.2188));
#9629=CARTESIAN_POINT('Origin',(31.75,6.78279946162075,33.2188));
#9630=CARTESIAN_POINT('',(31.75,5.6280989232415,35.2188));
#9631=CARTESIAN_POINT('Origin',(31.75,6.78279946162075,33.2188));
#9632=CARTESIAN_POINT('',(31.75,5.6280989232415,35.2188));
#9633=CARTESIAN_POINT('Origin',(31.75,6.78279946162075,37.2188));
#9634=CARTESIAN_POINT('',(31.75,6.78279946162075,37.2188));
#9635=CARTESIAN_POINT('Origin',(31.75,5.6280989232415,35.2188));
#9636=CARTESIAN_POINT('Origin',(31.75,5.6280989232415,35.2188));
#9637=CARTESIAN_POINT('',(31.75,6.78279946162075,37.2188));
#9638=CARTESIAN_POINT('Origin',(31.75,9.09220053837925,37.2188));
#9639=CARTESIAN_POINT('',(31.75,9.09220053837925,37.2188));
#9640=CARTESIAN_POINT('Origin',(31.75,6.78279946162075,37.2188));
#9641=CARTESIAN_POINT('Origin',(31.75,10.2469010767585,75.4688));
#9642=CARTESIAN_POINT('',(31.75,9.09220053837925,73.4688));
#9643=CARTESIAN_POINT('',(31.75,10.2469010767585,75.4688));
#9644=CARTESIAN_POINT('Origin',(31.75,10.2469010767585,75.4688));
#9645=CARTESIAN_POINT('',(31.75,10.2469010767585,75.4688));
#9646=CARTESIAN_POINT('',(31.75,9.09220053837925,73.4688));
#9647=CARTESIAN_POINT('Origin',(31.75,9.09220053837925,73.4688));
#9648=CARTESIAN_POINT('',(31.75,6.78279946162075,73.4688));
#9649=CARTESIAN_POINT('Origin',(31.75,9.09220053837925,73.4688));
#9650=CARTESIAN_POINT('',(31.75,6.78279946162075,73.4688));
#9651=CARTESIAN_POINT('Origin',(31.75,9.09220053837925,77.4688));
#9652=CARTESIAN_POINT('',(31.75,9.09220053837925,77.4688));
#9653=CARTESIAN_POINT('Origin',(31.75,6.78279946162075,73.4688));
#9654=CARTESIAN_POINT('',(31.75,5.6280989232415,75.4688));
#9655=CARTESIAN_POINT('Origin',(31.75,6.78279946162075,73.4688));
#9656=CARTESIAN_POINT('',(31.75,5.6280989232415,75.4688));
#9657=CARTESIAN_POINT('Origin',(31.75,6.78279946162075,77.4688));
#9658=CARTESIAN_POINT('',(31.75,6.78279946162075,77.4688));
#9659=CARTESIAN_POINT('Origin',(31.75,5.6280989232415,75.4688));
#9660=CARTESIAN_POINT('Origin',(31.75,5.6280989232415,75.4688));
#9661=CARTESIAN_POINT('',(31.75,6.78279946162075,77.4688));
#9662=CARTESIAN_POINT('Origin',(31.75,9.09220053837925,77.4688));
#9663=CARTESIAN_POINT('',(31.75,9.09220053837925,77.4688));
#9664=CARTESIAN_POINT('Origin',(31.75,6.78279946162075,77.4688));
#9665=CARTESIAN_POINT('Origin',(31.75,10.2469010767585,115.7188));
#9666=CARTESIAN_POINT('',(31.75,9.09220053837925,113.7188));
#9667=CARTESIAN_POINT('',(31.75,10.2469010767585,115.7188));
#9668=CARTESIAN_POINT('Origin',(31.75,10.2469010767585,115.7188));
#9669=CARTESIAN_POINT('',(31.75,10.2469010767585,115.7188));
#9670=CARTESIAN_POINT('',(31.75,9.09220053837925,113.7188));
#9671=CARTESIAN_POINT('Origin',(31.75,9.09220053837925,113.7188));
#9672=CARTESIAN_POINT('',(31.75,6.78279946162075,113.7188));
#9673=CARTESIAN_POINT('Origin',(31.75,9.09220053837925,113.7188));
#9674=CARTESIAN_POINT('',(31.75,6.78279946162075,113.7188));
#9675=CARTESIAN_POINT('Origin',(31.75,9.09220053837925,117.7188));
#9676=CARTESIAN_POINT('',(31.75,9.09220053837925,117.7188));
#9677=CARTESIAN_POINT('Origin',(31.75,6.78279946162075,113.7188));
#9678=CARTESIAN_POINT('',(31.75,5.6280989232415,115.7188));
#9679=CARTESIAN_POINT('Origin',(31.75,6.78279946162075,113.7188));
#9680=CARTESIAN_POINT('',(31.75,5.6280989232415,115.7188));
#9681=CARTESIAN_POINT('Origin',(31.75,6.78279946162075,117.7188));
#9682=CARTESIAN_POINT('',(31.75,6.78279946162075,117.7188));
#9683=CARTESIAN_POINT('Origin',(31.75,5.6280989232415,115.7188));
#9684=CARTESIAN_POINT('Origin',(31.75,5.6280989232415,115.7188));
#9685=CARTESIAN_POINT('',(31.75,6.78279946162075,117.7188));
#9686=CARTESIAN_POINT('Origin',(31.75,9.09220053837925,117.7188));
#9687=CARTESIAN_POINT('',(31.75,9.09220053837925,117.7188));
#9688=CARTESIAN_POINT('Origin',(31.75,6.78279946162075,117.7188));
#9689=CARTESIAN_POINT('Origin',(31.75,10.2469010767585,125.7813));
#9690=CARTESIAN_POINT('',(31.75,9.09220053837925,123.7813));
#9691=CARTESIAN_POINT('',(31.75,10.2469010767585,125.7813));
#9692=CARTESIAN_POINT('Origin',(31.75,10.2469010767585,125.7813));
#9693=CARTESIAN_POINT('',(31.75,10.2469010767585,125.7813));
#9694=CARTESIAN_POINT('',(31.75,9.09220053837925,123.7813));
#9695=CARTESIAN_POINT('Origin',(31.75,9.09220053837925,123.7813));
#9696=CARTESIAN_POINT('',(31.75,6.78279946162075,123.7813));
#9697=CARTESIAN_POINT('Origin',(31.75,9.09220053837925,123.7813));
#9698=CARTESIAN_POINT('',(31.75,6.78279946162075,123.7813));
#9699=CARTESIAN_POINT('Origin',(31.75,9.09220053837925,127.7813));
#9700=CARTESIAN_POINT('',(31.75,9.09220053837925,127.7813));
#9701=CARTESIAN_POINT('Origin',(31.75,6.78279946162075,123.7813));
#9702=CARTESIAN_POINT('',(31.75,5.6280989232415,125.7813));
#9703=CARTESIAN_POINT('Origin',(31.75,6.78279946162075,123.7813));
#9704=CARTESIAN_POINT('',(31.75,5.6280989232415,125.7813));
#9705=CARTESIAN_POINT('Origin',(31.75,6.78279946162075,127.7813));
#9706=CARTESIAN_POINT('',(31.75,6.78279946162075,127.7813));
#9707=CARTESIAN_POINT('Origin',(31.75,5.6280989232415,125.7813));
#9708=CARTESIAN_POINT('Origin',(31.75,5.6280989232415,125.7813));
#9709=CARTESIAN_POINT('',(31.75,6.78279946162075,127.7813));
#9710=CARTESIAN_POINT('Origin',(31.75,9.09220053837925,127.7813));
#9711=CARTESIAN_POINT('',(31.75,9.09220053837925,127.7813));
#9712=CARTESIAN_POINT('Origin',(31.75,6.78279946162075,127.7813));
#9713=CARTESIAN_POINT('Origin',(31.75,10.2469010767585,85.5313));
#9714=CARTESIAN_POINT('',(31.75,9.09220053837925,83.5313));
#9715=CARTESIAN_POINT('',(31.75,10.2469010767585,85.5313));
#9716=CARTESIAN_POINT('Origin',(31.75,10.2469010767585,85.5313));
#9717=CARTESIAN_POINT('',(31.75,10.2469010767585,85.5313));
#9718=CARTESIAN_POINT('',(31.75,9.09220053837925,83.5313));
#9719=CARTESIAN_POINT('Origin',(31.75,9.09220053837925,83.5313));
#9720=CARTESIAN_POINT('',(31.75,6.78279946162075,83.5313));
#9721=CARTESIAN_POINT('Origin',(31.75,9.09220053837925,83.5313));
#9722=CARTESIAN_POINT('',(31.75,6.78279946162075,83.5313));
#9723=CARTESIAN_POINT('Origin',(31.75,9.09220053837925,87.5313));
#9724=CARTESIAN_POINT('',(31.75,9.09220053837925,87.5313));
#9725=CARTESIAN_POINT('Origin',(31.75,6.78279946162075,83.5313));
#9726=CARTESIAN_POINT('',(31.75,5.6280989232415,85.5313));
#9727=CARTESIAN_POINT('Origin',(31.75,6.78279946162075,83.5313));
#9728=CARTESIAN_POINT('',(31.75,5.6280989232415,85.5313));
#9729=CARTESIAN_POINT('Origin',(31.75,6.78279946162075,87.5313));
#9730=CARTESIAN_POINT('',(31.75,6.78279946162075,87.5313));
#9731=CARTESIAN_POINT('Origin',(31.75,5.6280989232415,85.5313));
#9732=CARTESIAN_POINT('Origin',(31.75,5.6280989232415,85.5313));
#9733=CARTESIAN_POINT('',(31.75,6.78279946162075,87.5313));
#9734=CARTESIAN_POINT('Origin',(31.75,9.09220053837925,87.5313));
#9735=CARTESIAN_POINT('',(31.75,9.09220053837925,87.5313));
#9736=CARTESIAN_POINT('Origin',(31.75,6.78279946162075,87.5313));
#9737=CARTESIAN_POINT('Origin',(31.75,10.2469010767585,45.2813));
#9738=CARTESIAN_POINT('',(31.75,9.09220053837925,43.2813));
#9739=CARTESIAN_POINT('',(31.75,10.2469010767585,45.2813));
#9740=CARTESIAN_POINT('Origin',(31.75,10.2469010767585,45.2813));
#9741=CARTESIAN_POINT('',(31.75,10.2469010767585,45.2813));
#9742=CARTESIAN_POINT('',(31.75,9.09220053837925,43.2813));
#9743=CARTESIAN_POINT('Origin',(31.75,9.09220053837925,43.2813));
#9744=CARTESIAN_POINT('',(31.75,6.78279946162075,43.2813));
#9745=CARTESIAN_POINT('Origin',(31.75,9.09220053837925,43.2813));
#9746=CARTESIAN_POINT('',(31.75,6.78279946162075,43.2813));
#9747=CARTESIAN_POINT('Origin',(31.75,9.09220053837925,47.2813));
#9748=CARTESIAN_POINT('',(31.75,9.09220053837925,47.2813));
#9749=CARTESIAN_POINT('Origin',(31.75,6.78279946162075,43.2813));
#9750=CARTESIAN_POINT('',(31.75,5.6280989232415,45.2813));
#9751=CARTESIAN_POINT('Origin',(31.75,6.78279946162075,43.2813));
#9752=CARTESIAN_POINT('',(31.75,5.6280989232415,45.2813));
#9753=CARTESIAN_POINT('Origin',(31.75,6.78279946162075,47.2813));
#9754=CARTESIAN_POINT('',(31.75,6.78279946162075,47.2813));
#9755=CARTESIAN_POINT('Origin',(31.75,5.6280989232415,45.2813));
#9756=CARTESIAN_POINT('Origin',(31.75,5.6280989232415,45.2813));
#9757=CARTESIAN_POINT('',(31.75,6.78279946162075,47.2813));
#9758=CARTESIAN_POINT('Origin',(31.75,9.09220053837925,47.2813));
#9759=CARTESIAN_POINT('',(31.75,9.09220053837925,47.2813));
#9760=CARTESIAN_POINT('Origin',(31.75,6.78279946162075,47.2813));
#9761=CARTESIAN_POINT('Origin',(31.75,10.2469010767585,25.1563));
#9762=CARTESIAN_POINT('',(31.75,9.09220053837925,23.1563));
#9763=CARTESIAN_POINT('',(31.75,10.2469010767585,25.1563));
#9764=CARTESIAN_POINT('Origin',(31.75,10.2469010767585,25.1563));
#9765=CARTESIAN_POINT('',(31.75,10.2469010767585,25.1563));
#9766=CARTESIAN_POINT('',(31.75,9.09220053837925,23.1563));
#9767=CARTESIAN_POINT('Origin',(31.75,9.09220053837925,23.1563));
#9768=CARTESIAN_POINT('',(31.75,6.78279946162075,23.1563));
#9769=CARTESIAN_POINT('Origin',(31.75,9.09220053837925,23.1563));
#9770=CARTESIAN_POINT('',(31.75,6.78279946162075,23.1563));
#9771=CARTESIAN_POINT('Origin',(31.75,9.09220053837925,27.1563));
#9772=CARTESIAN_POINT('',(31.75,9.09220053837925,27.1563));
#9773=CARTESIAN_POINT('Origin',(31.75,6.78279946162075,23.1563));
#9774=CARTESIAN_POINT('',(31.75,5.6280989232415,25.1563));
#9775=CARTESIAN_POINT('Origin',(31.75,6.78279946162075,23.1563));
#9776=CARTESIAN_POINT('',(31.75,5.6280989232415,25.1563));
#9777=CARTESIAN_POINT('Origin',(31.75,6.78279946162075,27.1563));
#9778=CARTESIAN_POINT('',(31.75,6.78279946162075,27.1563));
#9779=CARTESIAN_POINT('Origin',(31.75,5.6280989232415,25.1563));
#9780=CARTESIAN_POINT('Origin',(31.75,5.6280989232415,25.1563));
#9781=CARTESIAN_POINT('',(31.75,6.78279946162075,27.1563));
#9782=CARTESIAN_POINT('Origin',(31.75,9.09220053837925,27.1563));
#9783=CARTESIAN_POINT('',(31.75,9.09220053837925,27.1563));
#9784=CARTESIAN_POINT('Origin',(31.75,6.78279946162075,27.1563));
#9785=CARTESIAN_POINT('Origin',(31.75,10.2469010767585,65.4063));
#9786=CARTESIAN_POINT('',(31.75,9.09220053837925,63.4063));
#9787=CARTESIAN_POINT('',(31.75,10.2469010767585,65.4063));
#9788=CARTESIAN_POINT('Origin',(31.75,10.2469010767585,65.4063));
#9789=CARTESIAN_POINT('',(31.75,10.2469010767585,65.4063));
#9790=CARTESIAN_POINT('',(31.75,9.09220053837925,63.4063));
#9791=CARTESIAN_POINT('Origin',(31.75,9.09220053837925,63.4063));
#9792=CARTESIAN_POINT('',(31.75,6.78279946162075,63.4063));
#9793=CARTESIAN_POINT('Origin',(31.75,9.09220053837925,63.4063));
#9794=CARTESIAN_POINT('',(31.75,6.78279946162075,63.4063));
#9795=CARTESIAN_POINT('Origin',(31.75,9.09220053837925,67.4063));
#9796=CARTESIAN_POINT('',(31.75,9.09220053837925,67.4063));
#9797=CARTESIAN_POINT('Origin',(31.75,6.78279946162075,63.4063));
#9798=CARTESIAN_POINT('',(31.75,5.6280989232415,65.4063));
#9799=CARTESIAN_POINT('Origin',(31.75,6.78279946162075,63.4063));
#9800=CARTESIAN_POINT('',(31.75,5.6280989232415,65.4063));
#9801=CARTESIAN_POINT('Origin',(31.75,6.78279946162075,67.4063));
#9802=CARTESIAN_POINT('',(31.75,6.78279946162075,67.4063));
#9803=CARTESIAN_POINT('Origin',(31.75,5.6280989232415,65.4063));
#9804=CARTESIAN_POINT('Origin',(31.75,5.6280989232415,65.4063));
#9805=CARTESIAN_POINT('',(31.75,6.78279946162075,67.4063));
#9806=CARTESIAN_POINT('Origin',(31.75,9.09220053837925,67.4063));
#9807=CARTESIAN_POINT('',(31.75,9.09220053837925,67.4063));
#9808=CARTESIAN_POINT('Origin',(31.75,6.78279946162075,67.4063));
#9809=CARTESIAN_POINT('Origin',(31.75,10.2469010767585,105.6563));
#9810=CARTESIAN_POINT('',(31.75,9.09220053837925,103.6563));
#9811=CARTESIAN_POINT('',(31.75,10.2469010767585,105.6563));
#9812=CARTESIAN_POINT('Origin',(31.75,10.2469010767585,105.6563));
#9813=CARTESIAN_POINT('',(31.75,10.2469010767585,105.6563));
#9814=CARTESIAN_POINT('',(31.75,9.09220053837925,103.6563));
#9815=CARTESIAN_POINT('Origin',(31.75,9.09220053837925,103.6563));
#9816=CARTESIAN_POINT('',(31.75,6.78279946162075,103.6563));
#9817=CARTESIAN_POINT('Origin',(31.75,9.09220053837925,103.6563));
#9818=CARTESIAN_POINT('',(31.75,6.78279946162075,103.6563));
#9819=CARTESIAN_POINT('Origin',(31.75,9.09220053837925,107.6563));
#9820=CARTESIAN_POINT('',(31.75,9.09220053837925,107.6563));
#9821=CARTESIAN_POINT('Origin',(31.75,6.78279946162075,103.6563));
#9822=CARTESIAN_POINT('',(31.75,5.6280989232415,105.6563));
#9823=CARTESIAN_POINT('Origin',(31.75,6.78279946162075,103.6563));
#9824=CARTESIAN_POINT('',(31.75,5.6280989232415,105.6563));
#9825=CARTESIAN_POINT('Origin',(31.75,6.78279946162075,107.6563));
#9826=CARTESIAN_POINT('',(31.75,6.78279946162075,107.6563));
#9827=CARTESIAN_POINT('Origin',(31.75,5.6280989232415,105.6563));
#9828=CARTESIAN_POINT('Origin',(31.75,5.6280989232415,105.6563));
#9829=CARTESIAN_POINT('',(31.75,6.78279946162075,107.6563));
#9830=CARTESIAN_POINT('Origin',(31.75,9.09220053837925,107.6563));
#9831=CARTESIAN_POINT('',(31.75,9.09220053837925,107.6563));
#9832=CARTESIAN_POINT('Origin',(31.75,6.78279946162075,107.6563));
#9833=CARTESIAN_POINT('Origin',(31.75,5.6280989232415,5.0313));
#9834=CARTESIAN_POINT('',(31.75,6.78279946162075,7.0313));
#9835=CARTESIAN_POINT('',(31.75,5.6280989232415,5.0313));
#9836=CARTESIAN_POINT('Origin',(31.75,5.6280989232415,5.0313));
#9837=CARTESIAN_POINT('',(31.75,5.6280989232415,5.0313));
#9838=CARTESIAN_POINT('',(31.75,6.78279946162075,7.0313));
#9839=CARTESIAN_POINT('Origin',(31.75,6.78279946162075,7.0313));
#9840=CARTESIAN_POINT('',(31.75,9.09220053837925,7.0313));
#9841=CARTESIAN_POINT('Origin',(31.75,6.78279946162075,7.0313));
#9842=CARTESIAN_POINT('',(31.75,9.09220053837925,7.0313));
#9843=CARTESIAN_POINT('Origin',(31.75,6.78279946162075,3.0313));
#9844=CARTESIAN_POINT('',(31.75,6.78279946162075,3.0313));
#9845=CARTESIAN_POINT('Origin',(31.75,9.09220053837925,7.0313));
#9846=CARTESIAN_POINT('',(31.75,10.2469010767585,5.0313));
#9847=CARTESIAN_POINT('Origin',(31.75,9.09220053837925,7.0313));
#9848=CARTESIAN_POINT('',(31.75,10.2469010767585,5.0313));
#9849=CARTESIAN_POINT('Origin',(31.75,9.09220053837925,3.0313));
#9850=CARTESIAN_POINT('',(31.75,9.09220053837925,3.0313));
#9851=CARTESIAN_POINT('Origin',(31.75,10.2469010767585,5.0313));
#9852=CARTESIAN_POINT('Origin',(31.75,10.2469010767585,5.0313));
#9853=CARTESIAN_POINT('',(31.75,9.09220053837925,3.0313));
#9854=CARTESIAN_POINT('Origin',(31.75,6.78279946162075,3.0313));
#9855=CARTESIAN_POINT('',(31.75,6.78279946162075,3.0313));
#9856=CARTESIAN_POINT('Origin',(31.75,9.09220053837925,3.0313));
#9857=CARTESIAN_POINT('Origin',(31.75,10.2469010767585,95.5938));
#9858=CARTESIAN_POINT('',(31.75,9.09220053837925,93.5938));
#9859=CARTESIAN_POINT('',(31.75,10.2469010767585,95.5938));
#9860=CARTESIAN_POINT('Origin',(31.75,10.2469010767585,95.5938));
#9861=CARTESIAN_POINT('',(31.75,10.2469010767585,95.5938));
#9862=CARTESIAN_POINT('',(31.75,9.09220053837925,93.5938));
#9863=CARTESIAN_POINT('Origin',(31.75,9.09220053837925,93.5938));
#9864=CARTESIAN_POINT('',(31.75,6.78279946162075,93.5938));
#9865=CARTESIAN_POINT('Origin',(31.75,9.09220053837925,93.5938));
#9866=CARTESIAN_POINT('',(31.75,6.78279946162075,93.5938));
#9867=CARTESIAN_POINT('Origin',(31.75,9.09220053837925,97.5938));
#9868=CARTESIAN_POINT('',(31.75,9.09220053837925,97.5938));
#9869=CARTESIAN_POINT('Origin',(31.75,6.78279946162075,93.5938));
#9870=CARTESIAN_POINT('',(31.75,5.6280989232415,95.5938));
#9871=CARTESIAN_POINT('Origin',(31.75,6.78279946162075,93.5938));
#9872=CARTESIAN_POINT('',(31.75,5.6280989232415,95.5938));
#9873=CARTESIAN_POINT('Origin',(31.75,6.78279946162075,97.5938));
#9874=CARTESIAN_POINT('',(31.75,6.78279946162075,97.5938));
#9875=CARTESIAN_POINT('Origin',(31.75,5.6280989232415,95.5938));
#9876=CARTESIAN_POINT('Origin',(31.75,5.6280989232415,95.5938));
#9877=CARTESIAN_POINT('',(31.75,6.78279946162075,97.5938));
#9878=CARTESIAN_POINT('Origin',(31.75,9.09220053837925,97.5938));
#9879=CARTESIAN_POINT('',(31.75,9.09220053837925,97.5938));
#9880=CARTESIAN_POINT('Origin',(31.75,6.78279946162075,97.5938));
#9881=CARTESIAN_POINT('Origin',(31.75,10.2469010767585,55.3438));
#9882=CARTESIAN_POINT('',(31.75,9.09220053837925,53.3438));
#9883=CARTESIAN_POINT('',(31.75,10.2469010767585,55.3438));
#9884=CARTESIAN_POINT('Origin',(31.75,10.2469010767585,55.3438));
#9885=CARTESIAN_POINT('',(31.75,10.2469010767585,55.3438));
#9886=CARTESIAN_POINT('',(31.75,9.09220053837925,53.3438));
#9887=CARTESIAN_POINT('Origin',(31.75,9.09220053837925,53.3438));
#9888=CARTESIAN_POINT('',(31.75,6.78279946162075,53.3438));
#9889=CARTESIAN_POINT('Origin',(31.75,9.09220053837925,53.3438));
#9890=CARTESIAN_POINT('',(31.75,6.78279946162075,53.3438));
#9891=CARTESIAN_POINT('Origin',(31.75,9.09220053837925,57.3438));
#9892=CARTESIAN_POINT('',(31.75,9.09220053837925,57.3438));
#9893=CARTESIAN_POINT('Origin',(31.75,6.78279946162075,53.3438));
#9894=CARTESIAN_POINT('',(31.75,5.6280989232415,55.3438));
#9895=CARTESIAN_POINT('Origin',(31.75,6.78279946162075,53.3438));
#9896=CARTESIAN_POINT('',(31.75,5.6280989232415,55.3438));
#9897=CARTESIAN_POINT('Origin',(31.75,6.78279946162075,57.3438));
#9898=CARTESIAN_POINT('',(31.75,6.78279946162075,57.3438));
#9899=CARTESIAN_POINT('Origin',(31.75,5.6280989232415,55.3438));
#9900=CARTESIAN_POINT('Origin',(31.75,5.6280989232415,55.3438));
#9901=CARTESIAN_POINT('',(31.75,6.78279946162075,57.3438));
#9902=CARTESIAN_POINT('Origin',(31.75,9.09220053837925,57.3438));
#9903=CARTESIAN_POINT('',(31.75,9.09220053837925,57.3438));
#9904=CARTESIAN_POINT('Origin',(31.75,6.78279946162075,57.3438));
#9905=CARTESIAN_POINT('Origin',(31.75,10.2469010767585,15.0938));
#9906=CARTESIAN_POINT('',(31.75,9.09220053837925,13.0938));
#9907=CARTESIAN_POINT('',(31.75,10.2469010767585,15.0938));
#9908=CARTESIAN_POINT('Origin',(31.75,10.2469010767585,15.0938));
#9909=CARTESIAN_POINT('',(31.75,10.2469010767585,15.0938));
#9910=CARTESIAN_POINT('',(31.75,9.09220053837925,13.0938));
#9911=CARTESIAN_POINT('Origin',(31.75,9.09220053837925,13.0938));
#9912=CARTESIAN_POINT('',(31.75,6.78279946162075,13.0938));
#9913=CARTESIAN_POINT('Origin',(31.75,9.09220053837925,13.0938));
#9914=CARTESIAN_POINT('',(31.75,6.78279946162075,13.0938));
#9915=CARTESIAN_POINT('Origin',(31.75,9.09220053837925,17.0938));
#9916=CARTESIAN_POINT('',(31.75,9.09220053837925,17.0938));
#9917=CARTESIAN_POINT('Origin',(31.75,6.78279946162075,13.0938));
#9918=CARTESIAN_POINT('',(31.75,5.6280989232415,15.0938));
#9919=CARTESIAN_POINT('Origin',(31.75,6.78279946162075,13.0938));
#9920=CARTESIAN_POINT('',(31.75,5.6280989232415,15.0938));
#9921=CARTESIAN_POINT('Origin',(31.75,6.78279946162075,17.0938));
#9922=CARTESIAN_POINT('',(31.75,6.78279946162075,17.0938));
#9923=CARTESIAN_POINT('Origin',(31.75,5.6280989232415,15.0938));
#9924=CARTESIAN_POINT('Origin',(31.75,5.6280989232415,15.0938));
#9925=CARTESIAN_POINT('',(31.75,6.78279946162075,17.0938));
#9926=CARTESIAN_POINT('Origin',(31.75,9.09220053837925,17.0938));
#9927=CARTESIAN_POINT('',(31.75,9.09220053837925,17.0938));
#9928=CARTESIAN_POINT('Origin',(31.75,6.78279946162075,17.0938));
#9929=CARTESIAN_POINT('Origin',(22.6875,0.,45.2813));
#9930=CARTESIAN_POINT('',(19.5875,2.,45.2813));
#9931=CARTESIAN_POINT('Origin',(22.6875,2.,45.2813));
#9932=CARTESIAN_POINT('',(19.5875,0.,45.2813));
#9933=CARTESIAN_POINT('Origin',(9.0625,0.,65.4063));
#9934=CARTESIAN_POINT('',(5.9625,2.,65.4063));
#9935=CARTESIAN_POINT('Origin',(9.0625,2.,65.4063));
#9936=CARTESIAN_POINT('',(5.9625,0.,65.4063));
#9937=CARTESIAN_POINT('Origin',(22.6875,0.,25.1563));
#9938=CARTESIAN_POINT('',(19.5875,2.,25.1563));
#9939=CARTESIAN_POINT('Origin',(22.6875,2.,25.1563));
#9940=CARTESIAN_POINT('',(19.5875,0.,25.1563));
#9941=CARTESIAN_POINT('Origin',(9.0625,0.,85.5313));
#9942=CARTESIAN_POINT('',(5.9625,2.,85.5313));
#9943=CARTESIAN_POINT('Origin',(9.0625,2.,85.5313));
#9944=CARTESIAN_POINT('',(5.9625,0.,85.5313));
#9945=CARTESIAN_POINT('Origin',(9.0625,0.,115.7188));
#9946=CARTESIAN_POINT('',(5.9625,2.,115.7188));
#9947=CARTESIAN_POINT('Origin',(9.0625,2.,115.7188));
#9948=CARTESIAN_POINT('',(5.9625,0.,115.7188));
#9949=CARTESIAN_POINT('Origin',(9.0625,0.,105.6563));
#9950=CARTESIAN_POINT('',(5.9625,2.,105.6563));
#9951=CARTESIAN_POINT('Origin',(9.0625,2.,105.6563));
#9952=CARTESIAN_POINT('',(5.9625,0.,105.6563));
#9953=CARTESIAN_POINT('Origin',(22.6875,0.,75.4688));
#9954=CARTESIAN_POINT('',(19.5875,2.,75.4688));
#9955=CARTESIAN_POINT('Origin',(22.6875,2.,75.4688));
#9956=CARTESIAN_POINT('',(19.5875,0.,75.4688));
#9957=CARTESIAN_POINT('Origin',(22.6875,0.,115.7188));
#9958=CARTESIAN_POINT('',(19.5875,2.,115.7188));
#9959=CARTESIAN_POINT('Origin',(22.6875,2.,115.7188));
#9960=CARTESIAN_POINT('',(19.5875,0.,115.7188));
#9961=CARTESIAN_POINT('Origin',(9.0625,0.,35.2188));
#9962=CARTESIAN_POINT('',(5.9625,2.,35.2188));
#9963=CARTESIAN_POINT('Origin',(9.0625,2.,35.2188));
#9964=CARTESIAN_POINT('',(5.9625,0.,35.2188));
#9965=CARTESIAN_POINT('Origin',(9.0625,0.,95.5938));
#9966=CARTESIAN_POINT('',(5.9625,2.,95.5938));
#9967=CARTESIAN_POINT('Origin',(9.0625,2.,95.5938));
#9968=CARTESIAN_POINT('',(5.9625,0.,95.5938));
#9969=CARTESIAN_POINT('Origin',(22.6875,0.,85.5313));
#9970=CARTESIAN_POINT('',(19.5875,2.,85.5313));
#9971=CARTESIAN_POINT('Origin',(22.6875,2.,85.5313));
#9972=CARTESIAN_POINT('',(19.5875,0.,85.5313));
#9973=CARTESIAN_POINT('Origin',(22.6875,0.,55.3438));
#9974=CARTESIAN_POINT('',(19.5875,2.,55.3438));
#9975=CARTESIAN_POINT('Origin',(22.6875,2.,55.3438));
#9976=CARTESIAN_POINT('',(19.5875,0.,55.3438));
#9977=CARTESIAN_POINT('Origin',(22.6875,0.,95.5938));
#9978=CARTESIAN_POINT('',(19.5875,2.,95.5938));
#9979=CARTESIAN_POINT('Origin',(22.6875,2.,95.5938));
#9980=CARTESIAN_POINT('',(19.5875,0.,95.5938));
#9981=CARTESIAN_POINT('Origin',(22.6875,0.,35.2188));
#9982=CARTESIAN_POINT('',(19.5875,2.,35.2188));
#9983=CARTESIAN_POINT('Origin',(22.6875,2.,35.2188));
#9984=CARTESIAN_POINT('',(19.5875,0.,35.2188));
#9985=CARTESIAN_POINT('Origin',(9.0625,0.,15.0938));
#9986=CARTESIAN_POINT('',(5.9625,2.,15.0938));
#9987=CARTESIAN_POINT('Origin',(9.0625,2.,15.0938));
#9988=CARTESIAN_POINT('',(5.9625,0.,15.0938));
#9989=CARTESIAN_POINT('Origin',(9.0625,0.,25.1563));
#9990=CARTESIAN_POINT('',(5.9625,2.,25.1563));
#9991=CARTESIAN_POINT('Origin',(9.0625,2.,25.1563));
#9992=CARTESIAN_POINT('',(5.9625,0.,25.1563));
#9993=CARTESIAN_POINT('Origin',(9.0625,0.,75.4688));
#9994=CARTESIAN_POINT('',(5.9625,2.,75.4688));
#9995=CARTESIAN_POINT('Origin',(9.0625,2.,75.4688));
#9996=CARTESIAN_POINT('',(5.9625,0.,75.4688));
#9997=CARTESIAN_POINT('Origin',(22.6875,0.,125.7813));
#9998=CARTESIAN_POINT('',(19.5875,2.,125.7813));
#9999=CARTESIAN_POINT('Origin',(22.6875,2.,125.7813));
#10000=CARTESIAN_POINT('',(19.5875,0.,125.7813));
#10001=CARTESIAN_POINT('Origin',(9.0625,0.,45.2813));
#10002=CARTESIAN_POINT('',(5.9625,2.,45.2813));
#10003=CARTESIAN_POINT('Origin',(9.0625,2.,45.2813));
#10004=CARTESIAN_POINT('',(5.9625,0.,45.2813));
#10005=CARTESIAN_POINT('Origin',(22.6875,0.,65.4063));
#10006=CARTESIAN_POINT('',(19.5875,2.,65.4063));
#10007=CARTESIAN_POINT('Origin',(22.6875,2.,65.4063));
#10008=CARTESIAN_POINT('',(19.5875,0.,65.4063));
#10009=CARTESIAN_POINT('Origin',(22.6875,0.,5.0313));
#10010=CARTESIAN_POINT('',(19.5875,2.,5.0313));
#10011=CARTESIAN_POINT('Origin',(22.6875,2.,5.0313));
#10012=CARTESIAN_POINT('',(19.5875,0.,5.0313));
#10013=CARTESIAN_POINT('Origin',(22.6875,0.,105.6563));
#10014=CARTESIAN_POINT('',(19.5875,2.,105.6563));
#10015=CARTESIAN_POINT('Origin',(22.6875,2.,105.6563));
#10016=CARTESIAN_POINT('',(19.5875,0.,105.6563));
#10017=CARTESIAN_POINT('Origin',(9.0625,0.,125.7813));
#10018=CARTESIAN_POINT('',(5.9625,2.,125.7813));
#10019=CARTESIAN_POINT('Origin',(9.0625,2.,125.7813));
#10020=CARTESIAN_POINT('',(5.9625,0.,125.7813));
#10021=CARTESIAN_POINT('Origin',(22.6875,0.,15.0938));
#10022=CARTESIAN_POINT('',(19.5875,2.,15.0938));
#10023=CARTESIAN_POINT('Origin',(22.6875,2.,15.0938));
#10024=CARTESIAN_POINT('',(19.5875,0.,15.0938));
#10025=CARTESIAN_POINT('Origin',(9.0625,0.,55.3438));
#10026=CARTESIAN_POINT('',(5.9625,2.,55.3438));
#10027=CARTESIAN_POINT('Origin',(9.0625,2.,55.3438));
#10028=CARTESIAN_POINT('',(5.9625,0.,55.3438));
#10029=CARTESIAN_POINT('Origin',(9.0625,0.,5.0313));
#10030=CARTESIAN_POINT('',(5.9625,2.,5.0313));
#10031=CARTESIAN_POINT('Origin',(9.0625,2.,5.0313));
#10032=CARTESIAN_POINT('',(5.9625,0.,5.0313));
#10033=CARTESIAN_POINT('Origin',(15.875,2.,65.40625));
#10034=UNCERTAINTY_MEASURE_WITH_UNIT(LENGTH_MEASURE(0.01),#10038,
'DISTANCE_ACCURACY_VALUE',
'Maximum model space distance between geometric entities at asserted c
onnectivities');
#10035=UNCERTAINTY_MEASURE_WITH_UNIT(LENGTH_MEASURE(0.01),#10038,
'DISTANCE_ACCURACY_VALUE',
'Maximum model space distance between geometric entities at asserted c
onnectivities');
#10036=(
GEOMETRIC_REPRESENTATION_CONTEXT(3)
GLOBAL_UNCERTAINTY_ASSIGNED_CONTEXT((#10034))
GLOBAL_UNIT_ASSIGNED_CONTEXT((#10038,#10040,#10041))
REPRESENTATION_CONTEXT('','3D')
);
#10037=(
GEOMETRIC_REPRESENTATION_CONTEXT(3)
GLOBAL_UNCERTAINTY_ASSIGNED_CONTEXT((#10035))
GLOBAL_UNIT_ASSIGNED_CONTEXT((#10038,#10040,#10041))
REPRESENTATION_CONTEXT('','3D')
);
#10038=(
LENGTH_UNIT()
NAMED_UNIT(*)
SI_UNIT(.MILLI.,.METRE.)
);
#10039=(
LENGTH_UNIT()
NAMED_UNIT(*)
SI_UNIT($,.METRE.)
);
#10040=(
NAMED_UNIT(*)
PLANE_ANGLE_UNIT()
SI_UNIT($,.RADIAN.)
);
#10041=(
NAMED_UNIT(*)
SI_UNIT($,.STERADIAN.)
SOLID_ANGLE_UNIT()
);
#10042=SHAPE_DEFINITION_REPRESENTATION(#10043,#10044);
#10043=PRODUCT_DEFINITION_SHAPE('',$,#10046);
#10044=SHAPE_REPRESENTATION('',(#5998),#10036);
#10045=PRODUCT_DEFINITION_CONTEXT('part definition',#10050,'design');
#10046=PRODUCT_DEFINITION('2u(ish) rail','2u(ish) rail',#10047,#10045);
#10047=PRODUCT_DEFINITION_FORMATION('',$,#10052);
#10048=PRODUCT_RELATED_PRODUCT_CATEGORY('2u(ish) rail','2u(ish) rail',(#10052));
#10049=APPLICATION_PROTOCOL_DEFINITION('international standard',
'automotive_design',2009,#10050);
#10050=APPLICATION_CONTEXT(
'Core Data for Automotive Mechanical Design Process');
#10051=PRODUCT_CONTEXT('part definition',#10050,'mechanical');
#10052=PRODUCT('2u(ish) rail','2u(ish) rail',$,(#10051));
#10053=PRESENTATION_STYLE_ASSIGNMENT((#10054));
#10054=SURFACE_STYLE_USAGE(.BOTH.,#10055);
#10055=SURFACE_SIDE_STYLE('',(#10056));
#10056=SURFACE_STYLE_FILL_AREA(#10057);
#10057=FILL_AREA_STYLE('Steel - Satin',(#10058));
#10058=FILL_AREA_STYLE_COLOUR('Steel - Satin',#10059);
#10059=COLOUR_RGB('Steel - Satin',0.627450980392157,0.627450980392157,0.627450980392157);
ENDSEC;
END-ISO-10303-21;
