ISO-10303-21;
HEADER;
/* Generated by software containing ST-Developer
 * from STEP Tools, Inc. (www.steptools.com) 
 */

FILE_DESCRIPTION(
/* description */ (''),
/* implementation_level */ '2;1');

FILE_NAME(
/* name */ 'nxp_s32g3_support_plate.step',
/* time_stamp */ '2026-09-08T14:42:12-04:00',
/* author */ (''),
/* organization */ (''),
/* preprocessor_version */ 'ST-DEVELOPER v20.1',
/* originating_system */ 'Autodesk Translation Framework v14.24.0.0',
/* authorisation */ '');

FILE_SCHEMA (('AUTOMOTIVE_DESIGN { 1 0 10303 214 3 1 1 }'));
ENDSEC;

DATA;
#10=MECHANICAL_DESIGN_GEOMETRIC_PRESENTATION_REPRESENTATION('',(#13),#2627);
#11=SHAPE_REPRESENTATION_RELATIONSHIP('SRR','None',#2634,#12);
#12=ADVANCED_BREP_SHAPE_REPRESENTATION('',(#14),#2626);
#13=STYLED_ITEM('',(#2643),#14);
#14=MANIFOLD_SOLID_BREP('Body1',#1431);
#15=FACE_BOUND('',#167,.T.);
#16=FACE_BOUND('',#168,.T.);
#17=FACE_BOUND('',#169,.T.);
#18=FACE_BOUND('',#170,.T.);
#19=FACE_BOUND('',#171,.T.);
#20=FACE_BOUND('',#172,.T.);
#21=FACE_BOUND('',#173,.T.);
#22=FACE_BOUND('',#177,.T.);
#23=FACE_BOUND('',#178,.T.);
#24=FACE_BOUND('',#179,.T.);
#25=FACE_BOUND('',#180,.T.);
#26=FACE_BOUND('',#181,.T.);
#27=FACE_BOUND('',#182,.T.);
#28=FACE_BOUND('',#183,.T.);
#29=FACE_BOUND('',#184,.T.);
#30=FACE_BOUND('',#185,.T.);
#31=FACE_BOUND('',#186,.T.);
#32=FACE_BOUND('',#187,.T.);
#33=FACE_BOUND('',#188,.T.);
#34=PLANE('',#1468);
#35=PLANE('',#1491);
#36=PLANE('',#1492);
#37=PLANE('',#1514);
#38=PLANE('',#1515);
#39=PLANE('',#1527);
#40=PLANE('',#1533);
#41=PLANE('',#1550);
#42=PLANE('',#1567);
#43=PLANE('',#1569);
#44=PLANE('',#1585);
#45=PLANE('',#1587);
#46=PLANE('',#1603);
#47=PLANE('',#1605);
#48=PLANE('',#1608);
#49=PLANE('',#1611);
#50=PLANE('',#1612);
#51=PLANE('',#1614);
#52=PLANE('',#1616);
#53=TOROIDAL_SURFACE('',#1462,3.6,2.);
#54=TOROIDAL_SURFACE('',#1528,3.6,2.);
#55=TOROIDAL_SURFACE('',#1534,4.,2.);
#56=TOROIDAL_SURFACE('',#1540,4.,2.);
#57=TOROIDAL_SURFACE('',#1545,4.,2.);
#58=TOROIDAL_SURFACE('',#1555,4.,2.);
#59=TOROIDAL_SURFACE('',#1560,4.,2.);
#60=TOROIDAL_SURFACE('',#1565,4.,2.);
#61=TOROIDAL_SURFACE('',#1573,4.,2.);
#62=TOROIDAL_SURFACE('',#1578,4.,2.);
#63=TOROIDAL_SURFACE('',#1583,4.,2.);
#64=TOROIDAL_SURFACE('',#1591,4.,2.);
#65=TOROIDAL_SURFACE('',#1596,4.,2.);
#66=TOROIDAL_SURFACE('',#1601,4.,2.);
#67=TOROIDAL_SURFACE('',#1618,3.6,2.);
#68=TOROIDAL_SURFACE('',#1625,3.6,2.);
#69=SPHERICAL_SURFACE('',#1451,2.);
#70=SPHERICAL_SURFACE('',#1456,2.);
#71=SPHERICAL_SURFACE('',#1523,2.);
#72=SPHERICAL_SURFACE('',#1526,2.);
#73=B_SPLINE_CURVE_WITH_KNOTS('',3,(#2118,#2119,#2120,#2121,#2122,#2123,
#2124,#2125,#2126,#2127,#2128,#2129,#2130,#2131,#2132,#2133,#2134,#2135,
#2136,#2137,#2138,#2139,#2140),.UNSPECIFIED.,.F.,.F.,(4,2,2,2,2,3,2,2,2,
2,4),(1.89949233081296,1.89959030367863,1.95608599040449,2.01258167713034,
2.06907736385619,2.12557305058205,2.1820687373079,2.23856442403375,2.29506011075961,
2.35155579748546,2.35165377035114),.UNSPECIFIED.);
#74=B_SPLINE_CURVE_WITH_KNOTS('',3,(#2151,#2152,#2153,#2154,#2155,#2156,
#2157,#2158,#2159,#2160,#2161,#2162,#2163,#2164,#2165,#2166,#2167,#2168),
 .UNSPECIFIED.,.F.,.F.,(4,2,2,2,2,2,2,2,4),(-0.678419519505535,-0.677300485863062,
-0.516995957425375,-0.412679125900916,-0.338650243103631,-0.264621360306346,
-0.160304528781884,0.,0.00111903363669317),.UNSPECIFIED.);
#75=B_SPLINE_CURVE_WITH_KNOTS('',3,(#2172,#2173,#2174,#2175,#2176,#2177,
#2178,#2179,#2180,#2181,#2182,#2183,#2184,#2185,#2186,#2187,#2188,#2189,
#2190,#2191,#2192,#2193,#2194),.UNSPECIFIED.,.F.,.F.,(4,2,2,2,2,3,2,2,2,
2,4),(1.89949233081296,1.89959030367863,1.95608599040449,2.01258167713034,
2.06907736385619,2.12557305058205,2.1820687373079,2.23856442403375,2.29506011075961,
2.35155579748546,2.35165377035114),.UNSPECIFIED.);
#76=B_SPLINE_CURVE_WITH_KNOTS('',3,(#2302,#2303,#2304,#2305,#2306,#2307,
#2308,#2309,#2310,#2311,#2312,#2313,#2314,#2315),.UNSPECIFIED.,.F.,.F.,
(4,2,2,2,2,2,4),(-0.328957308504267,-0.326994639700208,-0.246751160789983,
-0.163497319850104,-0.0802434789102251,0.,0.00196266880405968),
 .UNSPECIFIED.);
#77=B_SPLINE_CURVE_WITH_KNOTS('',3,(#2398,#2399,#2400,#2401,#2402,#2403,
#2404,#2405),.UNSPECIFIED.,.F.,.F.,(4,2,2,4),(-0.319551952345948,-0.317554863933491,
-0.242090216188634,-0.158777431966747),.UNSPECIFIED.);
#78=B_SPLINE_CURVE_WITH_KNOTS('',3,(#2406,#2407,#2408,#2409,#2410,#2411,
#2412,#2413),.UNSPECIFIED.,.F.,.F.,(4,2,2,4),(-0.158777431966747,-0.0754646477448587,
0.,0.00199708841243011),.UNSPECIFIED.);
#79=B_SPLINE_CURVE_WITH_KNOTS('',3,(#2421,#2422,#2423,#2424,#2425,#2426,
#2427,#2428,#2429,#2430,#2431,#2432,#2433,#2434),.UNSPECIFIED.,.F.,.F.,
(4,2,2,2,2,2,4),(-0.344582408393708,-0.342674877909849,-0.254477532213569,
-0.171337438955087,-0.0881973456966035,0.,0.00190753048379526),
 .UNSPECIFIED.);
#80=FACE_OUTER_BOUND('',#159,.T.);
#81=FACE_OUTER_BOUND('',#160,.T.);
#82=FACE_OUTER_BOUND('',#161,.T.);
#83=FACE_OUTER_BOUND('',#162,.T.);
#84=FACE_OUTER_BOUND('',#163,.T.);
#85=FACE_OUTER_BOUND('',#164,.T.);
#86=FACE_OUTER_BOUND('',#165,.T.);
#87=FACE_OUTER_BOUND('',#166,.T.);
#88=FACE_OUTER_BOUND('',#174,.T.);
#89=FACE_OUTER_BOUND('',#175,.T.);
#90=FACE_OUTER_BOUND('',#176,.T.);
#91=FACE_OUTER_BOUND('',#189,.T.);
#92=FACE_OUTER_BOUND('',#190,.T.);
#93=FACE_OUTER_BOUND('',#191,.T.);
#94=FACE_OUTER_BOUND('',#192,.T.);
#95=FACE_OUTER_BOUND('',#193,.T.);
#96=FACE_OUTER_BOUND('',#194,.T.);
#97=FACE_OUTER_BOUND('',#195,.T.);
#98=FACE_OUTER_BOUND('',#196,.T.);
#99=FACE_OUTER_BOUND('',#197,.T.);
#100=FACE_OUTER_BOUND('',#198,.T.);
#101=FACE_OUTER_BOUND('',#199,.T.);
#102=FACE_OUTER_BOUND('',#200,.T.);
#103=FACE_OUTER_BOUND('',#201,.T.);
#104=FACE_OUTER_BOUND('',#202,.T.);
#105=FACE_OUTER_BOUND('',#203,.T.);
#106=FACE_OUTER_BOUND('',#204,.T.);
#107=FACE_OUTER_BOUND('',#205,.T.);
#108=FACE_OUTER_BOUND('',#206,.T.);
#109=FACE_OUTER_BOUND('',#207,.T.);
#110=FACE_OUTER_BOUND('',#208,.T.);
#111=FACE_OUTER_BOUND('',#209,.T.);
#112=FACE_OUTER_BOUND('',#210,.T.);
#113=FACE_OUTER_BOUND('',#211,.T.);
#114=FACE_OUTER_BOUND('',#212,.T.);
#115=FACE_OUTER_BOUND('',#213,.T.);
#116=FACE_OUTER_BOUND('',#214,.T.);
#117=FACE_OUTER_BOUND('',#215,.T.);
#118=FACE_OUTER_BOUND('',#216,.T.);
#119=FACE_OUTER_BOUND('',#217,.T.);
#120=FACE_OUTER_BOUND('',#218,.T.);
#121=FACE_OUTER_BOUND('',#219,.T.);
#122=FACE_OUTER_BOUND('',#220,.T.);
#123=FACE_OUTER_BOUND('',#221,.T.);
#124=FACE_OUTER_BOUND('',#222,.T.);
#125=FACE_OUTER_BOUND('',#223,.T.);
#126=FACE_OUTER_BOUND('',#224,.T.);
#127=FACE_OUTER_BOUND('',#225,.T.);
#128=FACE_OUTER_BOUND('',#226,.T.);
#129=FACE_OUTER_BOUND('',#227,.T.);
#130=FACE_OUTER_BOUND('',#228,.T.);
#131=FACE_OUTER_BOUND('',#229,.T.);
#132=FACE_OUTER_BOUND('',#230,.T.);
#133=FACE_OUTER_BOUND('',#231,.T.);
#134=FACE_OUTER_BOUND('',#232,.T.);
#135=FACE_OUTER_BOUND('',#233,.T.);
#136=FACE_OUTER_BOUND('',#234,.T.);
#137=FACE_OUTER_BOUND('',#235,.T.);
#138=FACE_OUTER_BOUND('',#236,.T.);
#139=FACE_OUTER_BOUND('',#237,.T.);
#140=FACE_OUTER_BOUND('',#238,.T.);
#141=FACE_OUTER_BOUND('',#239,.T.);
#142=FACE_OUTER_BOUND('',#240,.T.);
#143=FACE_OUTER_BOUND('',#241,.T.);
#144=FACE_OUTER_BOUND('',#242,.T.);
#145=FACE_OUTER_BOUND('',#243,.T.);
#146=FACE_OUTER_BOUND('',#244,.T.);
#147=FACE_OUTER_BOUND('',#245,.T.);
#148=FACE_OUTER_BOUND('',#246,.T.);
#149=FACE_OUTER_BOUND('',#247,.T.);
#150=FACE_OUTER_BOUND('',#248,.T.);
#151=FACE_OUTER_BOUND('',#249,.T.);
#152=FACE_OUTER_BOUND('',#250,.T.);
#153=FACE_OUTER_BOUND('',#251,.T.);
#154=FACE_OUTER_BOUND('',#252,.T.);
#155=FACE_OUTER_BOUND('',#253,.T.);
#156=FACE_OUTER_BOUND('',#254,.T.);
#157=FACE_OUTER_BOUND('',#255,.T.);
#158=FACE_OUTER_BOUND('',#256,.T.);
#159=EDGE_LOOP('',(#892,#893,#894,#895));
#160=EDGE_LOOP('',(#896,#897,#898,#899,#900,#901,#902,#903,#904,#905));
#161=EDGE_LOOP('',(#906,#907,#908));
#162=EDGE_LOOP('',(#909,#910,#911,#912));
#163=EDGE_LOOP('',(#913,#914,#915));
#164=EDGE_LOOP('',(#916,#917,#918,#919,#920,#921));
#165=EDGE_LOOP('',(#922,#923,#924,#925,#926,#927,#928));
#166=EDGE_LOOP('',(#929,#930,#931,#932,#933,#934,#935,#936,#937,#938,#939,
#940,#941,#942,#943,#944,#945));
#167=EDGE_LOOP('',(#946,#947,#948,#949,#950,#951));
#168=EDGE_LOOP('',(#952,#953,#954,#955,#956,#957));
#169=EDGE_LOOP('',(#958));
#170=EDGE_LOOP('',(#959));
#171=EDGE_LOOP('',(#960));
#172=EDGE_LOOP('',(#961,#962,#963,#964,#965,#966));
#173=EDGE_LOOP('',(#967,#968,#969,#970,#971,#972));
#174=EDGE_LOOP('',(#973,#974,#975,#976,#977,#978));
#175=EDGE_LOOP('',(#979,#980,#981,#982));
#176=EDGE_LOOP('',(#983,#984,#985,#986,#987,#988,#989,#990));
#177=EDGE_LOOP('',(#991,#992,#993,#994,#995,#996));
#178=EDGE_LOOP('',(#997));
#179=EDGE_LOOP('',(#998));
#180=EDGE_LOOP('',(#999,#1000,#1001,#1002,#1003,#1004));
#181=EDGE_LOOP('',(#1005));
#182=EDGE_LOOP('',(#1006,#1007,#1008,#1009,#1010,#1011));
#183=EDGE_LOOP('',(#1012,#1013,#1014,#1015,#1016,#1017));
#184=EDGE_LOOP('',(#1018));
#185=EDGE_LOOP('',(#1019));
#186=EDGE_LOOP('',(#1020));
#187=EDGE_LOOP('',(#1021));
#188=EDGE_LOOP('',(#1022));
#189=EDGE_LOOP('',(#1023,#1024,#1025,#1026));
#190=EDGE_LOOP('',(#1027,#1028,#1029,#1030));
#191=EDGE_LOOP('',(#1031,#1032,#1033,#1034,#1035,#1036,#1037));
#192=EDGE_LOOP('',(#1038,#1039,#1040,#1041));
#193=EDGE_LOOP('',(#1042,#1043,#1044,#1045,#1046,#1047));
#194=EDGE_LOOP('',(#1048,#1049,#1050));
#195=EDGE_LOOP('',(#1051,#1052,#1053,#1054));
#196=EDGE_LOOP('',(#1055,#1056,#1057));
#197=EDGE_LOOP('',(#1058,#1059,#1060,#1061));
#198=EDGE_LOOP('',(#1062,#1063,#1064,#1065,#1066,#1067,#1068,#1069,#1070));
#199=EDGE_LOOP('',(#1071,#1072,#1073));
#200=EDGE_LOOP('',(#1074,#1075,#1076,#1077));
#201=EDGE_LOOP('',(#1078,#1079,#1080,#1081));
#202=EDGE_LOOP('',(#1082,#1083,#1084,#1085));
#203=EDGE_LOOP('',(#1086,#1087,#1088,#1089));
#204=EDGE_LOOP('',(#1090,#1091,#1092,#1093));
#205=EDGE_LOOP('',(#1094,#1095,#1096,#1097));
#206=EDGE_LOOP('',(#1098,#1099,#1100,#1101));
#207=EDGE_LOOP('',(#1102,#1103,#1104,#1105));
#208=EDGE_LOOP('',(#1106,#1107,#1108,#1109));
#209=EDGE_LOOP('',(#1110,#1111,#1112,#1113));
#210=EDGE_LOOP('',(#1114,#1115,#1116,#1117));
#211=EDGE_LOOP('',(#1118,#1119,#1120,#1121));
#212=EDGE_LOOP('',(#1122,#1123,#1124,#1125));
#213=EDGE_LOOP('',(#1126,#1127,#1128,#1129));
#214=EDGE_LOOP('',(#1130,#1131,#1132,#1133));
#215=EDGE_LOOP('',(#1134,#1135,#1136,#1137));
#216=EDGE_LOOP('',(#1138,#1139,#1140,#1141));
#217=EDGE_LOOP('',(#1142,#1143,#1144,#1145));
#218=EDGE_LOOP('',(#1146,#1147,#1148,#1149));
#219=EDGE_LOOP('',(#1150,#1151,#1152,#1153));
#220=EDGE_LOOP('',(#1154,#1155,#1156,#1157));
#221=EDGE_LOOP('',(#1158,#1159,#1160,#1161));
#222=EDGE_LOOP('',(#1162,#1163,#1164,#1165));
#223=EDGE_LOOP('',(#1166,#1167,#1168,#1169));
#224=EDGE_LOOP('',(#1170,#1171,#1172,#1173));
#225=EDGE_LOOP('',(#1174,#1175,#1176,#1177));
#226=EDGE_LOOP('',(#1178,#1179,#1180,#1181));
#227=EDGE_LOOP('',(#1182,#1183,#1184,#1185));
#228=EDGE_LOOP('',(#1186,#1187,#1188,#1189));
#229=EDGE_LOOP('',(#1190,#1191,#1192,#1193));
#230=EDGE_LOOP('',(#1194,#1195,#1196,#1197));
#231=EDGE_LOOP('',(#1198,#1199,#1200,#1201));
#232=EDGE_LOOP('',(#1202,#1203,#1204,#1205));
#233=EDGE_LOOP('',(#1206,#1207,#1208,#1209));
#234=EDGE_LOOP('',(#1210,#1211,#1212,#1213));
#235=EDGE_LOOP('',(#1214,#1215,#1216,#1217));
#236=EDGE_LOOP('',(#1218,#1219,#1220,#1221));
#237=EDGE_LOOP('',(#1222,#1223,#1224,#1225));
#238=EDGE_LOOP('',(#1226,#1227,#1228,#1229));
#239=EDGE_LOOP('',(#1230,#1231,#1232,#1233));
#240=EDGE_LOOP('',(#1234,#1235,#1236,#1237));
#241=EDGE_LOOP('',(#1238,#1239,#1240,#1241));
#242=EDGE_LOOP('',(#1242,#1243,#1244,#1245));
#243=EDGE_LOOP('',(#1246,#1247,#1248,#1249));
#244=EDGE_LOOP('',(#1250,#1251,#1252,#1253));
#245=EDGE_LOOP('',(#1254,#1255,#1256,#1257));
#246=EDGE_LOOP('',(#1258,#1259,#1260,#1261));
#247=EDGE_LOOP('',(#1262,#1263,#1264,#1265));
#248=EDGE_LOOP('',(#1266,#1267,#1268,#1269,#1270,#1271,#1272));
#249=EDGE_LOOP('',(#1273,#1274,#1275,#1276,#1277));
#250=EDGE_LOOP('',(#1278,#1279,#1280,#1281,#1282));
#251=EDGE_LOOP('',(#1283,#1284,#1285,#1286,#1287));
#252=EDGE_LOOP('',(#1288,#1289,#1290,#1291,#1292));
#253=EDGE_LOOP('',(#1293,#1294,#1295,#1296,#1297));
#254=EDGE_LOOP('',(#1298,#1299,#1300,#1301,#1302,#1303));
#255=EDGE_LOOP('',(#1304,#1305,#1306,#1307));
#256=EDGE_LOOP('',(#1308,#1309,#1310,#1311));
#257=LINE('',#2111,#351);
#258=LINE('',#2114,#352);
#259=LINE('',#2142,#353);
#260=LINE('',#2145,#354);
#261=LINE('',#2149,#355);
#262=LINE('',#2170,#356);
#263=LINE('',#2195,#357);
#264=LINE('',#2203,#358);
#265=LINE('',#2205,#359);
#266=LINE('',#2212,#360);
#267=LINE('',#2226,#361);
#268=LINE('',#2232,#362);
#269=LINE('',#2234,#363);
#270=LINE('',#2237,#364);
#271=LINE('',#2243,#365);
#272=LINE('',#2247,#366);
#273=LINE('',#2251,#367);
#274=LINE('',#2255,#368);
#275=LINE('',#2259,#369);
#276=LINE('',#2263,#370);
#277=LINE('',#2273,#371);
#278=LINE('',#2277,#372);
#279=LINE('',#2281,#373);
#280=LINE('',#2287,#374);
#281=LINE('',#2291,#375);
#282=LINE('',#2294,#376);
#283=LINE('',#2297,#377);
#284=LINE('',#2301,#378);
#285=LINE('',#2318,#379);
#286=LINE('',#2319,#380);
#287=LINE('',#2322,#381);
#288=LINE('',#2326,#382);
#289=LINE('',#2328,#383);
#290=LINE('',#2331,#384);
#291=LINE('',#2335,#385);
#292=LINE('',#2339,#386);
#293=LINE('',#2347,#387);
#294=LINE('',#2351,#388);
#295=LINE('',#2355,#389);
#296=LINE('',#2361,#390);
#297=LINE('',#2365,#391);
#298=LINE('',#2369,#392);
#299=LINE('',#2373,#393);
#300=LINE('',#2377,#394);
#301=LINE('',#2381,#395);
#302=LINE('',#2394,#396);
#303=LINE('',#2395,#397);
#304=LINE('',#2418,#398);
#305=LINE('',#2435,#399);
#306=LINE('',#2438,#400);
#307=LINE('',#2442,#401);
#308=LINE('',#2463,#402);
#309=LINE('',#2471,#403);
#310=LINE('',#2477,#404);
#311=LINE('',#2479,#405);
#312=LINE('',#2480,#406);
#313=LINE('',#2482,#407);
#314=LINE('',#2484,#408);
#315=LINE('',#2490,#409);
#316=LINE('',#2498,#410);
#317=LINE('',#2506,#411);
#318=LINE('',#2510,#412);
#319=LINE('',#2511,#413);
#320=LINE('',#2513,#414);
#321=LINE('',#2515,#415);
#322=LINE('',#2521,#416);
#323=LINE('',#2529,#417);
#324=LINE('',#2537,#418);
#325=LINE('',#2541,#419);
#326=LINE('',#2542,#420);
#327=LINE('',#2544,#421);
#328=LINE('',#2546,#422);
#329=LINE('',#2552,#423);
#330=LINE('',#2560,#424);
#331=LINE('',#2568,#425);
#332=LINE('',#2572,#426);
#333=LINE('',#2573,#427);
#334=LINE('',#2575,#428);
#335=LINE('',#2577,#429);
#336=LINE('',#2579,#430);
#337=LINE('',#2581,#431);
#338=LINE('',#2583,#432);
#339=LINE('',#2585,#433);
#340=LINE('',#2587,#434);
#341=LINE('',#2590,#435);
#342=LINE('',#2592,#436);
#343=LINE('',#2595,#437);
#344=LINE('',#2605,#438);
#345=LINE('',#2607,#439);
#346=LINE('',#2609,#440);
#347=LINE('',#2617,#441);
#348=LINE('',#2619,#442);
#349=LINE('',#2621,#443);
#350=LINE('',#2623,#444);
#351=VECTOR('',#1639,10.);
#352=VECTOR('',#1642,10.);
#353=VECTOR('',#1645,10.);
#354=VECTOR('',#1648,10.);
#355=VECTOR('',#1651,10.);
#356=VECTOR('',#1652,10.);
#357=VECTOR('',#1653,10.);
#358=VECTOR('',#1662,10.);
#359=VECTOR('',#1665,10.);
#360=VECTOR('',#1674,2.25);
#361=VECTOR('',#1693,10.);
#362=VECTOR('',#1698,10.);
#363=VECTOR('',#1699,10.);
#364=VECTOR('',#1702,10.);
#365=VECTOR('',#1707,10.);
#366=VECTOR('',#1710,10.);
#367=VECTOR('',#1713,10.);
#368=VECTOR('',#1716,10.);
#369=VECTOR('',#1719,10.);
#370=VECTOR('',#1722,10.);
#371=VECTOR('',#1731,10.);
#372=VECTOR('',#1734,10.);
#373=VECTOR('',#1737,10.);
#374=VECTOR('',#1742,10.);
#375=VECTOR('',#1745,10.);
#376=VECTOR('',#1748,10.);
#377=VECTOR('',#1751,10.);
#378=VECTOR('',#1754,10.);
#379=VECTOR('',#1757,10.);
#380=VECTOR('',#1758,10.);
#381=VECTOR('',#1761,10.);
#382=VECTOR('',#1764,10.);
#383=VECTOR('',#1767,10.);
#384=VECTOR('',#1768,10.);
#385=VECTOR('',#1771,10.);
#386=VECTOR('',#1774,10.);
#387=VECTOR('',#1781,10.);
#388=VECTOR('',#1784,10.);
#389=VECTOR('',#1787,10.);
#390=VECTOR('',#1792,10.);
#391=VECTOR('',#1795,10.);
#392=VECTOR('',#1798,10.);
#393=VECTOR('',#1801,10.);
#394=VECTOR('',#1804,10.);
#395=VECTOR('',#1807,10.);
#396=VECTOR('',#1822,10.);
#397=VECTOR('',#1823,10.);
#398=VECTOR('',#1832,10.);
#399=VECTOR('',#1835,10.);
#400=VECTOR('',#1838,10.);
#401=VECTOR('',#1845,10.);
#402=VECTOR('',#1876,10.);
#403=VECTOR('',#1887,10.);
#404=VECTOR('',#1896,10.);
#405=VECTOR('',#1899,10.);
#406=VECTOR('',#1900,10.);
#407=VECTOR('',#1903,10.);
#408=VECTOR('',#1906,10.);
#409=VECTOR('',#1913,10.);
#410=VECTOR('',#1924,10.);
#411=VECTOR('',#1935,10.);
#412=VECTOR('',#1942,10.);
#413=VECTOR('',#1943,10.);
#414=VECTOR('',#1946,10.);
#415=VECTOR('',#1949,10.);
#416=VECTOR('',#1956,10.);
#417=VECTOR('',#1967,10.);
#418=VECTOR('',#1978,10.);
#419=VECTOR('',#1985,10.);
#420=VECTOR('',#1986,10.);
#421=VECTOR('',#1989,10.);
#422=VECTOR('',#1992,10.);
#423=VECTOR('',#1999,10.);
#424=VECTOR('',#2010,10.);
#425=VECTOR('',#2021,10.);
#426=VECTOR('',#2028,10.);
#427=VECTOR('',#2029,10.);
#428=VECTOR('',#2032,10.);
#429=VECTOR('',#2035,10.);
#430=VECTOR('',#2038,10.);
#431=VECTOR('',#2041,10.);
#432=VECTOR('',#2044,10.);
#433=VECTOR('',#2047,10.);
#434=VECTOR('',#2050,10.);
#435=VECTOR('',#2055,10.);
#436=VECTOR('',#2058,10.);
#437=VECTOR('',#2063,10.);
#438=VECTOR('',#2078,1.6);
#439=VECTOR('',#2081,1.6);
#440=VECTOR('',#2084,1.6);
#441=VECTOR('',#2095,1.6);
#442=VECTOR('',#2098,2.25);
#443=VECTOR('',#2101,2.25);
#444=VECTOR('',#2104,2.25);
#445=CIRCLE('',#1446,2.);
#446=CIRCLE('',#1447,2.);
#447=CIRCLE('',#1449,2.);
#448=CIRCLE('',#1450,2.);
#449=CIRCLE('',#1452,2.00000000000001);
#450=CIRCLE('',#1454,2.);
#451=CIRCLE('',#1455,2.);
#452=CIRCLE('',#1457,2.);
#453=CIRCLE('',#1459,2.25);
#454=CIRCLE('',#1460,2.25);
#455=CIRCLE('',#1461,2.25);
#456=CIRCLE('',#1463,1.6);
#457=CIRCLE('',#1464,2.);
#458=CIRCLE('',#1465,3.6);
#459=CIRCLE('',#1466,3.6);
#460=CIRCLE('',#1467,1.6);
#461=CIRCLE('',#1469,3.6);
#462=CIRCLE('',#1470,3.6);
#463=CIRCLE('',#1471,3.6);
#464=CIRCLE('',#1472,2.25);
#465=CIRCLE('',#1473,2.25);
#466=CIRCLE('',#1474,4.);
#467=CIRCLE('',#1475,4.);
#468=CIRCLE('',#1476,4.);
#469=CIRCLE('',#1477,4.);
#470=CIRCLE('',#1478,4.);
#471=CIRCLE('',#1479,4.);
#472=CIRCLE('',#1480,2.25);
#473=CIRCLE('',#1481,2.25);
#474=CIRCLE('',#1482,3.6);
#475=CIRCLE('',#1483,4.);
#476=CIRCLE('',#1484,4.);
#477=CIRCLE('',#1485,4.);
#478=CIRCLE('',#1486,4.);
#479=CIRCLE('',#1487,4.);
#480=CIRCLE('',#1488,4.);
#481=CIRCLE('',#1490,2.);
#482=CIRCLE('',#1493,2.);
#483=CIRCLE('',#1494,2.);
#484=CIRCLE('',#1495,2.);
#485=CIRCLE('',#1496,2.);
#486=CIRCLE('',#1497,2.);
#487=CIRCLE('',#1498,1.6);
#488=CIRCLE('',#1499,1.6);
#489=CIRCLE('',#1500,2.);
#490=CIRCLE('',#1501,2.);
#491=CIRCLE('',#1502,2.);
#492=CIRCLE('',#1503,1.6);
#493=CIRCLE('',#1504,2.);
#494=CIRCLE('',#1505,2.);
#495=CIRCLE('',#1506,2.);
#496=CIRCLE('',#1507,2.);
#497=CIRCLE('',#1508,2.);
#498=CIRCLE('',#1509,2.);
#499=CIRCLE('',#1510,1.6);
#500=CIRCLE('',#1511,2.25);
#501=CIRCLE('',#1512,2.25);
#502=CIRCLE('',#1513,2.25);
#503=CIRCLE('',#1517,2.00000000000001);
#504=CIRCLE('',#1519,1.99999999999999);
#505=CIRCLE('',#1521,2.);
#506=CIRCLE('',#1522,1.99999999999999);
#507=CIRCLE('',#1525,1.99999999999999);
#508=CIRCLE('',#1529,1.6);
#509=CIRCLE('',#1530,2.);
#510=CIRCLE('',#1531,3.6);
#511=CIRCLE('',#1532,1.6);
#512=CIRCLE('',#1535,2.00000000000001);
#513=CIRCLE('',#1536,2.);
#514=CIRCLE('',#1537,2.);
#515=CIRCLE('',#1539,2.);
#516=CIRCLE('',#1541,2.);
#517=CIRCLE('',#1542,2.);
#518=CIRCLE('',#1544,2.);
#519=CIRCLE('',#1546,2.);
#520=CIRCLE('',#1547,2.);
#521=CIRCLE('',#1553,1.99999999999999);
#522=CIRCLE('',#1554,2.);
#523=CIRCLE('',#1556,2.);
#524=CIRCLE('',#1557,2.);
#525=CIRCLE('',#1559,2.);
#526=CIRCLE('',#1561,2.);
#527=CIRCLE('',#1562,2.);
#528=CIRCLE('',#1564,2.);
#529=CIRCLE('',#1566,2.);
#530=CIRCLE('',#1571,2.);
#531=CIRCLE('',#1572,2.);
#532=CIRCLE('',#1574,2.);
#533=CIRCLE('',#1575,2.);
#534=CIRCLE('',#1577,2.);
#535=CIRCLE('',#1579,2.);
#536=CIRCLE('',#1580,2.);
#537=CIRCLE('',#1582,2.);
#538=CIRCLE('',#1584,2.);
#539=CIRCLE('',#1589,1.99999999999999);
#540=CIRCLE('',#1590,2.);
#541=CIRCLE('',#1592,2.);
#542=CIRCLE('',#1593,2.);
#543=CIRCLE('',#1595,2.);
#544=CIRCLE('',#1597,2.);
#545=CIRCLE('',#1598,2.);
#546=CIRCLE('',#1600,2.);
#547=CIRCLE('',#1602,2.);
#548=CIRCLE('',#1619,1.6);
#549=CIRCLE('',#1620,2.);
#550=CIRCLE('',#1621,1.6);
#551=CIRCLE('',#1626,1.6);
#552=CIRCLE('',#1627,2.);
#553=CIRCLE('',#1628,1.6);
#554=VERTEX_POINT('',#2107);
#555=VERTEX_POINT('',#2108);
#556=VERTEX_POINT('',#2110);
#557=VERTEX_POINT('',#2112);
#558=VERTEX_POINT('',#2116);
#559=VERTEX_POINT('',#2117);
#560=VERTEX_POINT('',#2141);
#561=VERTEX_POINT('',#2144);
#562=VERTEX_POINT('',#2146);
#563=VERTEX_POINT('',#2148);
#564=VERTEX_POINT('',#2150);
#565=VERTEX_POINT('',#2169);
#566=VERTEX_POINT('',#2171);
#567=VERTEX_POINT('',#2199);
#568=VERTEX_POINT('',#2200);
#569=VERTEX_POINT('',#2202);
#570=VERTEX_POINT('',#2209);
#571=VERTEX_POINT('',#2211);
#572=VERTEX_POINT('',#2216);
#573=VERTEX_POINT('',#2217);
#574=VERTEX_POINT('',#2219);
#575=VERTEX_POINT('',#2225);
#576=VERTEX_POINT('',#2227);
#577=VERTEX_POINT('',#2229);
#578=VERTEX_POINT('',#2231);
#579=VERTEX_POINT('',#2233);
#580=VERTEX_POINT('',#2235);
#581=VERTEX_POINT('',#2238);
#582=VERTEX_POINT('',#2241);
#583=VERTEX_POINT('',#2242);
#584=VERTEX_POINT('',#2244);
#585=VERTEX_POINT('',#2246);
#586=VERTEX_POINT('',#2248);
#587=VERTEX_POINT('',#2250);
#588=VERTEX_POINT('',#2253);
#589=VERTEX_POINT('',#2254);
#590=VERTEX_POINT('',#2256);
#591=VERTEX_POINT('',#2258);
#592=VERTEX_POINT('',#2260);
#593=VERTEX_POINT('',#2262);
#594=VERTEX_POINT('',#2265);
#595=VERTEX_POINT('',#2267);
#596=VERTEX_POINT('',#2269);
#597=VERTEX_POINT('',#2271);
#598=VERTEX_POINT('',#2272);
#599=VERTEX_POINT('',#2274);
#600=VERTEX_POINT('',#2276);
#601=VERTEX_POINT('',#2278);
#602=VERTEX_POINT('',#2280);
#603=VERTEX_POINT('',#2283);
#604=VERTEX_POINT('',#2284);
#605=VERTEX_POINT('',#2286);
#606=VERTEX_POINT('',#2288);
#607=VERTEX_POINT('',#2290);
#608=VERTEX_POINT('',#2292);
#609=VERTEX_POINT('',#2296);
#610=VERTEX_POINT('',#2298);
#611=VERTEX_POINT('',#2300);
#612=VERTEX_POINT('',#2317);
#613=VERTEX_POINT('',#2321);
#614=VERTEX_POINT('',#2323);
#615=VERTEX_POINT('',#2325);
#616=VERTEX_POINT('',#2329);
#617=VERTEX_POINT('',#2330);
#618=VERTEX_POINT('',#2332);
#619=VERTEX_POINT('',#2334);
#620=VERTEX_POINT('',#2336);
#621=VERTEX_POINT('',#2338);
#622=VERTEX_POINT('',#2341);
#623=VERTEX_POINT('',#2343);
#624=VERTEX_POINT('',#2345);
#625=VERTEX_POINT('',#2346);
#626=VERTEX_POINT('',#2348);
#627=VERTEX_POINT('',#2350);
#628=VERTEX_POINT('',#2352);
#629=VERTEX_POINT('',#2354);
#630=VERTEX_POINT('',#2357);
#631=VERTEX_POINT('',#2359);
#632=VERTEX_POINT('',#2360);
#633=VERTEX_POINT('',#2362);
#634=VERTEX_POINT('',#2364);
#635=VERTEX_POINT('',#2366);
#636=VERTEX_POINT('',#2368);
#637=VERTEX_POINT('',#2371);
#638=VERTEX_POINT('',#2372);
#639=VERTEX_POINT('',#2374);
#640=VERTEX_POINT('',#2376);
#641=VERTEX_POINT('',#2378);
#642=VERTEX_POINT('',#2380);
#643=VERTEX_POINT('',#2383);
#644=VERTEX_POINT('',#2385);
#645=VERTEX_POINT('',#2387);
#646=VERTEX_POINT('',#2389);
#647=VERTEX_POINT('',#2393);
#648=VERTEX_POINT('',#2397);
#649=VERTEX_POINT('',#2416);
#650=VERTEX_POINT('',#2420);
#651=VERTEX_POINT('',#2436);
#652=VERTEX_POINT('',#2447);
#653=VERTEX_POINT('',#2448);
#654=VERTEX_POINT('',#2455);
#655=VERTEX_POINT('',#2457);
#656=VERTEX_POINT('',#2461);
#657=VERTEX_POINT('',#2465);
#658=VERTEX_POINT('',#2469);
#659=VERTEX_POINT('',#2473);
#660=VERTEX_POINT('',#2486);
#661=VERTEX_POINT('',#2488);
#662=VERTEX_POINT('',#2492);
#663=VERTEX_POINT('',#2496);
#664=VERTEX_POINT('',#2500);
#665=VERTEX_POINT('',#2504);
#666=VERTEX_POINT('',#2517);
#667=VERTEX_POINT('',#2519);
#668=VERTEX_POINT('',#2523);
#669=VERTEX_POINT('',#2527);
#670=VERTEX_POINT('',#2531);
#671=VERTEX_POINT('',#2535);
#672=VERTEX_POINT('',#2548);
#673=VERTEX_POINT('',#2550);
#674=VERTEX_POINT('',#2554);
#675=VERTEX_POINT('',#2558);
#676=VERTEX_POINT('',#2562);
#677=VERTEX_POINT('',#2566);
#678=VERTEX_POINT('',#2599);
#679=VERTEX_POINT('',#2600);
#680=VERTEX_POINT('',#2611);
#681=VERTEX_POINT('',#2612);
#682=EDGE_CURVE('',#554,#555,#445,.T.);
#683=EDGE_CURVE('',#555,#556,#257,.T.);
#684=EDGE_CURVE('',#556,#557,#446,.T.);
#685=EDGE_CURVE('',#557,#554,#258,.T.);
#686=EDGE_CURVE('',#558,#559,#73,.T.);
#687=EDGE_CURVE('',#559,#560,#259,.T.);
#688=EDGE_CURVE('',#560,#556,#447,.T.);
#689=EDGE_CURVE('',#556,#561,#260,.T.);
#690=EDGE_CURVE('',#561,#562,#448,.T.);
#691=EDGE_CURVE('',#562,#563,#261,.T.);
#692=EDGE_CURVE('',#563,#564,#74,.T.);
#693=EDGE_CURVE('',#564,#565,#262,.T.);
#694=EDGE_CURVE('',#565,#566,#75,.T.);
#695=EDGE_CURVE('',#566,#558,#263,.T.);
#696=EDGE_CURVE('',#560,#557,#449,.T.);
#697=EDGE_CURVE('',#567,#568,#450,.T.);
#698=EDGE_CURVE('',#568,#569,#264,.T.);
#699=EDGE_CURVE('',#569,#561,#451,.T.);
#700=EDGE_CURVE('',#561,#567,#265,.T.);
#701=EDGE_CURVE('',#569,#562,#452,.T.);
#702=EDGE_CURVE('',#570,#570,#453,.T.);
#703=EDGE_CURVE('',#570,#571,#266,.T.);
#704=EDGE_CURVE('',#571,#566,#454,.T.);
#705=EDGE_CURVE('',#565,#571,#455,.T.);
#706=EDGE_CURVE('',#572,#573,#456,.T.);
#707=EDGE_CURVE('',#573,#574,#457,.T.);
#708=EDGE_CURVE('',#574,#564,#458,.T.);
#709=EDGE_CURVE('',#563,#574,#459,.T.);
#710=EDGE_CURVE('',#573,#572,#460,.T.);
#711=EDGE_CURVE('',#575,#562,#267,.T.);
#712=EDGE_CURVE('',#576,#575,#461,.T.);
#713=EDGE_CURVE('',#577,#576,#462,.T.);
#714=EDGE_CURVE('',#578,#577,#268,.T.);
#715=EDGE_CURVE('',#579,#578,#269,.T.);
#716=EDGE_CURVE('',#580,#579,#463,.T.);
#717=EDGE_CURVE('',#560,#580,#270,.T.);
#718=EDGE_CURVE('',#581,#559,#464,.T.);
#719=EDGE_CURVE('',#558,#581,#465,.T.);
#720=EDGE_CURVE('',#582,#583,#271,.T.);
#721=EDGE_CURVE('',#584,#582,#466,.T.);
#722=EDGE_CURVE('',#585,#584,#272,.T.);
#723=EDGE_CURVE('',#586,#585,#467,.T.);
#724=EDGE_CURVE('',#587,#586,#273,.T.);
#725=EDGE_CURVE('',#583,#587,#468,.T.);
#726=EDGE_CURVE('',#588,#589,#274,.T.);
#727=EDGE_CURVE('',#590,#588,#469,.T.);
#728=EDGE_CURVE('',#591,#590,#275,.T.);
#729=EDGE_CURVE('',#592,#591,#470,.T.);
#730=EDGE_CURVE('',#593,#592,#276,.T.);
#731=EDGE_CURVE('',#589,#593,#471,.T.);
#732=EDGE_CURVE('',#594,#594,#472,.T.);
#733=EDGE_CURVE('',#595,#595,#473,.T.);
#734=EDGE_CURVE('',#596,#596,#474,.T.);
#735=EDGE_CURVE('',#597,#598,#277,.T.);
#736=EDGE_CURVE('',#599,#597,#475,.T.);
#737=EDGE_CURVE('',#600,#599,#278,.T.);
#738=EDGE_CURVE('',#601,#600,#476,.T.);
#739=EDGE_CURVE('',#602,#601,#279,.T.);
#740=EDGE_CURVE('',#598,#602,#477,.T.);
#741=EDGE_CURVE('',#603,#604,#478,.T.);
#742=EDGE_CURVE('',#605,#603,#280,.T.);
#743=EDGE_CURVE('',#606,#605,#479,.T.);
#744=EDGE_CURVE('',#607,#606,#281,.T.);
#745=EDGE_CURVE('',#608,#607,#480,.T.);
#746=EDGE_CURVE('',#604,#608,#282,.T.);
#747=EDGE_CURVE('',#569,#609,#283,.T.);
#748=EDGE_CURVE('',#610,#609,#481,.T.);
#749=EDGE_CURVE('',#610,#611,#284,.T.);
#750=EDGE_CURVE('',#611,#575,#76,.T.);
#751=EDGE_CURVE('',#612,#568,#285,.T.);
#752=EDGE_CURVE('',#609,#612,#286,.T.);
#753=EDGE_CURVE('',#554,#613,#287,.T.);
#754=EDGE_CURVE('',#613,#614,#482,.T.);
#755=EDGE_CURVE('',#614,#615,#288,.T.);
#756=EDGE_CURVE('',#615,#612,#483,.T.);
#757=EDGE_CURVE('',#567,#555,#289,.T.);
#758=EDGE_CURVE('',#616,#617,#290,.T.);
#759=EDGE_CURVE('',#617,#618,#484,.T.);
#760=EDGE_CURVE('',#618,#619,#291,.T.);
#761=EDGE_CURVE('',#619,#620,#485,.T.);
#762=EDGE_CURVE('',#620,#621,#292,.T.);
#763=EDGE_CURVE('',#621,#616,#486,.T.);
#764=EDGE_CURVE('',#622,#622,#487,.T.);
#765=EDGE_CURVE('',#623,#623,#488,.T.);
#766=EDGE_CURVE('',#624,#625,#293,.T.);
#767=EDGE_CURVE('',#625,#626,#489,.T.);
#768=EDGE_CURVE('',#626,#627,#294,.T.);
#769=EDGE_CURVE('',#627,#628,#490,.T.);
#770=EDGE_CURVE('',#628,#629,#295,.T.);
#771=EDGE_CURVE('',#629,#624,#491,.T.);
#772=EDGE_CURVE('',#630,#630,#492,.T.);
#773=EDGE_CURVE('',#631,#632,#296,.T.);
#774=EDGE_CURVE('',#632,#633,#493,.T.);
#775=EDGE_CURVE('',#633,#634,#297,.T.);
#776=EDGE_CURVE('',#634,#635,#494,.T.);
#777=EDGE_CURVE('',#635,#636,#298,.T.);
#778=EDGE_CURVE('',#636,#631,#495,.T.);
#779=EDGE_CURVE('',#637,#638,#299,.T.);
#780=EDGE_CURVE('',#638,#639,#496,.T.);
#781=EDGE_CURVE('',#639,#640,#300,.T.);
#782=EDGE_CURVE('',#640,#641,#497,.T.);
#783=EDGE_CURVE('',#641,#642,#301,.T.);
#784=EDGE_CURVE('',#642,#637,#498,.T.);
#785=EDGE_CURVE('',#643,#643,#499,.T.);
#786=EDGE_CURVE('',#644,#644,#500,.T.);
#787=EDGE_CURVE('',#645,#645,#501,.T.);
#788=EDGE_CURVE('',#646,#646,#502,.T.);
#789=EDGE_CURVE('',#647,#557,#302,.T.);
#790=EDGE_CURVE('',#647,#613,#303,.T.);
#791=EDGE_CURVE('',#580,#648,#77,.T.);
#792=EDGE_CURVE('',#648,#579,#78,.T.);
#793=EDGE_CURVE('',#647,#578,#503,.T.);
#794=EDGE_CURVE('',#647,#649,#504,.T.);
#795=EDGE_CURVE('',#649,#614,#304,.T.);
#796=EDGE_CURVE('',#577,#650,#79,.T.);
#797=EDGE_CURVE('',#650,#610,#305,.T.);
#798=EDGE_CURVE('',#610,#651,#505,.T.);
#799=EDGE_CURVE('',#651,#649,#306,.T.);
#800=EDGE_CURVE('',#649,#578,#506,.T.);
#801=EDGE_CURVE('',#651,#615,#307,.T.);
#802=EDGE_CURVE('',#651,#609,#507,.T.);
#803=EDGE_CURVE('',#652,#653,#508,.T.);
#804=EDGE_CURVE('',#653,#576,#509,.T.);
#805=EDGE_CURVE('',#611,#650,#510,.T.);
#806=EDGE_CURVE('',#653,#652,#511,.T.);
#807=EDGE_CURVE('',#654,#603,#512,.T.);
#808=EDGE_CURVE('',#604,#655,#513,.T.);
#809=EDGE_CURVE('',#655,#654,#514,.T.);
#810=EDGE_CURVE('',#608,#656,#515,.T.);
#811=EDGE_CURVE('',#656,#655,#308,.T.);
#812=EDGE_CURVE('',#607,#657,#516,.T.);
#813=EDGE_CURVE('',#657,#656,#517,.T.);
#814=EDGE_CURVE('',#606,#658,#518,.T.);
#815=EDGE_CURVE('',#658,#657,#309,.T.);
#816=EDGE_CURVE('',#605,#659,#519,.T.);
#817=EDGE_CURVE('',#659,#658,#520,.T.);
#818=EDGE_CURVE('',#654,#659,#310,.T.);
#819=EDGE_CURVE('',#659,#616,#311,.T.);
#820=EDGE_CURVE('',#621,#658,#312,.T.);
#821=EDGE_CURVE('',#617,#654,#313,.T.);
#822=EDGE_CURVE('',#655,#618,#314,.T.);
#823=EDGE_CURVE('',#660,#582,#521,.T.);
#824=EDGE_CURVE('',#583,#661,#522,.T.);
#825=EDGE_CURVE('',#661,#660,#315,.T.);
#826=EDGE_CURVE('',#587,#662,#523,.T.);
#827=EDGE_CURVE('',#662,#661,#524,.T.);
#828=EDGE_CURVE('',#586,#663,#525,.T.);
#829=EDGE_CURVE('',#663,#662,#316,.T.);
#830=EDGE_CURVE('',#585,#664,#526,.T.);
#831=EDGE_CURVE('',#664,#663,#527,.T.);
#832=EDGE_CURVE('',#584,#665,#528,.T.);
#833=EDGE_CURVE('',#665,#664,#317,.T.);
#834=EDGE_CURVE('',#660,#665,#529,.T.);
#835=EDGE_CURVE('',#629,#665,#318,.T.);
#836=EDGE_CURVE('',#664,#628,#319,.T.);
#837=EDGE_CURVE('',#660,#624,#320,.T.);
#838=EDGE_CURVE('',#625,#661,#321,.T.);
#839=EDGE_CURVE('',#666,#597,#530,.T.);
#840=EDGE_CURVE('',#598,#667,#531,.T.);
#841=EDGE_CURVE('',#667,#666,#322,.T.);
#842=EDGE_CURVE('',#602,#668,#532,.T.);
#843=EDGE_CURVE('',#668,#667,#533,.T.);
#844=EDGE_CURVE('',#601,#669,#534,.T.);
#845=EDGE_CURVE('',#669,#668,#323,.T.);
#846=EDGE_CURVE('',#600,#670,#535,.T.);
#847=EDGE_CURVE('',#670,#669,#536,.T.);
#848=EDGE_CURVE('',#599,#671,#537,.T.);
#849=EDGE_CURVE('',#671,#670,#324,.T.);
#850=EDGE_CURVE('',#666,#671,#538,.T.);
#851=EDGE_CURVE('',#642,#671,#325,.T.);
#852=EDGE_CURVE('',#670,#641,#326,.T.);
#853=EDGE_CURVE('',#666,#637,#327,.T.);
#854=EDGE_CURVE('',#638,#667,#328,.T.);
#855=EDGE_CURVE('',#672,#588,#539,.T.);
#856=EDGE_CURVE('',#589,#673,#540,.T.);
#857=EDGE_CURVE('',#673,#672,#329,.T.);
#858=EDGE_CURVE('',#593,#674,#541,.T.);
#859=EDGE_CURVE('',#674,#673,#542,.T.);
#860=EDGE_CURVE('',#592,#675,#543,.T.);
#861=EDGE_CURVE('',#675,#674,#330,.T.);
#862=EDGE_CURVE('',#591,#676,#544,.T.);
#863=EDGE_CURVE('',#676,#675,#545,.T.);
#864=EDGE_CURVE('',#590,#677,#546,.T.);
#865=EDGE_CURVE('',#677,#676,#331,.T.);
#866=EDGE_CURVE('',#672,#677,#547,.T.);
#867=EDGE_CURVE('',#634,#677,#332,.T.);
#868=EDGE_CURVE('',#676,#633,#333,.T.);
#869=EDGE_CURVE('',#672,#635,#334,.T.);
#870=EDGE_CURVE('',#636,#673,#335,.T.);
#871=EDGE_CURVE('',#640,#669,#336,.T.);
#872=EDGE_CURVE('',#674,#631,#337,.T.);
#873=EDGE_CURVE('',#632,#675,#338,.T.);
#874=EDGE_CURVE('',#627,#663,#339,.T.);
#875=EDGE_CURVE('',#662,#626,#340,.T.);
#876=EDGE_CURVE('',#619,#656,#341,.T.);
#877=EDGE_CURVE('',#657,#620,#342,.T.);
#878=EDGE_CURVE('',#668,#639,#343,.T.);
#879=EDGE_CURVE('',#678,#679,#548,.T.);
#880=EDGE_CURVE('',#679,#648,#549,.T.);
#881=EDGE_CURVE('',#679,#678,#550,.T.);
#882=EDGE_CURVE('',#622,#652,#344,.T.);
#883=EDGE_CURVE('',#623,#572,#345,.T.);
#884=EDGE_CURVE('',#630,#678,#346,.T.);
#885=EDGE_CURVE('',#680,#681,#551,.T.);
#886=EDGE_CURVE('',#681,#596,#552,.T.);
#887=EDGE_CURVE('',#681,#680,#553,.T.);
#888=EDGE_CURVE('',#643,#680,#347,.T.);
#889=EDGE_CURVE('',#646,#581,#348,.T.);
#890=EDGE_CURVE('',#645,#594,#349,.T.);
#891=EDGE_CURVE('',#644,#595,#350,.T.);
#892=ORIENTED_EDGE('',*,*,#682,.T.);
#893=ORIENTED_EDGE('',*,*,#683,.T.);
#894=ORIENTED_EDGE('',*,*,#684,.T.);
#895=ORIENTED_EDGE('',*,*,#685,.T.);
#896=ORIENTED_EDGE('',*,*,#686,.T.);
#897=ORIENTED_EDGE('',*,*,#687,.T.);
#898=ORIENTED_EDGE('',*,*,#688,.T.);
#899=ORIENTED_EDGE('',*,*,#689,.T.);
#900=ORIENTED_EDGE('',*,*,#690,.T.);
#901=ORIENTED_EDGE('',*,*,#691,.T.);
#902=ORIENTED_EDGE('',*,*,#692,.T.);
#903=ORIENTED_EDGE('',*,*,#693,.T.);
#904=ORIENTED_EDGE('',*,*,#694,.T.);
#905=ORIENTED_EDGE('',*,*,#695,.T.);
#906=ORIENTED_EDGE('',*,*,#688,.F.);
#907=ORIENTED_EDGE('',*,*,#696,.T.);
#908=ORIENTED_EDGE('',*,*,#684,.F.);
#909=ORIENTED_EDGE('',*,*,#697,.T.);
#910=ORIENTED_EDGE('',*,*,#698,.T.);
#911=ORIENTED_EDGE('',*,*,#699,.T.);
#912=ORIENTED_EDGE('',*,*,#700,.T.);
#913=ORIENTED_EDGE('',*,*,#699,.F.);
#914=ORIENTED_EDGE('',*,*,#701,.T.);
#915=ORIENTED_EDGE('',*,*,#690,.F.);
#916=ORIENTED_EDGE('',*,*,#702,.F.);
#917=ORIENTED_EDGE('',*,*,#703,.T.);
#918=ORIENTED_EDGE('',*,*,#704,.T.);
#919=ORIENTED_EDGE('',*,*,#694,.F.);
#920=ORIENTED_EDGE('',*,*,#705,.T.);
#921=ORIENTED_EDGE('',*,*,#703,.F.);
#922=ORIENTED_EDGE('',*,*,#706,.T.);
#923=ORIENTED_EDGE('',*,*,#707,.T.);
#924=ORIENTED_EDGE('',*,*,#708,.T.);
#925=ORIENTED_EDGE('',*,*,#692,.F.);
#926=ORIENTED_EDGE('',*,*,#709,.T.);
#927=ORIENTED_EDGE('',*,*,#707,.F.);
#928=ORIENTED_EDGE('',*,*,#710,.T.);
#929=ORIENTED_EDGE('',*,*,#695,.F.);
#930=ORIENTED_EDGE('',*,*,#704,.F.);
#931=ORIENTED_EDGE('',*,*,#705,.F.);
#932=ORIENTED_EDGE('',*,*,#693,.F.);
#933=ORIENTED_EDGE('',*,*,#708,.F.);
#934=ORIENTED_EDGE('',*,*,#709,.F.);
#935=ORIENTED_EDGE('',*,*,#691,.F.);
#936=ORIENTED_EDGE('',*,*,#711,.F.);
#937=ORIENTED_EDGE('',*,*,#712,.F.);
#938=ORIENTED_EDGE('',*,*,#713,.F.);
#939=ORIENTED_EDGE('',*,*,#714,.F.);
#940=ORIENTED_EDGE('',*,*,#715,.F.);
#941=ORIENTED_EDGE('',*,*,#716,.F.);
#942=ORIENTED_EDGE('',*,*,#717,.F.);
#943=ORIENTED_EDGE('',*,*,#687,.F.);
#944=ORIENTED_EDGE('',*,*,#718,.F.);
#945=ORIENTED_EDGE('',*,*,#719,.F.);
#946=ORIENTED_EDGE('',*,*,#720,.F.);
#947=ORIENTED_EDGE('',*,*,#721,.F.);
#948=ORIENTED_EDGE('',*,*,#722,.F.);
#949=ORIENTED_EDGE('',*,*,#723,.F.);
#950=ORIENTED_EDGE('',*,*,#724,.F.);
#951=ORIENTED_EDGE('',*,*,#725,.F.);
#952=ORIENTED_EDGE('',*,*,#726,.F.);
#953=ORIENTED_EDGE('',*,*,#727,.F.);
#954=ORIENTED_EDGE('',*,*,#728,.F.);
#955=ORIENTED_EDGE('',*,*,#729,.F.);
#956=ORIENTED_EDGE('',*,*,#730,.F.);
#957=ORIENTED_EDGE('',*,*,#731,.F.);
#958=ORIENTED_EDGE('',*,*,#732,.F.);
#959=ORIENTED_EDGE('',*,*,#733,.F.);
#960=ORIENTED_EDGE('',*,*,#734,.F.);
#961=ORIENTED_EDGE('',*,*,#735,.F.);
#962=ORIENTED_EDGE('',*,*,#736,.F.);
#963=ORIENTED_EDGE('',*,*,#737,.F.);
#964=ORIENTED_EDGE('',*,*,#738,.F.);
#965=ORIENTED_EDGE('',*,*,#739,.F.);
#966=ORIENTED_EDGE('',*,*,#740,.F.);
#967=ORIENTED_EDGE('',*,*,#741,.F.);
#968=ORIENTED_EDGE('',*,*,#742,.F.);
#969=ORIENTED_EDGE('',*,*,#743,.F.);
#970=ORIENTED_EDGE('',*,*,#744,.F.);
#971=ORIENTED_EDGE('',*,*,#745,.F.);
#972=ORIENTED_EDGE('',*,*,#746,.F.);
#973=ORIENTED_EDGE('',*,*,#701,.F.);
#974=ORIENTED_EDGE('',*,*,#747,.T.);
#975=ORIENTED_EDGE('',*,*,#748,.F.);
#976=ORIENTED_EDGE('',*,*,#749,.T.);
#977=ORIENTED_EDGE('',*,*,#750,.T.);
#978=ORIENTED_EDGE('',*,*,#711,.T.);
#979=ORIENTED_EDGE('',*,*,#698,.F.);
#980=ORIENTED_EDGE('',*,*,#751,.F.);
#981=ORIENTED_EDGE('',*,*,#752,.F.);
#982=ORIENTED_EDGE('',*,*,#747,.F.);
#983=ORIENTED_EDGE('',*,*,#682,.F.);
#984=ORIENTED_EDGE('',*,*,#753,.T.);
#985=ORIENTED_EDGE('',*,*,#754,.T.);
#986=ORIENTED_EDGE('',*,*,#755,.T.);
#987=ORIENTED_EDGE('',*,*,#756,.T.);
#988=ORIENTED_EDGE('',*,*,#751,.T.);
#989=ORIENTED_EDGE('',*,*,#697,.F.);
#990=ORIENTED_EDGE('',*,*,#757,.T.);
#991=ORIENTED_EDGE('',*,*,#758,.T.);
#992=ORIENTED_EDGE('',*,*,#759,.T.);
#993=ORIENTED_EDGE('',*,*,#760,.T.);
#994=ORIENTED_EDGE('',*,*,#761,.T.);
#995=ORIENTED_EDGE('',*,*,#762,.T.);
#996=ORIENTED_EDGE('',*,*,#763,.T.);
#997=ORIENTED_EDGE('',*,*,#764,.T.);
#998=ORIENTED_EDGE('',*,*,#765,.T.);
#999=ORIENTED_EDGE('',*,*,#766,.T.);
#1000=ORIENTED_EDGE('',*,*,#767,.T.);
#1001=ORIENTED_EDGE('',*,*,#768,.T.);
#1002=ORIENTED_EDGE('',*,*,#769,.T.);
#1003=ORIENTED_EDGE('',*,*,#770,.T.);
#1004=ORIENTED_EDGE('',*,*,#771,.T.);
#1005=ORIENTED_EDGE('',*,*,#772,.T.);
#1006=ORIENTED_EDGE('',*,*,#773,.T.);
#1007=ORIENTED_EDGE('',*,*,#774,.T.);
#1008=ORIENTED_EDGE('',*,*,#775,.T.);
#1009=ORIENTED_EDGE('',*,*,#776,.T.);
#1010=ORIENTED_EDGE('',*,*,#777,.T.);
#1011=ORIENTED_EDGE('',*,*,#778,.T.);
#1012=ORIENTED_EDGE('',*,*,#779,.T.);
#1013=ORIENTED_EDGE('',*,*,#780,.T.);
#1014=ORIENTED_EDGE('',*,*,#781,.T.);
#1015=ORIENTED_EDGE('',*,*,#782,.T.);
#1016=ORIENTED_EDGE('',*,*,#783,.T.);
#1017=ORIENTED_EDGE('',*,*,#784,.T.);
#1018=ORIENTED_EDGE('',*,*,#785,.T.);
#1019=ORIENTED_EDGE('',*,*,#786,.T.);
#1020=ORIENTED_EDGE('',*,*,#787,.T.);
#1021=ORIENTED_EDGE('',*,*,#702,.T.);
#1022=ORIENTED_EDGE('',*,*,#788,.T.);
#1023=ORIENTED_EDGE('',*,*,#683,.F.);
#1024=ORIENTED_EDGE('',*,*,#757,.F.);
#1025=ORIENTED_EDGE('',*,*,#700,.F.);
#1026=ORIENTED_EDGE('',*,*,#689,.F.);
#1027=ORIENTED_EDGE('',*,*,#685,.F.);
#1028=ORIENTED_EDGE('',*,*,#789,.F.);
#1029=ORIENTED_EDGE('',*,*,#790,.T.);
#1030=ORIENTED_EDGE('',*,*,#753,.F.);
#1031=ORIENTED_EDGE('',*,*,#696,.F.);
#1032=ORIENTED_EDGE('',*,*,#717,.T.);
#1033=ORIENTED_EDGE('',*,*,#791,.T.);
#1034=ORIENTED_EDGE('',*,*,#792,.T.);
#1035=ORIENTED_EDGE('',*,*,#715,.T.);
#1036=ORIENTED_EDGE('',*,*,#793,.F.);
#1037=ORIENTED_EDGE('',*,*,#789,.T.);
#1038=ORIENTED_EDGE('',*,*,#790,.F.);
#1039=ORIENTED_EDGE('',*,*,#794,.T.);
#1040=ORIENTED_EDGE('',*,*,#795,.T.);
#1041=ORIENTED_EDGE('',*,*,#754,.F.);
#1042=ORIENTED_EDGE('',*,*,#796,.T.);
#1043=ORIENTED_EDGE('',*,*,#797,.T.);
#1044=ORIENTED_EDGE('',*,*,#798,.T.);
#1045=ORIENTED_EDGE('',*,*,#799,.T.);
#1046=ORIENTED_EDGE('',*,*,#800,.T.);
#1047=ORIENTED_EDGE('',*,*,#714,.T.);
#1048=ORIENTED_EDGE('',*,*,#800,.F.);
#1049=ORIENTED_EDGE('',*,*,#794,.F.);
#1050=ORIENTED_EDGE('',*,*,#793,.T.);
#1051=ORIENTED_EDGE('',*,*,#801,.F.);
#1052=ORIENTED_EDGE('',*,*,#802,.T.);
#1053=ORIENTED_EDGE('',*,*,#752,.T.);
#1054=ORIENTED_EDGE('',*,*,#756,.F.);
#1055=ORIENTED_EDGE('',*,*,#802,.F.);
#1056=ORIENTED_EDGE('',*,*,#798,.F.);
#1057=ORIENTED_EDGE('',*,*,#748,.T.);
#1058=ORIENTED_EDGE('',*,*,#795,.F.);
#1059=ORIENTED_EDGE('',*,*,#799,.F.);
#1060=ORIENTED_EDGE('',*,*,#801,.T.);
#1061=ORIENTED_EDGE('',*,*,#755,.F.);
#1062=ORIENTED_EDGE('',*,*,#803,.T.);
#1063=ORIENTED_EDGE('',*,*,#804,.T.);
#1064=ORIENTED_EDGE('',*,*,#712,.T.);
#1065=ORIENTED_EDGE('',*,*,#750,.F.);
#1066=ORIENTED_EDGE('',*,*,#805,.T.);
#1067=ORIENTED_EDGE('',*,*,#796,.F.);
#1068=ORIENTED_EDGE('',*,*,#713,.T.);
#1069=ORIENTED_EDGE('',*,*,#804,.F.);
#1070=ORIENTED_EDGE('',*,*,#806,.T.);
#1071=ORIENTED_EDGE('',*,*,#797,.F.);
#1072=ORIENTED_EDGE('',*,*,#805,.F.);
#1073=ORIENTED_EDGE('',*,*,#749,.F.);
#1074=ORIENTED_EDGE('',*,*,#807,.T.);
#1075=ORIENTED_EDGE('',*,*,#741,.T.);
#1076=ORIENTED_EDGE('',*,*,#808,.T.);
#1077=ORIENTED_EDGE('',*,*,#809,.T.);
#1078=ORIENTED_EDGE('',*,*,#810,.T.);
#1079=ORIENTED_EDGE('',*,*,#811,.T.);
#1080=ORIENTED_EDGE('',*,*,#808,.F.);
#1081=ORIENTED_EDGE('',*,*,#746,.T.);
#1082=ORIENTED_EDGE('',*,*,#812,.T.);
#1083=ORIENTED_EDGE('',*,*,#813,.T.);
#1084=ORIENTED_EDGE('',*,*,#810,.F.);
#1085=ORIENTED_EDGE('',*,*,#745,.T.);
#1086=ORIENTED_EDGE('',*,*,#814,.T.);
#1087=ORIENTED_EDGE('',*,*,#815,.T.);
#1088=ORIENTED_EDGE('',*,*,#812,.F.);
#1089=ORIENTED_EDGE('',*,*,#744,.T.);
#1090=ORIENTED_EDGE('',*,*,#816,.T.);
#1091=ORIENTED_EDGE('',*,*,#817,.T.);
#1092=ORIENTED_EDGE('',*,*,#814,.F.);
#1093=ORIENTED_EDGE('',*,*,#743,.T.);
#1094=ORIENTED_EDGE('',*,*,#807,.F.);
#1095=ORIENTED_EDGE('',*,*,#818,.T.);
#1096=ORIENTED_EDGE('',*,*,#816,.F.);
#1097=ORIENTED_EDGE('',*,*,#742,.T.);
#1098=ORIENTED_EDGE('',*,*,#817,.F.);
#1099=ORIENTED_EDGE('',*,*,#819,.T.);
#1100=ORIENTED_EDGE('',*,*,#763,.F.);
#1101=ORIENTED_EDGE('',*,*,#820,.T.);
#1102=ORIENTED_EDGE('',*,*,#818,.F.);
#1103=ORIENTED_EDGE('',*,*,#821,.F.);
#1104=ORIENTED_EDGE('',*,*,#758,.F.);
#1105=ORIENTED_EDGE('',*,*,#819,.F.);
#1106=ORIENTED_EDGE('',*,*,#809,.F.);
#1107=ORIENTED_EDGE('',*,*,#822,.T.);
#1108=ORIENTED_EDGE('',*,*,#759,.F.);
#1109=ORIENTED_EDGE('',*,*,#821,.T.);
#1110=ORIENTED_EDGE('',*,*,#823,.T.);
#1111=ORIENTED_EDGE('',*,*,#720,.T.);
#1112=ORIENTED_EDGE('',*,*,#824,.T.);
#1113=ORIENTED_EDGE('',*,*,#825,.T.);
#1114=ORIENTED_EDGE('',*,*,#826,.T.);
#1115=ORIENTED_EDGE('',*,*,#827,.T.);
#1116=ORIENTED_EDGE('',*,*,#824,.F.);
#1117=ORIENTED_EDGE('',*,*,#725,.T.);
#1118=ORIENTED_EDGE('',*,*,#828,.T.);
#1119=ORIENTED_EDGE('',*,*,#829,.T.);
#1120=ORIENTED_EDGE('',*,*,#826,.F.);
#1121=ORIENTED_EDGE('',*,*,#724,.T.);
#1122=ORIENTED_EDGE('',*,*,#830,.T.);
#1123=ORIENTED_EDGE('',*,*,#831,.T.);
#1124=ORIENTED_EDGE('',*,*,#828,.F.);
#1125=ORIENTED_EDGE('',*,*,#723,.T.);
#1126=ORIENTED_EDGE('',*,*,#832,.T.);
#1127=ORIENTED_EDGE('',*,*,#833,.T.);
#1128=ORIENTED_EDGE('',*,*,#830,.F.);
#1129=ORIENTED_EDGE('',*,*,#722,.T.);
#1130=ORIENTED_EDGE('',*,*,#823,.F.);
#1131=ORIENTED_EDGE('',*,*,#834,.T.);
#1132=ORIENTED_EDGE('',*,*,#832,.F.);
#1133=ORIENTED_EDGE('',*,*,#721,.T.);
#1134=ORIENTED_EDGE('',*,*,#833,.F.);
#1135=ORIENTED_EDGE('',*,*,#835,.F.);
#1136=ORIENTED_EDGE('',*,*,#770,.F.);
#1137=ORIENTED_EDGE('',*,*,#836,.F.);
#1138=ORIENTED_EDGE('',*,*,#834,.F.);
#1139=ORIENTED_EDGE('',*,*,#837,.T.);
#1140=ORIENTED_EDGE('',*,*,#771,.F.);
#1141=ORIENTED_EDGE('',*,*,#835,.T.);
#1142=ORIENTED_EDGE('',*,*,#825,.F.);
#1143=ORIENTED_EDGE('',*,*,#838,.F.);
#1144=ORIENTED_EDGE('',*,*,#766,.F.);
#1145=ORIENTED_EDGE('',*,*,#837,.F.);
#1146=ORIENTED_EDGE('',*,*,#839,.T.);
#1147=ORIENTED_EDGE('',*,*,#735,.T.);
#1148=ORIENTED_EDGE('',*,*,#840,.T.);
#1149=ORIENTED_EDGE('',*,*,#841,.T.);
#1150=ORIENTED_EDGE('',*,*,#842,.T.);
#1151=ORIENTED_EDGE('',*,*,#843,.T.);
#1152=ORIENTED_EDGE('',*,*,#840,.F.);
#1153=ORIENTED_EDGE('',*,*,#740,.T.);
#1154=ORIENTED_EDGE('',*,*,#844,.T.);
#1155=ORIENTED_EDGE('',*,*,#845,.T.);
#1156=ORIENTED_EDGE('',*,*,#842,.F.);
#1157=ORIENTED_EDGE('',*,*,#739,.T.);
#1158=ORIENTED_EDGE('',*,*,#846,.T.);
#1159=ORIENTED_EDGE('',*,*,#847,.T.);
#1160=ORIENTED_EDGE('',*,*,#844,.F.);
#1161=ORIENTED_EDGE('',*,*,#738,.T.);
#1162=ORIENTED_EDGE('',*,*,#848,.T.);
#1163=ORIENTED_EDGE('',*,*,#849,.T.);
#1164=ORIENTED_EDGE('',*,*,#846,.F.);
#1165=ORIENTED_EDGE('',*,*,#737,.T.);
#1166=ORIENTED_EDGE('',*,*,#839,.F.);
#1167=ORIENTED_EDGE('',*,*,#850,.T.);
#1168=ORIENTED_EDGE('',*,*,#848,.F.);
#1169=ORIENTED_EDGE('',*,*,#736,.T.);
#1170=ORIENTED_EDGE('',*,*,#849,.F.);
#1171=ORIENTED_EDGE('',*,*,#851,.F.);
#1172=ORIENTED_EDGE('',*,*,#783,.F.);
#1173=ORIENTED_EDGE('',*,*,#852,.F.);
#1174=ORIENTED_EDGE('',*,*,#850,.F.);
#1175=ORIENTED_EDGE('',*,*,#853,.T.);
#1176=ORIENTED_EDGE('',*,*,#784,.F.);
#1177=ORIENTED_EDGE('',*,*,#851,.T.);
#1178=ORIENTED_EDGE('',*,*,#841,.F.);
#1179=ORIENTED_EDGE('',*,*,#854,.F.);
#1180=ORIENTED_EDGE('',*,*,#779,.F.);
#1181=ORIENTED_EDGE('',*,*,#853,.F.);
#1182=ORIENTED_EDGE('',*,*,#855,.T.);
#1183=ORIENTED_EDGE('',*,*,#726,.T.);
#1184=ORIENTED_EDGE('',*,*,#856,.T.);
#1185=ORIENTED_EDGE('',*,*,#857,.T.);
#1186=ORIENTED_EDGE('',*,*,#858,.T.);
#1187=ORIENTED_EDGE('',*,*,#859,.T.);
#1188=ORIENTED_EDGE('',*,*,#856,.F.);
#1189=ORIENTED_EDGE('',*,*,#731,.T.);
#1190=ORIENTED_EDGE('',*,*,#860,.T.);
#1191=ORIENTED_EDGE('',*,*,#861,.T.);
#1192=ORIENTED_EDGE('',*,*,#858,.F.);
#1193=ORIENTED_EDGE('',*,*,#730,.T.);
#1194=ORIENTED_EDGE('',*,*,#862,.T.);
#1195=ORIENTED_EDGE('',*,*,#863,.T.);
#1196=ORIENTED_EDGE('',*,*,#860,.F.);
#1197=ORIENTED_EDGE('',*,*,#729,.T.);
#1198=ORIENTED_EDGE('',*,*,#864,.T.);
#1199=ORIENTED_EDGE('',*,*,#865,.T.);
#1200=ORIENTED_EDGE('',*,*,#862,.F.);
#1201=ORIENTED_EDGE('',*,*,#728,.T.);
#1202=ORIENTED_EDGE('',*,*,#855,.F.);
#1203=ORIENTED_EDGE('',*,*,#866,.T.);
#1204=ORIENTED_EDGE('',*,*,#864,.F.);
#1205=ORIENTED_EDGE('',*,*,#727,.T.);
#1206=ORIENTED_EDGE('',*,*,#865,.F.);
#1207=ORIENTED_EDGE('',*,*,#867,.F.);
#1208=ORIENTED_EDGE('',*,*,#775,.F.);
#1209=ORIENTED_EDGE('',*,*,#868,.F.);
#1210=ORIENTED_EDGE('',*,*,#866,.F.);
#1211=ORIENTED_EDGE('',*,*,#869,.T.);
#1212=ORIENTED_EDGE('',*,*,#776,.F.);
#1213=ORIENTED_EDGE('',*,*,#867,.T.);
#1214=ORIENTED_EDGE('',*,*,#857,.F.);
#1215=ORIENTED_EDGE('',*,*,#870,.F.);
#1216=ORIENTED_EDGE('',*,*,#777,.F.);
#1217=ORIENTED_EDGE('',*,*,#869,.F.);
#1218=ORIENTED_EDGE('',*,*,#847,.F.);
#1219=ORIENTED_EDGE('',*,*,#852,.T.);
#1220=ORIENTED_EDGE('',*,*,#782,.F.);
#1221=ORIENTED_EDGE('',*,*,#871,.T.);
#1222=ORIENTED_EDGE('',*,*,#859,.F.);
#1223=ORIENTED_EDGE('',*,*,#872,.T.);
#1224=ORIENTED_EDGE('',*,*,#778,.F.);
#1225=ORIENTED_EDGE('',*,*,#870,.T.);
#1226=ORIENTED_EDGE('',*,*,#861,.F.);
#1227=ORIENTED_EDGE('',*,*,#873,.F.);
#1228=ORIENTED_EDGE('',*,*,#773,.F.);
#1229=ORIENTED_EDGE('',*,*,#872,.F.);
#1230=ORIENTED_EDGE('',*,*,#831,.F.);
#1231=ORIENTED_EDGE('',*,*,#836,.T.);
#1232=ORIENTED_EDGE('',*,*,#769,.F.);
#1233=ORIENTED_EDGE('',*,*,#874,.T.);
#1234=ORIENTED_EDGE('',*,*,#827,.F.);
#1235=ORIENTED_EDGE('',*,*,#875,.T.);
#1236=ORIENTED_EDGE('',*,*,#767,.F.);
#1237=ORIENTED_EDGE('',*,*,#838,.T.);
#1238=ORIENTED_EDGE('',*,*,#829,.F.);
#1239=ORIENTED_EDGE('',*,*,#874,.F.);
#1240=ORIENTED_EDGE('',*,*,#768,.F.);
#1241=ORIENTED_EDGE('',*,*,#875,.F.);
#1242=ORIENTED_EDGE('',*,*,#811,.F.);
#1243=ORIENTED_EDGE('',*,*,#876,.F.);
#1244=ORIENTED_EDGE('',*,*,#760,.F.);
#1245=ORIENTED_EDGE('',*,*,#822,.F.);
#1246=ORIENTED_EDGE('',*,*,#813,.F.);
#1247=ORIENTED_EDGE('',*,*,#877,.T.);
#1248=ORIENTED_EDGE('',*,*,#761,.F.);
#1249=ORIENTED_EDGE('',*,*,#876,.T.);
#1250=ORIENTED_EDGE('',*,*,#815,.F.);
#1251=ORIENTED_EDGE('',*,*,#820,.F.);
#1252=ORIENTED_EDGE('',*,*,#762,.F.);
#1253=ORIENTED_EDGE('',*,*,#877,.F.);
#1254=ORIENTED_EDGE('',*,*,#843,.F.);
#1255=ORIENTED_EDGE('',*,*,#878,.T.);
#1256=ORIENTED_EDGE('',*,*,#780,.F.);
#1257=ORIENTED_EDGE('',*,*,#854,.T.);
#1258=ORIENTED_EDGE('',*,*,#845,.F.);
#1259=ORIENTED_EDGE('',*,*,#871,.F.);
#1260=ORIENTED_EDGE('',*,*,#781,.F.);
#1261=ORIENTED_EDGE('',*,*,#878,.F.);
#1262=ORIENTED_EDGE('',*,*,#863,.F.);
#1263=ORIENTED_EDGE('',*,*,#868,.T.);
#1264=ORIENTED_EDGE('',*,*,#774,.F.);
#1265=ORIENTED_EDGE('',*,*,#873,.T.);
#1266=ORIENTED_EDGE('',*,*,#879,.T.);
#1267=ORIENTED_EDGE('',*,*,#880,.T.);
#1268=ORIENTED_EDGE('',*,*,#791,.F.);
#1269=ORIENTED_EDGE('',*,*,#716,.T.);
#1270=ORIENTED_EDGE('',*,*,#792,.F.);
#1271=ORIENTED_EDGE('',*,*,#880,.F.);
#1272=ORIENTED_EDGE('',*,*,#881,.T.);
#1273=ORIENTED_EDGE('',*,*,#764,.F.);
#1274=ORIENTED_EDGE('',*,*,#882,.T.);
#1275=ORIENTED_EDGE('',*,*,#806,.F.);
#1276=ORIENTED_EDGE('',*,*,#803,.F.);
#1277=ORIENTED_EDGE('',*,*,#882,.F.);
#1278=ORIENTED_EDGE('',*,*,#765,.F.);
#1279=ORIENTED_EDGE('',*,*,#883,.T.);
#1280=ORIENTED_EDGE('',*,*,#710,.F.);
#1281=ORIENTED_EDGE('',*,*,#706,.F.);
#1282=ORIENTED_EDGE('',*,*,#883,.F.);
#1283=ORIENTED_EDGE('',*,*,#772,.F.);
#1284=ORIENTED_EDGE('',*,*,#884,.T.);
#1285=ORIENTED_EDGE('',*,*,#881,.F.);
#1286=ORIENTED_EDGE('',*,*,#879,.F.);
#1287=ORIENTED_EDGE('',*,*,#884,.F.);
#1288=ORIENTED_EDGE('',*,*,#885,.T.);
#1289=ORIENTED_EDGE('',*,*,#886,.T.);
#1290=ORIENTED_EDGE('',*,*,#734,.T.);
#1291=ORIENTED_EDGE('',*,*,#886,.F.);
#1292=ORIENTED_EDGE('',*,*,#887,.T.);
#1293=ORIENTED_EDGE('',*,*,#785,.F.);
#1294=ORIENTED_EDGE('',*,*,#888,.T.);
#1295=ORIENTED_EDGE('',*,*,#887,.F.);
#1296=ORIENTED_EDGE('',*,*,#885,.F.);
#1297=ORIENTED_EDGE('',*,*,#888,.F.);
#1298=ORIENTED_EDGE('',*,*,#788,.F.);
#1299=ORIENTED_EDGE('',*,*,#889,.T.);
#1300=ORIENTED_EDGE('',*,*,#718,.T.);
#1301=ORIENTED_EDGE('',*,*,#686,.F.);
#1302=ORIENTED_EDGE('',*,*,#719,.T.);
#1303=ORIENTED_EDGE('',*,*,#889,.F.);
#1304=ORIENTED_EDGE('',*,*,#787,.F.);
#1305=ORIENTED_EDGE('',*,*,#890,.T.);
#1306=ORIENTED_EDGE('',*,*,#732,.T.);
#1307=ORIENTED_EDGE('',*,*,#890,.F.);
#1308=ORIENTED_EDGE('',*,*,#786,.F.);
#1309=ORIENTED_EDGE('',*,*,#891,.T.);
#1310=ORIENTED_EDGE('',*,*,#733,.T.);
#1311=ORIENTED_EDGE('',*,*,#891,.F.);
#1312=CYLINDRICAL_SURFACE('',#1445,2.);
#1313=CYLINDRICAL_SURFACE('',#1448,2.);
#1314=CYLINDRICAL_SURFACE('',#1453,2.);
#1315=CYLINDRICAL_SURFACE('',#1458,2.25);
#1316=CYLINDRICAL_SURFACE('',#1489,2.);
#1317=CYLINDRICAL_SURFACE('',#1516,2.);
#1318=CYLINDRICAL_SURFACE('',#1518,2.);
#1319=CYLINDRICAL_SURFACE('',#1520,2.);
#1320=CYLINDRICAL_SURFACE('',#1524,2.);
#1321=CYLINDRICAL_SURFACE('',#1538,2.);
#1322=CYLINDRICAL_SURFACE('',#1543,2.);
#1323=CYLINDRICAL_SURFACE('',#1548,2.);
#1324=CYLINDRICAL_SURFACE('',#1549,2.);
#1325=CYLINDRICAL_SURFACE('',#1551,2.);
#1326=CYLINDRICAL_SURFACE('',#1552,2.);
#1327=CYLINDRICAL_SURFACE('',#1558,2.);
#1328=CYLINDRICAL_SURFACE('',#1563,2.);
#1329=CYLINDRICAL_SURFACE('',#1568,2.);
#1330=CYLINDRICAL_SURFACE('',#1570,2.);
#1331=CYLINDRICAL_SURFACE('',#1576,2.);
#1332=CYLINDRICAL_SURFACE('',#1581,2.);
#1333=CYLINDRICAL_SURFACE('',#1586,2.);
#1334=CYLINDRICAL_SURFACE('',#1588,2.);
#1335=CYLINDRICAL_SURFACE('',#1594,2.);
#1336=CYLINDRICAL_SURFACE('',#1599,2.);
#1337=CYLINDRICAL_SURFACE('',#1604,2.);
#1338=CYLINDRICAL_SURFACE('',#1606,2.);
#1339=CYLINDRICAL_SURFACE('',#1607,2.);
#1340=CYLINDRICAL_SURFACE('',#1609,2.);
#1341=CYLINDRICAL_SURFACE('',#1610,2.);
#1342=CYLINDRICAL_SURFACE('',#1613,2.);
#1343=CYLINDRICAL_SURFACE('',#1615,2.);
#1344=CYLINDRICAL_SURFACE('',#1617,2.);
#1345=CYLINDRICAL_SURFACE('',#1622,1.6);
#1346=CYLINDRICAL_SURFACE('',#1623,1.6);
#1347=CYLINDRICAL_SURFACE('',#1624,1.6);
#1348=CYLINDRICAL_SURFACE('',#1629,1.6);
#1349=CYLINDRICAL_SURFACE('',#1630,2.25);
#1350=CYLINDRICAL_SURFACE('',#1631,2.25);
#1351=CYLINDRICAL_SURFACE('',#1632,2.25);
#1352=ADVANCED_FACE('',(#80),#1312,.T.);
#1353=ADVANCED_FACE('',(#81),#1313,.T.);
#1354=ADVANCED_FACE('',(#82),#69,.T.);
#1355=ADVANCED_FACE('',(#83),#1314,.T.);
#1356=ADVANCED_FACE('',(#84),#70,.T.);
#1357=ADVANCED_FACE('',(#85),#1315,.F.);
#1358=ADVANCED_FACE('',(#86),#53,.T.);
#1359=ADVANCED_FACE('',(#87,#15,#16,#17,#18,#19,#20,#21),#34,.F.);
#1360=ADVANCED_FACE('',(#88),#1316,.T.);
#1361=ADVANCED_FACE('',(#89),#35,.T.);
#1362=ADVANCED_FACE('',(#90,#22,#23,#24,#25,#26,#27,#28,#29,#30,#31,#32,
#33),#36,.T.);
#1363=ADVANCED_FACE('',(#91),#37,.T.);
#1364=ADVANCED_FACE('',(#92),#38,.T.);
#1365=ADVANCED_FACE('',(#93),#1317,.T.);
#1366=ADVANCED_FACE('',(#94),#1318,.T.);
#1367=ADVANCED_FACE('',(#95),#1319,.T.);
#1368=ADVANCED_FACE('',(#96),#71,.T.);
#1369=ADVANCED_FACE('',(#97),#1320,.T.);
#1370=ADVANCED_FACE('',(#98),#72,.T.);
#1371=ADVANCED_FACE('',(#99),#39,.T.);
#1372=ADVANCED_FACE('',(#100),#54,.T.);
#1373=ADVANCED_FACE('',(#101),#40,.F.);
#1374=ADVANCED_FACE('',(#102),#55,.T.);
#1375=ADVANCED_FACE('',(#103),#1321,.T.);
#1376=ADVANCED_FACE('',(#104),#56,.T.);
#1377=ADVANCED_FACE('',(#105),#1322,.T.);
#1378=ADVANCED_FACE('',(#106),#57,.T.);
#1379=ADVANCED_FACE('',(#107),#1323,.T.);
#1380=ADVANCED_FACE('',(#108),#1324,.F.);
#1381=ADVANCED_FACE('',(#109),#41,.T.);
#1382=ADVANCED_FACE('',(#110),#1325,.F.);
#1383=ADVANCED_FACE('',(#111),#1326,.T.);
#1384=ADVANCED_FACE('',(#112),#58,.T.);
#1385=ADVANCED_FACE('',(#113),#1327,.T.);
#1386=ADVANCED_FACE('',(#114),#59,.T.);
#1387=ADVANCED_FACE('',(#115),#1328,.T.);
#1388=ADVANCED_FACE('',(#116),#60,.T.);
#1389=ADVANCED_FACE('',(#117),#42,.T.);
#1390=ADVANCED_FACE('',(#118),#1329,.F.);
#1391=ADVANCED_FACE('',(#119),#43,.T.);
#1392=ADVANCED_FACE('',(#120),#1330,.T.);
#1393=ADVANCED_FACE('',(#121),#61,.T.);
#1394=ADVANCED_FACE('',(#122),#1331,.T.);
#1395=ADVANCED_FACE('',(#123),#62,.T.);
#1396=ADVANCED_FACE('',(#124),#1332,.T.);
#1397=ADVANCED_FACE('',(#125),#63,.T.);
#1398=ADVANCED_FACE('',(#126),#44,.T.);
#1399=ADVANCED_FACE('',(#127),#1333,.F.);
#1400=ADVANCED_FACE('',(#128),#45,.T.);
#1401=ADVANCED_FACE('',(#129),#1334,.T.);
#1402=ADVANCED_FACE('',(#130),#64,.T.);
#1403=ADVANCED_FACE('',(#131),#1335,.T.);
#1404=ADVANCED_FACE('',(#132),#65,.T.);
#1405=ADVANCED_FACE('',(#133),#1336,.T.);
#1406=ADVANCED_FACE('',(#134),#66,.T.);
#1407=ADVANCED_FACE('',(#135),#46,.T.);
#1408=ADVANCED_FACE('',(#136),#1337,.F.);
#1409=ADVANCED_FACE('',(#137),#47,.T.);
#1410=ADVANCED_FACE('',(#138),#1338,.F.);
#1411=ADVANCED_FACE('',(#139),#1339,.F.);
#1412=ADVANCED_FACE('',(#140),#48,.T.);
#1413=ADVANCED_FACE('',(#141),#1340,.F.);
#1414=ADVANCED_FACE('',(#142),#1341,.F.);
#1415=ADVANCED_FACE('',(#143),#49,.T.);
#1416=ADVANCED_FACE('',(#144),#50,.T.);
#1417=ADVANCED_FACE('',(#145),#1342,.F.);
#1418=ADVANCED_FACE('',(#146),#51,.T.);
#1419=ADVANCED_FACE('',(#147),#1343,.F.);
#1420=ADVANCED_FACE('',(#148),#52,.T.);
#1421=ADVANCED_FACE('',(#149),#1344,.F.);
#1422=ADVANCED_FACE('',(#150),#67,.T.);
#1423=ADVANCED_FACE('',(#151),#1345,.F.);
#1424=ADVANCED_FACE('',(#152),#1346,.F.);
#1425=ADVANCED_FACE('',(#153),#1347,.F.);
#1426=ADVANCED_FACE('',(#154),#68,.T.);
#1427=ADVANCED_FACE('',(#155),#1348,.F.);
#1428=ADVANCED_FACE('',(#156),#1349,.F.);
#1429=ADVANCED_FACE('',(#157),#1350,.F.);
#1430=ADVANCED_FACE('',(#158),#1351,.F.);
#1431=CLOSED_SHELL('',(#1352,#1353,#1354,#1355,#1356,#1357,#1358,#1359,
#1360,#1361,#1362,#1363,#1364,#1365,#1366,#1367,#1368,#1369,#1370,#1371,
#1372,#1373,#1374,#1375,#1376,#1377,#1378,#1379,#1380,#1381,#1382,#1383,
#1384,#1385,#1386,#1387,#1388,#1389,#1390,#1391,#1392,#1393,#1394,#1395,
#1396,#1397,#1398,#1399,#1400,#1401,#1402,#1403,#1404,#1405,#1406,#1407,
#1408,#1409,#1410,#1411,#1412,#1413,#1414,#1415,#1416,#1417,#1418,#1419,
#1420,#1421,#1422,#1423,#1424,#1425,#1426,#1427,#1428,#1429,#1430));
#1432=DERIVED_UNIT_ELEMENT(#1434,1.);
#1433=DERIVED_UNIT_ELEMENT(#2629,-3.);
#1434=(
MASS_UNIT()
NAMED_UNIT(*)
SI_UNIT(.KILO.,.GRAM.)
);
#1435=DERIVED_UNIT((#1432,#1433));
#1436=MEASURE_REPRESENTATION_ITEM('density measure',
POSITIVE_RATIO_MEASURE(7850.),#1435);
#1437=PROPERTY_DEFINITION_REPRESENTATION(#1442,#1439);
#1438=PROPERTY_DEFINITION_REPRESENTATION(#1443,#1440);
#1439=REPRESENTATION('material name',(#1441),#2626);
#1440=REPRESENTATION('density',(#1436),#2626);
#1441=DESCRIPTIVE_REPRESENTATION_ITEM('Steel','Steel');
#1442=PROPERTY_DEFINITION('material property','material name',#2636);
#1443=PROPERTY_DEFINITION('material property','density of part',#2636);
#1444=AXIS2_PLACEMENT_3D('',#2105,#1633,#1634);
#1445=AXIS2_PLACEMENT_3D('',#2106,#1635,#1636);
#1446=AXIS2_PLACEMENT_3D('',#2109,#1637,#1638);
#1447=AXIS2_PLACEMENT_3D('',#2113,#1640,#1641);
#1448=AXIS2_PLACEMENT_3D('',#2115,#1643,#1644);
#1449=AXIS2_PLACEMENT_3D('',#2143,#1646,#1647);
#1450=AXIS2_PLACEMENT_3D('',#2147,#1649,#1650);
#1451=AXIS2_PLACEMENT_3D('',#2196,#1654,#1655);
#1452=AXIS2_PLACEMENT_3D('',#2197,#1656,#1657);
#1453=AXIS2_PLACEMENT_3D('',#2198,#1658,#1659);
#1454=AXIS2_PLACEMENT_3D('',#2201,#1660,#1661);
#1455=AXIS2_PLACEMENT_3D('',#2204,#1663,#1664);
#1456=AXIS2_PLACEMENT_3D('',#2206,#1666,#1667);
#1457=AXIS2_PLACEMENT_3D('',#2207,#1668,#1669);
#1458=AXIS2_PLACEMENT_3D('',#2208,#1670,#1671);
#1459=AXIS2_PLACEMENT_3D('',#2210,#1672,#1673);
#1460=AXIS2_PLACEMENT_3D('',#2213,#1675,#1676);
#1461=AXIS2_PLACEMENT_3D('',#2214,#1677,#1678);
#1462=AXIS2_PLACEMENT_3D('',#2215,#1679,#1680);
#1463=AXIS2_PLACEMENT_3D('',#2218,#1681,#1682);
#1464=AXIS2_PLACEMENT_3D('',#2220,#1683,#1684);
#1465=AXIS2_PLACEMENT_3D('',#2221,#1685,#1686);
#1466=AXIS2_PLACEMENT_3D('',#2222,#1687,#1688);
#1467=AXIS2_PLACEMENT_3D('',#2223,#1689,#1690);
#1468=AXIS2_PLACEMENT_3D('',#2224,#1691,#1692);
#1469=AXIS2_PLACEMENT_3D('',#2228,#1694,#1695);
#1470=AXIS2_PLACEMENT_3D('',#2230,#1696,#1697);
#1471=AXIS2_PLACEMENT_3D('',#2236,#1700,#1701);
#1472=AXIS2_PLACEMENT_3D('',#2239,#1703,#1704);
#1473=AXIS2_PLACEMENT_3D('',#2240,#1705,#1706);
#1474=AXIS2_PLACEMENT_3D('',#2245,#1708,#1709);
#1475=AXIS2_PLACEMENT_3D('',#2249,#1711,#1712);
#1476=AXIS2_PLACEMENT_3D('',#2252,#1714,#1715);
#1477=AXIS2_PLACEMENT_3D('',#2257,#1717,#1718);
#1478=AXIS2_PLACEMENT_3D('',#2261,#1720,#1721);
#1479=AXIS2_PLACEMENT_3D('',#2264,#1723,#1724);
#1480=AXIS2_PLACEMENT_3D('',#2266,#1725,#1726);
#1481=AXIS2_PLACEMENT_3D('',#2268,#1727,#1728);
#1482=AXIS2_PLACEMENT_3D('',#2270,#1729,#1730);
#1483=AXIS2_PLACEMENT_3D('',#2275,#1732,#1733);
#1484=AXIS2_PLACEMENT_3D('',#2279,#1735,#1736);
#1485=AXIS2_PLACEMENT_3D('',#2282,#1738,#1739);
#1486=AXIS2_PLACEMENT_3D('',#2285,#1740,#1741);
#1487=AXIS2_PLACEMENT_3D('',#2289,#1743,#1744);
#1488=AXIS2_PLACEMENT_3D('',#2293,#1746,#1747);
#1489=AXIS2_PLACEMENT_3D('',#2295,#1749,#1750);
#1490=AXIS2_PLACEMENT_3D('',#2299,#1752,#1753);
#1491=AXIS2_PLACEMENT_3D('',#2316,#1755,#1756);
#1492=AXIS2_PLACEMENT_3D('',#2320,#1759,#1760);
#1493=AXIS2_PLACEMENT_3D('',#2324,#1762,#1763);
#1494=AXIS2_PLACEMENT_3D('',#2327,#1765,#1766);
#1495=AXIS2_PLACEMENT_3D('',#2333,#1769,#1770);
#1496=AXIS2_PLACEMENT_3D('',#2337,#1772,#1773);
#1497=AXIS2_PLACEMENT_3D('',#2340,#1775,#1776);
#1498=AXIS2_PLACEMENT_3D('',#2342,#1777,#1778);
#1499=AXIS2_PLACEMENT_3D('',#2344,#1779,#1780);
#1500=AXIS2_PLACEMENT_3D('',#2349,#1782,#1783);
#1501=AXIS2_PLACEMENT_3D('',#2353,#1785,#1786);
#1502=AXIS2_PLACEMENT_3D('',#2356,#1788,#1789);
#1503=AXIS2_PLACEMENT_3D('',#2358,#1790,#1791);
#1504=AXIS2_PLACEMENT_3D('',#2363,#1793,#1794);
#1505=AXIS2_PLACEMENT_3D('',#2367,#1796,#1797);
#1506=AXIS2_PLACEMENT_3D('',#2370,#1799,#1800);
#1507=AXIS2_PLACEMENT_3D('',#2375,#1802,#1803);
#1508=AXIS2_PLACEMENT_3D('',#2379,#1805,#1806);
#1509=AXIS2_PLACEMENT_3D('',#2382,#1808,#1809);
#1510=AXIS2_PLACEMENT_3D('',#2384,#1810,#1811);
#1511=AXIS2_PLACEMENT_3D('',#2386,#1812,#1813);
#1512=AXIS2_PLACEMENT_3D('',#2388,#1814,#1815);
#1513=AXIS2_PLACEMENT_3D('',#2390,#1816,#1817);
#1514=AXIS2_PLACEMENT_3D('',#2391,#1818,#1819);
#1515=AXIS2_PLACEMENT_3D('',#2392,#1820,#1821);
#1516=AXIS2_PLACEMENT_3D('',#2396,#1824,#1825);
#1517=AXIS2_PLACEMENT_3D('',#2414,#1826,#1827);
#1518=AXIS2_PLACEMENT_3D('',#2415,#1828,#1829);
#1519=AXIS2_PLACEMENT_3D('',#2417,#1830,#1831);
#1520=AXIS2_PLACEMENT_3D('',#2419,#1833,#1834);
#1521=AXIS2_PLACEMENT_3D('',#2437,#1836,#1837);
#1522=AXIS2_PLACEMENT_3D('',#2439,#1839,#1840);
#1523=AXIS2_PLACEMENT_3D('',#2440,#1841,#1842);
#1524=AXIS2_PLACEMENT_3D('',#2441,#1843,#1844);
#1525=AXIS2_PLACEMENT_3D('',#2443,#1846,#1847);
#1526=AXIS2_PLACEMENT_3D('',#2444,#1848,#1849);
#1527=AXIS2_PLACEMENT_3D('',#2445,#1850,#1851);
#1528=AXIS2_PLACEMENT_3D('',#2446,#1852,#1853);
#1529=AXIS2_PLACEMENT_3D('',#2449,#1854,#1855);
#1530=AXIS2_PLACEMENT_3D('',#2450,#1856,#1857);
#1531=AXIS2_PLACEMENT_3D('',#2451,#1858,#1859);
#1532=AXIS2_PLACEMENT_3D('',#2452,#1860,#1861);
#1533=AXIS2_PLACEMENT_3D('',#2453,#1862,#1863);
#1534=AXIS2_PLACEMENT_3D('',#2454,#1864,#1865);
#1535=AXIS2_PLACEMENT_3D('',#2456,#1866,#1867);
#1536=AXIS2_PLACEMENT_3D('',#2458,#1868,#1869);
#1537=AXIS2_PLACEMENT_3D('',#2459,#1870,#1871);
#1538=AXIS2_PLACEMENT_3D('',#2460,#1872,#1873);
#1539=AXIS2_PLACEMENT_3D('',#2462,#1874,#1875);
#1540=AXIS2_PLACEMENT_3D('',#2464,#1877,#1878);
#1541=AXIS2_PLACEMENT_3D('',#2466,#1879,#1880);
#1542=AXIS2_PLACEMENT_3D('',#2467,#1881,#1882);
#1543=AXIS2_PLACEMENT_3D('',#2468,#1883,#1884);
#1544=AXIS2_PLACEMENT_3D('',#2470,#1885,#1886);
#1545=AXIS2_PLACEMENT_3D('',#2472,#1888,#1889);
#1546=AXIS2_PLACEMENT_3D('',#2474,#1890,#1891);
#1547=AXIS2_PLACEMENT_3D('',#2475,#1892,#1893);
#1548=AXIS2_PLACEMENT_3D('',#2476,#1894,#1895);
#1549=AXIS2_PLACEMENT_3D('',#2478,#1897,#1898);
#1550=AXIS2_PLACEMENT_3D('',#2481,#1901,#1902);
#1551=AXIS2_PLACEMENT_3D('',#2483,#1904,#1905);
#1552=AXIS2_PLACEMENT_3D('',#2485,#1907,#1908);
#1553=AXIS2_PLACEMENT_3D('',#2487,#1909,#1910);
#1554=AXIS2_PLACEMENT_3D('',#2489,#1911,#1912);
#1555=AXIS2_PLACEMENT_3D('',#2491,#1914,#1915);
#1556=AXIS2_PLACEMENT_3D('',#2493,#1916,#1917);
#1557=AXIS2_PLACEMENT_3D('',#2494,#1918,#1919);
#1558=AXIS2_PLACEMENT_3D('',#2495,#1920,#1921);
#1559=AXIS2_PLACEMENT_3D('',#2497,#1922,#1923);
#1560=AXIS2_PLACEMENT_3D('',#2499,#1925,#1926);
#1561=AXIS2_PLACEMENT_3D('',#2501,#1927,#1928);
#1562=AXIS2_PLACEMENT_3D('',#2502,#1929,#1930);
#1563=AXIS2_PLACEMENT_3D('',#2503,#1931,#1932);
#1564=AXIS2_PLACEMENT_3D('',#2505,#1933,#1934);
#1565=AXIS2_PLACEMENT_3D('',#2507,#1936,#1937);
#1566=AXIS2_PLACEMENT_3D('',#2508,#1938,#1939);
#1567=AXIS2_PLACEMENT_3D('',#2509,#1940,#1941);
#1568=AXIS2_PLACEMENT_3D('',#2512,#1944,#1945);
#1569=AXIS2_PLACEMENT_3D('',#2514,#1947,#1948);
#1570=AXIS2_PLACEMENT_3D('',#2516,#1950,#1951);
#1571=AXIS2_PLACEMENT_3D('',#2518,#1952,#1953);
#1572=AXIS2_PLACEMENT_3D('',#2520,#1954,#1955);
#1573=AXIS2_PLACEMENT_3D('',#2522,#1957,#1958);
#1574=AXIS2_PLACEMENT_3D('',#2524,#1959,#1960);
#1575=AXIS2_PLACEMENT_3D('',#2525,#1961,#1962);
#1576=AXIS2_PLACEMENT_3D('',#2526,#1963,#1964);
#1577=AXIS2_PLACEMENT_3D('',#2528,#1965,#1966);
#1578=AXIS2_PLACEMENT_3D('',#2530,#1968,#1969);
#1579=AXIS2_PLACEMENT_3D('',#2532,#1970,#1971);
#1580=AXIS2_PLACEMENT_3D('',#2533,#1972,#1973);
#1581=AXIS2_PLACEMENT_3D('',#2534,#1974,#1975);
#1582=AXIS2_PLACEMENT_3D('',#2536,#1976,#1977);
#1583=AXIS2_PLACEMENT_3D('',#2538,#1979,#1980);
#1584=AXIS2_PLACEMENT_3D('',#2539,#1981,#1982);
#1585=AXIS2_PLACEMENT_3D('',#2540,#1983,#1984);
#1586=AXIS2_PLACEMENT_3D('',#2543,#1987,#1988);
#1587=AXIS2_PLACEMENT_3D('',#2545,#1990,#1991);
#1588=AXIS2_PLACEMENT_3D('',#2547,#1993,#1994);
#1589=AXIS2_PLACEMENT_3D('',#2549,#1995,#1996);
#1590=AXIS2_PLACEMENT_3D('',#2551,#1997,#1998);
#1591=AXIS2_PLACEMENT_3D('',#2553,#2000,#2001);
#1592=AXIS2_PLACEMENT_3D('',#2555,#2002,#2003);
#1593=AXIS2_PLACEMENT_3D('',#2556,#2004,#2005);
#1594=AXIS2_PLACEMENT_3D('',#2557,#2006,#2007);
#1595=AXIS2_PLACEMENT_3D('',#2559,#2008,#2009);
#1596=AXIS2_PLACEMENT_3D('',#2561,#2011,#2012);
#1597=AXIS2_PLACEMENT_3D('',#2563,#2013,#2014);
#1598=AXIS2_PLACEMENT_3D('',#2564,#2015,#2016);
#1599=AXIS2_PLACEMENT_3D('',#2565,#2017,#2018);
#1600=AXIS2_PLACEMENT_3D('',#2567,#2019,#2020);
#1601=AXIS2_PLACEMENT_3D('',#2569,#2022,#2023);
#1602=AXIS2_PLACEMENT_3D('',#2570,#2024,#2025);
#1603=AXIS2_PLACEMENT_3D('',#2571,#2026,#2027);
#1604=AXIS2_PLACEMENT_3D('',#2574,#2030,#2031);
#1605=AXIS2_PLACEMENT_3D('',#2576,#2033,#2034);
#1606=AXIS2_PLACEMENT_3D('',#2578,#2036,#2037);
#1607=AXIS2_PLACEMENT_3D('',#2580,#2039,#2040);
#1608=AXIS2_PLACEMENT_3D('',#2582,#2042,#2043);
#1609=AXIS2_PLACEMENT_3D('',#2584,#2045,#2046);
#1610=AXIS2_PLACEMENT_3D('',#2586,#2048,#2049);
#1611=AXIS2_PLACEMENT_3D('',#2588,#2051,#2052);
#1612=AXIS2_PLACEMENT_3D('',#2589,#2053,#2054);
#1613=AXIS2_PLACEMENT_3D('',#2591,#2056,#2057);
#1614=AXIS2_PLACEMENT_3D('',#2593,#2059,#2060);
#1615=AXIS2_PLACEMENT_3D('',#2594,#2061,#2062);
#1616=AXIS2_PLACEMENT_3D('',#2596,#2064,#2065);
#1617=AXIS2_PLACEMENT_3D('',#2597,#2066,#2067);
#1618=AXIS2_PLACEMENT_3D('',#2598,#2068,#2069);
#1619=AXIS2_PLACEMENT_3D('',#2601,#2070,#2071);
#1620=AXIS2_PLACEMENT_3D('',#2602,#2072,#2073);
#1621=AXIS2_PLACEMENT_3D('',#2603,#2074,#2075);
#1622=AXIS2_PLACEMENT_3D('',#2604,#2076,#2077);
#1623=AXIS2_PLACEMENT_3D('',#2606,#2079,#2080);
#1624=AXIS2_PLACEMENT_3D('',#2608,#2082,#2083);
#1625=AXIS2_PLACEMENT_3D('',#2610,#2085,#2086);
#1626=AXIS2_PLACEMENT_3D('',#2613,#2087,#2088);
#1627=AXIS2_PLACEMENT_3D('',#2614,#2089,#2090);
#1628=AXIS2_PLACEMENT_3D('',#2615,#2091,#2092);
#1629=AXIS2_PLACEMENT_3D('',#2616,#2093,#2094);
#1630=AXIS2_PLACEMENT_3D('',#2618,#2096,#2097);
#1631=AXIS2_PLACEMENT_3D('',#2620,#2099,#2100);
#1632=AXIS2_PLACEMENT_3D('',#2622,#2102,#2103);
#1633=DIRECTION('axis',(0.,0.,1.));
#1634=DIRECTION('refdir',(1.,0.,0.));
#1635=DIRECTION('center_axis',(0.,0.,-1.));
#1636=DIRECTION('ref_axis',(0.707106781186553,-0.707106781186543,0.));
#1637=DIRECTION('center_axis',(0.,0.,-1.));
#1638=DIRECTION('ref_axis',(0.707106781186553,-0.707106781186543,0.));
#1639=DIRECTION('',(0.,0.,-1.));
#1640=DIRECTION('center_axis',(0.,0.,1.));
#1641=DIRECTION('ref_axis',(0.,-1.,0.));
#1642=DIRECTION('',(0.,0.,1.));
#1643=DIRECTION('center_axis',(-1.,0.,0.));
#1644=DIRECTION('ref_axis',(0.,-0.707106781186547,-0.707106781186548));
#1645=DIRECTION('',(1.,0.,0.));
#1646=DIRECTION('center_axis',(-1.,0.,0.));
#1647=DIRECTION('ref_axis',(0.,0.,-1.));
#1648=DIRECTION('',(-1.,0.,0.));
#1649=DIRECTION('center_axis',(1.,0.,0.));
#1650=DIRECTION('ref_axis',(0.,-1.,0.));
#1651=DIRECTION('',(1.,0.,0.));
#1652=DIRECTION('',(1.,0.,0.));
#1653=DIRECTION('',(1.,0.,0.));
#1654=DIRECTION('center_axis',(-0.40824829046386,-0.816496580927727,0.408248290463865));
#1655=DIRECTION('ref_axis',(0.577350269189623,-0.577350269189627,-0.577350269189627));
#1656=DIRECTION('center_axis',(0.,-1.,0.));
#1657=DIRECTION('ref_axis',(0.707106781186543,0.,-0.707106781186552));
#1658=DIRECTION('center_axis',(0.,0.,1.));
#1659=DIRECTION('ref_axis',(-0.707106781186548,-0.707106781186547,0.));
#1660=DIRECTION('center_axis',(0.,0.,-1.));
#1661=DIRECTION('ref_axis',(-0.707106781186548,-0.707106781186547,0.));
#1662=DIRECTION('',(0.,0.,-1.));
#1663=DIRECTION('center_axis',(0.,0.,1.));
#1664=DIRECTION('ref_axis',(-1.,0.,0.));
#1665=DIRECTION('',(0.,0.,1.));
#1666=DIRECTION('center_axis',(0.408248290463863,-0.816496580927726,0.408248290463864));
#1667=DIRECTION('ref_axis',(-0.577350269189623,-0.577350269189627,-0.577350269189627));
#1668=DIRECTION('center_axis',(0.,-1.,0.));
#1669=DIRECTION('ref_axis',(-0.707106781186546,0.,-0.707106781186549));
#1670=DIRECTION('center_axis',(0.,0.,1.));
#1671=DIRECTION('ref_axis',(1.,0.,0.));
#1672=DIRECTION('center_axis',(0.,0.,-1.));
#1673=DIRECTION('ref_axis',(1.,0.,0.));
#1674=DIRECTION('',(0.,0.,-1.));
#1675=DIRECTION('center_axis',(0.,0.,-1.));
#1676=DIRECTION('ref_axis',(1.,0.,0.));
#1677=DIRECTION('center_axis',(0.,0.,-1.));
#1678=DIRECTION('ref_axis',(1.,0.,0.));
#1679=DIRECTION('center_axis',(0.,0.,-1.));
#1680=DIRECTION('ref_axis',(-1.,0.,0.));
#1681=DIRECTION('center_axis',(0.,0.,1.));
#1682=DIRECTION('ref_axis',(1.,0.,0.));
#1683=DIRECTION('center_axis',(-1.98254111540206E-16,-1.,0.));
#1684=DIRECTION('ref_axis',(1.,-1.98254111540206E-16,0.));
#1685=DIRECTION('center_axis',(0.,0.,-1.));
#1686=DIRECTION('ref_axis',(1.,0.,0.));
#1687=DIRECTION('center_axis',(0.,0.,-1.));
#1688=DIRECTION('ref_axis',(1.,0.,0.));
#1689=DIRECTION('center_axis',(0.,0.,1.));
#1690=DIRECTION('ref_axis',(1.,0.,0.));
#1691=DIRECTION('center_axis',(0.,0.,1.));
#1692=DIRECTION('ref_axis',(1.,0.,0.));
#1693=DIRECTION('',(0.,-1.,0.));
#1694=DIRECTION('center_axis',(0.,0.,-1.));
#1695=DIRECTION('ref_axis',(1.,0.,0.));
#1696=DIRECTION('center_axis',(0.,0.,-1.));
#1697=DIRECTION('ref_axis',(1.,0.,0.));
#1698=DIRECTION('',(-1.,0.,0.));
#1699=DIRECTION('',(0.,1.,0.));
#1700=DIRECTION('center_axis',(0.,0.,-1.));
#1701=DIRECTION('ref_axis',(1.,0.,0.));
#1702=DIRECTION('',(0.,1.,0.));
#1703=DIRECTION('center_axis',(0.,0.,-1.));
#1704=DIRECTION('ref_axis',(1.,0.,0.));
#1705=DIRECTION('center_axis',(0.,0.,-1.));
#1706=DIRECTION('ref_axis',(1.,0.,0.));
#1707=DIRECTION('',(0.802462340946133,-0.596702766344561,0.));
#1708=DIRECTION('center_axis',(0.,0.,-1.));
#1709=DIRECTION('ref_axis',(0.,1.,0.));
#1710=DIRECTION('',(0.802462340946133,0.596702766344561,0.));
#1711=DIRECTION('center_axis',(0.,0.,-1.));
#1712=DIRECTION('ref_axis',(-0.949331960103034,-0.314275085755986,0.));
#1713=DIRECTION('',(-1.,0.,0.));
#1714=DIRECTION('center_axis',(0.,0.,-1.));
#1715=DIRECTION('ref_axis',(0.949331960103033,-0.314275085755987,0.));
#1716=DIRECTION('',(1.,5.69345140833414E-17,0.));
#1717=DIRECTION('center_axis',(0.,0.,-1.));
#1718=DIRECTION('ref_axis',(-0.949331960103034,0.314275085755984,0.));
#1719=DIRECTION('',(-0.802462340946133,0.596702766344561,0.));
#1720=DIRECTION('center_axis',(0.,0.,-1.));
#1721=DIRECTION('ref_axis',(0.,-1.,0.));
#1722=DIRECTION('',(-0.802462340946134,-0.596702766344561,0.));
#1723=DIRECTION('center_axis',(0.,0.,-1.));
#1724=DIRECTION('ref_axis',(0.949331960103032,0.31427508575599,0.));
#1725=DIRECTION('center_axis',(0.,0.,-1.));
#1726=DIRECTION('ref_axis',(1.,0.,0.));
#1727=DIRECTION('center_axis',(0.,0.,-1.));
#1728=DIRECTION('ref_axis',(1.,0.,0.));
#1729=DIRECTION('center_axis',(0.,0.,-1.));
#1730=DIRECTION('ref_axis',(1.,0.,0.));
#1731=DIRECTION('',(-0.802462340946134,-0.596702766344561,0.));
#1732=DIRECTION('center_axis',(0.,0.,-1.));
#1733=DIRECTION('ref_axis',(1.,4.44089209850064E-15,0.));
#1734=DIRECTION('',(0.802462340946133,-0.596702766344561,0.));
#1735=DIRECTION('center_axis',(0.,0.,-1.));
#1736=DIRECTION('ref_axis',(-0.449053022289921,0.893505110882018,0.));
#1737=DIRECTION('',(0.,1.,0.));
#1738=DIRECTION('center_axis',(0.,0.,-1.));
#1739=DIRECTION('ref_axis',(-0.449053022289929,-0.893505110882015,0.));
#1740=DIRECTION('center_axis',(0.,0.,-1.));
#1741=DIRECTION('ref_axis',(0.449053022289921,0.893505110882018,0.));
#1742=DIRECTION('',(0.802462340946133,0.596702766344561,0.));
#1743=DIRECTION('center_axis',(0.,0.,-1.));
#1744=DIRECTION('ref_axis',(-1.,0.,0.));
#1745=DIRECTION('',(-0.802462340946133,0.596702766344561,0.));
#1746=DIRECTION('center_axis',(0.,0.,-1.));
#1747=DIRECTION('ref_axis',(0.449053022289922,-0.893505110882018,0.));
#1748=DIRECTION('',(0.,-1.,0.));
#1749=DIRECTION('center_axis',(0.,-1.,0.));
#1750=DIRECTION('ref_axis',(-0.707106781186546,0.,-0.707106781186549));
#1751=DIRECTION('',(0.,1.,0.));
#1752=DIRECTION('center_axis',(0.,1.,0.));
#1753=DIRECTION('ref_axis',(-0.707106781186546,0.,-0.707106781186549));
#1754=DIRECTION('',(0.,-1.,0.));
#1755=DIRECTION('center_axis',(-1.,0.,0.));
#1756=DIRECTION('ref_axis',(0.,-1.,0.));
#1757=DIRECTION('',(0.,-1.,0.));
#1758=DIRECTION('',(0.,0.,1.));
#1759=DIRECTION('center_axis',(0.,0.,1.));
#1760=DIRECTION('ref_axis',(1.,0.,0.));
#1761=DIRECTION('',(0.,1.,0.));
#1762=DIRECTION('center_axis',(0.,0.,1.));
#1763=DIRECTION('ref_axis',(0.707106781186541,0.707106781186554,0.));
#1764=DIRECTION('',(-1.,0.,0.));
#1765=DIRECTION('center_axis',(0.,0.,1.));
#1766=DIRECTION('ref_axis',(-0.707106781186551,0.707106781186544,0.));
#1767=DIRECTION('',(1.,0.,0.));
#1768=DIRECTION('',(0.802462340946133,0.596702766344561,0.));
#1769=DIRECTION('center_axis',(0.,0.,-1.));
#1770=DIRECTION('ref_axis',(0.44905302228991,0.893505110882024,0.));
#1771=DIRECTION('',(0.,-1.,0.));
#1772=DIRECTION('center_axis',(0.,0.,-1.));
#1773=DIRECTION('ref_axis',(0.449053022289938,-0.89350511088201,0.));
#1774=DIRECTION('',(-0.802462340946133,0.596702766344561,0.));
#1775=DIRECTION('center_axis',(0.,0.,-1.));
#1776=DIRECTION('ref_axis',(-1.,0.,0.));
#1777=DIRECTION('center_axis',(0.,0.,-1.));
#1778=DIRECTION('ref_axis',(1.,0.,0.));
#1779=DIRECTION('center_axis',(0.,0.,-1.));
#1780=DIRECTION('ref_axis',(1.,0.,0.));
#1781=DIRECTION('',(0.802462340946133,-0.596702766344561,0.));
#1782=DIRECTION('center_axis',(0.,0.,-1.));
#1783=DIRECTION('ref_axis',(0.949331960103035,-0.314275085755982,0.));
#1784=DIRECTION('',(-1.,0.,0.));
#1785=DIRECTION('center_axis',(0.,0.,-1.));
#1786=DIRECTION('ref_axis',(-0.949331960103036,-0.314275085755979,0.));
#1787=DIRECTION('',(0.802462340946133,0.596702766344561,0.));
#1788=DIRECTION('center_axis',(0.,0.,-1.));
#1789=DIRECTION('ref_axis',(0.,1.,0.));
#1790=DIRECTION('center_axis',(0.,0.,-1.));
#1791=DIRECTION('ref_axis',(1.,0.,0.));
#1792=DIRECTION('',(-0.802462340946134,-0.596702766344561,0.));
#1793=DIRECTION('center_axis',(0.,0.,-1.));
#1794=DIRECTION('ref_axis',(1.10681632567696E-14,-1.,0.));
#1795=DIRECTION('',(-0.802462340946133,0.596702766344561,0.));
#1796=DIRECTION('center_axis',(0.,0.,-1.));
#1797=DIRECTION('ref_axis',(-0.949331960103033,0.314275085755988,0.));
#1798=DIRECTION('',(1.,5.69345140833414E-17,0.));
#1799=DIRECTION('center_axis',(0.,0.,-1.));
#1800=DIRECTION('ref_axis',(0.949331960103041,0.314275085755963,0.));
#1801=DIRECTION('',(-0.802462340946134,-0.596702766344561,0.));
#1802=DIRECTION('center_axis',(0.,0.,-1.));
#1803=DIRECTION('ref_axis',(-0.449053022289932,-0.893505110882013,0.));
#1804=DIRECTION('',(0.,1.,0.));
#1805=DIRECTION('center_axis',(0.,0.,-1.));
#1806=DIRECTION('ref_axis',(-0.449053022289934,0.893505110882012,0.));
#1807=DIRECTION('',(0.802462340946133,-0.596702766344561,0.));
#1808=DIRECTION('center_axis',(0.,0.,-1.));
#1809=DIRECTION('ref_axis',(1.,7.44238563817258E-15,0.));
#1810=DIRECTION('center_axis',(0.,0.,-1.));
#1811=DIRECTION('ref_axis',(1.,0.,0.));
#1812=DIRECTION('center_axis',(0.,0.,-1.));
#1813=DIRECTION('ref_axis',(1.,0.,0.));
#1814=DIRECTION('center_axis',(0.,0.,-1.));
#1815=DIRECTION('ref_axis',(1.,0.,0.));
#1816=DIRECTION('center_axis',(0.,0.,-1.));
#1817=DIRECTION('ref_axis',(1.,0.,0.));
#1818=DIRECTION('center_axis',(0.,-1.,0.));
#1819=DIRECTION('ref_axis',(1.,0.,0.));
#1820=DIRECTION('center_axis',(1.,0.,0.));
#1821=DIRECTION('ref_axis',(0.,1.,0.));
#1822=DIRECTION('',(0.,-1.,0.));
#1823=DIRECTION('',(0.,0.,1.));
#1824=DIRECTION('center_axis',(0.,1.,0.));
#1825=DIRECTION('ref_axis',(0.70710678118654,0.,-0.707106781186555));
#1826=DIRECTION('center_axis',(0.,1.,0.));
#1827=DIRECTION('ref_axis',(0.707106781186543,0.,-0.707106781186552));
#1828=DIRECTION('center_axis',(0.,0.,-1.));
#1829=DIRECTION('ref_axis',(0.707106781186541,0.707106781186554,0.));
#1830=DIRECTION('center_axis',(0.,0.,1.));
#1831=DIRECTION('ref_axis',(1.,0.,0.));
#1832=DIRECTION('',(0.,0.,1.));
#1833=DIRECTION('center_axis',(-1.,0.,0.));
#1834=DIRECTION('ref_axis',(0.,0.707106781186546,-0.707106781186549));
#1835=DIRECTION('',(-1.,0.,0.));
#1836=DIRECTION('center_axis',(1.,0.,0.));
#1837=DIRECTION('ref_axis',(0.,0.,-1.));
#1838=DIRECTION('',(1.,0.,0.));
#1839=DIRECTION('center_axis',(-1.,0.,0.));
#1840=DIRECTION('ref_axis',(0.,1.,0.));
#1841=DIRECTION('center_axis',(0.408248290463858,-0.816496580927729,-0.408248290463862));
#1842=DIRECTION('ref_axis',(0.577350269189624,0.577350269189624,-0.577350269189629));
#1843=DIRECTION('center_axis',(0.,0.,1.));
#1844=DIRECTION('ref_axis',(-0.707106781186551,0.707106781186544,0.));
#1845=DIRECTION('',(0.,0.,1.));
#1846=DIRECTION('center_axis',(0.,0.,1.));
#1847=DIRECTION('ref_axis',(0.,1.,0.));
#1848=DIRECTION('center_axis',(-0.408248290463861,-0.816496580927728,-0.408248290463861));
#1849=DIRECTION('ref_axis',(-0.577350269189627,0.577350269189623,-0.577350269189628));
#1850=DIRECTION('center_axis',(0.,1.,0.));
#1851=DIRECTION('ref_axis',(-1.,0.,0.));
#1852=DIRECTION('center_axis',(0.,0.,-1.));
#1853=DIRECTION('ref_axis',(-1.,0.,0.));
#1854=DIRECTION('center_axis',(0.,0.,1.));
#1855=DIRECTION('ref_axis',(1.,0.,0.));
#1856=DIRECTION('center_axis',(0.,-1.,0.));
#1857=DIRECTION('ref_axis',(1.,0.,0.));
#1858=DIRECTION('center_axis',(0.,0.,-1.));
#1859=DIRECTION('ref_axis',(1.,0.,0.));
#1860=DIRECTION('center_axis',(0.,0.,1.));
#1861=DIRECTION('ref_axis',(1.,0.,0.));
#1862=DIRECTION('center_axis',(0.,0.,1.));
#1863=DIRECTION('ref_axis',(1.,0.,0.));
#1864=DIRECTION('center_axis',(0.,0.,-1.));
#1865=DIRECTION('ref_axis',(-1.,0.,0.));
#1866=DIRECTION('center_axis',(0.802462340946134,0.596702766344561,0.));
#1867=DIRECTION('ref_axis',(0.596702766344561,-0.802462340946134,0.));
#1868=DIRECTION('center_axis',(0.,1.,0.));
#1869=DIRECTION('ref_axis',(0.,0.,-1.));
#1870=DIRECTION('center_axis',(0.,0.,1.));
#1871=DIRECTION('ref_axis',(0.449053022289921,0.893505110882018,0.));
#1872=DIRECTION('center_axis',(0.,-1.,0.));
#1873=DIRECTION('ref_axis',(-0.70710678118654,0.,-0.707106781186555));
#1874=DIRECTION('center_axis',(0.,1.,0.));
#1875=DIRECTION('ref_axis',(0.,0.,-1.));
#1876=DIRECTION('',(0.,1.,0.));
#1877=DIRECTION('center_axis',(0.,0.,-1.));
#1878=DIRECTION('ref_axis',(-1.,0.,0.));
#1879=DIRECTION('center_axis',(0.802462340946131,-0.596702766344564,0.));
#1880=DIRECTION('ref_axis',(0.,0.,-1.));
#1881=DIRECTION('center_axis',(0.,0.,1.));
#1882=DIRECTION('ref_axis',(0.449053022289922,-0.893505110882018,0.));
#1883=DIRECTION('center_axis',(-0.802462340946134,0.596702766344561,0.));
#1884=DIRECTION('ref_axis',(0.421932572435012,0.567426562929844,-0.707106781186546));
#1885=DIRECTION('center_axis',(0.802462340946132,-0.596702766344563,0.));
#1886=DIRECTION('ref_axis',(0.,0.,-1.));
#1887=DIRECTION('',(0.802462340946133,-0.596702766344561,0.));
#1888=DIRECTION('center_axis',(0.,0.,-1.));
#1889=DIRECTION('ref_axis',(-1.,0.,0.));
#1890=DIRECTION('center_axis',(-0.802462340946135,-0.596702766344559,0.));
#1891=DIRECTION('ref_axis',(0.,0.,-1.));
#1892=DIRECTION('center_axis',(0.,0.,1.));
#1893=DIRECTION('ref_axis',(-1.,0.,0.));
#1894=DIRECTION('center_axis',(0.802462340946134,0.596702766344561,0.));
#1895=DIRECTION('ref_axis',(0.421932572435012,-0.567426562929844,-0.707106781186546));
#1896=DIRECTION('',(-0.802462340946133,-0.596702766344561,0.));
#1897=DIRECTION('center_axis',(0.,0.,1.));
#1898=DIRECTION('ref_axis',(-1.,0.,0.));
#1899=DIRECTION('',(0.,0.,1.));
#1900=DIRECTION('',(0.,0.,-1.));
#1901=DIRECTION('center_axis',(0.596702766344561,-0.802462340946134,0.));
#1902=DIRECTION('ref_axis',(0.802462340946133,0.596702766344561,0.));
#1903=DIRECTION('',(0.,0.,-1.));
#1904=DIRECTION('center_axis',(0.,0.,1.));
#1905=DIRECTION('ref_axis',(0.44905302228991,0.893505110882024,0.));
#1906=DIRECTION('',(0.,0.,1.));
#1907=DIRECTION('center_axis',(0.802462340946133,-0.596702766344561,0.));
#1908=DIRECTION('ref_axis',(-0.421932572435003,-0.567426562929842,-0.707106781186552));
#1909=DIRECTION('center_axis',(0.802462340946136,-0.596702766344557,0.));
#1910=DIRECTION('ref_axis',(-0.596702766344557,-0.802462340946136,0.));
#1911=DIRECTION('center_axis',(-0.802462340946132,0.596702766344563,0.));
#1912=DIRECTION('ref_axis',(0.,0.,-1.));
#1913=DIRECTION('',(-0.802462340946133,0.596702766344561,0.));
#1914=DIRECTION('center_axis',(0.,0.,-1.));
#1915=DIRECTION('ref_axis',(0.949331960103034,-0.314275085755986,0.));
#1916=DIRECTION('center_axis',(1.,0.,0.));
#1917=DIRECTION('ref_axis',(0.,0.,-1.));
#1918=DIRECTION('center_axis',(0.,0.,1.));
#1919=DIRECTION('ref_axis',(0.949331960103033,-0.314275085755987,0.));
#1920=DIRECTION('center_axis',(-1.,0.,0.));
#1921=DIRECTION('ref_axis',(0.,0.707106781186547,-0.707106781186548));
#1922=DIRECTION('center_axis',(1.,0.,0.));
#1923=DIRECTION('ref_axis',(0.,0.,-1.));
#1924=DIRECTION('',(1.,0.,0.));
#1925=DIRECTION('center_axis',(0.,0.,-1.));
#1926=DIRECTION('ref_axis',(-1.,0.,0.));
#1927=DIRECTION('center_axis',(-0.802462340946133,-0.596702766344561,0.));
#1928=DIRECTION('ref_axis',(0.,0.,-1.));
#1929=DIRECTION('center_axis',(0.,0.,1.));
#1930=DIRECTION('ref_axis',(-0.949331960103033,-0.314275085755986,0.));
#1931=DIRECTION('center_axis',(0.802462340946134,0.596702766344561,0.));
#1932=DIRECTION('ref_axis',(0.421932572435013,-0.567426562929839,-0.707106781186549));
#1933=DIRECTION('center_axis',(-0.802462340946136,-0.596702766344557,0.));
#1934=DIRECTION('ref_axis',(0.,0.,-1.));
#1935=DIRECTION('',(-0.802462340946133,-0.596702766344561,0.));
#1936=DIRECTION('center_axis',(0.,0.,-1.));
#1937=DIRECTION('ref_axis',(-1.,0.,0.));
#1938=DIRECTION('center_axis',(0.,0.,1.));
#1939=DIRECTION('ref_axis',(0.,1.,0.));
#1940=DIRECTION('center_axis',(0.596702766344561,-0.802462340946134,0.));
#1941=DIRECTION('ref_axis',(0.802462340946133,0.596702766344561,0.));
#1942=DIRECTION('',(0.,0.,-1.));
#1943=DIRECTION('',(0.,0.,1.));
#1944=DIRECTION('center_axis',(0.,0.,1.));
#1945=DIRECTION('ref_axis',(0.,1.,0.));
#1946=DIRECTION('',(0.,0.,1.));
#1947=DIRECTION('center_axis',(-0.596702766344561,-0.802462340946133,0.));
#1948=DIRECTION('ref_axis',(0.802462340946133,-0.596702766344561,0.));
#1949=DIRECTION('',(0.,0.,-1.));
#1950=DIRECTION('center_axis',(-0.802462340946134,-0.596702766344561,0.));
#1951=DIRECTION('ref_axis',(-0.421932572435012,0.567426562929844,-0.707106781186546));
#1952=DIRECTION('center_axis',(-0.802462340946132,-0.596702766344563,0.));
#1953=DIRECTION('ref_axis',(-0.596702766344563,0.802462340946132,0.));
#1954=DIRECTION('center_axis',(0.802462340946138,0.596702766344555,0.));
#1955=DIRECTION('ref_axis',(0.,0.,-1.));
#1956=DIRECTION('',(0.802462340946134,0.596702766344561,0.));
#1957=DIRECTION('center_axis',(0.,0.,-1.));
#1958=DIRECTION('ref_axis',(-1.,0.,0.));
#1959=DIRECTION('center_axis',(0.,-1.,0.));
#1960=DIRECTION('ref_axis',(0.,0.,-1.));
#1961=DIRECTION('center_axis',(0.,0.,1.));
#1962=DIRECTION('ref_axis',(-0.449053022289929,-0.893505110882015,0.));
#1963=DIRECTION('center_axis',(0.,1.,0.));
#1964=DIRECTION('ref_axis',(0.707106781186546,0.,-0.707106781186549));
#1965=DIRECTION('center_axis',(0.,-1.,0.));
#1966=DIRECTION('ref_axis',(0.,0.,-1.));
#1967=DIRECTION('',(0.,-1.,0.));
#1968=DIRECTION('center_axis',(0.,0.,-1.));
#1969=DIRECTION('ref_axis',(-1.,0.,0.));
#1970=DIRECTION('center_axis',(-0.802462340946134,0.596702766344561,0.));
#1971=DIRECTION('ref_axis',(0.,0.,-1.));
#1972=DIRECTION('center_axis',(0.,0.,1.));
#1973=DIRECTION('ref_axis',(-0.449053022289921,0.893505110882018,0.));
#1974=DIRECTION('center_axis',(0.802462340946133,-0.596702766344561,0.));
#1975=DIRECTION('ref_axis',(-0.421932572435013,-0.567426562929839,-0.707106781186549));
#1976=DIRECTION('center_axis',(-0.802462340946132,0.596702766344563,0.));
#1977=DIRECTION('ref_axis',(0.,0.,-1.));
#1978=DIRECTION('',(-0.802462340946133,0.596702766344561,0.));
#1979=DIRECTION('center_axis',(0.,0.,-1.));
#1980=DIRECTION('ref_axis',(1.,0.,0.));
#1981=DIRECTION('center_axis',(0.,0.,1.));
#1982=DIRECTION('ref_axis',(1.,4.44089209850064E-15,0.));
#1983=DIRECTION('center_axis',(-0.596702766344561,-0.802462340946133,0.));
#1984=DIRECTION('ref_axis',(0.802462340946133,-0.596702766344561,0.));
#1985=DIRECTION('',(0.,0.,-1.));
#1986=DIRECTION('',(0.,0.,1.));
#1987=DIRECTION('center_axis',(0.,0.,1.));
#1988=DIRECTION('ref_axis',(1.,7.44238563817258E-15,0.));
#1989=DIRECTION('',(0.,0.,1.));
#1990=DIRECTION('center_axis',(-0.596702766344561,0.802462340946134,0.));
#1991=DIRECTION('ref_axis',(-0.802462340946134,-0.596702766344561,0.));
#1992=DIRECTION('',(0.,0.,-1.));
#1993=DIRECTION('center_axis',(1.,5.69345140833414E-17,0.));
#1994=DIRECTION('ref_axis',(0.,-0.707106781186546,-0.707106781186549));
#1995=DIRECTION('center_axis',(1.,0.,0.));
#1996=DIRECTION('ref_axis',(0.,-1.,0.));
#1997=DIRECTION('center_axis',(-1.,0.,0.));
#1998=DIRECTION('ref_axis',(0.,0.,-1.));
#1999=DIRECTION('',(-1.,-5.69345140833414E-17,0.));
#2000=DIRECTION('center_axis',(0.,0.,-1.));
#2001=DIRECTION('ref_axis',(0.949331960103035,0.314275085755982,0.));
#2002=DIRECTION('center_axis',(0.802462340946131,0.596702766344565,0.));
#2003=DIRECTION('ref_axis',(0.,0.,-1.));
#2004=DIRECTION('center_axis',(0.,0.,1.));
#2005=DIRECTION('ref_axis',(0.949331960103032,0.31427508575599,0.));
#2006=DIRECTION('center_axis',(-0.802462340946134,-0.596702766344561,0.));
#2007=DIRECTION('ref_axis',(-0.42193257243501,0.567426562929848,-0.707106781186544));
#2008=DIRECTION('center_axis',(0.802462340946135,0.596702766344559,0.));
#2009=DIRECTION('ref_axis',(0.,0.,-1.));
#2010=DIRECTION('',(0.802462340946134,0.596702766344561,0.));
#2011=DIRECTION('center_axis',(0.,0.,-1.));
#2012=DIRECTION('ref_axis',(-1.,0.,0.));
#2013=DIRECTION('center_axis',(0.802462340946135,-0.596702766344559,0.));
#2014=DIRECTION('ref_axis',(0.,0.,-1.));
#2015=DIRECTION('center_axis',(0.,0.,1.));
#2016=DIRECTION('ref_axis',(0.,-1.,0.));
#2017=DIRECTION('center_axis',(-0.802462340946134,0.596702766344561,0.));
#2018=DIRECTION('ref_axis',(0.421932572435012,0.567426562929844,-0.707106781186546));
#2019=DIRECTION('center_axis',(0.802462340946134,-0.596702766344561,0.));
#2020=DIRECTION('ref_axis',(0.,0.,-1.));
#2021=DIRECTION('',(0.802462340946133,-0.596702766344561,0.));
#2022=DIRECTION('center_axis',(0.,0.,-1.));
#2023=DIRECTION('ref_axis',(-1.,0.,0.));
#2024=DIRECTION('center_axis',(0.,0.,1.));
#2025=DIRECTION('ref_axis',(-0.949331960103034,0.314275085755984,0.));
#2026=DIRECTION('center_axis',(0.596702766344561,0.802462340946134,0.));
#2027=DIRECTION('ref_axis',(-0.802462340946133,0.596702766344561,0.));
#2028=DIRECTION('',(0.,0.,-1.));
#2029=DIRECTION('',(0.,0.,1.));
#2030=DIRECTION('center_axis',(0.,0.,1.));
#2031=DIRECTION('ref_axis',(-0.949331960103033,0.314275085755988,0.));
#2032=DIRECTION('',(0.,0.,1.));
#2033=DIRECTION('center_axis',(5.69345140833414E-17,-1.,0.));
#2034=DIRECTION('ref_axis',(1.,5.69345140833414E-17,0.));
#2035=DIRECTION('',(0.,0.,-1.));
#2036=DIRECTION('center_axis',(0.,0.,1.));
#2037=DIRECTION('ref_axis',(-0.449053022289934,0.893505110882012,0.));
#2038=DIRECTION('',(0.,0.,-1.));
#2039=DIRECTION('center_axis',(0.,0.,1.));
#2040=DIRECTION('ref_axis',(0.949331960103041,0.314275085755963,0.));
#2041=DIRECTION('',(0.,0.,1.));
#2042=DIRECTION('center_axis',(-0.596702766344561,0.802462340946134,0.));
#2043=DIRECTION('ref_axis',(-0.802462340946134,-0.596702766344561,0.));
#2044=DIRECTION('',(0.,0.,-1.));
#2045=DIRECTION('center_axis',(0.,0.,1.));
#2046=DIRECTION('ref_axis',(-0.949331960103036,-0.314275085755979,0.));
#2047=DIRECTION('',(0.,0.,-1.));
#2048=DIRECTION('center_axis',(0.,0.,1.));
#2049=DIRECTION('ref_axis',(0.949331960103035,-0.314275085755982,0.));
#2050=DIRECTION('',(0.,0.,1.));
#2051=DIRECTION('center_axis',(0.,1.,0.));
#2052=DIRECTION('ref_axis',(-1.,0.,0.));
#2053=DIRECTION('center_axis',(-1.,0.,0.));
#2054=DIRECTION('ref_axis',(0.,-1.,0.));
#2055=DIRECTION('',(0.,0.,-1.));
#2056=DIRECTION('center_axis',(0.,0.,1.));
#2057=DIRECTION('ref_axis',(0.449053022289938,-0.89350511088201,0.));
#2058=DIRECTION('',(0.,0.,1.));
#2059=DIRECTION('center_axis',(0.596702766344561,0.802462340946134,0.));
#2060=DIRECTION('ref_axis',(-0.802462340946133,0.596702766344561,0.));
#2061=DIRECTION('center_axis',(0.,0.,1.));
#2062=DIRECTION('ref_axis',(-0.449053022289932,-0.893505110882013,0.));
#2063=DIRECTION('',(0.,0.,1.));
#2064=DIRECTION('center_axis',(1.,0.,0.));
#2065=DIRECTION('ref_axis',(0.,1.,0.));
#2066=DIRECTION('center_axis',(0.,0.,1.));
#2067=DIRECTION('ref_axis',(1.10681632567696E-14,-1.,0.));
#2068=DIRECTION('center_axis',(0.,0.,-1.));
#2069=DIRECTION('ref_axis',(-1.,0.,0.));
#2070=DIRECTION('center_axis',(0.,0.,1.));
#2071=DIRECTION('ref_axis',(1.,0.,0.));
#2072=DIRECTION('center_axis',(0.,-1.,0.));
#2073=DIRECTION('ref_axis',(1.,0.,0.));
#2074=DIRECTION('center_axis',(0.,0.,1.));
#2075=DIRECTION('ref_axis',(1.,0.,0.));
#2076=DIRECTION('center_axis',(0.,0.,1.));
#2077=DIRECTION('ref_axis',(1.,0.,0.));
#2078=DIRECTION('',(0.,0.,-1.));
#2079=DIRECTION('center_axis',(0.,0.,1.));
#2080=DIRECTION('ref_axis',(1.,0.,0.));
#2081=DIRECTION('',(0.,0.,-1.));
#2082=DIRECTION('center_axis',(0.,0.,1.));
#2083=DIRECTION('ref_axis',(1.,0.,0.));
#2084=DIRECTION('',(0.,0.,-1.));
#2085=DIRECTION('center_axis',(0.,0.,-1.));
#2086=DIRECTION('ref_axis',(-1.,0.,0.));
#2087=DIRECTION('center_axis',(0.,0.,1.));
#2088=DIRECTION('ref_axis',(1.,0.,0.));
#2089=DIRECTION('center_axis',(0.,-1.,0.));
#2090=DIRECTION('ref_axis',(1.,0.,0.));
#2091=DIRECTION('center_axis',(0.,0.,1.));
#2092=DIRECTION('ref_axis',(1.,0.,0.));
#2093=DIRECTION('center_axis',(0.,0.,1.));
#2094=DIRECTION('ref_axis',(1.,0.,0.));
#2095=DIRECTION('',(0.,0.,-1.));
#2096=DIRECTION('center_axis',(0.,0.,1.));
#2097=DIRECTION('ref_axis',(1.,0.,0.));
#2098=DIRECTION('',(0.,0.,-1.));
#2099=DIRECTION('center_axis',(0.,0.,1.));
#2100=DIRECTION('ref_axis',(1.,0.,0.));
#2101=DIRECTION('',(0.,0.,-1.));
#2102=DIRECTION('center_axis',(0.,0.,1.));
#2103=DIRECTION('ref_axis',(1.,0.,0.));
#2104=DIRECTION('',(0.,0.,-1.));
#2105=CARTESIAN_POINT('',(0.,0.,0.));
#2106=CARTESIAN_POINT('Origin',(213.,4.80000000000002,4.));
#2107=CARTESIAN_POINT('',(215.,4.80000000000002,8.6));
#2108=CARTESIAN_POINT('',(213.,2.80000000000002,8.6));
#2109=CARTESIAN_POINT('Origin',(213.,4.80000000000002,8.6));
#2110=CARTESIAN_POINT('',(213.,2.80000000000002,6.));
#2111=CARTESIAN_POINT('',(213.,2.80000000000002,4.));
#2112=CARTESIAN_POINT('',(215.,4.80000000000002,6.));
#2113=CARTESIAN_POINT('Origin',(213.,4.80000000000002,6.));
#2114=CARTESIAN_POINT('',(215.,4.80000000000002,4.));
#2115=CARTESIAN_POINT('Origin',(80.,4.80000000000002,6.));
#2116=CARTESIAN_POINT('',(168.09671269838,4.80000000000002,4.));
#2117=CARTESIAN_POINT('',(171.903285960515,4.80000000000002,4.));
#2118=CARTESIAN_POINT('Ctrl Pts',(168.09671269838,4.80000000000002,4.));
#2119=CARTESIAN_POINT('Ctrl Pts',(168.09688692513,4.79972366379778,4.));
#2120=CARTESIAN_POINT('Ctrl Pts',(168.09706118571,4.7994474073327,4.00000005727128));
#2121=CARTESIAN_POINT('Ctrl Pts',(168.197741615967,4.63991501775029,4.00006616504902));
#2122=CARTESIAN_POINT('Ctrl Pts',(168.318616527881,4.49298134322672,4.01926656538013));
#2123=CARTESIAN_POINT('Ctrl Pts',(168.593369147814,4.23376708935678,4.07721809633478));
#2124=CARTESIAN_POINT('Ctrl Pts',(168.747239629358,4.12148836700353,4.11601178641031));
#2125=CARTESIAN_POINT('Ctrl Pts',(169.078129544358,3.93884329642056,4.19218358530858));
#2126=CARTESIAN_POINT('Ctrl Pts',(169.255484043021,3.86832191082057,4.22943268661634));
#2127=CARTESIAN_POINT('Ctrl Pts',(169.622222866641,3.77387345500858,4.28244446370949));
#2128=CARTESIAN_POINT('Ctrl Pts',(169.811680373695,3.75000000000002,4.29779554694508));
#2129=CARTESIAN_POINT('Ctrl Pts',(169.999999329448,3.75000000000002,4.29779554694508));
#2130=CARTESIAN_POINT('Ctrl Pts',(170.188318285201,3.75000000000002,4.29779554694508));
#2131=CARTESIAN_POINT('Ctrl Pts',(170.377775792255,3.77387345500858,4.28244446370949));
#2132=CARTESIAN_POINT('Ctrl Pts',(170.744514615875,3.86832191082057,4.22943268661634));
#2133=CARTESIAN_POINT('Ctrl Pts',(170.921869114537,3.93884329642055,4.19218358530859));
#2134=CARTESIAN_POINT('Ctrl Pts',(171.252759029537,4.12148836700351,4.11601178641032));
#2135=CARTESIAN_POINT('Ctrl Pts',(171.406629511081,4.23376708935676,4.07721809633479));
#2136=CARTESIAN_POINT('Ctrl Pts',(171.681382131015,4.4929813432267,4.01926656538013));
#2137=CARTESIAN_POINT('Ctrl Pts',(171.802257042928,4.63991501775029,4.00006616504902));
#2138=CARTESIAN_POINT('Ctrl Pts',(171.902937473185,4.7994474073327,4.00000005727128));
#2139=CARTESIAN_POINT('Ctrl Pts',(171.903111733766,4.7997236637978,4.));
#2140=CARTESIAN_POINT('Ctrl Pts',(171.903285960515,4.80000000000001,4.));
#2141=CARTESIAN_POINT('',(213.,4.80000000000002,4.));
#2142=CARTESIAN_POINT('',(80.,4.80000000000002,4.));
#2143=CARTESIAN_POINT('Origin',(213.,4.80000000000002,6.));
#2144=CARTESIAN_POINT('',(37.,2.80000000000002,6.));
#2145=CARTESIAN_POINT('',(80.,2.80000000000002,6.));
#2146=CARTESIAN_POINT('',(37.,4.80000000000002,4.));
#2147=CARTESIAN_POINT('Origin',(37.,4.80000000000002,6.));
#2148=CARTESIAN_POINT('',(38.7630478876828,4.80000000000002,4.));
#2149=CARTESIAN_POINT('',(80.,4.80000000000002,4.));
#2150=CARTESIAN_POINT('',(45.1529521123172,4.80000000000002,4.));
#2151=CARTESIAN_POINT('Ctrl Pts',(38.7630478876828,4.80000000000002,4.));
#2152=CARTESIAN_POINT('Ctrl Pts',(38.7662358063133,4.79806327298686,4.));
#2153=CARTESIAN_POINT('Ctrl Pts',(38.7694250108084,4.79612866348007,4.00000281318263));
#2154=CARTESIAN_POINT('Ctrl Pts',(39.2296613233659,4.5173628112402,4.00081177000307));
#2155=CARTESIAN_POINT('Ctrl Pts',(39.710537497481,4.28565815017273,4.05913327676515));
#2156=CARTESIAN_POINT('Ctrl Pts',(40.5412005916907,4.01015149398325,4.15894508296237));
#2157=CARTESIAN_POINT('Ctrl Pts',(40.8772196295293,3.92929326020472,4.19866282675725));
#2158=CARTESIAN_POINT('Ctrl Pts',(41.4656504805674,3.84687499117728,4.24129699245247));
#2159=CARTESIAN_POINT('Ctrl Pts',(41.7104459520912,3.82950000000002,4.25124908863498));
#2160=CARTESIAN_POINT('Ctrl Pts',(42.2055540479088,3.82950000000002,4.25124908863498));
#2161=CARTESIAN_POINT('Ctrl Pts',(42.4503495194326,3.84687499117728,4.24129699245247));
#2162=CARTESIAN_POINT('Ctrl Pts',(43.0387803704707,3.92929326020472,4.19866282675725));
#2163=CARTESIAN_POINT('Ctrl Pts',(43.3747994083093,4.01015149398326,4.15894508296236));
#2164=CARTESIAN_POINT('Ctrl Pts',(44.2054625035994,4.28565815053107,4.05913327663533));
#2165=CARTESIAN_POINT('Ctrl Pts',(44.6863386777761,4.5173628119258,4.00081177000106));
#2166=CARTESIAN_POINT('Ctrl Pts',(45.1465749891603,4.79612866346132,4.00000281318268));
#2167=CARTESIAN_POINT('Ctrl Pts',(45.149764193718,4.79806327300585,4.));
#2168=CARTESIAN_POINT('Ctrl Pts',(45.1529521123172,4.80000000000002,4.));
#2169=CARTESIAN_POINT('',(78.0967133689326,4.80000000000002,4.));
#2170=CARTESIAN_POINT('',(80.,4.80000000000002,4.));
#2171=CARTESIAN_POINT('',(81.9032866310674,4.80000000000002,4.));
#2172=CARTESIAN_POINT('Ctrl Pts',(78.0967133689326,4.80000000000002,4.));
#2173=CARTESIAN_POINT('Ctrl Pts',(78.0968875956819,4.79972366379781,4.));
#2174=CARTESIAN_POINT('Ctrl Pts',(78.0970618562623,4.7994474073327,4.00000005727128));
#2175=CARTESIAN_POINT('Ctrl Pts',(78.1977422865197,4.63991501775029,4.00006616504902));
#2176=CARTESIAN_POINT('Ctrl Pts',(78.3186171984331,4.49298134322671,4.01926656538013));
#2177=CARTESIAN_POINT('Ctrl Pts',(78.5933698183664,4.23376708935678,4.07721809633478));
#2178=CARTESIAN_POINT('Ctrl Pts',(78.7472402999108,4.12148836700352,4.11601178641031));
#2179=CARTESIAN_POINT('Ctrl Pts',(79.0781302149107,3.93884329642055,4.19218358530858));
#2180=CARTESIAN_POINT('Ctrl Pts',(79.2554847135731,3.86832191082058,4.22943268661633));
#2181=CARTESIAN_POINT('Ctrl Pts',(79.622223537193,3.77387345500858,4.28244446370949));
#2182=CARTESIAN_POINT('Ctrl Pts',(79.8116810442472,3.75000000000002,4.29779554694508));
#2183=CARTESIAN_POINT('Ctrl Pts',(80.,3.75000000000002,4.29779554694508));
#2184=CARTESIAN_POINT('Ctrl Pts',(80.1883189557529,3.75000000000002,4.29779554694508));
#2185=CARTESIAN_POINT('Ctrl Pts',(80.3777764628071,3.77387345500858,4.28244446370949));
#2186=CARTESIAN_POINT('Ctrl Pts',(80.744515286427,3.86832191082058,4.22943268661633));
#2187=CARTESIAN_POINT('Ctrl Pts',(80.9218697850893,3.93884329642056,4.19218358530858));
#2188=CARTESIAN_POINT('Ctrl Pts',(81.2527597000893,4.12148836700352,4.11601178641031));
#2189=CARTESIAN_POINT('Ctrl Pts',(81.4066301816336,4.23376708935678,4.07721809633478));
#2190=CARTESIAN_POINT('Ctrl Pts',(81.6813828015669,4.49298134322671,4.01926656538013));
#2191=CARTESIAN_POINT('Ctrl Pts',(81.8022577134804,4.63991501775029,4.00006616504902));
#2192=CARTESIAN_POINT('Ctrl Pts',(81.9029381437377,4.7994474073327,4.00000005727128));
#2193=CARTESIAN_POINT('Ctrl Pts',(81.9031124043182,4.7997236637978,4.));
#2194=CARTESIAN_POINT('Ctrl Pts',(81.9032866310674,4.80000000000001,4.));
#2195=CARTESIAN_POINT('',(80.,4.80000000000002,4.));
#2196=CARTESIAN_POINT('Origin',(213.,4.80000000000002,6.));
#2197=CARTESIAN_POINT('Origin',(213.,4.80000000000002,6.));
#2198=CARTESIAN_POINT('Origin',(37.,4.80000000000002,4.));
#2199=CARTESIAN_POINT('',(37.,2.80000000000002,8.6));
#2200=CARTESIAN_POINT('',(35.,4.80000000000002,8.6));
#2201=CARTESIAN_POINT('Origin',(37.,4.80000000000002,8.6));
#2202=CARTESIAN_POINT('',(35.,4.80000000000002,6.));
#2203=CARTESIAN_POINT('',(35.,4.80000000000002,4.));
#2204=CARTESIAN_POINT('Origin',(37.,4.80000000000002,6.));
#2205=CARTESIAN_POINT('',(37.,2.80000000000002,4.));
#2206=CARTESIAN_POINT('Origin',(37.,4.80000000000002,6.));
#2207=CARTESIAN_POINT('Origin',(37.,4.80000000000002,6.));
#2208=CARTESIAN_POINT('Origin',(80.,6.00000000000002,4.));
#2209=CARTESIAN_POINT('',(77.75,6.00000000000002,8.6));
#2210=CARTESIAN_POINT('Origin',(80.,6.00000000000002,8.6));
#2211=CARTESIAN_POINT('',(77.75,6.00000000000002,4.));
#2212=CARTESIAN_POINT('',(77.75,6.00000000000002,4.));
#2213=CARTESIAN_POINT('Origin',(80.,6.00000000000002,4.));
#2214=CARTESIAN_POINT('Origin',(80.,6.00000000000002,4.));
#2215=CARTESIAN_POINT('Origin',(41.958,6.45900000000001,6.));
#2216=CARTESIAN_POINT('',(40.358,6.45900000000001,6.));
#2217=CARTESIAN_POINT('',(43.558,6.45900000000001,6.));
#2218=CARTESIAN_POINT('Origin',(41.958,6.45900000000001,6.));
#2219=CARTESIAN_POINT('',(45.558,6.45900000000001,4.));
#2220=CARTESIAN_POINT('Origin',(45.558,6.45900000000001,6.));
#2221=CARTESIAN_POINT('Origin',(41.958,6.45900000000001,4.));
#2222=CARTESIAN_POINT('Origin',(41.958,6.45900000000001,4.));
#2223=CARTESIAN_POINT('Origin',(41.958,6.45900000000001,6.));
#2224=CARTESIAN_POINT('Origin',(125.,70.,4.));
#2225=CARTESIAN_POINT('',(37.,133.395495501684,4.));
#2226=CARTESIAN_POINT('',(37.,105.,4.));
#2227=CARTESIAN_POINT('',(43.805,135.035,4.));
#2228=CARTESIAN_POINT('Origin',(40.205,135.035,4.));
#2229=CARTESIAN_POINT('',(41.9204518355232,138.2,4.));
#2230=CARTESIAN_POINT('Origin',(40.205,135.035,4.));
#2231=CARTESIAN_POINT('',(213.,138.2,4.));
#2232=CARTESIAN_POINT('',(170.,138.2,4.));
#2233=CARTESIAN_POINT('',(213.,17.9207427646895,4.));
#2234=CARTESIAN_POINT('',(213.,35.,4.));
#2235=CARTESIAN_POINT('',(213.,14.7332572353105,4.));
#2236=CARTESIAN_POINT('Origin',(209.772,16.327,4.));
#2237=CARTESIAN_POINT('',(213.,35.,4.));
#2238=CARTESIAN_POINT('',(167.749999329448,6.00000000000002,4.));
#2239=CARTESIAN_POINT('Origin',(169.999999329448,6.00000000000002,4.));
#2240=CARTESIAN_POINT('Origin',(169.999999329448,6.00000000000002,4.));
#2241=CARTESIAN_POINT('',(127.386811065378,64.4866985779835,4.));
#2242=CARTESIAN_POINT('',(190.966022077577,17.2098493637846,4.));
#2243=CARTESIAN_POINT('',(124.701648616828,66.483357834598,4.));
#2244=CARTESIAN_POINT('',(122.613188934622,64.4866985779835,4.));
#2245=CARTESIAN_POINT('Origin',(125.,61.276849214199,4.));
#2246=CARTESIAN_POINT('',(59.0339779224232,17.2098493637846,4.));
#2247=CARTESIAN_POINT('',(90.488042031525,40.5987688295269,4.));
#2248=CARTESIAN_POINT('',(61.4207889878014,10.,4.));
#2249=CARTESIAN_POINT('Origin',(61.4207889878014,14.,4.));
#2250=CARTESIAN_POINT('',(188.579211012199,10.,4.));
#2251=CARTESIAN_POINT('',(159.810309351647,10.,4.));
#2252=CARTESIAN_POINT('Origin',(188.579211012199,14.,4.));
#2253=CARTESIAN_POINT('',(61.4207889878014,130.,4.));
#2254=CARTESIAN_POINT('',(188.579211012199,130.,4.));
#2255=CARTESIAN_POINT('',(90.1896906483527,130.,4.));
#2256=CARTESIAN_POINT('',(59.0339779224231,122.790150636215,4.));
#2257=CARTESIAN_POINT('Origin',(61.4207889878014,126.,4.));
#2258=CARTESIAN_POINT('',(122.613188934622,75.5133014220165,4.));
#2259=CARTESIAN_POINT('',(125.298351383172,73.516642165402,4.));
#2260=CARTESIAN_POINT('',(127.386811065378,75.5133014220165,4.));
#2261=CARTESIAN_POINT('Origin',(125.,78.723150785801,4.));
#2262=CARTESIAN_POINT('',(190.966022077577,122.790150636216,4.));
#2263=CARTESIAN_POINT('',(159.511957968475,99.4012311704731,4.));
#2264=CARTESIAN_POINT('Origin',(188.579211012199,126.,4.));
#2265=CARTESIAN_POINT('',(167.75,134.,4.));
#2266=CARTESIAN_POINT('Origin',(170.,134.,4.));
#2267=CARTESIAN_POINT('',(77.75,134.,4.));
#2268=CARTESIAN_POINT('Origin',(80.,134.,4.));
#2269=CARTESIAN_POINT('',(212.489,134.135,4.));
#2270=CARTESIAN_POINT('Origin',(208.889,134.135,4.));
#2271=CARTESIAN_POINT('',(115.655677249991,66.7901506362155,4.));
#2272=CARTESIAN_POINT('',(51.3868110653782,19.000480909196,4.));
#2273=CARTESIAN_POINT('',(120.511957968475,70.4012311704731,4.));
#2274=CARTESIAN_POINT('',(115.655677249991,73.2098493637846,4.));
#2275=CARTESIAN_POINT('Origin',(113.268866184612,70.,4.));
#2276=CARTESIAN_POINT('',(51.3868110653783,120.999519090804,4.));
#2277=CARTESIAN_POINT('',(85.7016486168278,95.483357834598,4.));
#2278=CARTESIAN_POINT('',(45.,117.78966972702,4.));
#2279=CARTESIAN_POINT('Origin',(49.,117.78966972702,4.));
#2280=CARTESIAN_POINT('',(45.,22.2103302729806,4.));
#2281=CARTESIAN_POINT('',(45.,44.115410994929,4.));
#2282=CARTESIAN_POINT('Origin',(49.,22.2103302729806,4.));
#2283=CARTESIAN_POINT('',(198.613188934622,120.999519090804,4.));
#2284=CARTESIAN_POINT('',(205.,117.78966972702,4.));
#2285=CARTESIAN_POINT('Origin',(201.,117.78966972702,4.));
#2286=CARTESIAN_POINT('',(134.344322750009,73.2098493637845,4.));
#2287=CARTESIAN_POINT('',(129.488042031525,69.598768829527,4.));
#2288=CARTESIAN_POINT('',(134.344322750009,66.7901506362155,4.));
#2289=CARTESIAN_POINT('Origin',(136.731133815388,70.,4.));
#2290=CARTESIAN_POINT('',(198.613188934622,19.000480909196,4.));
#2291=CARTESIAN_POINT('',(164.298351383172,44.516642165402,4.));
#2292=CARTESIAN_POINT('',(205.,22.2103302729806,4.));
#2293=CARTESIAN_POINT('Origin',(201.,22.2103302729806,4.));
#2294=CARTESIAN_POINT('',(205.,95.8845890050711,4.));
#2295=CARTESIAN_POINT('Origin',(37.,105.,6.));
#2296=CARTESIAN_POINT('',(35.,138.2,6.));
#2297=CARTESIAN_POINT('',(35.,140.,6.));
#2298=CARTESIAN_POINT('',(37.,138.2,4.));
#2299=CARTESIAN_POINT('Origin',(37.,138.2,6.));
#2300=CARTESIAN_POINT('',(37.,136.674504498317,4.));
#2301=CARTESIAN_POINT('',(37.,105.,4.));
#2302=CARTESIAN_POINT('Ctrl Pts',(37.,136.674504498317,4.));
#2303=CARTESIAN_POINT('Ctrl Pts',(36.9984676496762,136.66814425718,4.));
#2304=CARTESIAN_POINT('Ctrl Pts',(36.9969437279064,136.661781989352,4.00000176103268));
#2305=CARTESIAN_POINT('Ctrl Pts',(36.9334683075412,136.395214774187,4.00014685814418));
#2306=CARTESIAN_POINT('Ctrl Pts',(36.8856948191181,136.131802711655,4.0030037436412));
#2307=CARTESIAN_POINT('Ctrl Pts',(36.8195456589358,135.590058453306,4.00787125008601));
#2308=CARTESIAN_POINT('Ctrl Pts',(36.8025,135.313120421104,4.00977545236725));
#2309=CARTESIAN_POINT('Ctrl Pts',(36.8025,134.756879578896,4.00977545236725));
#2310=CARTESIAN_POINT('Ctrl Pts',(36.8195456589358,134.479941546694,4.00787125008601));
#2311=CARTESIAN_POINT('Ctrl Pts',(36.8856948191181,133.938197288345,4.0030037436412));
#2312=CARTESIAN_POINT('Ctrl Pts',(36.9334683075412,133.674785225813,4.00014685814418));
#2313=CARTESIAN_POINT('Ctrl Pts',(36.9969437279064,133.408218010648,4.00000176103268));
#2314=CARTESIAN_POINT('Ctrl Pts',(36.9984676496762,133.40185574282,4.));
#2315=CARTESIAN_POINT('Ctrl Pts',(37.,133.395495501684,4.));
#2316=CARTESIAN_POINT('Origin',(35.,140.,4.));
#2317=CARTESIAN_POINT('',(35.,138.2,8.6));
#2318=CARTESIAN_POINT('',(35.,140.,8.6));
#2319=CARTESIAN_POINT('',(35.,138.2,4.));
#2320=CARTESIAN_POINT('Origin',(125.,70.,8.6));
#2321=CARTESIAN_POINT('',(215.,138.2,8.6));
#2322=CARTESIAN_POINT('',(215.,2.22044604925031E-14,8.6));
#2323=CARTESIAN_POINT('',(213.,140.2,8.6));
#2324=CARTESIAN_POINT('Origin',(213.,138.2,8.6));
#2325=CARTESIAN_POINT('',(37.,140.2,8.6));
#2326=CARTESIAN_POINT('',(215.,140.2,8.6));
#2327=CARTESIAN_POINT('Origin',(37.,138.2,8.6));
#2328=CARTESIAN_POINT('',(80.,2.80000000000002,8.6));
#2329=CARTESIAN_POINT('',(135.537728282698,71.6049246818923,8.6));
#2330=CARTESIAN_POINT('',(199.806594467311,119.394594408912,8.6));
#2331=CARTESIAN_POINT('',(203.,121.769178010142,8.6));
#2332=CARTESIAN_POINT('',(203.,117.78966972702,8.6));
#2333=CARTESIAN_POINT('Origin',(201.,117.78966972702,8.6));
#2334=CARTESIAN_POINT('',(203.,22.2103302729806,8.6));
#2335=CARTESIAN_POINT('',(203.,12.,8.6));
#2336=CARTESIAN_POINT('',(199.806594467311,20.6054055910883,8.6));
#2337=CARTESIAN_POINT('Origin',(201.,22.2103302729806,8.6));
#2338=CARTESIAN_POINT('',(135.537728282698,68.3950753181078,8.6));
#2339=CARTESIAN_POINT('',(203.,18.2308219898579,8.6));
#2340=CARTESIAN_POINT('Origin',(136.731133815388,70.,8.6));
#2341=CARTESIAN_POINT('',(38.605,135.035,8.6));
#2342=CARTESIAN_POINT('Origin',(40.205,135.035,8.6));
#2343=CARTESIAN_POINT('',(40.358,6.45900000000001,8.6));
#2344=CARTESIAN_POINT('Origin',(41.958,6.45900000000001,8.6));
#2345=CARTESIAN_POINT('',(126.193405532689,62.8817738960912,8.6));
#2346=CARTESIAN_POINT('',(189.772616544888,15.6049246818923,8.6));
#2347=CARTESIAN_POINT('',(194.620618703295,12.,8.6));
#2348=CARTESIAN_POINT('',(188.579211012199,12.,8.6));
#2349=CARTESIAN_POINT('Origin',(188.579211012199,14.,8.6));
#2350=CARTESIAN_POINT('',(61.4207889878014,12.,8.6));
#2351=CARTESIAN_POINT('',(47.,12.,8.6));
#2352=CARTESIAN_POINT('',(60.2273834551123,15.6049246818923,8.6));
#2353=CARTESIAN_POINT('Origin',(61.4207889878014,14.,8.6));
#2354=CARTESIAN_POINT('',(123.806594467311,62.8817738960913,8.6));
#2355=CARTESIAN_POINT('',(203.,121.769178010142,8.6));
#2356=CARTESIAN_POINT('Origin',(125.,61.276849214199,8.6));
#2357=CARTESIAN_POINT('',(208.172,16.327,8.6));
#2358=CARTESIAN_POINT('Origin',(209.772,16.327,8.6));
#2359=CARTESIAN_POINT('',(189.772616544888,124.395075318108,8.6));
#2360=CARTESIAN_POINT('',(126.193405532689,77.1182261039088,8.6));
#2361=CARTESIAN_POINT('',(47.,18.2308219898579,8.6));
#2362=CARTESIAN_POINT('',(123.806594467311,77.1182261039088,8.6));
#2363=CARTESIAN_POINT('Origin',(125.,78.723150785801,8.6));
#2364=CARTESIAN_POINT('',(60.2273834551123,124.395075318108,8.6));
#2365=CARTESIAN_POINT('',(203.,18.2308219898579,8.6));
#2366=CARTESIAN_POINT('',(61.4207889878014,128.,8.6));
#2367=CARTESIAN_POINT('Origin',(61.4207889878014,126.,8.6));
#2368=CARTESIAN_POINT('',(188.579211012199,128.,8.6));
#2369=CARTESIAN_POINT('',(203.,128.,8.6));
#2370=CARTESIAN_POINT('Origin',(188.579211012199,126.,8.6));
#2371=CARTESIAN_POINT('',(114.462271717302,68.3950753181078,8.6));
#2372=CARTESIAN_POINT('',(50.1934055326891,20.6054055910883,8.6));
#2373=CARTESIAN_POINT('',(47.,18.2308219898579,8.6));
#2374=CARTESIAN_POINT('',(47.,22.2103302729806,8.6));
#2375=CARTESIAN_POINT('Origin',(49.,22.2103302729806,8.6));
#2376=CARTESIAN_POINT('',(47.,117.78966972702,8.6));
#2377=CARTESIAN_POINT('',(47.,128.,8.6));
#2378=CARTESIAN_POINT('',(50.1934055326891,119.394594408912,8.6));
#2379=CARTESIAN_POINT('Origin',(49.,117.78966972702,8.6));
#2380=CARTESIAN_POINT('',(114.462271717302,71.6049246818923,8.6));
#2381=CARTESIAN_POINT('',(194.620618703295,12.,8.6));
#2382=CARTESIAN_POINT('Origin',(113.268866184612,70.,8.6));
#2383=CARTESIAN_POINT('',(207.289,134.135,8.6));
#2384=CARTESIAN_POINT('Origin',(208.889,134.135,8.6));
#2385=CARTESIAN_POINT('',(77.75,134.,8.6));
#2386=CARTESIAN_POINT('Origin',(80.,134.,8.6));
#2387=CARTESIAN_POINT('',(167.75,134.,8.6));
#2388=CARTESIAN_POINT('Origin',(170.,134.,8.6));
#2389=CARTESIAN_POINT('',(167.749999329448,6.00000000000002,8.6));
#2390=CARTESIAN_POINT('Origin',(169.999999329448,6.00000000000002,8.6));
#2391=CARTESIAN_POINT('Origin',(35.,2.80000000000002,4.));
#2392=CARTESIAN_POINT('Origin',(215.,2.22044604925031E-14,4.));
#2393=CARTESIAN_POINT('',(215.,138.2,6.));
#2394=CARTESIAN_POINT('',(215.,2.22044604925031E-14,6.));
#2395=CARTESIAN_POINT('',(215.,138.2,8.));
#2396=CARTESIAN_POINT('Origin',(213.,35.,6.));
#2397=CARTESIAN_POINT('',(213.186,16.327,4.00866778261386));
#2398=CARTESIAN_POINT('Ctrl Pts',(213.,14.7332572353105,4.));
#2399=CARTESIAN_POINT('Ctrl Pts',(213.00151314748,14.7397399445783,4.));
#2400=CARTESIAN_POINT('Ctrl Pts',(213.003017538606,14.7462246930576,4.00000171716692));
#2401=CARTESIAN_POINT('Ctrl Pts',(213.061028443716,14.9978294352441,4.00013262355248));
#2402=CARTESIAN_POINT('Ctrl Pts',(213.10495455947,15.2456788793864,4.00252277559381));
#2403=CARTESIAN_POINT('Ctrl Pts',(213.168995498663,15.7716733370976,4.00686806892021));
#2404=CARTESIAN_POINT('Ctrl Pts',(213.186,16.0487560024184,4.00866778261386));
#2405=CARTESIAN_POINT('Ctrl Pts',(213.186,16.327,4.00866778261386));
#2406=CARTESIAN_POINT('Ctrl Pts',(213.186,16.327,4.00866778261386));
#2407=CARTESIAN_POINT('Ctrl Pts',(213.186,16.6052439975817,4.00866778261386));
#2408=CARTESIAN_POINT('Ctrl Pts',(213.168995498663,16.8823266629025,4.00686806892021));
#2409=CARTESIAN_POINT('Ctrl Pts',(213.10495455947,17.4083211206136,4.00252277559381));
#2410=CARTESIAN_POINT('Ctrl Pts',(213.061028443716,17.6561705647559,4.00013262355248));
#2411=CARTESIAN_POINT('Ctrl Pts',(213.003017538606,17.9077753069424,4.00000171716692));
#2412=CARTESIAN_POINT('Ctrl Pts',(213.00151314748,17.9142600554218,4.));
#2413=CARTESIAN_POINT('Ctrl Pts',(213.,17.9207427646895,4.));
#2414=CARTESIAN_POINT('Origin',(213.,138.2,6.));
#2415=CARTESIAN_POINT('Origin',(213.,138.2,4.));
#2416=CARTESIAN_POINT('',(213.,140.2,6.));
#2417=CARTESIAN_POINT('Origin',(213.,138.2,6.));
#2418=CARTESIAN_POINT('',(213.,140.2,4.));
#2419=CARTESIAN_POINT('Origin',(170.,138.2,6.));
#2420=CARTESIAN_POINT('',(38.4895481644768,138.2,4.));
#2421=CARTESIAN_POINT('Ctrl Pts',(41.9204518355232,138.2,4.));
#2422=CARTESIAN_POINT('Ctrl Pts',(41.9142884705687,138.201562890721,4.));
#2423=CARTESIAN_POINT('Ctrl Pts',(41.9081231018619,138.203117866684,4.00000183193605));
#2424=CARTESIAN_POINT('Ctrl Pts',(41.6167991548345,138.276194562089,4.00017228045368));
#2425=CARTESIAN_POINT('Ctrl Pts',(41.3275116248512,138.330688766353,4.00394975912919));
#2426=CARTESIAN_POINT('Ctrl Pts',(40.7595490004647,138.400384725752,4.00977445960313));
#2427=CARTESIAN_POINT('Ctrl Pts',(40.4828841190374,138.4175,4.01186173770535));
#2428=CARTESIAN_POINT('Ctrl Pts',(39.9271158809626,138.4175,4.01186173770535));
#2429=CARTESIAN_POINT('Ctrl Pts',(39.6504509995353,138.400384725752,4.00977445960313));
#2430=CARTESIAN_POINT('Ctrl Pts',(39.0824883751478,138.330688766353,4.00394975912918));
#2431=CARTESIAN_POINT('Ctrl Pts',(38.79320084516,138.276194562088,4.00017228045368));
#2432=CARTESIAN_POINT('Ctrl Pts',(38.5018768981384,138.203117866684,4.00000183193605));
#2433=CARTESIAN_POINT('Ctrl Pts',(38.4957115294309,138.20156289072,4.));
#2434=CARTESIAN_POINT('Ctrl Pts',(38.4895481644768,138.2,4.));
#2435=CARTESIAN_POINT('',(170.,138.2,4.));
#2436=CARTESIAN_POINT('',(37.,140.2,6.));
#2437=CARTESIAN_POINT('Origin',(37.,138.2,6.));
#2438=CARTESIAN_POINT('',(170.,140.2,6.));
#2439=CARTESIAN_POINT('Origin',(213.,138.2,6.));
#2440=CARTESIAN_POINT('Origin',(213.,138.2,6.));
#2441=CARTESIAN_POINT('Origin',(37.,138.2,4.));
#2442=CARTESIAN_POINT('',(37.,140.2,8.));
#2443=CARTESIAN_POINT('Origin',(37.,138.2,6.));
#2444=CARTESIAN_POINT('Origin',(37.,138.2,6.));
#2445=CARTESIAN_POINT('Origin',(215.,140.2,4.));
#2446=CARTESIAN_POINT('Origin',(40.205,135.035,6.));
#2447=CARTESIAN_POINT('',(38.605,135.035,6.));
#2448=CARTESIAN_POINT('',(41.805,135.035,6.));
#2449=CARTESIAN_POINT('Origin',(40.205,135.035,6.));
#2450=CARTESIAN_POINT('Origin',(43.805,135.035,6.));
#2451=CARTESIAN_POINT('Origin',(40.205,135.035,4.));
#2452=CARTESIAN_POINT('Origin',(40.205,135.035,6.));
#2453=CARTESIAN_POINT('Origin',(125.,70.,4.));
#2454=CARTESIAN_POINT('Origin',(201.,117.78966972702,6.));
#2455=CARTESIAN_POINT('',(199.806594467311,119.394594408912,6.));
#2456=CARTESIAN_POINT('Origin',(198.613188934622,120.999519090804,6.));
#2457=CARTESIAN_POINT('',(203.,117.78966972702,6.));
#2458=CARTESIAN_POINT('Origin',(205.,117.78966972702,6.));
#2459=CARTESIAN_POINT('Origin',(201.,117.78966972702,6.));
#2460=CARTESIAN_POINT('Origin',(205.,95.8845890050711,6.));
#2461=CARTESIAN_POINT('',(203.,22.2103302729806,6.));
#2462=CARTESIAN_POINT('Origin',(205.,22.2103302729806,6.));
#2463=CARTESIAN_POINT('',(203.,95.8845890050711,6.));
#2464=CARTESIAN_POINT('Origin',(201.,22.2103302729806,6.));
#2465=CARTESIAN_POINT('',(199.806594467311,20.6054055910883,6.));
#2466=CARTESIAN_POINT('Origin',(198.613188934622,19.000480909196,6.));
#2467=CARTESIAN_POINT('Origin',(201.,22.2103302729806,6.));
#2468=CARTESIAN_POINT('Origin',(164.298351383172,44.516642165402,6.));
#2469=CARTESIAN_POINT('',(135.537728282698,68.3950753181078,6.));
#2470=CARTESIAN_POINT('Origin',(134.344322750009,66.7901506362155,6.));
#2471=CARTESIAN_POINT('',(165.491756915861,46.1215668472943,6.));
#2472=CARTESIAN_POINT('Origin',(136.731133815388,70.,6.));
#2473=CARTESIAN_POINT('',(135.537728282698,71.6049246818923,6.));
#2474=CARTESIAN_POINT('Origin',(134.344322750009,73.2098493637845,6.));
#2475=CARTESIAN_POINT('Origin',(136.731133815388,70.,6.));
#2476=CARTESIAN_POINT('Origin',(129.488042031525,69.598768829527,6.));
#2477=CARTESIAN_POINT('',(130.681447564214,67.9938441476347,6.));
#2478=CARTESIAN_POINT('Origin',(136.731133815388,70.,4.));
#2479=CARTESIAN_POINT('',(135.537728282698,71.6049246818923,4.));
#2480=CARTESIAN_POINT('',(135.537728282698,68.3950753181078,4.));
#2481=CARTESIAN_POINT('Origin',(133.379381296705,70.,4.));
#2482=CARTESIAN_POINT('',(199.806594467311,119.394594408912,4.));
#2483=CARTESIAN_POINT('Origin',(201.,117.78966972702,4.));
#2484=CARTESIAN_POINT('',(203.,117.78966972702,4.));
#2485=CARTESIAN_POINT('Origin',(124.701648616828,66.483357834598,6.));
#2486=CARTESIAN_POINT('',(126.193405532689,62.8817738960912,6.));
#2487=CARTESIAN_POINT('Origin',(127.386811065378,64.4866985779835,6.));
#2488=CARTESIAN_POINT('',(189.772616544888,15.6049246818923,6.));
#2489=CARTESIAN_POINT('Origin',(190.966022077577,17.2098493637846,6.));
#2490=CARTESIAN_POINT('',(123.508243084139,64.8784331527057,6.));
#2491=CARTESIAN_POINT('Origin',(188.579211012199,14.,6.));
#2492=CARTESIAN_POINT('',(188.579211012199,12.,6.));
#2493=CARTESIAN_POINT('Origin',(188.579211012199,10.,6.));
#2494=CARTESIAN_POINT('Origin',(188.579211012199,14.,6.));
#2495=CARTESIAN_POINT('Origin',(159.810309351647,10.,6.));
#2496=CARTESIAN_POINT('',(61.4207889878014,12.,6.));
#2497=CARTESIAN_POINT('Origin',(61.4207889878014,10.,6.));
#2498=CARTESIAN_POINT('',(159.810309351647,12.,6.));
#2499=CARTESIAN_POINT('Origin',(61.4207889878014,14.,6.));
#2500=CARTESIAN_POINT('',(60.2273834551123,15.6049246818923,6.));
#2501=CARTESIAN_POINT('Origin',(59.0339779224232,17.2098493637846,6.));
#2502=CARTESIAN_POINT('Origin',(61.4207889878014,14.,6.));
#2503=CARTESIAN_POINT('Origin',(90.488042031525,40.5987688295269,6.));
#2504=CARTESIAN_POINT('',(123.806594467311,62.8817738960912,6.));
#2505=CARTESIAN_POINT('Origin',(122.613188934622,64.4866985779835,6.));
#2506=CARTESIAN_POINT('',(91.6814475642141,38.9938441476347,6.));
#2507=CARTESIAN_POINT('Origin',(125.,61.276849214199,6.));
#2508=CARTESIAN_POINT('Origin',(125.,61.276849214199,6.));
#2509=CARTESIAN_POINT('Origin',(55.3793812967054,12.,4.));
#2510=CARTESIAN_POINT('',(123.806594467311,62.8817738960912,4.));
#2511=CARTESIAN_POINT('',(60.2273834551123,15.6049246818923,4.));
#2512=CARTESIAN_POINT('Origin',(125.,61.276849214199,4.));
#2513=CARTESIAN_POINT('',(126.193405532689,62.8817738960912,4.));
#2514=CARTESIAN_POINT('Origin',(125.,63.7691780101421,4.));
#2515=CARTESIAN_POINT('',(189.772616544888,15.6049246818923,4.));
#2516=CARTESIAN_POINT('Origin',(120.511957968475,70.4012311704731,6.));
#2517=CARTESIAN_POINT('',(114.462271717302,68.3950753181078,6.));
#2518=CARTESIAN_POINT('Origin',(115.655677249991,66.7901506362155,6.));
#2519=CARTESIAN_POINT('',(50.1934055326891,20.6054055910883,6.));
#2520=CARTESIAN_POINT('Origin',(51.3868110653782,19.000480909196,6.));
#2521=CARTESIAN_POINT('',(119.318552435786,72.0061558523654,6.));
#2522=CARTESIAN_POINT('Origin',(49.,22.2103302729806,6.));
#2523=CARTESIAN_POINT('',(47.,22.2103302729806,6.));
#2524=CARTESIAN_POINT('Origin',(45.,22.2103302729806,6.));
#2525=CARTESIAN_POINT('Origin',(49.,22.2103302729806,6.));
#2526=CARTESIAN_POINT('Origin',(45.,44.115410994929,6.));
#2527=CARTESIAN_POINT('',(47.,117.78966972702,6.));
#2528=CARTESIAN_POINT('Origin',(45.,117.78966972702,6.));
#2529=CARTESIAN_POINT('',(47.,44.115410994929,6.));
#2530=CARTESIAN_POINT('Origin',(49.,117.78966972702,6.));
#2531=CARTESIAN_POINT('',(50.1934055326891,119.394594408912,6.));
#2532=CARTESIAN_POINT('Origin',(51.3868110653783,120.999519090804,6.));
#2533=CARTESIAN_POINT('Origin',(49.,117.78966972702,6.));
#2534=CARTESIAN_POINT('Origin',(85.7016486168278,95.483357834598,6.));
#2535=CARTESIAN_POINT('',(114.462271717302,71.6049246818923,6.));
#2536=CARTESIAN_POINT('Origin',(115.655677249991,73.2098493637846,6.));
#2537=CARTESIAN_POINT('',(84.5082430841386,93.8784331527057,6.));
#2538=CARTESIAN_POINT('Origin',(113.268866184612,70.,6.));
#2539=CARTESIAN_POINT('Origin',(113.268866184612,70.,6.));
#2540=CARTESIAN_POINT('Origin',(47.,121.769178010142,4.));
#2541=CARTESIAN_POINT('',(114.462271717302,71.6049246818923,4.));
#2542=CARTESIAN_POINT('',(50.1934055326891,119.394594408912,4.));
#2543=CARTESIAN_POINT('Origin',(113.268866184612,70.,4.));
#2544=CARTESIAN_POINT('',(114.462271717302,68.3950753181078,4.));
#2545=CARTESIAN_POINT('Origin',(116.620618703295,70.,4.));
#2546=CARTESIAN_POINT('',(50.1934055326891,20.6054055910883,4.));
#2547=CARTESIAN_POINT('Origin',(90.1896906483527,130.,6.));
#2548=CARTESIAN_POINT('',(61.4207889878014,128.,6.));
#2549=CARTESIAN_POINT('Origin',(61.4207889878014,130.,6.));
#2550=CARTESIAN_POINT('',(188.579211012199,128.,6.));
#2551=CARTESIAN_POINT('Origin',(188.579211012199,130.,6.));
#2552=CARTESIAN_POINT('',(90.1896906483527,128.,6.));
#2553=CARTESIAN_POINT('Origin',(188.579211012199,126.,6.));
#2554=CARTESIAN_POINT('',(189.772616544888,124.395075318108,6.));
#2555=CARTESIAN_POINT('Origin',(190.966022077577,122.790150636216,6.));
#2556=CARTESIAN_POINT('Origin',(188.579211012199,126.,6.));
#2557=CARTESIAN_POINT('Origin',(159.511957968475,99.4012311704731,6.));
#2558=CARTESIAN_POINT('',(126.193405532689,77.1182261039088,6.));
#2559=CARTESIAN_POINT('Origin',(127.386811065378,75.5133014220165,6.));
#2560=CARTESIAN_POINT('',(158.318552435786,101.006155852365,6.));
#2561=CARTESIAN_POINT('Origin',(125.,78.723150785801,6.));
#2562=CARTESIAN_POINT('',(123.806594467311,77.1182261039088,6.));
#2563=CARTESIAN_POINT('Origin',(122.613188934622,75.5133014220165,6.));
#2564=CARTESIAN_POINT('Origin',(125.,78.723150785801,6.));
#2565=CARTESIAN_POINT('Origin',(125.298351383172,73.516642165402,6.));
#2566=CARTESIAN_POINT('',(60.2273834551122,124.395075318108,6.));
#2567=CARTESIAN_POINT('Origin',(59.0339779224231,122.790150636215,6.));
#2568=CARTESIAN_POINT('',(126.491756915861,75.1215668472943,6.));
#2569=CARTESIAN_POINT('Origin',(61.4207889878014,126.,6.));
#2570=CARTESIAN_POINT('Origin',(61.4207889878014,126.,6.));
#2571=CARTESIAN_POINT('Origin',(125.,76.2308219898579,4.));
#2572=CARTESIAN_POINT('',(60.2273834551122,124.395075318108,4.));
#2573=CARTESIAN_POINT('',(123.806594467311,77.1182261039088,4.));
#2574=CARTESIAN_POINT('Origin',(61.4207889878014,126.,4.));
#2575=CARTESIAN_POINT('',(61.4207889878014,128.,4.));
#2576=CARTESIAN_POINT('Origin',(55.3793812967054,128.,4.));
#2577=CARTESIAN_POINT('',(188.579211012199,128.,4.));
#2578=CARTESIAN_POINT('Origin',(49.,117.78966972702,4.));
#2579=CARTESIAN_POINT('',(47.,117.78966972702,4.));
#2580=CARTESIAN_POINT('Origin',(188.579211012199,126.,4.));
#2581=CARTESIAN_POINT('',(189.772616544888,124.395075318108,4.));
#2582=CARTESIAN_POINT('Origin',(194.620618703295,128.,4.));
#2583=CARTESIAN_POINT('',(126.193405532689,77.1182261039088,4.));
#2584=CARTESIAN_POINT('Origin',(61.4207889878014,14.,4.));
#2585=CARTESIAN_POINT('',(61.4207889878014,12.,4.));
#2586=CARTESIAN_POINT('Origin',(188.579211012199,14.,4.));
#2587=CARTESIAN_POINT('',(188.579211012199,12.,4.));
#2588=CARTESIAN_POINT('Origin',(194.620618703295,12.,4.));
#2589=CARTESIAN_POINT('Origin',(203.,121.769178010142,4.));
#2590=CARTESIAN_POINT('',(203.,22.2103302729806,4.));
#2591=CARTESIAN_POINT('Origin',(201.,22.2103302729806,4.));
#2592=CARTESIAN_POINT('',(199.806594467311,20.6054055910883,4.));
#2593=CARTESIAN_POINT('Origin',(203.,18.2308219898579,4.));
#2594=CARTESIAN_POINT('Origin',(49.,22.2103302729806,4.));
#2595=CARTESIAN_POINT('',(47.,22.2103302729806,4.));
#2596=CARTESIAN_POINT('Origin',(47.,18.2308219898579,4.));
#2597=CARTESIAN_POINT('Origin',(125.,78.723150785801,4.));
#2598=CARTESIAN_POINT('Origin',(209.772,16.327,6.));
#2599=CARTESIAN_POINT('',(208.172,16.327,6.));
#2600=CARTESIAN_POINT('',(211.372,16.327,6.));
#2601=CARTESIAN_POINT('Origin',(209.772,16.327,6.));
#2602=CARTESIAN_POINT('Origin',(213.372,16.327,6.));
#2603=CARTESIAN_POINT('Origin',(209.772,16.327,6.));
#2604=CARTESIAN_POINT('Origin',(40.205,135.035,4.));
#2605=CARTESIAN_POINT('',(38.605,135.035,4.));
#2606=CARTESIAN_POINT('Origin',(41.958,6.45900000000001,4.));
#2607=CARTESIAN_POINT('',(40.358,6.45900000000001,4.));
#2608=CARTESIAN_POINT('Origin',(209.772,16.327,4.));
#2609=CARTESIAN_POINT('',(208.172,16.327,4.));
#2610=CARTESIAN_POINT('Origin',(208.889,134.135,6.));
#2611=CARTESIAN_POINT('',(207.289,134.135,6.));
#2612=CARTESIAN_POINT('',(210.489,134.135,6.));
#2613=CARTESIAN_POINT('Origin',(208.889,134.135,6.));
#2614=CARTESIAN_POINT('Origin',(212.489,134.135,6.));
#2615=CARTESIAN_POINT('Origin',(208.889,134.135,6.));
#2616=CARTESIAN_POINT('Origin',(208.889,134.135,4.));
#2617=CARTESIAN_POINT('',(207.289,134.135,4.));
#2618=CARTESIAN_POINT('Origin',(169.999999329448,6.00000000000002,4.));
#2619=CARTESIAN_POINT('',(167.749999329448,6.00000000000002,4.));
#2620=CARTESIAN_POINT('Origin',(170.,134.,4.));
#2621=CARTESIAN_POINT('',(167.75,134.,4.));
#2622=CARTESIAN_POINT('Origin',(80.,134.,4.));
#2623=CARTESIAN_POINT('',(77.75,134.,4.));
#2624=UNCERTAINTY_MEASURE_WITH_UNIT(LENGTH_MEASURE(0.01),#2628,
'DISTANCE_ACCURACY_VALUE',
'Maximum model space distance between geometric entities at asserted c
onnectivities');
#2625=UNCERTAINTY_MEASURE_WITH_UNIT(LENGTH_MEASURE(0.01),#2628,
'DISTANCE_ACCURACY_VALUE',
'Maximum model space distance between geometric entities at asserted c
onnectivities');
#2626=(
GEOMETRIC_REPRESENTATION_CONTEXT(3)
GLOBAL_UNCERTAINTY_ASSIGNED_CONTEXT((#2624))
GLOBAL_UNIT_ASSIGNED_CONTEXT((#2628,#2630,#2631))
REPRESENTATION_CONTEXT('','3D')
);
#2627=(
GEOMETRIC_REPRESENTATION_CONTEXT(3)
GLOBAL_UNCERTAINTY_ASSIGNED_CONTEXT((#2625))
GLOBAL_UNIT_ASSIGNED_CONTEXT((#2628,#2630,#2631))
REPRESENTATION_CONTEXT('','3D')
);
#2628=(
LENGTH_UNIT()
NAMED_UNIT(*)
SI_UNIT(.MILLI.,.METRE.)
);
#2629=(
LENGTH_UNIT()
NAMED_UNIT(*)
SI_UNIT($,.METRE.)
);
#2630=(
NAMED_UNIT(*)
PLANE_ANGLE_UNIT()
SI_UNIT($,.RADIAN.)
);
#2631=(
NAMED_UNIT(*)
SI_UNIT($,.STERADIAN.)
SOLID_ANGLE_UNIT()
);
#2632=SHAPE_DEFINITION_REPRESENTATION(#2633,#2634);
#2633=PRODUCT_DEFINITION_SHAPE('',$,#2636);
#2634=SHAPE_REPRESENTATION('',(#1444),#2626);
#2635=PRODUCT_DEFINITION_CONTEXT('part definition',#2640,'design');
#2636=PRODUCT_DEFINITION('2026-09-08-14-42-12-585','FusionComponent',#2637,
#2635);
#2637=PRODUCT_DEFINITION_FORMATION('',$,#2642);
#2638=PRODUCT_RELATED_PRODUCT_CATEGORY('FusionComponent',
'FusionComponent',(#2642));
#2639=APPLICATION_PROTOCOL_DEFINITION('international standard',
'automotive_design',2009,#2640);
#2640=APPLICATION_CONTEXT(
'Core Data for Automotive Mechanical Design Process');
#2641=PRODUCT_CONTEXT('part definition',#2640,'mechanical');
#2642=PRODUCT('2026-09-08-14-42-12-585','FusionComponent',$,(#2641));
#2643=PRESENTATION_STYLE_ASSIGNMENT((#2644));
#2644=SURFACE_STYLE_USAGE(.BOTH.,#2645);
#2645=SURFACE_SIDE_STYLE('',(#2646));
#2646=SURFACE_STYLE_FILL_AREA(#2647);
#2647=FILL_AREA_STYLE('Steel - Satin',(#2648));
#2648=FILL_AREA_STYLE_COLOUR('Steel - Satin',#2649);
#2649=COLOUR_RGB('Steel - Satin',0.627450980392157,0.627450980392157,0.627450980392157);
ENDSEC;
END-ISO-10303-21;
