ISO-10303-21;
HEADER;
/* Generated by software containing ST-Developer
 * from STEP Tools, Inc. (www.steptools.com) 
 */

FILE_DESCRIPTION(
/* description */ (''),
/* implementation_level */ '2;1');

FILE_NAME(
/* name */ '3_tall_faceplate.step',
/* time_stamp */ '2026-09-08T14:48:48-04:00',
/* author */ (''),
/* organization */ (''),
/* preprocessor_version */ 'ST-DEVELOPER v20.1',
/* originating_system */ 'Autodesk Translation Framework v14.24.0.0',
/* authorisation */ '');

FILE_SCHEMA (('AUTOMOTIVE_DESIGN { 1 0 10303 214 3 1 1 }'));
ENDSEC;

DATA;
#10=MECHANICAL_DESIGN_GEOMETRIC_PRESENTATION_REPRESENTATION('',(#13),#6618);
#11=SHAPE_REPRESENTATION_RELATIONSHIP('SRR','None',#6625,#12);
#12=ADVANCED_BREP_SHAPE_REPRESENTATION('',(#14),#6617);
#13=STYLED_ITEM('',(#6634),#14);
#14=MANIFOLD_SOLID_BREP('Body1',#3523);
#15=PLANE('',#3582);
#16=PLANE('',#3585);
#17=PLANE('',#3588);
#18=PLANE('',#3589);
#19=PLANE('',#3592);
#20=PLANE('',#3593);
#21=PLANE('',#3617);
#22=PLANE('',#3620);
#23=PLANE('',#3623);
#24=PLANE('',#3626);
#25=PLANE('',#3669);
#26=PLANE('',#3673);
#27=PLANE('',#3745);
#28=PLANE('',#3746);
#29=PLANE('',#3747);
#30=PLANE('',#3748);
#31=PLANE('',#3749);
#32=PLANE('',#3750);
#33=PLANE('',#3751);
#34=PLANE('',#3752);
#35=PLANE('',#3815);
#36=PLANE('',#3816);
#37=PLANE('',#3817);
#38=PLANE('',#3818);
#39=PLANE('',#3819);
#40=PLANE('',#3820);
#41=PLANE('',#3821);
#42=PLANE('',#3875);
#43=PLANE('',#3878);
#44=PLANE('',#3883);
#45=PLANE('',#3890);
#46=PLANE('',#3957);
#47=PLANE('',#3958);
#48=PLANE('',#3959);
#49=PLANE('',#3960);
#50=PLANE('',#3961);
#51=PLANE('',#3962);
#52=PLANE('',#3963);
#53=PLANE('',#3989);
#54=PLANE('',#3992);
#55=PLANE('',#3995);
#56=PLANE('',#4007);
#57=PLANE('',#4014);
#58=PLANE('',#4024);
#59=PLANE('',#4025);
#60=PLANE('',#4026);
#61=B_SPLINE_CURVE_WITH_KNOTS('',3,(#5378,#5379,#5380,#5381),
 .UNSPECIFIED.,.F.,.F.,(4,4),(0.291589015590122,0.321337003188833),
 .UNSPECIFIED.);
#62=B_SPLINE_CURVE_WITH_KNOTS('',3,(#5385,#5386,#5387,#5388,#5389,#5390,
#5391,#5392,#5393,#5394,#5395,#5396),.UNSPECIFIED.,.F.,.F.,(4,2,2,2,2,4),
(-0.000378257538302685,0.,0.0153671128648685,0.030861426059239,0.0439579350620844,
0.0536521530242278),.UNSPECIFIED.);
#63=B_SPLINE_CURVE_WITH_KNOTS('',3,(#5400,#5401,#5402,#5403,#5404,#5405,
#5406,#5407,#5408,#5409,#5410,#5411),.UNSPECIFIED.,.F.,.F.,(4,2,2,2,2,4),
(0.,0.00949635391146816,0.022325556326908,0.0375036224982559,0.0525570845652476,
0.0529276216696762),.UNSPECIFIED.);
#64=B_SPLINE_CURVE_WITH_KNOTS('',3,(#5415,#5416,#5417,#5418),
 .UNSPECIFIED.,.F.,.F.,(4,4),(0.,0.0297479875987106),.UNSPECIFIED.);
#65=B_SPLINE_CURVE_WITH_KNOTS('',3,(#5431,#5432,#5433,#5434,#5435),
 .UNSPECIFIED.,.F.,.F.,(4,1,4),(0.,0.0210574815300788,0.0421149630601576),
 .UNSPECIFIED.);
#66=B_SPLINE_CURVE_WITH_KNOTS('',3,(#5439,#5440,#5441,#5442,#5443),
 .UNSPECIFIED.,.F.,.F.,(4,1,4),(0.,0.0210574815300761,0.0421149630601522),
 .UNSPECIFIED.);
#67=B_SPLINE_CURVE_WITH_KNOTS('',3,(#5526,#5527,#5528,#5529,#5530),
 .UNSPECIFIED.,.F.,.F.,(4,1,4),(0.,0.0210574815239988,0.0421149630479976),
 .UNSPECIFIED.);
#68=B_SPLINE_CURVE_WITH_KNOTS('',3,(#5534,#5535,#5536,#5537,#5538),
 .UNSPECIFIED.,.F.,.F.,(4,1,4),(0.,0.0210574815420895,0.042114963084179),
 .UNSPECIFIED.);
#69=B_SPLINE_CURVE_WITH_KNOTS('',3,(#5558,#5559,#5560,#5561,#5562),
 .UNSPECIFIED.,.F.,.F.,(4,1,4),(0.,0.0210574815300948,0.0421149630601895),
 .UNSPECIFIED.);
#70=B_SPLINE_CURVE_WITH_KNOTS('',3,(#5566,#5567,#5568,#5569,#5570),
 .UNSPECIFIED.,.F.,.F.,(4,1,4),(0.,0.0210574979286308,0.0421149958572616),
 .UNSPECIFIED.);
#71=B_SPLINE_CURVE_WITH_KNOTS('',3,(#5631,#5632,#5633,#5634,#5635),
 .UNSPECIFIED.,.F.,.F.,(4,1,4),(-0.042114963084179,-0.0210574815420895,
0.),.UNSPECIFIED.);
#72=B_SPLINE_CURVE_WITH_KNOTS('',3,(#5667,#5668,#5669,#5670,#5671),
 .UNSPECIFIED.,.F.,.F.,(4,1,4),(-0.0421149630479976,-0.0210574815239988,
0.),.UNSPECIFIED.);
#73=B_SPLINE_CURVE_WITH_KNOTS('',3,(#5707,#5708,#5709,#5710,#5711),
 .UNSPECIFIED.,.F.,.F.,(4,1,4),(-0.0421149958572616,-0.0210574979286308,
0.),.UNSPECIFIED.);
#74=B_SPLINE_CURVE_WITH_KNOTS('',3,(#5743,#5744,#5745,#5746,#5747),
 .UNSPECIFIED.,.F.,.F.,(4,1,4),(-0.0421149630601895,-0.0210574815300948,
0.),.UNSPECIFIED.);
#75=B_SPLINE_CURVE_WITH_KNOTS('',3,(#6115,#6116,#6117,#6118,#6119,#6120,
#6121,#6122,#6123,#6124),.UNSPECIFIED.,.F.,.F.,(4,2,2,2,4),(-0.000159857127859201,
0.,0.0111668636826245,0.0215538476719871,0.0311531444682348),
 .UNSPECIFIED.);
#76=B_SPLINE_CURVE_WITH_KNOTS('',3,(#6186,#6187,#6188,#6189,#6190),
 .UNSPECIFIED.,.F.,.F.,(4,1,4),(-0.0421149630601522,-0.0210574815300761,
0.),.UNSPECIFIED.);
#77=B_SPLINE_CURVE_WITH_KNOTS('',3,(#6222,#6223,#6224,#6225,#6226),
 .UNSPECIFIED.,.F.,.F.,(4,1,4),(-0.0421149630601576,-0.0210574815300788,
0.),.UNSPECIFIED.);
#78=B_SPLINE_CURVE_WITH_KNOTS('',3,(#6269,#6270,#6271,#6272,#6273),
 .UNSPECIFIED.,.F.,.F.,(4,1,4),(-0.0421149958450959,-0.0210574979225479,
0.),.UNSPECIFIED.);
#79=B_SPLINE_CURVE_WITH_KNOTS('',3,(#6274,#6275,#6276,#6277,#6278),
 .UNSPECIFIED.,.F.,.F.,(4,1,4),(0.,0.0210574979225479,0.0421149958450959),
 .UNSPECIFIED.);
#80=TOROIDAL_SURFACE('',#3574,0.75,0.5);
#81=TOROIDAL_SURFACE('',#3577,0.75,0.5);
#82=TOROIDAL_SURFACE('',#3597,0.5,0.25);
#83=TOROIDAL_SURFACE('',#3606,0.5,0.25);
#84=TOROIDAL_SURFACE('',#3636,0.5,0.25);
#85=TOROIDAL_SURFACE('',#3639,0.5,0.24999999999995);
#86=TOROIDAL_SURFACE('',#3657,0.500000000000069,0.25);
#87=TOROIDAL_SURFACE('',#3663,0.500000000000024,0.250000000000015);
#88=TOROIDAL_SURFACE('',#3692,0.500000000000007,0.25);
#89=TOROIDAL_SURFACE('',#3701,0.500000000000026,0.25);
#90=TOROIDAL_SURFACE('',#3716,0.50000000000002,0.25);
#91=TOROIDAL_SURFACE('',#3723,0.499999999999972,0.249999999999986);
#92=TOROIDAL_SURFACE('',#3728,0.499999999999972,0.25);
#93=TOROIDAL_SURFACE('',#3753,0.500000000000012,0.25);
#94=TOROIDAL_SURFACE('',#3757,0.500000000000007,0.25);
#95=TOROIDAL_SURFACE('',#3766,0.500000000000028,0.25);
#96=TOROIDAL_SURFACE('',#3783,0.499999999999972,0.25);
#97=TOROIDAL_SURFACE('',#3788,0.500000000000033,0.25);
#98=TOROIDAL_SURFACE('',#3822,0.5,0.25);
#99=TOROIDAL_SURFACE('',#3827,0.5,0.25);
#100=TOROIDAL_SURFACE('',#3869,0.5,0.25);
#101=TOROIDAL_SURFACE('',#3895,0.500000000000001,0.25);
#102=TOROIDAL_SURFACE('',#3907,0.500000000000009,0.25);
#103=TOROIDAL_SURFACE('',#3911,0.499999999999989,0.25);
#104=TOROIDAL_SURFACE('',#3925,0.499999999999994,0.25);
#105=TOROIDAL_SURFACE('',#3929,0.499999999999998,0.249999999999999);
#106=TOROIDAL_SURFACE('',#3937,0.500000000000006,0.25);
#107=TOROIDAL_SURFACE('',#3967,0.5,0.25);
#108=TOROIDAL_SURFACE('',#3972,0.5,0.25);
#109=TOROIDAL_SURFACE('',#3978,0.5,0.25);
#110=TOROIDAL_SURFACE('',#3983,0.5,0.25);
#111=SPHERICAL_SURFACE('',#3547,0.500000000000007);
#112=SPHERICAL_SURFACE('',#3554,0.5);
#113=SPHERICAL_SURFACE('',#3561,0.499999999999994);
#114=SPHERICAL_SURFACE('',#3567,0.499999999999998);
#115=SPHERICAL_SURFACE('',#3611,0.25);
#116=SPHERICAL_SURFACE('',#3613,0.25);
#117=SPHERICAL_SURFACE('',#3629,0.249999999999999);
#118=SPHERICAL_SURFACE('',#3632,0.249999999999986);
#119=SPHERICAL_SURFACE('',#3680,0.250000000000013);
#120=SPHERICAL_SURFACE('',#3684,0.249999999999986);
#121=SPHERICAL_SURFACE('',#3688,0.25000000000001);
#122=SPHERICAL_SURFACE('',#3697,0.25000000000002);
#123=SPHERICAL_SURFACE('',#3708,0.249999999999986);
#124=SPHERICAL_SURFACE('',#3712,0.250000000000011);
#125=SPHERICAL_SURFACE('',#3761,0.249999999999986);
#126=SPHERICAL_SURFACE('',#3772,0.250000000000024);
#127=SPHERICAL_SURFACE('',#3777,0.250000000000011);
#128=SPHERICAL_SURFACE('',#3793,0.250000000000012);
#129=SPHERICAL_SURFACE('',#3798,0.250000000000012);
#130=SPHERICAL_SURFACE('',#3804,0.249999999999986);
#131=SPHERICAL_SURFACE('',#3835,0.249999999999999);
#132=SPHERICAL_SURFACE('',#3839,0.249999999999999);
#133=SPHERICAL_SURFACE('',#3844,0.25);
#134=SPHERICAL_SURFACE('',#3848,0.25);
#135=SPHERICAL_SURFACE('',#3891,0.250000000000002);
#136=SPHERICAL_SURFACE('',#3899,0.249999999999999);
#137=SPHERICAL_SURFACE('',#3903,0.250000000000001);
#138=SPHERICAL_SURFACE('',#3917,0.250000000000002);
#139=SPHERICAL_SURFACE('',#3921,0.249999999999999);
#140=SPHERICAL_SURFACE('',#3933,0.250000000000001);
#141=SPHERICAL_SURFACE('',#3996,0.25);
#142=SPHERICAL_SURFACE('',#4003,0.25);
#143=SPHERICAL_SURFACE('',#4010,0.25);
#144=SPHERICAL_SURFACE('',#4015,0.25);
#145=SPHERICAL_SURFACE('',#4020,0.25);
#146=LINE('',#5273,#376);
#147=LINE('',#5276,#377);
#148=LINE('',#5279,#378);
#149=LINE('',#5282,#379);
#150=LINE('',#5322,#380);
#151=LINE('',#5323,#381);
#152=LINE('',#5326,#382);
#153=LINE('',#5328,#383);
#154=LINE('',#5338,#384);
#155=LINE('',#5339,#385);
#156=LINE('',#5344,#386);
#157=LINE('',#5345,#387);
#158=LINE('',#5354,#388);
#159=LINE('',#5355,#389);
#160=LINE('',#5357,#390);
#161=LINE('',#5358,#391);
#162=LINE('',#5367,#392);
#163=LINE('',#5368,#393);
#164=LINE('',#5370,#394);
#165=LINE('',#5371,#395);
#166=LINE('',#5373,#396);
#167=LINE('',#5374,#397);
#168=LINE('',#5421,#398);
#169=LINE('',#5424,#399);
#170=LINE('',#5427,#400);
#171=LINE('',#5429,#401);
#172=LINE('',#5437,#402);
#173=LINE('',#5445,#403);
#174=LINE('',#5446,#404);
#175=LINE('',#5449,#405);
#176=LINE('',#5453,#406);
#177=LINE('',#5454,#407);
#178=LINE('',#5456,#408);
#179=LINE('',#5460,#409);
#180=LINE('',#5462,#410);
#181=LINE('',#5464,#411);
#182=LINE('',#5467,#412);
#183=LINE('',#5469,#413);
#184=LINE('',#5472,#414);
#185=LINE('',#5476,#415);
#186=LINE('',#5484,#416);
#187=LINE('',#5491,#417);
#188=LINE('',#5496,#418);
#189=LINE('',#5500,#419);
#190=LINE('',#5509,#420);
#191=LINE('',#5516,#421);
#192=LINE('',#5519,#422);
#193=LINE('',#5522,#423);
#194=LINE('',#5524,#424);
#195=LINE('',#5532,#425);
#196=LINE('',#5539,#426);
#197=LINE('',#5542,#427);
#198=LINE('',#5546,#428);
#199=LINE('',#5547,#429);
#200=LINE('',#5550,#430);
#201=LINE('',#5554,#431);
#202=LINE('',#5556,#432);
#203=LINE('',#5564,#433);
#204=LINE('',#5571,#434);
#205=LINE('',#5574,#435);
#206=LINE('',#5580,#436);
#207=LINE('',#5591,#437);
#208=LINE('',#5603,#438);
#209=LINE('',#5639,#439);
#210=LINE('',#5673,#440);
#211=LINE('',#5675,#441);
#212=LINE('',#5679,#442);
#213=LINE('',#5715,#443);
#214=LINE('',#5749,#444);
#215=LINE('',#5774,#445);
#216=LINE('',#5778,#446);
#217=LINE('',#5781,#447);
#218=LINE('',#5784,#448);
#219=LINE('',#5788,#449);
#220=LINE('',#5792,#450);
#221=LINE('',#5797,#451);
#222=LINE('',#5801,#452);
#223=LINE('',#5804,#453);
#224=LINE('',#5852,#454);
#225=LINE('',#5853,#455);
#226=LINE('',#5855,#456);
#227=LINE('',#5856,#457);
#228=LINE('',#5880,#458);
#229=LINE('',#5881,#459);
#230=LINE('',#5883,#460);
#231=LINE('',#5884,#461);
#232=LINE('',#5892,#462);
#233=LINE('',#5900,#463);
#234=LINE('',#5902,#464);
#235=LINE('',#5903,#465);
#236=LINE('',#5905,#466);
#237=LINE('',#5907,#467);
#238=LINE('',#5908,#468);
#239=LINE('',#5910,#469);
#240=LINE('',#5911,#470);
#241=LINE('',#5913,#471);
#242=LINE('',#5914,#472);
#243=LINE('',#5916,#473);
#244=LINE('',#5917,#474);
#245=LINE('',#5919,#475);
#246=LINE('',#5920,#476);
#247=LINE('',#5922,#477);
#248=LINE('',#5923,#478);
#249=LINE('',#5925,#479);
#250=LINE('',#5926,#480);
#251=LINE('',#5928,#481);
#252=LINE('',#5929,#482);
#253=LINE('',#5931,#483);
#254=LINE('',#5932,#484);
#255=LINE('',#5934,#485);
#256=LINE('',#5935,#486);
#257=LINE('',#5964,#487);
#258=LINE('',#5965,#488);
#259=LINE('',#5973,#489);
#260=LINE('',#5975,#490);
#261=LINE('',#5984,#491);
#262=LINE('',#5985,#492);
#263=LINE('',#5994,#493);
#264=LINE('',#5995,#494);
#265=LINE('',#5997,#495);
#266=LINE('',#5998,#496);
#267=LINE('',#6006,#497);
#268=LINE('',#6014,#498);
#269=LINE('',#6023,#499);
#270=LINE('',#6024,#500);
#271=LINE('',#6033,#501);
#272=LINE('',#6034,#502);
#273=LINE('',#6036,#503);
#274=LINE('',#6037,#504);
#275=LINE('',#6046,#505);
#276=LINE('',#6047,#506);
#277=LINE('',#6049,#507);
#278=LINE('',#6050,#508);
#279=LINE('',#6052,#509);
#280=LINE('',#6053,#510);
#281=LINE('',#6055,#511);
#282=LINE('',#6056,#512);
#283=LINE('',#6058,#513);
#284=LINE('',#6060,#514);
#285=LINE('',#6061,#515);
#286=LINE('',#6063,#516);
#287=LINE('',#6078,#517);
#288=LINE('',#6084,#518);
#289=LINE('',#6087,#519);
#290=LINE('',#6090,#520);
#291=LINE('',#6139,#521);
#292=LINE('',#6140,#522);
#293=LINE('',#6146,#523);
#294=LINE('',#6154,#524);
#295=LINE('',#6158,#525);
#296=LINE('',#6194,#526);
#297=LINE('',#6228,#527);
#298=LINE('',#6230,#528);
#299=LINE('',#6231,#529);
#300=LINE('',#6237,#530);
#301=LINE('',#6240,#531);
#302=LINE('',#6280,#532);
#303=LINE('',#6281,#533);
#304=LINE('',#6305,#534);
#305=LINE('',#6318,#535);
#306=LINE('',#6322,#536);
#307=LINE('',#6325,#537);
#308=LINE('',#6330,#538);
#309=LINE('',#6334,#539);
#310=LINE('',#6338,#540);
#311=LINE('',#6342,#541);
#312=LINE('',#6346,#542);
#313=LINE('',#6349,#543);
#314=LINE('',#6353,#544);
#315=LINE('',#6357,#545);
#316=LINE('',#6361,#546);
#317=LINE('',#6404,#547);
#318=LINE('',#6406,#548);
#319=LINE('',#6407,#549);
#320=LINE('',#6448,#550);
#321=LINE('',#6450,#551);
#322=LINE('',#6451,#552);
#323=LINE('',#6453,#553);
#324=LINE('',#6455,#554);
#325=LINE('',#6456,#555);
#326=LINE('',#6458,#556);
#327=LINE('',#6459,#557);
#328=LINE('',#6461,#558);
#329=LINE('',#6463,#559);
#330=LINE('',#6464,#560);
#331=LINE('',#6466,#561);
#332=LINE('',#6467,#562);
#333=LINE('',#6469,#563);
#334=LINE('',#6471,#564);
#335=LINE('',#6472,#565);
#336=LINE('',#6474,#566);
#337=LINE('',#6475,#567);
#338=LINE('',#6477,#568);
#339=LINE('',#6478,#569);
#340=LINE('',#6480,#570);
#341=LINE('',#6482,#571);
#342=LINE('',#6483,#572);
#343=LINE('',#6485,#573);
#344=LINE('',#6486,#574);
#345=LINE('',#6488,#575);
#346=LINE('',#6489,#576);
#347=LINE('',#6501,#577);
#348=LINE('',#6510,#578);
#349=LINE('',#6516,#579);
#350=LINE('',#6520,#580);
#351=LINE('',#6528,#581);
#352=LINE('',#6534,#582);
#353=LINE('',#6537,#583);
#354=LINE('',#6540,#584);
#355=LINE('',#6543,#585);
#356=LINE('',#6544,#586);
#357=LINE('',#6547,#587);
#358=LINE('',#6551,#588);
#359=LINE('',#6552,#589);
#360=LINE('',#6555,#590);
#361=LINE('',#6559,#591);
#362=LINE('',#6560,#592);
#363=LINE('',#6568,#593);
#364=LINE('',#6571,#594);
#365=LINE('',#6574,#595);
#366=LINE('',#6580,#596);
#367=LINE('',#6581,#597);
#368=LINE('',#6585,#598);
#369=LINE('',#6588,#599);
#370=LINE('',#6594,#600);
#371=LINE('',#6595,#601);
#372=LINE('',#6604,#602);
#373=LINE('',#6608,#603);
#374=LINE('',#6610,#604);
#375=LINE('',#6611,#605);
#376=VECTOR('',#4037,10.);
#377=VECTOR('',#4040,10.);
#378=VECTOR('',#4043,10.);
#379=VECTOR('',#4046,10.);
#380=VECTOR('',#4063,10.);
#381=VECTOR('',#4064,10.);
#382=VECTOR('',#4067,10.);
#383=VECTOR('',#4068,10.);
#384=VECTOR('',#4081,10.);
#385=VECTOR('',#4082,10.);
#386=VECTOR('',#4087,10.);
#387=VECTOR('',#4088,10.);
#388=VECTOR('',#4099,10.);
#389=VECTOR('',#4100,10.);
#390=VECTOR('',#4103,10.);
#391=VECTOR('',#4104,10.);
#392=VECTOR('',#4115,10.);
#393=VECTOR('',#4116,10.);
#394=VECTOR('',#4119,10.);
#395=VECTOR('',#4120,10.);
#396=VECTOR('',#4123,10.);
#397=VECTOR('',#4124,10.);
#398=VECTOR('',#4139,10.);
#399=VECTOR('',#4142,10.);
#400=VECTOR('',#4145,10.);
#401=VECTOR('',#4146,10.);
#402=VECTOR('',#4147,10.);
#403=VECTOR('',#4148,10.);
#404=VECTOR('',#4149,10.);
#405=VECTOR('',#4152,10.);
#406=VECTOR('',#4157,10.);
#407=VECTOR('',#4158,10.);
#408=VECTOR('',#4159,10.);
#409=VECTOR('',#4162,10.);
#410=VECTOR('',#4163,10.);
#411=VECTOR('',#4164,10.);
#412=VECTOR('',#4167,10.);
#413=VECTOR('',#4170,10.);
#414=VECTOR('',#4173,10.);
#415=VECTOR('',#4176,10.);
#416=VECTOR('',#4187,10.);
#417=VECTOR('',#4198,10.);
#418=VECTOR('',#4203,10.);
#419=VECTOR('',#4208,10.);
#420=VECTOR('',#4221,10.);
#421=VECTOR('',#4232,10.);
#422=VECTOR('',#4235,10.);
#423=VECTOR('',#4238,10.);
#424=VECTOR('',#4239,10.);
#425=VECTOR('',#4240,10.);
#426=VECTOR('',#4241,10.);
#427=VECTOR('',#4244,10.);
#428=VECTOR('',#4249,10.);
#429=VECTOR('',#4250,10.);
#430=VECTOR('',#4253,10.);
#431=VECTOR('',#4258,10.);
#432=VECTOR('',#4259,10.);
#433=VECTOR('',#4260,10.);
#434=VECTOR('',#4261,10.);
#435=VECTOR('',#4264,10.);
#436=VECTOR('',#4271,10.);
#437=VECTOR('',#4288,10.);
#438=VECTOR('',#4305,10.);
#439=VECTOR('',#4312,10.);
#440=VECTOR('',#4317,10.);
#441=VECTOR('',#4320,10.);
#442=VECTOR('',#4325,10.);
#443=VECTOR('',#4332,10.);
#444=VECTOR('',#4337,10.);
#445=VECTOR('',#4366,10.);
#446=VECTOR('',#4369,10.);
#447=VECTOR('',#4372,10.);
#448=VECTOR('',#4375,10.);
#449=VECTOR('',#4378,10.);
#450=VECTOR('',#4381,10.);
#451=VECTOR('',#4386,10.);
#452=VECTOR('',#4389,10.);
#453=VECTOR('',#4392,10.);
#454=VECTOR('',#4447,10.);
#455=VECTOR('',#4448,10.);
#456=VECTOR('',#4451,10.);
#457=VECTOR('',#4452,10.);
#458=VECTOR('',#4481,10.);
#459=VECTOR('',#4482,10.);
#460=VECTOR('',#4485,10.);
#461=VECTOR('',#4486,10.);
#462=VECTOR('',#4497,10.);
#463=VECTOR('',#4508,10.);
#464=VECTOR('',#4511,10.);
#465=VECTOR('',#4512,10.);
#466=VECTOR('',#4515,10.);
#467=VECTOR('',#4518,10.);
#468=VECTOR('',#4519,10.);
#469=VECTOR('',#4522,10.);
#470=VECTOR('',#4523,10.);
#471=VECTOR('',#4526,10.);
#472=VECTOR('',#4527,10.);
#473=VECTOR('',#4530,10.);
#474=VECTOR('',#4531,10.);
#475=VECTOR('',#4534,10.);
#476=VECTOR('',#4535,10.);
#477=VECTOR('',#4538,10.);
#478=VECTOR('',#4539,10.);
#479=VECTOR('',#4542,10.);
#480=VECTOR('',#4543,10.);
#481=VECTOR('',#4546,10.);
#482=VECTOR('',#4547,10.);
#483=VECTOR('',#4550,10.);
#484=VECTOR('',#4551,10.);
#485=VECTOR('',#4554,10.);
#486=VECTOR('',#4555,10.);
#487=VECTOR('',#4598,10.);
#488=VECTOR('',#4599,10.);
#489=VECTOR('',#4610,10.);
#490=VECTOR('',#4613,10.);
#491=VECTOR('',#4624,10.);
#492=VECTOR('',#4625,10.);
#493=VECTOR('',#4636,10.);
#494=VECTOR('',#4637,10.);
#495=VECTOR('',#4640,10.);
#496=VECTOR('',#4641,10.);
#497=VECTOR('',#4652,10.);
#498=VECTOR('',#4663,10.);
#499=VECTOR('',#4674,10.);
#500=VECTOR('',#4675,10.);
#501=VECTOR('',#4686,10.);
#502=VECTOR('',#4687,10.);
#503=VECTOR('',#4690,10.);
#504=VECTOR('',#4691,10.);
#505=VECTOR('',#4702,10.);
#506=VECTOR('',#4703,10.);
#507=VECTOR('',#4706,10.);
#508=VECTOR('',#4707,10.);
#509=VECTOR('',#4710,10.);
#510=VECTOR('',#4711,10.);
#511=VECTOR('',#4714,10.);
#512=VECTOR('',#4715,10.);
#513=VECTOR('',#4718,10.);
#514=VECTOR('',#4721,10.);
#515=VECTOR('',#4722,10.);
#516=VECTOR('',#4725,10.);
#517=VECTOR('',#4750,10.);
#518=VECTOR('',#4759,10.);
#519=VECTOR('',#4762,10.);
#520=VECTOR('',#4765,10.);
#521=VECTOR('',#4788,10.);
#522=VECTOR('',#4789,10.);
#523=VECTOR('',#4798,10.);
#524=VECTOR('',#4809,10.);
#525=VECTOR('',#4814,10.);
#526=VECTOR('',#4821,10.);
#527=VECTOR('',#4826,10.);
#528=VECTOR('',#4829,10.);
#529=VECTOR('',#4830,10.);
#530=VECTOR('',#4835,10.);
#531=VECTOR('',#4838,10.);
#532=VECTOR('',#4843,10.);
#533=VECTOR('',#4844,10.);
#534=VECTOR('',#4851,10.);
#535=VECTOR('',#4866,10.);
#536=VECTOR('',#4869,10.);
#537=VECTOR('',#4872,10.);
#538=VECTOR('',#4877,10.);
#539=VECTOR('',#4880,10.);
#540=VECTOR('',#4883,10.);
#541=VECTOR('',#4888,10.);
#542=VECTOR('',#4891,10.);
#543=VECTOR('',#4894,10.);
#544=VECTOR('',#4897,10.);
#545=VECTOR('',#4900,10.);
#546=VECTOR('',#4903,10.);
#547=VECTOR('',#4958,10.);
#548=VECTOR('',#4961,10.);
#549=VECTOR('',#4962,10.);
#550=VECTOR('',#5013,10.);
#551=VECTOR('',#5016,10.);
#552=VECTOR('',#5017,10.);
#553=VECTOR('',#5020,10.);
#554=VECTOR('',#5023,10.);
#555=VECTOR('',#5024,10.);
#556=VECTOR('',#5027,10.);
#557=VECTOR('',#5028,10.);
#558=VECTOR('',#5031,10.);
#559=VECTOR('',#5034,10.);
#560=VECTOR('',#5035,10.);
#561=VECTOR('',#5038,10.);
#562=VECTOR('',#5039,10.);
#563=VECTOR('',#5042,10.);
#564=VECTOR('',#5045,10.);
#565=VECTOR('',#5046,10.);
#566=VECTOR('',#5049,10.);
#567=VECTOR('',#5050,10.);
#568=VECTOR('',#5053,10.);
#569=VECTOR('',#5054,10.);
#570=VECTOR('',#5057,10.);
#571=VECTOR('',#5060,10.);
#572=VECTOR('',#5061,10.);
#573=VECTOR('',#5064,10.);
#574=VECTOR('',#5065,10.);
#575=VECTOR('',#5068,10.);
#576=VECTOR('',#5069,10.);
#577=VECTOR('',#5088,10.);
#578=VECTOR('',#5101,10.);
#579=VECTOR('',#5110,10.);
#580=VECTOR('',#5115,10.);
#581=VECTOR('',#5126,10.);
#582=VECTOR('',#5135,10.);
#583=VECTOR('',#5138,10.);
#584=VECTOR('',#5141,10.);
#585=VECTOR('',#5144,10.);
#586=VECTOR('',#5145,10.);
#587=VECTOR('',#5148,10.);
#588=VECTOR('',#5153,10.);
#589=VECTOR('',#5154,10.);
#590=VECTOR('',#5157,10.);
#591=VECTOR('',#5162,10.);
#592=VECTOR('',#5163,10.);
#593=VECTOR('',#5174,10.);
#594=VECTOR('',#5177,10.);
#595=VECTOR('',#5180,10.);
#596=VECTOR('',#5189,10.);
#597=VECTOR('',#5190,10.);
#598=VECTOR('',#5195,10.);
#599=VECTOR('',#5198,10.);
#600=VECTOR('',#5207,10.);
#601=VECTOR('',#5208,10.);
#602=VECTOR('',#5221,10.);
#603=VECTOR('',#5228,10.);
#604=VECTOR('',#5231,10.);
#605=VECTOR('',#5232,10.);
#606=CYLINDRICAL_SURFACE('',#3540,0.5);
#607=CYLINDRICAL_SURFACE('',#3542,0.5);
#608=CYLINDRICAL_SURFACE('',#3551,0.5);
#609=CYLINDRICAL_SURFACE('',#3552,0.5);
#610=CYLINDRICAL_SURFACE('',#3558,0.5);
#611=CYLINDRICAL_SURFACE('',#3559,0.5);
#612=CYLINDRICAL_SURFACE('',#3565,0.5);
#613=CYLINDRICAL_SURFACE('',#3566,0.5);
#614=CYLINDRICAL_SURFACE('',#3571,0.5);
#615=CYLINDRICAL_SURFACE('',#3572,0.5);
#616=CYLINDRICAL_SURFACE('',#3573,0.5);
#617=CYLINDRICAL_SURFACE('',#3580,0.25);
#618=CYLINDRICAL_SURFACE('',#3583,0.25);
#619=CYLINDRICAL_SURFACE('',#3594,0.25);
#620=CYLINDRICAL_SURFACE('',#3600,0.25);
#621=CYLINDRICAL_SURFACE('',#3601,0.25);
#622=CYLINDRICAL_SURFACE('',#3604,0.25);
#623=CYLINDRICAL_SURFACE('',#3609,0.25);
#624=CYLINDRICAL_SURFACE('',#3615,0.25);
#625=CYLINDRICAL_SURFACE('',#3618,0.25);
#626=CYLINDRICAL_SURFACE('',#3621,0.25);
#627=CYLINDRICAL_SURFACE('',#3624,0.25);
#628=CYLINDRICAL_SURFACE('',#3635,0.25);
#629=CYLINDRICAL_SURFACE('',#3642,0.25);
#630=CYLINDRICAL_SURFACE('',#3645,0.25);
#631=CYLINDRICAL_SURFACE('',#3648,0.25);
#632=CYLINDRICAL_SURFACE('',#3649,0.25);
#633=CYLINDRICAL_SURFACE('',#3650,0.25);
#634=CYLINDRICAL_SURFACE('',#3653,0.25);
#635=CYLINDRICAL_SURFACE('',#3656,0.25);
#636=CYLINDRICAL_SURFACE('',#3706,0.25);
#637=CYLINDRICAL_SURFACE('',#3707,0.25);
#638=CYLINDRICAL_SURFACE('',#3721,0.25);
#639=CYLINDRICAL_SURFACE('',#3722,0.25);
#640=CYLINDRICAL_SURFACE('',#3727,0.25);
#641=CYLINDRICAL_SURFACE('',#3732,0.25);
#642=CYLINDRICAL_SURFACE('',#3733,0.25);
#643=CYLINDRICAL_SURFACE('',#3734,0.25);
#644=CYLINDRICAL_SURFACE('',#3735,0.25);
#645=CYLINDRICAL_SURFACE('',#3736,0.25);
#646=CYLINDRICAL_SURFACE('',#3737,0.25);
#647=CYLINDRICAL_SURFACE('',#3738,0.25);
#648=CYLINDRICAL_SURFACE('',#3739,0.25);
#649=CYLINDRICAL_SURFACE('',#3740,0.25);
#650=CYLINDRICAL_SURFACE('',#3741,0.25);
#651=CYLINDRICAL_SURFACE('',#3742,0.25);
#652=CYLINDRICAL_SURFACE('',#3743,0.25);
#653=CYLINDRICAL_SURFACE('',#3744,0.25);
#654=CYLINDRICAL_SURFACE('',#3765,0.25);
#655=CYLINDRICAL_SURFACE('',#3770,0.25);
#656=CYLINDRICAL_SURFACE('',#3771,0.25);
#657=CYLINDRICAL_SURFACE('',#3776,0.25);
#658=CYLINDRICAL_SURFACE('',#3781,0.25);
#659=CYLINDRICAL_SURFACE('',#3782,0.25);
#660=CYLINDRICAL_SURFACE('',#3787,0.25);
#661=CYLINDRICAL_SURFACE('',#3792,0.25);
#662=CYLINDRICAL_SURFACE('',#3797,0.25);
#663=CYLINDRICAL_SURFACE('',#3802,0.25);
#664=CYLINDRICAL_SURFACE('',#3803,0.25);
#665=CYLINDRICAL_SURFACE('',#3808,0.25);
#666=CYLINDRICAL_SURFACE('',#3809,0.25);
#667=CYLINDRICAL_SURFACE('',#3810,0.25);
#668=CYLINDRICAL_SURFACE('',#3811,0.25);
#669=CYLINDRICAL_SURFACE('',#3812,0.25);
#670=CYLINDRICAL_SURFACE('',#3813,0.25);
#671=CYLINDRICAL_SURFACE('',#3814,0.25);
#672=CYLINDRICAL_SURFACE('',#3825,0.25);
#673=CYLINDRICAL_SURFACE('',#3830,0.25);
#674=CYLINDRICAL_SURFACE('',#3831,0.25);
#675=CYLINDRICAL_SURFACE('',#3843,0.25);
#676=CYLINDRICAL_SURFACE('',#3847,0.25);
#677=CYLINDRICAL_SURFACE('',#3852,0.25);
#678=CYLINDRICAL_SURFACE('',#3853,0.25);
#679=CYLINDRICAL_SURFACE('',#3856,0.25);
#680=CYLINDRICAL_SURFACE('',#3859,0.25);
#681=CYLINDRICAL_SURFACE('',#3860,0.25);
#682=CYLINDRICAL_SURFACE('',#3861,0.25);
#683=CYLINDRICAL_SURFACE('',#3865,0.25);
#684=CYLINDRICAL_SURFACE('',#3868,0.25);
#685=CYLINDRICAL_SURFACE('',#3915,0.25);
#686=CYLINDRICAL_SURFACE('',#3916,0.25);
#687=CYLINDRICAL_SURFACE('',#3941,0.25);
#688=CYLINDRICAL_SURFACE('',#3942,0.25);
#689=CYLINDRICAL_SURFACE('',#3943,0.25);
#690=CYLINDRICAL_SURFACE('',#3944,0.25);
#691=CYLINDRICAL_SURFACE('',#3945,0.25);
#692=CYLINDRICAL_SURFACE('',#3946,0.25);
#693=CYLINDRICAL_SURFACE('',#3947,0.25);
#694=CYLINDRICAL_SURFACE('',#3948,0.25);
#695=CYLINDRICAL_SURFACE('',#3949,0.25);
#696=CYLINDRICAL_SURFACE('',#3950,0.25);
#697=CYLINDRICAL_SURFACE('',#3951,0.25);
#698=CYLINDRICAL_SURFACE('',#3952,0.25);
#699=CYLINDRICAL_SURFACE('',#3953,0.25);
#700=CYLINDRICAL_SURFACE('',#3954,0.25);
#701=CYLINDRICAL_SURFACE('',#3955,0.25);
#702=CYLINDRICAL_SURFACE('',#3956,0.25);
#703=CYLINDRICAL_SURFACE('',#3964,0.25);
#704=CYLINDRICAL_SURFACE('',#3970,0.25);
#705=CYLINDRICAL_SURFACE('',#3975,0.25);
#706=CYLINDRICAL_SURFACE('',#3976,0.25);
#707=CYLINDRICAL_SURFACE('',#3981,0.25);
#708=CYLINDRICAL_SURFACE('',#3986,0.25);
#709=CYLINDRICAL_SURFACE('',#3987,0.25);
#710=CYLINDRICAL_SURFACE('',#3990,0.25);
#711=CYLINDRICAL_SURFACE('',#3993,0.25);
#712=CYLINDRICAL_SURFACE('',#3999,0.25);
#713=CYLINDRICAL_SURFACE('',#4001,0.25);
#714=CYLINDRICAL_SURFACE('',#4006,0.25);
#715=CYLINDRICAL_SURFACE('',#4008,0.25);
#716=CYLINDRICAL_SURFACE('',#4013,0.25);
#717=CYLINDRICAL_SURFACE('',#4018,0.25);
#718=CYLINDRICAL_SURFACE('',#4022,0.25);
#719=CYLINDRICAL_SURFACE('',#4023,0.25);
#720=FACE_OUTER_BOUND('',#957,.T.);
#721=FACE_OUTER_BOUND('',#958,.T.);
#722=FACE_OUTER_BOUND('',#959,.T.);
#723=FACE_OUTER_BOUND('',#960,.T.);
#724=FACE_OUTER_BOUND('',#961,.T.);
#725=FACE_OUTER_BOUND('',#962,.T.);
#726=FACE_OUTER_BOUND('',#963,.T.);
#727=FACE_OUTER_BOUND('',#964,.T.);
#728=FACE_OUTER_BOUND('',#965,.T.);
#729=FACE_OUTER_BOUND('',#966,.T.);
#730=FACE_OUTER_BOUND('',#967,.T.);
#731=FACE_OUTER_BOUND('',#968,.T.);
#732=FACE_OUTER_BOUND('',#969,.T.);
#733=FACE_OUTER_BOUND('',#970,.T.);
#734=FACE_OUTER_BOUND('',#971,.T.);
#735=FACE_OUTER_BOUND('',#972,.T.);
#736=FACE_OUTER_BOUND('',#973,.T.);
#737=FACE_OUTER_BOUND('',#974,.T.);
#738=FACE_OUTER_BOUND('',#975,.T.);
#739=FACE_OUTER_BOUND('',#976,.T.);
#740=FACE_OUTER_BOUND('',#977,.T.);
#741=FACE_OUTER_BOUND('',#978,.T.);
#742=FACE_OUTER_BOUND('',#979,.T.);
#743=FACE_OUTER_BOUND('',#980,.T.);
#744=FACE_OUTER_BOUND('',#981,.T.);
#745=FACE_OUTER_BOUND('',#982,.T.);
#746=FACE_OUTER_BOUND('',#983,.T.);
#747=FACE_OUTER_BOUND('',#984,.T.);
#748=FACE_OUTER_BOUND('',#985,.T.);
#749=FACE_OUTER_BOUND('',#986,.T.);
#750=FACE_OUTER_BOUND('',#987,.T.);
#751=FACE_OUTER_BOUND('',#988,.T.);
#752=FACE_OUTER_BOUND('',#989,.T.);
#753=FACE_OUTER_BOUND('',#990,.T.);
#754=FACE_OUTER_BOUND('',#991,.T.);
#755=FACE_OUTER_BOUND('',#992,.T.);
#756=FACE_OUTER_BOUND('',#993,.T.);
#757=FACE_OUTER_BOUND('',#994,.T.);
#758=FACE_OUTER_BOUND('',#995,.T.);
#759=FACE_OUTER_BOUND('',#996,.T.);
#760=FACE_OUTER_BOUND('',#997,.T.);
#761=FACE_OUTER_BOUND('',#998,.T.);
#762=FACE_OUTER_BOUND('',#999,.T.);
#763=FACE_OUTER_BOUND('',#1000,.T.);
#764=FACE_OUTER_BOUND('',#1001,.T.);
#765=FACE_OUTER_BOUND('',#1002,.T.);
#766=FACE_OUTER_BOUND('',#1003,.T.);
#767=FACE_OUTER_BOUND('',#1004,.T.);
#768=FACE_OUTER_BOUND('',#1005,.T.);
#769=FACE_OUTER_BOUND('',#1006,.T.);
#770=FACE_OUTER_BOUND('',#1007,.T.);
#771=FACE_OUTER_BOUND('',#1008,.T.);
#772=FACE_OUTER_BOUND('',#1009,.T.);
#773=FACE_OUTER_BOUND('',#1010,.T.);
#774=FACE_OUTER_BOUND('',#1011,.T.);
#775=FACE_OUTER_BOUND('',#1012,.T.);
#776=FACE_OUTER_BOUND('',#1013,.T.);
#777=FACE_OUTER_BOUND('',#1014,.T.);
#778=FACE_OUTER_BOUND('',#1015,.T.);
#779=FACE_OUTER_BOUND('',#1016,.T.);
#780=FACE_OUTER_BOUND('',#1017,.T.);
#781=FACE_OUTER_BOUND('',#1018,.T.);
#782=FACE_OUTER_BOUND('',#1019,.T.);
#783=FACE_OUTER_BOUND('',#1020,.T.);
#784=FACE_OUTER_BOUND('',#1021,.T.);
#785=FACE_OUTER_BOUND('',#1022,.T.);
#786=FACE_OUTER_BOUND('',#1023,.T.);
#787=FACE_OUTER_BOUND('',#1024,.T.);
#788=FACE_OUTER_BOUND('',#1025,.T.);
#789=FACE_OUTER_BOUND('',#1026,.T.);
#790=FACE_OUTER_BOUND('',#1027,.T.);
#791=FACE_OUTER_BOUND('',#1028,.T.);
#792=FACE_OUTER_BOUND('',#1029,.T.);
#793=FACE_OUTER_BOUND('',#1030,.T.);
#794=FACE_OUTER_BOUND('',#1031,.T.);
#795=FACE_OUTER_BOUND('',#1032,.T.);
#796=FACE_OUTER_BOUND('',#1033,.T.);
#797=FACE_OUTER_BOUND('',#1034,.T.);
#798=FACE_OUTER_BOUND('',#1035,.T.);
#799=FACE_OUTER_BOUND('',#1036,.T.);
#800=FACE_OUTER_BOUND('',#1037,.T.);
#801=FACE_OUTER_BOUND('',#1038,.T.);
#802=FACE_OUTER_BOUND('',#1039,.T.);
#803=FACE_OUTER_BOUND('',#1040,.T.);
#804=FACE_OUTER_BOUND('',#1041,.T.);
#805=FACE_OUTER_BOUND('',#1042,.T.);
#806=FACE_OUTER_BOUND('',#1043,.T.);
#807=FACE_OUTER_BOUND('',#1044,.T.);
#808=FACE_OUTER_BOUND('',#1045,.T.);
#809=FACE_OUTER_BOUND('',#1046,.T.);
#810=FACE_OUTER_BOUND('',#1047,.T.);
#811=FACE_OUTER_BOUND('',#1048,.T.);
#812=FACE_OUTER_BOUND('',#1049,.T.);
#813=FACE_OUTER_BOUND('',#1050,.T.);
#814=FACE_OUTER_BOUND('',#1051,.T.);
#815=FACE_OUTER_BOUND('',#1052,.T.);
#816=FACE_OUTER_BOUND('',#1053,.T.);
#817=FACE_OUTER_BOUND('',#1054,.T.);
#818=FACE_OUTER_BOUND('',#1055,.T.);
#819=FACE_OUTER_BOUND('',#1056,.T.);
#820=FACE_OUTER_BOUND('',#1057,.T.);
#821=FACE_OUTER_BOUND('',#1058,.T.);
#822=FACE_OUTER_BOUND('',#1059,.T.);
#823=FACE_OUTER_BOUND('',#1060,.T.);
#824=FACE_OUTER_BOUND('',#1061,.T.);
#825=FACE_OUTER_BOUND('',#1062,.T.);
#826=FACE_OUTER_BOUND('',#1063,.T.);
#827=FACE_OUTER_BOUND('',#1064,.T.);
#828=FACE_OUTER_BOUND('',#1065,.T.);
#829=FACE_OUTER_BOUND('',#1066,.T.);
#830=FACE_OUTER_BOUND('',#1067,.T.);
#831=FACE_OUTER_BOUND('',#1068,.T.);
#832=FACE_OUTER_BOUND('',#1069,.T.);
#833=FACE_OUTER_BOUND('',#1070,.T.);
#834=FACE_OUTER_BOUND('',#1071,.T.);
#835=FACE_OUTER_BOUND('',#1072,.T.);
#836=FACE_OUTER_BOUND('',#1073,.T.);
#837=FACE_OUTER_BOUND('',#1074,.T.);
#838=FACE_OUTER_BOUND('',#1075,.T.);
#839=FACE_OUTER_BOUND('',#1076,.T.);
#840=FACE_OUTER_BOUND('',#1077,.T.);
#841=FACE_OUTER_BOUND('',#1078,.T.);
#842=FACE_OUTER_BOUND('',#1079,.T.);
#843=FACE_OUTER_BOUND('',#1080,.T.);
#844=FACE_OUTER_BOUND('',#1081,.T.);
#845=FACE_OUTER_BOUND('',#1082,.T.);
#846=FACE_OUTER_BOUND('',#1083,.T.);
#847=FACE_OUTER_BOUND('',#1084,.T.);
#848=FACE_OUTER_BOUND('',#1085,.T.);
#849=FACE_OUTER_BOUND('',#1086,.T.);
#850=FACE_OUTER_BOUND('',#1087,.T.);
#851=FACE_OUTER_BOUND('',#1088,.T.);
#852=FACE_OUTER_BOUND('',#1089,.T.);
#853=FACE_OUTER_BOUND('',#1090,.T.);
#854=FACE_OUTER_BOUND('',#1091,.T.);
#855=FACE_OUTER_BOUND('',#1092,.T.);
#856=FACE_OUTER_BOUND('',#1093,.T.);
#857=FACE_OUTER_BOUND('',#1094,.T.);
#858=FACE_OUTER_BOUND('',#1095,.T.);
#859=FACE_OUTER_BOUND('',#1096,.T.);
#860=FACE_OUTER_BOUND('',#1097,.T.);
#861=FACE_OUTER_BOUND('',#1098,.T.);
#862=FACE_OUTER_BOUND('',#1099,.T.);
#863=FACE_OUTER_BOUND('',#1100,.T.);
#864=FACE_OUTER_BOUND('',#1101,.T.);
#865=FACE_OUTER_BOUND('',#1102,.T.);
#866=FACE_OUTER_BOUND('',#1103,.T.);
#867=FACE_OUTER_BOUND('',#1104,.T.);
#868=FACE_OUTER_BOUND('',#1105,.T.);
#869=FACE_OUTER_BOUND('',#1106,.T.);
#870=FACE_OUTER_BOUND('',#1107,.T.);
#871=FACE_OUTER_BOUND('',#1108,.T.);
#872=FACE_OUTER_BOUND('',#1109,.T.);
#873=FACE_OUTER_BOUND('',#1110,.T.);
#874=FACE_OUTER_BOUND('',#1111,.T.);
#875=FACE_OUTER_BOUND('',#1112,.T.);
#876=FACE_OUTER_BOUND('',#1113,.T.);
#877=FACE_OUTER_BOUND('',#1114,.T.);
#878=FACE_OUTER_BOUND('',#1115,.T.);
#879=FACE_OUTER_BOUND('',#1116,.T.);
#880=FACE_OUTER_BOUND('',#1117,.T.);
#881=FACE_OUTER_BOUND('',#1118,.T.);
#882=FACE_OUTER_BOUND('',#1119,.T.);
#883=FACE_OUTER_BOUND('',#1120,.T.);
#884=FACE_OUTER_BOUND('',#1121,.T.);
#885=FACE_OUTER_BOUND('',#1122,.T.);
#886=FACE_OUTER_BOUND('',#1123,.T.);
#887=FACE_OUTER_BOUND('',#1124,.T.);
#888=FACE_OUTER_BOUND('',#1125,.T.);
#889=FACE_OUTER_BOUND('',#1126,.T.);
#890=FACE_OUTER_BOUND('',#1127,.T.);
#891=FACE_OUTER_BOUND('',#1128,.T.);
#892=FACE_OUTER_BOUND('',#1129,.T.);
#893=FACE_OUTER_BOUND('',#1130,.T.);
#894=FACE_OUTER_BOUND('',#1131,.T.);
#895=FACE_OUTER_BOUND('',#1132,.T.);
#896=FACE_OUTER_BOUND('',#1133,.T.);
#897=FACE_OUTER_BOUND('',#1134,.T.);
#898=FACE_OUTER_BOUND('',#1135,.T.);
#899=FACE_OUTER_BOUND('',#1136,.T.);
#900=FACE_OUTER_BOUND('',#1137,.T.);
#901=FACE_OUTER_BOUND('',#1138,.T.);
#902=FACE_OUTER_BOUND('',#1139,.T.);
#903=FACE_OUTER_BOUND('',#1140,.T.);
#904=FACE_OUTER_BOUND('',#1141,.T.);
#905=FACE_OUTER_BOUND('',#1142,.T.);
#906=FACE_OUTER_BOUND('',#1143,.T.);
#907=FACE_OUTER_BOUND('',#1144,.T.);
#908=FACE_OUTER_BOUND('',#1145,.T.);
#909=FACE_OUTER_BOUND('',#1146,.T.);
#910=FACE_OUTER_BOUND('',#1147,.T.);
#911=FACE_OUTER_BOUND('',#1148,.T.);
#912=FACE_OUTER_BOUND('',#1149,.T.);
#913=FACE_OUTER_BOUND('',#1150,.T.);
#914=FACE_OUTER_BOUND('',#1151,.T.);
#915=FACE_OUTER_BOUND('',#1152,.T.);
#916=FACE_OUTER_BOUND('',#1153,.T.);
#917=FACE_OUTER_BOUND('',#1154,.T.);
#918=FACE_OUTER_BOUND('',#1155,.T.);
#919=FACE_OUTER_BOUND('',#1156,.T.);
#920=FACE_OUTER_BOUND('',#1157,.T.);
#921=FACE_OUTER_BOUND('',#1158,.T.);
#922=FACE_OUTER_BOUND('',#1159,.T.);
#923=FACE_OUTER_BOUND('',#1160,.T.);
#924=FACE_OUTER_BOUND('',#1161,.T.);
#925=FACE_OUTER_BOUND('',#1162,.T.);
#926=FACE_OUTER_BOUND('',#1163,.T.);
#927=FACE_OUTER_BOUND('',#1164,.T.);
#928=FACE_OUTER_BOUND('',#1165,.T.);
#929=FACE_OUTER_BOUND('',#1166,.T.);
#930=FACE_OUTER_BOUND('',#1167,.T.);
#931=FACE_OUTER_BOUND('',#1168,.T.);
#932=FACE_OUTER_BOUND('',#1169,.T.);
#933=FACE_OUTER_BOUND('',#1170,.T.);
#934=FACE_OUTER_BOUND('',#1171,.T.);
#935=FACE_OUTER_BOUND('',#1172,.T.);
#936=FACE_OUTER_BOUND('',#1173,.T.);
#937=FACE_OUTER_BOUND('',#1174,.T.);
#938=FACE_OUTER_BOUND('',#1175,.T.);
#939=FACE_OUTER_BOUND('',#1176,.T.);
#940=FACE_OUTER_BOUND('',#1177,.T.);
#941=FACE_OUTER_BOUND('',#1178,.T.);
#942=FACE_OUTER_BOUND('',#1179,.T.);
#943=FACE_OUTER_BOUND('',#1180,.T.);
#944=FACE_OUTER_BOUND('',#1181,.T.);
#945=FACE_OUTER_BOUND('',#1182,.T.);
#946=FACE_OUTER_BOUND('',#1183,.T.);
#947=FACE_OUTER_BOUND('',#1184,.T.);
#948=FACE_OUTER_BOUND('',#1185,.T.);
#949=FACE_OUTER_BOUND('',#1186,.T.);
#950=FACE_OUTER_BOUND('',#1187,.T.);
#951=FACE_OUTER_BOUND('',#1188,.T.);
#952=FACE_OUTER_BOUND('',#1189,.T.);
#953=FACE_OUTER_BOUND('',#1190,.T.);
#954=FACE_OUTER_BOUND('',#1191,.T.);
#955=FACE_OUTER_BOUND('',#1192,.T.);
#956=FACE_OUTER_BOUND('',#1193,.T.);
#957=EDGE_LOOP('',(#2249,#2250,#2251));
#958=EDGE_LOOP('',(#2252,#2253,#2254,#2255));
#959=EDGE_LOOP('',(#2256,#2257,#2258,#2259));
#960=EDGE_LOOP('',(#2260,#2261,#2262));
#961=EDGE_LOOP('',(#2263,#2264,#2265));
#962=EDGE_LOOP('',(#2266,#2267,#2268,#2269));
#963=EDGE_LOOP('',(#2270,#2271,#2272,#2273));
#964=EDGE_LOOP('',(#2274,#2275,#2276));
#965=EDGE_LOOP('',(#2277,#2278,#2279,#2280));
#966=EDGE_LOOP('',(#2281,#2282,#2283,#2284));
#967=EDGE_LOOP('',(#2285,#2286,#2287));
#968=EDGE_LOOP('',(#2288,#2289,#2290,#2291));
#969=EDGE_LOOP('',(#2292,#2293,#2294,#2295));
#970=EDGE_LOOP('',(#2296,#2297,#2298));
#971=EDGE_LOOP('',(#2299,#2300,#2301,#2302));
#972=EDGE_LOOP('',(#2303,#2304,#2305,#2306));
#973=EDGE_LOOP('',(#2307,#2308,#2309,#2310));
#974=EDGE_LOOP('',(#2311,#2312,#2313,#2314,#2315));
#975=EDGE_LOOP('',(#2316,#2317,#2318,#2319,#2320));
#976=EDGE_LOOP('',(#2321,#2322,#2323,#2324));
#977=EDGE_LOOP('',(#2325,#2326,#2327,#2328,#2329,#2330,#2331,#2332,#2333));
#978=EDGE_LOOP('',(#2334,#2335,#2336,#2337));
#979=EDGE_LOOP('',(#2338,#2339,#2340,#2341,#2342,#2343,#2344,#2345,#2346,
#2347,#2348,#2349,#2350,#2351,#2352,#2353));
#980=EDGE_LOOP('',(#2354,#2355,#2356,#2357));
#981=EDGE_LOOP('',(#2358,#2359,#2360,#2361,#2362,#2363,#2364,#2365,#2366,
#2367));
#982=EDGE_LOOP('',(#2368,#2369,#2370,#2371));
#983=EDGE_LOOP('',(#2372,#2373,#2374,#2375));
#984=EDGE_LOOP('',(#2376,#2377,#2378,#2379));
#985=EDGE_LOOP('',(#2380,#2381,#2382,#2383));
#986=EDGE_LOOP('',(#2384,#2385,#2386,#2387));
#987=EDGE_LOOP('',(#2388,#2389,#2390,#2391));
#988=EDGE_LOOP('',(#2392,#2393,#2394,#2395));
#989=EDGE_LOOP('',(#2396,#2397,#2398,#2399));
#990=EDGE_LOOP('',(#2400,#2401,#2402,#2403));
#991=EDGE_LOOP('',(#2404,#2405,#2406));
#992=EDGE_LOOP('',(#2407,#2408,#2409));
#993=EDGE_LOOP('',(#2410,#2411,#2412,#2413));
#994=EDGE_LOOP('',(#2414,#2415,#2416,#2417,#2418,#2419,#2420,#2421));
#995=EDGE_LOOP('',(#2422,#2423,#2424,#2425));
#996=EDGE_LOOP('',(#2426,#2427,#2428,#2429));
#997=EDGE_LOOP('',(#2430,#2431,#2432,#2433));
#998=EDGE_LOOP('',(#2434,#2435,#2436,#2437,#2438,#2439,#2440,#2441));
#999=EDGE_LOOP('',(#2442,#2443,#2444,#2445));
#1000=EDGE_LOOP('',(#2446,#2447,#2448,#2449,#2450,#2451,#2452,#2453,#2454,
#2455));
#1001=EDGE_LOOP('',(#2456,#2457,#2458));
#1002=EDGE_LOOP('',(#2459,#2460,#2461));
#1003=EDGE_LOOP('',(#2462,#2463,#2464,#2465));
#1004=EDGE_LOOP('',(#2466,#2467,#2468,#2469));
#1005=EDGE_LOOP('',(#2470,#2471,#2472,#2473));
#1006=EDGE_LOOP('',(#2474,#2475,#2476,#2477));
#1007=EDGE_LOOP('',(#2478,#2479,#2480,#2481));
#1008=EDGE_LOOP('',(#2482,#2483,#2484,#2485));
#1009=EDGE_LOOP('',(#2486,#2487,#2488,#2489));
#1010=EDGE_LOOP('',(#2490,#2491,#2492,#2493));
#1011=EDGE_LOOP('',(#2494,#2495,#2496,#2497));
#1012=EDGE_LOOP('',(#2498,#2499,#2500,#2501));
#1013=EDGE_LOOP('',(#2502,#2503,#2504,#2505));
#1014=EDGE_LOOP('',(#2506,#2507,#2508,#2509));
#1015=EDGE_LOOP('',(#2510,#2511,#2512,#2513));
#1016=EDGE_LOOP('',(#2514,#2515,#2516,#2517));
#1017=EDGE_LOOP('',(#2518,#2519,#2520,#2521,#2522,#2523));
#1018=EDGE_LOOP('',(#2524,#2525,#2526,#2527,#2528,#2529));
#1019=EDGE_LOOP('',(#2530,#2531,#2532,#2533,#2534,#2535,#2536,#2537,#2538,
#2539));
#1020=EDGE_LOOP('',(#2540,#2541,#2542,#2543,#2544,#2545,#2546,#2547,#2548,
#2549,#2550,#2551,#2552,#2553,#2554,#2555));
#1021=EDGE_LOOP('',(#2556,#2557,#2558));
#1022=EDGE_LOOP('',(#2559,#2560,#2561));
#1023=EDGE_LOOP('',(#2562,#2563,#2564));
#1024=EDGE_LOOP('',(#2565,#2566,#2567,#2568));
#1025=EDGE_LOOP('',(#2569,#2570,#2571));
#1026=EDGE_LOOP('',(#2572,#2573,#2574,#2575));
#1027=EDGE_LOOP('',(#2576,#2577,#2578,#2579));
#1028=EDGE_LOOP('',(#2580,#2581,#2582,#2583));
#1029=EDGE_LOOP('',(#2584,#2585,#2586));
#1030=EDGE_LOOP('',(#2587,#2588,#2589));
#1031=EDGE_LOOP('',(#2590,#2591,#2592,#2593,#2594,#2595));
#1032=EDGE_LOOP('',(#2596,#2597,#2598,#2599));
#1033=EDGE_LOOP('',(#2600,#2601,#2602,#2603));
#1034=EDGE_LOOP('',(#2604,#2605,#2606,#2607));
#1035=EDGE_LOOP('',(#2608,#2609,#2610,#2611));
#1036=EDGE_LOOP('',(#2612,#2613,#2614,#2615));
#1037=EDGE_LOOP('',(#2616,#2617,#2618,#2619));
#1038=EDGE_LOOP('',(#2620,#2621,#2622,#2623));
#1039=EDGE_LOOP('',(#2624,#2625,#2626,#2627));
#1040=EDGE_LOOP('',(#2628,#2629,#2630,#2631));
#1041=EDGE_LOOP('',(#2632,#2633,#2634,#2635));
#1042=EDGE_LOOP('',(#2636,#2637,#2638,#2639));
#1043=EDGE_LOOP('',(#2640,#2641,#2642,#2643));
#1044=EDGE_LOOP('',(#2644,#2645,#2646,#2647));
#1045=EDGE_LOOP('',(#2648,#2649,#2650,#2651));
#1046=EDGE_LOOP('',(#2652,#2653,#2654,#2655));
#1047=EDGE_LOOP('',(#2656,#2657,#2658,#2659));
#1048=EDGE_LOOP('',(#2660,#2661,#2662,#2663));
#1049=EDGE_LOOP('',(#2664,#2665,#2666,#2667));
#1050=EDGE_LOOP('',(#2668,#2669,#2670,#2671));
#1051=EDGE_LOOP('',(#2672,#2673,#2674,#2675));
#1052=EDGE_LOOP('',(#2676,#2677,#2678,#2679));
#1053=EDGE_LOOP('',(#2680,#2681,#2682,#2683));
#1054=EDGE_LOOP('',(#2684,#2685,#2686,#2687,#2688,#2689,#2690,#2691,#2692,
#2693));
#1055=EDGE_LOOP('',(#2694,#2695,#2696,#2697));
#1056=EDGE_LOOP('',(#2698,#2699,#2700,#2701,#2702,#2703));
#1057=EDGE_LOOP('',(#2704,#2705,#2706,#2707));
#1058=EDGE_LOOP('',(#2708,#2709,#2710,#2711));
#1059=EDGE_LOOP('',(#2712,#2713,#2714,#2715));
#1060=EDGE_LOOP('',(#2716,#2717,#2718));
#1061=EDGE_LOOP('',(#2719,#2720,#2721,#2722));
#1062=EDGE_LOOP('',(#2723,#2724,#2725,#2726,#2727,#2728));
#1063=EDGE_LOOP('',(#2729,#2730,#2731,#2732));
#1064=EDGE_LOOP('',(#2733,#2734,#2735,#2736));
#1065=EDGE_LOOP('',(#2737,#2738,#2739));
#1066=EDGE_LOOP('',(#2740,#2741,#2742,#2743));
#1067=EDGE_LOOP('',(#2744,#2745,#2746));
#1068=EDGE_LOOP('',(#2747,#2748,#2749,#2750));
#1069=EDGE_LOOP('',(#2751,#2752,#2753,#2754));
#1070=EDGE_LOOP('',(#2755,#2756,#2757,#2758));
#1071=EDGE_LOOP('',(#2759,#2760,#2761,#2762));
#1072=EDGE_LOOP('',(#2763,#2764,#2765,#2766));
#1073=EDGE_LOOP('',(#2767,#2768,#2769,#2770));
#1074=EDGE_LOOP('',(#2771,#2772,#2773));
#1075=EDGE_LOOP('',(#2774,#2775,#2776,#2777));
#1076=EDGE_LOOP('',(#2778,#2779,#2780));
#1077=EDGE_LOOP('',(#2781,#2782,#2783,#2784));
#1078=EDGE_LOOP('',(#2785,#2786,#2787,#2788));
#1079=EDGE_LOOP('',(#2789,#2790,#2791));
#1080=EDGE_LOOP('',(#2792,#2793,#2794,#2795));
#1081=EDGE_LOOP('',(#2796,#2797,#2798,#2799));
#1082=EDGE_LOOP('',(#2800,#2801,#2802,#2803));
#1083=EDGE_LOOP('',(#2804,#2805,#2806,#2807));
#1084=EDGE_LOOP('',(#2808,#2809,#2810,#2811));
#1085=EDGE_LOOP('',(#2812,#2813,#2814,#2815));
#1086=EDGE_LOOP('',(#2816,#2817,#2818,#2819));
#1087=EDGE_LOOP('',(#2820,#2821,#2822,#2823));
#1088=EDGE_LOOP('',(#2824,#2825,#2826,#2827));
#1089=EDGE_LOOP('',(#2828,#2829,#2830,#2831));
#1090=EDGE_LOOP('',(#2832,#2833,#2834,#2835));
#1091=EDGE_LOOP('',(#2836,#2837,#2838,#2839,#2840,#2841));
#1092=EDGE_LOOP('',(#2842,#2843,#2844,#2845));
#1093=EDGE_LOOP('',(#2846,#2847,#2848,#2849));
#1094=EDGE_LOOP('',(#2850,#2851,#2852,#2853));
#1095=EDGE_LOOP('',(#2854,#2855,#2856,#2857));
#1096=EDGE_LOOP('',(#2858,#2859,#2860,#2861));
#1097=EDGE_LOOP('',(#2862,#2863,#2864,#2865));
#1098=EDGE_LOOP('',(#2866,#2867,#2868,#2869));
#1099=EDGE_LOOP('',(#2870,#2871,#2872,#2873));
#1100=EDGE_LOOP('',(#2874,#2875,#2876));
#1101=EDGE_LOOP('',(#2877,#2878,#2879));
#1102=EDGE_LOOP('',(#2880,#2881,#2882,#2883));
#1103=EDGE_LOOP('',(#2884,#2885,#2886));
#1104=EDGE_LOOP('',(#2887,#2888,#2889,#2890));
#1105=EDGE_LOOP('',(#2891,#2892,#2893));
#1106=EDGE_LOOP('',(#2894,#2895,#2896,#2897));
#1107=EDGE_LOOP('',(#2898,#2899,#2900,#2901));
#1108=EDGE_LOOP('',(#2902,#2903,#2904,#2905));
#1109=EDGE_LOOP('',(#2906,#2907,#2908,#2909));
#1110=EDGE_LOOP('',(#2910,#2911,#2912,#2913));
#1111=EDGE_LOOP('',(#2914,#2915,#2916,#2917));
#1112=EDGE_LOOP('',(#2918,#2919,#2920,#2921));
#1113=EDGE_LOOP('',(#2922,#2923,#2924,#2925));
#1114=EDGE_LOOP('',(#2926,#2927,#2928,#2929));
#1115=EDGE_LOOP('',(#2930,#2931,#2932,#2933));
#1116=EDGE_LOOP('',(#2934,#2935,#2936,#2937));
#1117=EDGE_LOOP('',(#2938,#2939,#2940,#2941));
#1118=EDGE_LOOP('',(#2942,#2943,#2944,#2945,#2946,#2947));
#1119=EDGE_LOOP('',(#2948,#2949,#2950,#2951,#2952,#2953,#2954,#2955,#2956));
#1120=EDGE_LOOP('',(#2957,#2958,#2959,#2960,#2961,#2962,#2963,#2964,#2965,
#2966));
#1121=EDGE_LOOP('',(#2967,#2968,#2969,#2970,#2971,#2972,#2973,#2974,#2975,
#2976,#2977,#2978,#2979,#2980,#2981));
#1122=EDGE_LOOP('',(#2982,#2983,#2984,#2985));
#1123=EDGE_LOOP('',(#2986,#2987,#2988));
#1124=EDGE_LOOP('',(#2989,#2990,#2991,#2992,#2993,#2994));
#1125=EDGE_LOOP('',(#2995,#2996,#2997));
#1126=EDGE_LOOP('',(#2998,#2999,#3000));
#1127=EDGE_LOOP('',(#3001,#3002,#3003,#3004));
#1128=EDGE_LOOP('',(#3005,#3006,#3007,#3008));
#1129=EDGE_LOOP('',(#3009,#3010,#3011,#3012));
#1130=EDGE_LOOP('',(#3013,#3014,#3015,#3016));
#1131=EDGE_LOOP('',(#3017,#3018,#3019));
#1132=EDGE_LOOP('',(#3020,#3021,#3022));
#1133=EDGE_LOOP('',(#3023,#3024,#3025,#3026));
#1134=EDGE_LOOP('',(#3027,#3028,#3029,#3030));
#1135=EDGE_LOOP('',(#3031,#3032,#3033));
#1136=EDGE_LOOP('',(#3034,#3035,#3036,#3037,#3038,#3039));
#1137=EDGE_LOOP('',(#3040,#3041,#3042,#3043));
#1138=EDGE_LOOP('',(#3044,#3045,#3046,#3047));
#1139=EDGE_LOOP('',(#3048,#3049,#3050,#3051));
#1140=EDGE_LOOP('',(#3052,#3053,#3054,#3055));
#1141=EDGE_LOOP('',(#3056,#3057,#3058,#3059));
#1142=EDGE_LOOP('',(#3060,#3061,#3062,#3063));
#1143=EDGE_LOOP('',(#3064,#3065,#3066,#3067));
#1144=EDGE_LOOP('',(#3068,#3069,#3070,#3071));
#1145=EDGE_LOOP('',(#3072,#3073,#3074,#3075));
#1146=EDGE_LOOP('',(#3076,#3077,#3078,#3079));
#1147=EDGE_LOOP('',(#3080,#3081,#3082,#3083));
#1148=EDGE_LOOP('',(#3084,#3085,#3086,#3087));
#1149=EDGE_LOOP('',(#3088,#3089,#3090,#3091));
#1150=EDGE_LOOP('',(#3092,#3093,#3094,#3095));
#1151=EDGE_LOOP('',(#3096,#3097,#3098,#3099));
#1152=EDGE_LOOP('',(#3100,#3101,#3102,#3103));
#1153=EDGE_LOOP('',(#3104,#3105,#3106,#3107));
#1154=EDGE_LOOP('',(#3108,#3109,#3110,#3111));
#1155=EDGE_LOOP('',(#3112,#3113,#3114,#3115));
#1156=EDGE_LOOP('',(#3116,#3117,#3118,#3119));
#1157=EDGE_LOOP('',(#3120,#3121,#3122,#3123,#3124,#3125));
#1158=EDGE_LOOP('',(#3126,#3127,#3128,#3129));
#1159=EDGE_LOOP('',(#3130,#3131,#3132,#3133));
#1160=EDGE_LOOP('',(#3134,#3135,#3136,#3137,#3138));
#1161=EDGE_LOOP('',(#3139,#3140,#3141,#3142));
#1162=EDGE_LOOP('',(#3143,#3144,#3145,#3146));
#1163=EDGE_LOOP('',(#3147,#3148,#3149,#3150));
#1164=EDGE_LOOP('',(#3151,#3152,#3153,#3154));
#1165=EDGE_LOOP('',(#3155,#3156,#3157,#3158));
#1166=EDGE_LOOP('',(#3159,#3160,#3161,#3162));
#1167=EDGE_LOOP('',(#3163,#3164,#3165,#3166));
#1168=EDGE_LOOP('',(#3167,#3168,#3169,#3170));
#1169=EDGE_LOOP('',(#3171,#3172,#3173,#3174,#3175));
#1170=EDGE_LOOP('',(#3176,#3177,#3178,#3179));
#1171=EDGE_LOOP('',(#3180,#3181,#3182,#3183));
#1172=EDGE_LOOP('',(#3184,#3185,#3186,#3187));
#1173=EDGE_LOOP('',(#3188,#3189,#3190,#3191));
#1174=EDGE_LOOP('',(#3192,#3193,#3194,#3195));
#1175=EDGE_LOOP('',(#3196,#3197,#3198,#3199));
#1176=EDGE_LOOP('',(#3200,#3201,#3202));
#1177=EDGE_LOOP('',(#3203,#3204,#3205,#3206));
#1178=EDGE_LOOP('',(#3207,#3208,#3209,#3210));
#1179=EDGE_LOOP('',(#3211,#3212,#3213));
#1180=EDGE_LOOP('',(#3214,#3215,#3216,#3217));
#1181=EDGE_LOOP('',(#3218,#3219,#3220,#3221));
#1182=EDGE_LOOP('',(#3222,#3223,#3224,#3225));
#1183=EDGE_LOOP('',(#3226,#3227,#3228));
#1184=EDGE_LOOP('',(#3229,#3230,#3231,#3232));
#1185=EDGE_LOOP('',(#3233,#3234,#3235,#3236));
#1186=EDGE_LOOP('',(#3237,#3238,#3239));
#1187=EDGE_LOOP('',(#3240,#3241,#3242,#3243));
#1188=EDGE_LOOP('',(#3244,#3245,#3246));
#1189=EDGE_LOOP('',(#3247,#3248,#3249,#3250));
#1190=EDGE_LOOP('',(#3251,#3252,#3253,#3254));
#1191=EDGE_LOOP('',(#3255,#3256,#3257,#3258));
#1192=EDGE_LOOP('',(#3259,#3260,#3261,#3262,#3263,#3264));
#1193=EDGE_LOOP('',(#3265,#3266,#3267,#3268,#3269,#3270,#3271,#3272,#3273,
#3274));
#1194=CIRCLE('',#3539,0.25);
#1195=CIRCLE('',#3543,0.499999999999998);
#1196=CIRCLE('',#3544,0.250000000000021);
#1197=CIRCLE('',#3548,0.5);
#1198=CIRCLE('',#3549,0.500000000000007);
#1199=CIRCLE('',#3550,0.5);
#1200=CIRCLE('',#3555,0.499999999999998);
#1201=CIRCLE('',#3556,0.5);
#1202=CIRCLE('',#3557,0.499999999999998);
#1203=CIRCLE('',#3560,0.5);
#1204=CIRCLE('',#3562,0.499999999999998);
#1205=CIRCLE('',#3563,0.499999999999994);
#1206=CIRCLE('',#3564,0.5);
#1207=CIRCLE('',#3568,0.500000000000007);
#1208=CIRCLE('',#3569,0.499999999999998);
#1209=CIRCLE('',#3570,0.5);
#1210=CIRCLE('',#3575,0.25);
#1211=CIRCLE('',#3576,0.75);
#1212=CIRCLE('',#3578,0.75);
#1213=CIRCLE('',#3579,0.25);
#1214=CIRCLE('',#3581,0.25);
#1215=CIRCLE('',#3584,0.249999999999999);
#1216=CIRCLE('',#3586,0.5);
#1217=CIRCLE('',#3587,0.5);
#1218=CIRCLE('',#3590,0.5);
#1219=CIRCLE('',#3591,0.5);
#1220=CIRCLE('',#3595,0.25);
#1221=CIRCLE('',#3596,0.25);
#1222=CIRCLE('',#3598,0.250000000000021);
#1223=CIRCLE('',#3599,0.25);
#1224=CIRCLE('',#3602,0.25);
#1225=CIRCLE('',#3603,0.249999999999986);
#1226=CIRCLE('',#3605,0.249999999999986);
#1227=CIRCLE('',#3607,0.249999999999999);
#1228=CIRCLE('',#3608,0.25);
#1229=CIRCLE('',#3610,0.249999999999999);
#1230=CIRCLE('',#3612,0.250000000000009);
#1231=CIRCLE('',#3614,0.25000000000001);
#1232=CIRCLE('',#3616,0.25);
#1233=CIRCLE('',#3619,0.249999999999986);
#1234=CIRCLE('',#3622,0.249999999999999);
#1235=CIRCLE('',#3625,0.24999999999995);
#1236=CIRCLE('',#3627,0.5);
#1237=CIRCLE('',#3628,0.499999999999998);
#1238=CIRCLE('',#3630,0.249999999999986);
#1239=CIRCLE('',#3631,0.25);
#1240=CIRCLE('',#3633,0.25);
#1241=CIRCLE('',#3634,0.25);
#1242=CIRCLE('',#3637,0.249999999999999);
#1243=CIRCLE('',#3638,0.25);
#1244=CIRCLE('',#3640,0.25);
#1245=CIRCLE('',#3641,0.24999999999995);
#1246=CIRCLE('',#3643,0.25);
#1247=CIRCLE('',#3644,0.25);
#1248=CIRCLE('',#3646,0.25);
#1249=CIRCLE('',#3647,0.25);
#1250=CIRCLE('',#3651,0.249999999999999);
#1251=CIRCLE('',#3652,0.249999999999999);
#1252=CIRCLE('',#3654,0.249999999999999);
#1253=CIRCLE('',#3655,0.249999999999999);
#1254=CIRCLE('',#3658,0.500000000000074);
#1255=CIRCLE('',#3659,0.250000000000015);
#1256=CIRCLE('',#3660,0.250000000000054);
#1257=CIRCLE('',#3661,0.25);
#1258=CIRCLE('',#3662,0.500000000000074);
#1259=CIRCLE('',#3664,0.50000000000008);
#1260=CIRCLE('',#3665,0.250000000000015);
#1261=CIRCLE('',#3666,0.250000000000027);
#1262=CIRCLE('',#3667,0.25);
#1263=CIRCLE('',#3668,0.50000000000008);
#1264=CIRCLE('',#3670,0.500000000000036);
#1265=CIRCLE('',#3671,0.499999999999936);
#1266=CIRCLE('',#3672,0.500000000000033);
#1267=CIRCLE('',#3674,0.500000000000007);
#1268=CIRCLE('',#3675,0.499999999999986);
#1269=CIRCLE('',#3676,0.500000000000036);
#1270=CIRCLE('',#3677,0.500000000000021);
#1271=CIRCLE('',#3678,0.499999999999972);
#1272=CIRCLE('',#3679,0.500000000000072);
#1273=CIRCLE('',#3681,0.249999999999986);
#1274=CIRCLE('',#3682,0.250000000000013);
#1275=CIRCLE('',#3683,0.25);
#1276=CIRCLE('',#3685,0.250000000000018);
#1277=CIRCLE('',#3686,0.249999999999986);
#1278=CIRCLE('',#3687,0.25);
#1279=CIRCLE('',#3689,0.250000000000012);
#1280=CIRCLE('',#3690,0.25000000000001);
#1281=CIRCLE('',#3691,0.25);
#1282=CIRCLE('',#3693,0.500000000000007);
#1283=CIRCLE('',#3694,0.250000000000018);
#1284=CIRCLE('',#3695,0.250000000000021);
#1285=CIRCLE('',#3696,0.25);
#1286=CIRCLE('',#3698,0.250000000000013);
#1287=CIRCLE('',#3699,0.25000000000002);
#1288=CIRCLE('',#3700,0.25);
#1289=CIRCLE('',#3702,0.499999999999998);
#1290=CIRCLE('',#3703,0.249999999999986);
#1291=CIRCLE('',#3704,0.250000000000014);
#1292=CIRCLE('',#3705,0.25);
#1293=CIRCLE('',#3709,0.250000000000012);
#1294=CIRCLE('',#3710,0.249999999999986);
#1295=CIRCLE('',#3711,0.25);
#1296=CIRCLE('',#3713,0.249999999999986);
#1297=CIRCLE('',#3714,0.250000000000011);
#1298=CIRCLE('',#3715,0.25);
#1299=CIRCLE('',#3717,0.500000000000021);
#1300=CIRCLE('',#3718,0.250000000000019);
#1301=CIRCLE('',#3719,0.250000000000006);
#1302=CIRCLE('',#3720,0.25);
#1303=CIRCLE('',#3724,0.250000000000021);
#1304=CIRCLE('',#3725,0.25);
#1305=CIRCLE('',#3726,0.249999999999986);
#1306=CIRCLE('',#3729,0.250000000000016);
#1307=CIRCLE('',#3730,0.249999999999986);
#1308=CIRCLE('',#3731,0.25);
#1309=CIRCLE('',#3754,0.249999999999986);
#1310=CIRCLE('',#3755,0.250000000000009);
#1311=CIRCLE('',#3756,0.25);
#1312=CIRCLE('',#3758,0.250000000000024);
#1313=CIRCLE('',#3759,0.250000000000021);
#1314=CIRCLE('',#3760,0.25);
#1315=CIRCLE('',#3762,0.250000000000012);
#1316=CIRCLE('',#3763,0.249999999999986);
#1317=CIRCLE('',#3764,0.25);
#1318=CIRCLE('',#3767,0.250000000000009);
#1319=CIRCLE('',#3768,0.25000000000002);
#1320=CIRCLE('',#3769,0.25);
#1321=CIRCLE('',#3773,0.249999999999986);
#1322=CIRCLE('',#3774,0.250000000000024);
#1323=CIRCLE('',#3775,0.25);
#1324=CIRCLE('',#3778,0.25000000000001);
#1325=CIRCLE('',#3779,0.250000000000011);
#1326=CIRCLE('',#3780,0.25);
#1327=CIRCLE('',#3784,0.25000000000001);
#1328=CIRCLE('',#3785,0.249999999999986);
#1329=CIRCLE('',#3786,0.25);
#1330=CIRCLE('',#3789,0.249999999999986);
#1331=CIRCLE('',#3790,0.250000000000018);
#1332=CIRCLE('',#3791,0.25);
#1333=CIRCLE('',#3794,0.250000000000021);
#1334=CIRCLE('',#3795,0.250000000000012);
#1335=CIRCLE('',#3796,0.25);
#1336=CIRCLE('',#3799,0.249999999999986);
#1337=CIRCLE('',#3800,0.250000000000012);
#1338=CIRCLE('',#3801,0.25);
#1339=CIRCLE('',#3805,0.250000000000015);
#1340=CIRCLE('',#3806,0.249999999999986);
#1341=CIRCLE('',#3807,0.25);
#1342=CIRCLE('',#3823,0.249999999999999);
#1343=CIRCLE('',#3824,0.25);
#1344=CIRCLE('',#3826,0.249999999999999);
#1345=CIRCLE('',#3828,0.249999999999995);
#1346=CIRCLE('',#3829,0.25);
#1347=CIRCLE('',#3832,0.249999999999999);
#1348=CIRCLE('',#3836,0.25);
#1349=CIRCLE('',#3837,0.249999999999999);
#1350=CIRCLE('',#3838,0.249999999999995);
#1351=CIRCLE('',#3840,0.249999999999999);
#1352=CIRCLE('',#3841,0.249999999999999);
#1353=CIRCLE('',#3842,0.25);
#1354=CIRCLE('',#3845,0.249999999999999);
#1355=CIRCLE('',#3846,0.25);
#1356=CIRCLE('',#3849,0.249999999999999);
#1357=CIRCLE('',#3850,0.25);
#1358=CIRCLE('',#3851,0.25);
#1359=CIRCLE('',#3854,0.25);
#1360=CIRCLE('',#3855,0.25);
#1361=CIRCLE('',#3857,0.25);
#1362=CIRCLE('',#3858,0.25);
#1363=CIRCLE('',#3862,0.249999999999999);
#1364=CIRCLE('',#3863,0.25);
#1365=CIRCLE('',#3864,0.249999999999999);
#1366=CIRCLE('',#3870,0.5);
#1367=CIRCLE('',#3871,0.25);
#1368=CIRCLE('',#3872,0.25);
#1369=CIRCLE('',#3873,0.249999999999999);
#1370=CIRCLE('',#3874,0.5);
#1371=CIRCLE('',#3876,0.5);
#1372=CIRCLE('',#3877,0.5);
#1373=CIRCLE('',#3879,0.500000000000007);
#1374=CIRCLE('',#3880,0.499999999999994);
#1375=CIRCLE('',#3881,0.500000000000009);
#1376=CIRCLE('',#3882,0.500000000000005);
#1377=CIRCLE('',#3884,0.5);
#1378=CIRCLE('',#3885,0.5);
#1379=CIRCLE('',#3886,0.500000000000005);
#1380=CIRCLE('',#3887,0.499999999999989);
#1381=CIRCLE('',#3888,0.499999999999998);
#1382=CIRCLE('',#3889,0.500000000000007);
#1383=CIRCLE('',#3892,0.250000000000002);
#1384=CIRCLE('',#3893,0.250000000000002);
#1385=CIRCLE('',#3894,0.25);
#1386=CIRCLE('',#3896,0.250000000000006);
#1387=CIRCLE('',#3897,0.250000000000002);
#1388=CIRCLE('',#3898,0.25);
#1389=CIRCLE('',#3900,0.250000000000004);
#1390=CIRCLE('',#3901,0.249999999999999);
#1391=CIRCLE('',#3902,0.25);
#1392=CIRCLE('',#3904,0.249999999999999);
#1393=CIRCLE('',#3905,0.250000000000001);
#1394=CIRCLE('',#3906,0.25);
#1395=CIRCLE('',#3908,0.249999999999999);
#1396=CIRCLE('',#3909,0.250000000000007);
#1397=CIRCLE('',#3910,0.25);
#1398=CIRCLE('',#3912,0.250000000000002);
#1399=CIRCLE('',#3913,0.249999999999995);
#1400=CIRCLE('',#3914,0.25);
#1401=CIRCLE('',#3918,0.249999999999999);
#1402=CIRCLE('',#3919,0.250000000000002);
#1403=CIRCLE('',#3920,0.25);
#1404=CIRCLE('',#3922,0.250000000000002);
#1405=CIRCLE('',#3923,0.249999999999999);
#1406=CIRCLE('',#3924,0.25);
#1407=CIRCLE('',#3926,0.250000000000003);
#1408=CIRCLE('',#3927,0.249999999999995);
#1409=CIRCLE('',#3928,0.25);
#1410=CIRCLE('',#3930,0.250000000000001);
#1411=CIRCLE('',#3931,0.25);
#1412=CIRCLE('',#3932,0.249999999999999);
#1413=CIRCLE('',#3934,0.250000000000002);
#1414=CIRCLE('',#3935,0.250000000000001);
#1415=CIRCLE('',#3936,0.25);
#1416=CIRCLE('',#3938,0.250000000000001);
#1417=CIRCLE('',#3939,0.250000000000003);
#1418=CIRCLE('',#3940,0.25);
#1419=CIRCLE('',#3966,0.249999999999999);
#1420=CIRCLE('',#3968,0.250000000000004);
#1421=CIRCLE('',#3969,0.25);
#1422=CIRCLE('',#3971,0.249999999999999);
#1423=CIRCLE('',#3973,0.249999999999999);
#1424=CIRCLE('',#3974,0.25);
#1425=CIRCLE('',#3977,0.25);
#1426=CIRCLE('',#3979,0.250000000000004);
#1427=CIRCLE('',#3980,0.25);
#1428=CIRCLE('',#3982,0.249999999999999);
#1429=CIRCLE('',#3984,0.250000000000002);
#1430=CIRCLE('',#3985,0.25);
#1431=CIRCLE('',#3988,0.25);
#1432=CIRCLE('',#3991,0.249999999999999);
#1433=CIRCLE('',#3994,0.250000000000002);
#1434=CIRCLE('',#3997,0.250000000000001);
#1435=CIRCLE('',#3998,0.25);
#1436=CIRCLE('',#4000,0.25);
#1437=CIRCLE('',#4002,0.25);
#1438=CIRCLE('',#4004,0.25);
#1439=CIRCLE('',#4005,0.249999999999999);
#1440=CIRCLE('',#4009,0.249999999999999);
#1441=CIRCLE('',#4011,0.249999999999999);
#1442=CIRCLE('',#4012,0.249999999999999);
#1443=CIRCLE('',#4016,0.249999999999999);
#1444=CIRCLE('',#4017,0.249999999999999);
#1445=CIRCLE('',#4021,0.249999999999999);
#1446=ELLIPSE('',#3537,0.559016994374954,0.5);
#1447=ELLIPSE('',#3538,0.559016994374941,0.5);
#1448=ELLIPSE('',#3541,0.707106781186546,0.5);
#1449=ELLIPSE('',#3545,0.559016994374941,0.499999999999998);
#1450=ELLIPSE('',#3546,0.559016994374954,0.499999999999998);
#1451=ELLIPSE('',#3553,0.707106781186543,0.5);
#1452=ELLIPSE('',#3833,0.485414011416092,0.25);
#1453=ELLIPSE('',#3834,0.650481946312935,0.5);
#1454=ELLIPSE('',#3866,0.650481946376665,0.5);
#1455=ELLIPSE('',#3867,0.485414011501497,0.25);
#1456=ELLIPSE('',#3965,0.390834733310267,0.25);
#1457=ELLIPSE('',#4019,0.390834733310267,0.25);
#1458=VERTEX_POINT('',#5265);
#1459=VERTEX_POINT('',#5266);
#1460=VERTEX_POINT('',#5268);
#1461=VERTEX_POINT('',#5272);
#1462=VERTEX_POINT('',#5274);
#1463=VERTEX_POINT('',#5278);
#1464=VERTEX_POINT('',#5280);
#1465=VERTEX_POINT('',#5308);
#1466=VERTEX_POINT('',#5309);
#1467=VERTEX_POINT('',#5311);
#1468=VERTEX_POINT('',#5315);
#1469=VERTEX_POINT('',#5316);
#1470=VERTEX_POINT('',#5318);
#1471=VERTEX_POINT('',#5325);
#1472=VERTEX_POINT('',#5327);
#1473=VERTEX_POINT('',#5331);
#1474=VERTEX_POINT('',#5332);
#1475=VERTEX_POINT('',#5334);
#1476=VERTEX_POINT('',#5341);
#1477=VERTEX_POINT('',#5342);
#1478=VERTEX_POINT('',#5347);
#1479=VERTEX_POINT('',#5348);
#1480=VERTEX_POINT('',#5350);
#1481=VERTEX_POINT('',#5360);
#1482=VERTEX_POINT('',#5361);
#1483=VERTEX_POINT('',#5363);
#1484=VERTEX_POINT('',#5376);
#1485=VERTEX_POINT('',#5377);
#1486=VERTEX_POINT('',#5383);
#1487=VERTEX_POINT('',#5398);
#1488=VERTEX_POINT('',#5399);
#1489=VERTEX_POINT('',#5413);
#1490=VERTEX_POINT('',#5420);
#1491=VERTEX_POINT('',#5422);
#1492=VERTEX_POINT('',#5426);
#1493=VERTEX_POINT('',#5428);
#1494=VERTEX_POINT('',#5430);
#1495=VERTEX_POINT('',#5436);
#1496=VERTEX_POINT('',#5438);
#1497=VERTEX_POINT('',#5444);
#1498=VERTEX_POINT('',#5448);
#1499=VERTEX_POINT('',#5452);
#1500=VERTEX_POINT('',#5455);
#1501=VERTEX_POINT('',#5457);
#1502=VERTEX_POINT('',#5459);
#1503=VERTEX_POINT('',#5461);
#1504=VERTEX_POINT('',#5463);
#1505=VERTEX_POINT('',#5465);
#1506=VERTEX_POINT('',#5471);
#1507=VERTEX_POINT('',#5473);
#1508=VERTEX_POINT('',#5475);
#1509=VERTEX_POINT('',#5481);
#1510=VERTEX_POINT('',#5483);
#1511=VERTEX_POINT('',#5487);
#1512=VERTEX_POINT('',#5493);
#1513=VERTEX_POINT('',#5495);
#1514=VERTEX_POINT('',#5499);
#1515=VERTEX_POINT('',#5503);
#1516=VERTEX_POINT('',#5507);
#1517=VERTEX_POINT('',#5515);
#1518=VERTEX_POINT('',#5517);
#1519=VERTEX_POINT('',#5521);
#1520=VERTEX_POINT('',#5523);
#1521=VERTEX_POINT('',#5525);
#1522=VERTEX_POINT('',#5531);
#1523=VERTEX_POINT('',#5533);
#1524=VERTEX_POINT('',#5541);
#1525=VERTEX_POINT('',#5545);
#1526=VERTEX_POINT('',#5549);
#1527=VERTEX_POINT('',#5553);
#1528=VERTEX_POINT('',#5555);
#1529=VERTEX_POINT('',#5557);
#1530=VERTEX_POINT('',#5563);
#1531=VERTEX_POINT('',#5565);
#1532=VERTEX_POINT('',#5573);
#1533=VERTEX_POINT('',#5577);
#1534=VERTEX_POINT('',#5579);
#1535=VERTEX_POINT('',#5583);
#1536=VERTEX_POINT('',#5587);
#1537=VERTEX_POINT('',#5593);
#1538=VERTEX_POINT('',#5597);
#1539=VERTEX_POINT('',#5601);
#1540=VERTEX_POINT('',#5629);
#1541=VERTEX_POINT('',#5637);
#1542=VERTEX_POINT('',#5665);
#1543=VERTEX_POINT('',#5677);
#1544=VERTEX_POINT('',#5705);
#1545=VERTEX_POINT('',#5713);
#1546=VERTEX_POINT('',#5741);
#1547=VERTEX_POINT('',#5751);
#1548=VERTEX_POINT('',#5753);
#1549=VERTEX_POINT('',#5755);
#1550=VERTEX_POINT('',#5757);
#1551=VERTEX_POINT('',#5761);
#1552=VERTEX_POINT('',#5763);
#1553=VERTEX_POINT('',#5765);
#1554=VERTEX_POINT('',#5767);
#1555=VERTEX_POINT('',#5771);
#1556=VERTEX_POINT('',#5773);
#1557=VERTEX_POINT('',#5775);
#1558=VERTEX_POINT('',#5777);
#1559=VERTEX_POINT('',#5779);
#1560=VERTEX_POINT('',#5783);
#1561=VERTEX_POINT('',#5785);
#1562=VERTEX_POINT('',#5787);
#1563=VERTEX_POINT('',#5789);
#1564=VERTEX_POINT('',#5791);
#1565=VERTEX_POINT('',#5794);
#1566=VERTEX_POINT('',#5796);
#1567=VERTEX_POINT('',#5798);
#1568=VERTEX_POINT('',#5800);
#1569=VERTEX_POINT('',#5802);
#1570=VERTEX_POINT('',#5806);
#1571=VERTEX_POINT('',#5807);
#1572=VERTEX_POINT('',#5809);
#1573=VERTEX_POINT('',#5813);
#1574=VERTEX_POINT('',#5814);
#1575=VERTEX_POINT('',#5816);
#1576=VERTEX_POINT('',#5820);
#1577=VERTEX_POINT('',#5821);
#1578=VERTEX_POINT('',#5823);
#1579=VERTEX_POINT('',#5827);
#1580=VERTEX_POINT('',#5828);
#1581=VERTEX_POINT('',#5830);
#1582=VERTEX_POINT('',#5832);
#1583=VERTEX_POINT('',#5836);
#1584=VERTEX_POINT('',#5837);
#1585=VERTEX_POINT('',#5839);
#1586=VERTEX_POINT('',#5843);
#1587=VERTEX_POINT('',#5844);
#1588=VERTEX_POINT('',#5846);
#1589=VERTEX_POINT('',#5848);
#1590=VERTEX_POINT('',#5858);
#1591=VERTEX_POINT('',#5859);
#1592=VERTEX_POINT('',#5861);
#1593=VERTEX_POINT('',#5865);
#1594=VERTEX_POINT('',#5866);
#1595=VERTEX_POINT('',#5868);
#1596=VERTEX_POINT('',#5872);
#1597=VERTEX_POINT('',#5874);
#1598=VERTEX_POINT('',#5876);
#1599=VERTEX_POINT('',#5886);
#1600=VERTEX_POINT('',#5887);
#1601=VERTEX_POINT('',#5894);
#1602=VERTEX_POINT('',#5896);
#1603=VERTEX_POINT('',#5945);
#1604=VERTEX_POINT('',#5947);
#1605=VERTEX_POINT('',#5951);
#1606=VERTEX_POINT('',#5953);
#1607=VERTEX_POINT('',#5957);
#1608=VERTEX_POINT('',#5958);
#1609=VERTEX_POINT('',#5960);
#1610=VERTEX_POINT('',#5967);
#1611=VERTEX_POINT('',#5969);
#1612=VERTEX_POINT('',#5977);
#1613=VERTEX_POINT('',#5978);
#1614=VERTEX_POINT('',#5980);
#1615=VERTEX_POINT('',#5987);
#1616=VERTEX_POINT('',#5988);
#1617=VERTEX_POINT('',#5990);
#1618=VERTEX_POINT('',#6000);
#1619=VERTEX_POINT('',#6002);
#1620=VERTEX_POINT('',#6008);
#1621=VERTEX_POINT('',#6010);
#1622=VERTEX_POINT('',#6016);
#1623=VERTEX_POINT('',#6017);
#1624=VERTEX_POINT('',#6019);
#1625=VERTEX_POINT('',#6026);
#1626=VERTEX_POINT('',#6027);
#1627=VERTEX_POINT('',#6029);
#1628=VERTEX_POINT('',#6039);
#1629=VERTEX_POINT('',#6040);
#1630=VERTEX_POINT('',#6042);
#1631=VERTEX_POINT('',#6072);
#1632=VERTEX_POINT('',#6076);
#1633=VERTEX_POINT('',#6080);
#1634=VERTEX_POINT('',#6086);
#1635=VERTEX_POINT('',#6088);
#1636=VERTEX_POINT('',#6111);
#1637=VERTEX_POINT('',#6113);
#1638=VERTEX_POINT('',#6126);
#1639=VERTEX_POINT('',#6128);
#1640=VERTEX_POINT('',#6132);
#1641=VERTEX_POINT('',#6133);
#1642=VERTEX_POINT('',#6135);
#1643=VERTEX_POINT('',#6142);
#1644=VERTEX_POINT('',#6148);
#1645=VERTEX_POINT('',#6149);
#1646=VERTEX_POINT('',#6156);
#1647=VERTEX_POINT('',#6184);
#1648=VERTEX_POINT('',#6192);
#1649=VERTEX_POINT('',#6220);
#1650=VERTEX_POINT('',#6233);
#1651=VERTEX_POINT('',#6234);
#1652=VERTEX_POINT('',#6236);
#1653=VERTEX_POINT('',#6238);
#1654=VERTEX_POINT('',#6266);
#1655=VERTEX_POINT('',#6267);
#1656=VERTEX_POINT('',#6307);
#1657=VERTEX_POINT('',#6309);
#1658=VERTEX_POINT('',#6311);
#1659=VERTEX_POINT('',#6313);
#1660=VERTEX_POINT('',#6317);
#1661=VERTEX_POINT('',#6319);
#1662=VERTEX_POINT('',#6321);
#1663=VERTEX_POINT('',#6323);
#1664=VERTEX_POINT('',#6327);
#1665=VERTEX_POINT('',#6329);
#1666=VERTEX_POINT('',#6331);
#1667=VERTEX_POINT('',#6333);
#1668=VERTEX_POINT('',#6335);
#1669=VERTEX_POINT('',#6337);
#1670=VERTEX_POINT('',#6341);
#1671=VERTEX_POINT('',#6343);
#1672=VERTEX_POINT('',#6345);
#1673=VERTEX_POINT('',#6347);
#1674=VERTEX_POINT('',#6350);
#1675=VERTEX_POINT('',#6352);
#1676=VERTEX_POINT('',#6354);
#1677=VERTEX_POINT('',#6356);
#1678=VERTEX_POINT('',#6358);
#1679=VERTEX_POINT('',#6360);
#1680=VERTEX_POINT('',#6365);
#1681=VERTEX_POINT('',#6366);
#1682=VERTEX_POINT('',#6368);
#1683=VERTEX_POINT('',#6372);
#1684=VERTEX_POINT('',#6374);
#1685=VERTEX_POINT('',#6378);
#1686=VERTEX_POINT('',#6379);
#1687=VERTEX_POINT('',#6381);
#1688=VERTEX_POINT('',#6385);
#1689=VERTEX_POINT('',#6386);
#1690=VERTEX_POINT('',#6388);
#1691=VERTEX_POINT('',#6392);
#1692=VERTEX_POINT('',#6394);
#1693=VERTEX_POINT('',#6398);
#1694=VERTEX_POINT('',#6400);
#1695=VERTEX_POINT('',#6409);
#1696=VERTEX_POINT('',#6410);
#1697=VERTEX_POINT('',#6412);
#1698=VERTEX_POINT('',#6416);
#1699=VERTEX_POINT('',#6417);
#1700=VERTEX_POINT('',#6419);
#1701=VERTEX_POINT('',#6423);
#1702=VERTEX_POINT('',#6425);
#1703=VERTEX_POINT('',#6429);
#1704=VERTEX_POINT('',#6430);
#1705=VERTEX_POINT('',#6435);
#1706=VERTEX_POINT('',#6436);
#1707=VERTEX_POINT('',#6438);
#1708=VERTEX_POINT('',#6442);
#1709=VERTEX_POINT('',#6444);
#1710=VERTEX_POINT('',#6498);
#1711=VERTEX_POINT('',#6500);
#1712=VERTEX_POINT('',#6504);
#1713=VERTEX_POINT('',#6508);
#1714=VERTEX_POINT('',#6512);
#1715=VERTEX_POINT('',#6518);
#1716=VERTEX_POINT('',#6522);
#1717=VERTEX_POINT('',#6526);
#1718=VERTEX_POINT('',#6530);
#1719=VERTEX_POINT('',#6536);
#1720=VERTEX_POINT('',#6538);
#1721=VERTEX_POINT('',#6542);
#1722=VERTEX_POINT('',#6546);
#1723=VERTEX_POINT('',#6550);
#1724=VERTEX_POINT('',#6554);
#1725=VERTEX_POINT('',#6558);
#1726=VERTEX_POINT('',#6562);
#1727=VERTEX_POINT('',#6566);
#1728=VERTEX_POINT('',#6570);
#1729=VERTEX_POINT('',#6572);
#1730=VERTEX_POINT('',#6576);
#1731=VERTEX_POINT('',#6584);
#1732=VERTEX_POINT('',#6586);
#1733=VERTEX_POINT('',#6590);
#1734=VERTEX_POINT('',#6598);
#1735=VERTEX_POINT('',#6602);
#1736=EDGE_CURVE('',#1458,#1459,#1446,.T.);
#1737=EDGE_CURVE('',#1459,#1460,#1447,.T.);
#1738=EDGE_CURVE('',#1460,#1458,#1194,.T.);
#1739=EDGE_CURVE('',#1459,#1461,#146,.T.);
#1740=EDGE_CURVE('',#1461,#1462,#1448,.T.);
#1741=EDGE_CURVE('',#1462,#1460,#147,.T.);
#1742=EDGE_CURVE('',#1461,#1463,#148,.T.);
#1743=EDGE_CURVE('',#1463,#1464,#1195,.T.);
#1744=EDGE_CURVE('',#1464,#1462,#149,.T.);
#1745=EDGE_CURVE('',#1465,#1466,#1196,.T.);
#1746=EDGE_CURVE('',#1466,#1467,#1449,.T.);
#1747=EDGE_CURVE('',#1467,#1465,#1450,.T.);
#1748=EDGE_CURVE('',#1468,#1469,#1197,.F.);
#1749=EDGE_CURVE('',#1470,#1468,#1198,.F.);
#1750=EDGE_CURVE('',#1469,#1470,#1199,.F.);
#1751=EDGE_CURVE('',#1458,#1470,#150,.T.);
#1752=EDGE_CURVE('',#1468,#1459,#151,.T.);
#1753=EDGE_CURVE('',#1471,#1468,#152,.T.);
#1754=EDGE_CURVE('',#1469,#1472,#153,.T.);
#1755=EDGE_CURVE('',#1472,#1471,#1451,.T.);
#1756=EDGE_CURVE('',#1473,#1474,#1200,.F.);
#1757=EDGE_CURVE('',#1475,#1473,#1201,.F.);
#1758=EDGE_CURVE('',#1474,#1475,#1202,.F.);
#1759=EDGE_CURVE('',#1466,#1475,#154,.T.);
#1760=EDGE_CURVE('',#1473,#1467,#155,.T.);
#1761=EDGE_CURVE('',#1476,#1477,#1203,.T.);
#1762=EDGE_CURVE('',#1477,#1474,#156,.T.);
#1763=EDGE_CURVE('',#1475,#1476,#157,.T.);
#1764=EDGE_CURVE('',#1478,#1479,#1204,.F.);
#1765=EDGE_CURVE('',#1480,#1478,#1205,.F.);
#1766=EDGE_CURVE('',#1479,#1480,#1206,.F.);
#1767=EDGE_CURVE('',#1478,#1473,#158,.T.);
#1768=EDGE_CURVE('',#1474,#1480,#159,.T.);
#1769=EDGE_CURVE('',#1472,#1479,#160,.T.);
#1770=EDGE_CURVE('',#1480,#1471,#161,.T.);
#1771=EDGE_CURVE('',#1481,#1482,#1207,.F.);
#1772=EDGE_CURVE('',#1483,#1481,#1208,.F.);
#1773=EDGE_CURVE('',#1482,#1483,#1209,.F.);
#1774=EDGE_CURVE('',#1467,#1483,#162,.T.);
#1775=EDGE_CURVE('',#1481,#1465,#163,.T.);
#1776=EDGE_CURVE('',#1479,#1482,#164,.T.);
#1777=EDGE_CURVE('',#1483,#1478,#165,.T.);
#1778=EDGE_CURVE('',#1482,#1469,#166,.T.);
#1779=EDGE_CURVE('',#1470,#1481,#167,.T.);
#1780=EDGE_CURVE('',#1484,#1485,#61,.T.);
#1781=EDGE_CURVE('',#1485,#1477,#1210,.T.);
#1782=EDGE_CURVE('',#1476,#1486,#1211,.T.);
#1783=EDGE_CURVE('',#1486,#1484,#62,.T.);
#1784=EDGE_CURVE('',#1487,#1488,#63,.T.);
#1785=EDGE_CURVE('',#1488,#1464,#1212,.T.);
#1786=EDGE_CURVE('',#1463,#1489,#1213,.T.);
#1787=EDGE_CURVE('',#1489,#1487,#64,.T.);
#1788=EDGE_CURVE('',#1487,#1490,#168,.T.);
#1789=EDGE_CURVE('',#1490,#1491,#1214,.F.);
#1790=EDGE_CURVE('',#1491,#1488,#169,.T.);
#1791=EDGE_CURVE('',#1492,#1489,#170,.T.);
#1792=EDGE_CURVE('',#1493,#1492,#171,.T.);
#1793=EDGE_CURVE('',#1494,#1493,#65,.T.);
#1794=EDGE_CURVE('',#1495,#1494,#172,.T.);
#1795=EDGE_CURVE('',#1496,#1495,#66,.T.);
#1796=EDGE_CURVE('',#1497,#1496,#173,.T.);
#1797=EDGE_CURVE('',#1490,#1497,#174,.T.);
#1798=EDGE_CURVE('',#1463,#1498,#175,.T.);
#1799=EDGE_CURVE('',#1498,#1492,#1215,.T.);
#1800=EDGE_CURVE('',#1499,#1491,#176,.T.);
#1801=EDGE_CURVE('',#1486,#1499,#177,.T.);
#1802=EDGE_CURVE('',#1500,#1466,#178,.T.);
#1803=EDGE_CURVE('',#1501,#1500,#1216,.T.);
#1804=EDGE_CURVE('',#1502,#1501,#179,.T.);
#1805=EDGE_CURVE('',#1503,#1502,#180,.T.);
#1806=EDGE_CURVE('',#1504,#1503,#181,.T.);
#1807=EDGE_CURVE('',#1505,#1504,#1217,.T.);
#1808=EDGE_CURVE('',#1460,#1505,#182,.T.);
#1809=EDGE_CURVE('',#1461,#1471,#183,.T.);
#1810=EDGE_CURVE('',#1506,#1477,#184,.T.);
#1811=EDGE_CURVE('',#1507,#1506,#1218,.T.);
#1812=EDGE_CURVE('',#1508,#1507,#185,.T.);
#1813=EDGE_CURVE('',#1498,#1508,#1219,.T.);
#1814=EDGE_CURVE('',#1503,#1509,#1220,.T.);
#1815=EDGE_CURVE('',#1509,#1510,#186,.T.);
#1816=EDGE_CURVE('',#1510,#1504,#1221,.T.);
#1817=EDGE_CURVE('',#1511,#1505,#1222,.T.);
#1818=EDGE_CURVE('',#1510,#1511,#1223,.T.);
#1819=EDGE_CURVE('',#1511,#1458,#187,.T.);
#1820=EDGE_CURVE('',#1502,#1512,#1224,.T.);
#1821=EDGE_CURVE('',#1512,#1513,#188,.T.);
#1822=EDGE_CURVE('',#1513,#1503,#1225,.T.);
#1823=EDGE_CURVE('',#1465,#1514,#189,.T.);
#1824=EDGE_CURVE('',#1514,#1500,#1226,.T.);
#1825=EDGE_CURVE('',#1515,#1501,#1227,.T.);
#1826=EDGE_CURVE('',#1514,#1515,#1228,.T.);
#1827=EDGE_CURVE('',#1516,#1502,#1229,.T.);
#1828=EDGE_CURVE('',#1515,#1516,#190,.T.);
#1829=EDGE_CURVE('',#1516,#1512,#1230,.T.);
#1830=EDGE_CURVE('',#1513,#1509,#1231,.T.);
#1831=EDGE_CURVE('',#1510,#1517,#191,.T.);
#1832=EDGE_CURVE('',#1517,#1518,#1232,.T.);
#1833=EDGE_CURVE('',#1518,#1511,#192,.T.);
#1834=EDGE_CURVE('',#1519,#1509,#193,.T.);
#1835=EDGE_CURVE('',#1520,#1519,#194,.T.);
#1836=EDGE_CURVE('',#1521,#1520,#67,.T.);
#1837=EDGE_CURVE('',#1522,#1521,#195,.T.);
#1838=EDGE_CURVE('',#1523,#1522,#68,.T.);
#1839=EDGE_CURVE('',#1517,#1523,#196,.T.);
#1840=EDGE_CURVE('',#1513,#1524,#197,.T.);
#1841=EDGE_CURVE('',#1524,#1519,#1233,.F.);
#1842=EDGE_CURVE('',#1525,#1512,#198,.T.);
#1843=EDGE_CURVE('',#1524,#1525,#199,.T.);
#1844=EDGE_CURVE('',#1516,#1526,#200,.T.);
#1845=EDGE_CURVE('',#1526,#1525,#1234,.F.);
#1846=EDGE_CURVE('',#1527,#1515,#201,.T.);
#1847=EDGE_CURVE('',#1528,#1527,#202,.T.);
#1848=EDGE_CURVE('',#1529,#1528,#69,.T.);
#1849=EDGE_CURVE('',#1530,#1529,#203,.T.);
#1850=EDGE_CURVE('',#1531,#1530,#70,.T.);
#1851=EDGE_CURVE('',#1526,#1531,#204,.T.);
#1852=EDGE_CURVE('',#1514,#1532,#205,.T.);
#1853=EDGE_CURVE('',#1532,#1527,#1235,.T.);
#1854=EDGE_CURVE('',#1533,#1518,#1236,.T.);
#1855=EDGE_CURVE('',#1534,#1533,#206,.T.);
#1856=EDGE_CURVE('',#1532,#1534,#1237,.T.);
#1857=EDGE_CURVE('',#1525,#1535,#1238,.F.);
#1858=EDGE_CURVE('',#1535,#1526,#1239,.F.);
#1859=EDGE_CURVE('',#1519,#1536,#1240,.F.);
#1860=EDGE_CURVE('',#1536,#1524,#1241,.F.);
#1861=EDGE_CURVE('',#1535,#1536,#207,.T.);
#1862=EDGE_CURVE('',#1527,#1537,#1242,.F.);
#1863=EDGE_CURVE('',#1537,#1534,#1243,.T.);
#1864=EDGE_CURVE('',#1538,#1517,#1244,.F.);
#1865=EDGE_CURVE('',#1533,#1538,#1245,.T.);
#1866=EDGE_CURVE('',#1523,#1539,#1246,.T.);
#1867=EDGE_CURVE('',#1539,#1538,#208,.T.);
#1868=EDGE_CURVE('',#1522,#1540,#1247,.T.);
#1869=EDGE_CURVE('',#1540,#1539,#71,.T.);
#1870=EDGE_CURVE('',#1521,#1541,#1248,.T.);
#1871=EDGE_CURVE('',#1541,#1540,#209,.T.);
#1872=EDGE_CURVE('',#1520,#1542,#1249,.T.);
#1873=EDGE_CURVE('',#1542,#1541,#72,.T.);
#1874=EDGE_CURVE('',#1536,#1542,#210,.T.);
#1875=EDGE_CURVE('',#1538,#1537,#211,.T.);
#1876=EDGE_CURVE('',#1531,#1543,#1250,.T.);
#1877=EDGE_CURVE('',#1543,#1535,#212,.T.);
#1878=EDGE_CURVE('',#1530,#1544,#1251,.T.);
#1879=EDGE_CURVE('',#1544,#1543,#73,.T.);
#1880=EDGE_CURVE('',#1529,#1545,#1252,.T.);
#1881=EDGE_CURVE('',#1545,#1544,#213,.T.);
#1882=EDGE_CURVE('',#1528,#1546,#1253,.T.);
#1883=EDGE_CURVE('',#1546,#1545,#74,.T.);
#1884=EDGE_CURVE('',#1537,#1546,#214,.T.);
#1885=EDGE_CURVE('',#1544,#1547,#1254,.T.);
#1886=EDGE_CURVE('',#1548,#1547,#1255,.T.);
#1887=EDGE_CURVE('',#1549,#1548,#1256,.F.);
#1888=EDGE_CURVE('',#1550,#1549,#1257,.T.);
#1889=EDGE_CURVE('',#1550,#1543,#1258,.T.);
#1890=EDGE_CURVE('',#1546,#1551,#1259,.T.);
#1891=EDGE_CURVE('',#1552,#1551,#1260,.T.);
#1892=EDGE_CURVE('',#1553,#1552,#1261,.F.);
#1893=EDGE_CURVE('',#1554,#1553,#1262,.T.);
#1894=EDGE_CURVE('',#1554,#1545,#1263,.T.);
#1895=EDGE_CURVE('',#1555,#1539,#1264,.T.);
#1896=EDGE_CURVE('',#1556,#1555,#215,.T.);
#1897=EDGE_CURVE('',#1557,#1556,#1265,.T.);
#1898=EDGE_CURVE('',#1558,#1557,#216,.T.);
#1899=EDGE_CURVE('',#1559,#1558,#1266,.T.);
#1900=EDGE_CURVE('',#1551,#1559,#217,.T.);
#1901=EDGE_CURVE('',#1560,#1554,#218,.T.);
#1902=EDGE_CURVE('',#1561,#1560,#1267,.T.);
#1903=EDGE_CURVE('',#1562,#1561,#219,.T.);
#1904=EDGE_CURVE('',#1563,#1562,#1268,.T.);
#1905=EDGE_CURVE('',#1564,#1563,#220,.T.);
#1906=EDGE_CURVE('',#1540,#1564,#1269,.T.);
#1907=EDGE_CURVE('',#1565,#1541,#1270,.T.);
#1908=EDGE_CURVE('',#1566,#1565,#221,.T.);
#1909=EDGE_CURVE('',#1567,#1566,#1271,.T.);
#1910=EDGE_CURVE('',#1568,#1567,#222,.T.);
#1911=EDGE_CURVE('',#1569,#1568,#1272,.T.);
#1912=EDGE_CURVE('',#1547,#1569,#223,.T.);
#1913=EDGE_CURVE('',#1570,#1571,#1273,.F.);
#1914=EDGE_CURVE('',#1572,#1570,#1274,.F.);
#1915=EDGE_CURVE('',#1571,#1572,#1275,.F.);
#1916=EDGE_CURVE('',#1573,#1574,#1276,.F.);
#1917=EDGE_CURVE('',#1575,#1573,#1277,.F.);
#1918=EDGE_CURVE('',#1574,#1575,#1278,.F.);
#1919=EDGE_CURVE('',#1576,#1577,#1279,.F.);
#1920=EDGE_CURVE('',#1578,#1576,#1280,.F.);
#1921=EDGE_CURVE('',#1577,#1578,#1281,.F.);
#1922=EDGE_CURVE('',#1579,#1580,#1282,.T.);
#1923=EDGE_CURVE('',#1581,#1580,#1283,.T.);
#1924=EDGE_CURVE('',#1582,#1581,#1284,.F.);
#1925=EDGE_CURVE('',#1579,#1582,#1285,.T.);
#1926=EDGE_CURVE('',#1583,#1584,#1286,.F.);
#1927=EDGE_CURVE('',#1585,#1583,#1287,.F.);
#1928=EDGE_CURVE('',#1584,#1585,#1288,.F.);
#1929=EDGE_CURVE('',#1586,#1587,#1289,.T.);
#1930=EDGE_CURVE('',#1588,#1587,#1290,.T.);
#1931=EDGE_CURVE('',#1589,#1588,#1291,.F.);
#1932=EDGE_CURVE('',#1586,#1589,#1292,.T.);
#1933=EDGE_CURVE('',#1587,#1579,#224,.T.);
#1934=EDGE_CURVE('',#1582,#1588,#225,.T.);
#1935=EDGE_CURVE('',#1573,#1589,#226,.T.);
#1936=EDGE_CURVE('',#1588,#1575,#227,.T.);
#1937=EDGE_CURVE('',#1590,#1591,#1293,.F.);
#1938=EDGE_CURVE('',#1592,#1590,#1294,.F.);
#1939=EDGE_CURVE('',#1591,#1592,#1295,.F.);
#1940=EDGE_CURVE('',#1593,#1594,#1296,.F.);
#1941=EDGE_CURVE('',#1595,#1593,#1297,.F.);
#1942=EDGE_CURVE('',#1594,#1595,#1298,.F.);
#1943=EDGE_CURVE('',#1542,#1596,#1299,.T.);
#1944=EDGE_CURVE('',#1597,#1596,#1300,.T.);
#1945=EDGE_CURVE('',#1598,#1597,#1301,.F.);
#1946=EDGE_CURVE('',#1565,#1598,#1302,.T.);
#1947=EDGE_CURVE('',#1596,#1586,#228,.T.);
#1948=EDGE_CURVE('',#1589,#1597,#229,.T.);
#1949=EDGE_CURVE('',#1583,#1598,#230,.T.);
#1950=EDGE_CURVE('',#1597,#1585,#231,.T.);
#1951=EDGE_CURVE('',#1599,#1600,#1303,.F.);
#1952=EDGE_CURVE('',#1569,#1599,#1304,.T.);
#1953=EDGE_CURVE('',#1600,#1568,#1305,.T.);
#1954=EDGE_CURVE('',#1599,#1548,#232,.T.);
#1955=EDGE_CURVE('',#1601,#1566,#1306,.T.);
#1956=EDGE_CURVE('',#1602,#1601,#1307,.F.);
#1957=EDGE_CURVE('',#1567,#1602,#1308,.T.);
#1958=EDGE_CURVE('',#1598,#1601,#233,.T.);
#1959=EDGE_CURVE('',#1593,#1602,#234,.T.);
#1960=EDGE_CURVE('',#1601,#1595,#235,.T.);
#1961=EDGE_CURVE('',#1602,#1600,#236,.T.);
#1962=EDGE_CURVE('',#1590,#1599,#237,.T.);
#1963=EDGE_CURVE('',#1600,#1592,#238,.T.);
#1964=EDGE_CURVE('',#1584,#1594,#239,.T.);
#1965=EDGE_CURVE('',#1595,#1583,#240,.T.);
#1966=EDGE_CURVE('',#1594,#1591,#241,.T.);
#1967=EDGE_CURVE('',#1592,#1593,#242,.T.);
#1968=EDGE_CURVE('',#1576,#1549,#243,.T.);
#1969=EDGE_CURVE('',#1548,#1578,#244,.T.);
#1970=EDGE_CURVE('',#1580,#1550,#245,.T.);
#1971=EDGE_CURVE('',#1549,#1581,#246,.T.);
#1972=EDGE_CURVE('',#1591,#1577,#247,.T.);
#1973=EDGE_CURVE('',#1578,#1590,#248,.T.);
#1974=EDGE_CURVE('',#1574,#1584,#249,.T.);
#1975=EDGE_CURVE('',#1585,#1573,#250,.T.);
#1976=EDGE_CURVE('',#1570,#1582,#251,.T.);
#1977=EDGE_CURVE('',#1581,#1572,#252,.T.);
#1978=EDGE_CURVE('',#1577,#1571,#253,.T.);
#1979=EDGE_CURVE('',#1572,#1576,#254,.T.);
#1980=EDGE_CURVE('',#1571,#1574,#255,.T.);
#1981=EDGE_CURVE('',#1575,#1570,#256,.T.);
#1982=EDGE_CURVE('',#1603,#1562,#1309,.T.);
#1983=EDGE_CURVE('',#1604,#1603,#1310,.F.);
#1984=EDGE_CURVE('',#1563,#1604,#1311,.T.);
#1985=EDGE_CURVE('',#1605,#1560,#1312,.T.);
#1986=EDGE_CURVE('',#1606,#1605,#1313,.F.);
#1987=EDGE_CURVE('',#1561,#1606,#1314,.T.);
#1988=EDGE_CURVE('',#1607,#1608,#1315,.F.);
#1989=EDGE_CURVE('',#1609,#1607,#1316,.F.);
#1990=EDGE_CURVE('',#1608,#1609,#1317,.F.);
#1991=EDGE_CURVE('',#1607,#1604,#257,.T.);
#1992=EDGE_CURVE('',#1603,#1609,#258,.T.);
#1993=EDGE_CURVE('',#1610,#1564,#1318,.T.);
#1994=EDGE_CURVE('',#1611,#1610,#1319,.F.);
#1995=EDGE_CURVE('',#1555,#1611,#1320,.T.);
#1996=EDGE_CURVE('',#1604,#1610,#259,.T.);
#1997=EDGE_CURVE('',#1553,#1605,#260,.T.);
#1998=EDGE_CURVE('',#1612,#1613,#1321,.F.);
#1999=EDGE_CURVE('',#1614,#1612,#1322,.F.);
#2000=EDGE_CURVE('',#1613,#1614,#1323,.F.);
#2001=EDGE_CURVE('',#1612,#1606,#261,.T.);
#2002=EDGE_CURVE('',#1605,#1614,#262,.T.);
#2003=EDGE_CURVE('',#1615,#1616,#1324,.F.);
#2004=EDGE_CURVE('',#1617,#1615,#1325,.F.);
#2005=EDGE_CURVE('',#1616,#1617,#1326,.F.);
#2006=EDGE_CURVE('',#1615,#1611,#263,.T.);
#2007=EDGE_CURVE('',#1610,#1617,#264,.T.);
#2008=EDGE_CURVE('',#1608,#1616,#265,.T.);
#2009=EDGE_CURVE('',#1617,#1607,#266,.T.);
#2010=EDGE_CURVE('',#1618,#1556,#1327,.T.);
#2011=EDGE_CURVE('',#1619,#1618,#1328,.F.);
#2012=EDGE_CURVE('',#1557,#1619,#1329,.T.);
#2013=EDGE_CURVE('',#1611,#1618,#267,.T.);
#2014=EDGE_CURVE('',#1620,#1558,#1330,.T.);
#2015=EDGE_CURVE('',#1621,#1620,#1331,.F.);
#2016=EDGE_CURVE('',#1559,#1621,#1332,.T.);
#2017=EDGE_CURVE('',#1619,#1620,#268,.T.);
#2018=EDGE_CURVE('',#1622,#1623,#1333,.F.);
#2019=EDGE_CURVE('',#1624,#1622,#1334,.F.);
#2020=EDGE_CURVE('',#1623,#1624,#1335,.F.);
#2021=EDGE_CURVE('',#1622,#1553,#269,.T.);
#2022=EDGE_CURVE('',#1552,#1624,#270,.T.);
#2023=EDGE_CURVE('',#1625,#1626,#1336,.F.);
#2024=EDGE_CURVE('',#1627,#1625,#1337,.F.);
#2025=EDGE_CURVE('',#1626,#1627,#1338,.F.);
#2026=EDGE_CURVE('',#1625,#1619,#271,.T.);
#2027=EDGE_CURVE('',#1618,#1627,#272,.T.);
#2028=EDGE_CURVE('',#1616,#1626,#273,.T.);
#2029=EDGE_CURVE('',#1627,#1615,#274,.T.);
#2030=EDGE_CURVE('',#1628,#1629,#1339,.F.);
#2031=EDGE_CURVE('',#1630,#1628,#1340,.F.);
#2032=EDGE_CURVE('',#1629,#1630,#1341,.F.);
#2033=EDGE_CURVE('',#1628,#1621,#275,.T.);
#2034=EDGE_CURVE('',#1620,#1630,#276,.T.);
#2035=EDGE_CURVE('',#1626,#1629,#277,.T.);
#2036=EDGE_CURVE('',#1630,#1625,#278,.T.);
#2037=EDGE_CURVE('',#1629,#1623,#279,.T.);
#2038=EDGE_CURVE('',#1624,#1628,#280,.T.);
#2039=EDGE_CURVE('',#1623,#1613,#281,.T.);
#2040=EDGE_CURVE('',#1614,#1622,#282,.T.);
#2041=EDGE_CURVE('',#1621,#1552,#283,.T.);
#2042=EDGE_CURVE('',#1613,#1608,#284,.T.);
#2043=EDGE_CURVE('',#1609,#1612,#285,.T.);
#2044=EDGE_CURVE('',#1606,#1603,#286,.T.);
#2045=EDGE_CURVE('',#1508,#1631,#1342,.T.);
#2046=EDGE_CURVE('',#1631,#1492,#1343,.T.);
#2047=EDGE_CURVE('',#1507,#1632,#1344,.T.);
#2048=EDGE_CURVE('',#1632,#1631,#287,.T.);
#2049=EDGE_CURVE('',#1506,#1633,#1345,.T.);
#2050=EDGE_CURVE('',#1633,#1632,#1346,.T.);
#2051=EDGE_CURVE('',#1485,#1633,#288,.T.);
#2052=EDGE_CURVE('',#1633,#1634,#289,.T.);
#2053=EDGE_CURVE('',#1634,#1635,#1347,.T.);
#2054=EDGE_CURVE('',#1635,#1632,#290,.T.);
#2055=EDGE_CURVE('',#1636,#1635,#1452,.T.);
#2056=EDGE_CURVE('',#1634,#1637,#1453,.T.);
#2057=EDGE_CURVE('',#1637,#1636,#75,.T.);
#2058=EDGE_CURVE('',#1499,#1638,#1348,.F.);
#2059=EDGE_CURVE('',#1639,#1499,#1349,.F.);
#2060=EDGE_CURVE('',#1638,#1639,#1350,.F.);
#2061=EDGE_CURVE('',#1640,#1641,#1351,.F.);
#2062=EDGE_CURVE('',#1642,#1640,#1352,.F.);
#2063=EDGE_CURVE('',#1641,#1642,#1353,.F.);
#2064=EDGE_CURVE('',#1640,#1638,#291,.T.);
#2065=EDGE_CURVE('',#1639,#1642,#292,.T.);
#2066=EDGE_CURVE('',#1643,#1490,#1354,.F.);
#2067=EDGE_CURVE('',#1491,#1643,#1355,.F.);
#2068=EDGE_CURVE('',#1643,#1639,#293,.T.);
#2069=EDGE_CURVE('',#1644,#1645,#1356,.F.);
#2070=EDGE_CURVE('',#1497,#1644,#1357,.F.);
#2071=EDGE_CURVE('',#1645,#1497,#1358,.F.);
#2072=EDGE_CURVE('',#1644,#1643,#294,.T.);
#2073=EDGE_CURVE('',#1496,#1646,#1359,.T.);
#2074=EDGE_CURVE('',#1646,#1645,#295,.T.);
#2075=EDGE_CURVE('',#1495,#1647,#1360,.T.);
#2076=EDGE_CURVE('',#1647,#1646,#76,.T.);
#2077=EDGE_CURVE('',#1494,#1648,#1361,.T.);
#2078=EDGE_CURVE('',#1648,#1647,#296,.T.);
#2079=EDGE_CURVE('',#1493,#1649,#1362,.T.);
#2080=EDGE_CURVE('',#1649,#1648,#77,.T.);
#2081=EDGE_CURVE('',#1631,#1649,#297,.T.);
#2082=EDGE_CURVE('',#1645,#1641,#298,.T.);
#2083=EDGE_CURVE('',#1642,#1644,#299,.T.);
#2084=EDGE_CURVE('',#1650,#1651,#1363,.T.);
#2085=EDGE_CURVE('',#1651,#1652,#300,.T.);
#2086=EDGE_CURVE('',#1652,#1653,#1364,.T.);
#2087=EDGE_CURVE('',#1653,#1650,#301,.T.);
#2088=EDGE_CURVE('',#1654,#1655,#1365,.T.);
#2089=EDGE_CURVE('',#1655,#1651,#78,.T.);
#2090=EDGE_CURVE('',#1650,#1654,#79,.T.);
#2091=EDGE_CURVE('',#1654,#1640,#302,.T.);
#2092=EDGE_CURVE('',#1641,#1655,#303,.T.);
#2093=EDGE_CURVE('',#1637,#1653,#1454,.T.);
#2094=EDGE_CURVE('',#1652,#1636,#1455,.T.);
#2095=EDGE_CURVE('',#1638,#1484,#304,.T.);
#2096=EDGE_CURVE('',#1649,#1656,#1366,.T.);
#2097=EDGE_CURVE('',#1657,#1656,#1367,.T.);
#2098=EDGE_CURVE('',#1657,#1658,#1368,.T.);
#2099=EDGE_CURVE('',#1658,#1659,#1369,.T.);
#2100=EDGE_CURVE('',#1659,#1648,#1370,.T.);
#2101=EDGE_CURVE('',#1660,#1635,#305,.T.);
#2102=EDGE_CURVE('',#1661,#1660,#1371,.T.);
#2103=EDGE_CURVE('',#1662,#1661,#306,.T.);
#2104=EDGE_CURVE('',#1663,#1662,#1372,.T.);
#2105=EDGE_CURVE('',#1656,#1663,#307,.T.);
#2106=EDGE_CURVE('',#1664,#1646,#1373,.T.);
#2107=EDGE_CURVE('',#1665,#1664,#308,.T.);
#2108=EDGE_CURVE('',#1666,#1665,#1374,.T.);
#2109=EDGE_CURVE('',#1667,#1666,#309,.T.);
#2110=EDGE_CURVE('',#1668,#1667,#1375,.T.);
#2111=EDGE_CURVE('',#1669,#1668,#310,.T.);
#2112=EDGE_CURVE('',#1655,#1669,#1376,.T.);
#2113=EDGE_CURVE('',#1670,#1659,#311,.T.);
#2114=EDGE_CURVE('',#1671,#1670,#1377,.T.);
#2115=EDGE_CURVE('',#1672,#1671,#312,.T.);
#2116=EDGE_CURVE('',#1673,#1672,#1378,.T.);
#2117=EDGE_CURVE('',#1652,#1673,#313,.T.);
#2118=EDGE_CURVE('',#1674,#1651,#1379,.T.);
#2119=EDGE_CURVE('',#1675,#1674,#314,.T.);
#2120=EDGE_CURVE('',#1676,#1675,#1380,.T.);
#2121=EDGE_CURVE('',#1677,#1676,#315,.T.);
#2122=EDGE_CURVE('',#1678,#1677,#1381,.T.);
#2123=EDGE_CURVE('',#1679,#1678,#316,.T.);
#2124=EDGE_CURVE('',#1647,#1679,#1382,.T.);
#2125=EDGE_CURVE('',#1680,#1681,#1383,.F.);
#2126=EDGE_CURVE('',#1682,#1680,#1384,.F.);
#2127=EDGE_CURVE('',#1681,#1682,#1385,.F.);
#2128=EDGE_CURVE('',#1683,#1669,#1386,.T.);
#2129=EDGE_CURVE('',#1684,#1683,#1387,.F.);
#2130=EDGE_CURVE('',#1674,#1684,#1388,.T.);
#2131=EDGE_CURVE('',#1685,#1686,#1389,.F.);
#2132=EDGE_CURVE('',#1687,#1685,#1390,.F.);
#2133=EDGE_CURVE('',#1686,#1687,#1391,.F.);
#2134=EDGE_CURVE('',#1688,#1689,#1392,.F.);
#2135=EDGE_CURVE('',#1690,#1688,#1393,.F.);
#2136=EDGE_CURVE('',#1689,#1690,#1394,.F.);
#2137=EDGE_CURVE('',#1691,#1667,#1395,.T.);
#2138=EDGE_CURVE('',#1692,#1691,#1396,.F.);
#2139=EDGE_CURVE('',#1668,#1692,#1397,.T.);
#2140=EDGE_CURVE('',#1693,#1675,#1398,.T.);
#2141=EDGE_CURVE('',#1694,#1693,#1399,.F.);
#2142=EDGE_CURVE('',#1676,#1694,#1400,.T.);
#2143=EDGE_CURVE('',#1684,#1693,#317,.T.);
#2144=EDGE_CURVE('',#1688,#1694,#318,.T.);
#2145=EDGE_CURVE('',#1693,#1690,#319,.T.);
#2146=EDGE_CURVE('',#1695,#1696,#1401,.F.);
#2147=EDGE_CURVE('',#1697,#1695,#1402,.F.);
#2148=EDGE_CURVE('',#1696,#1697,#1403,.F.);
#2149=EDGE_CURVE('',#1698,#1699,#1404,.F.);
#2150=EDGE_CURVE('',#1700,#1698,#1405,.F.);
#2151=EDGE_CURVE('',#1699,#1700,#1406,.F.);
#2152=EDGE_CURVE('',#1701,#1665,#1407,.T.);
#2153=EDGE_CURVE('',#1702,#1701,#1408,.F.);
#2154=EDGE_CURVE('',#1666,#1702,#1409,.T.);
#2155=EDGE_CURVE('',#1703,#1704,#1410,.F.);
#2156=EDGE_CURVE('',#1678,#1703,#1411,.T.);
#2157=EDGE_CURVE('',#1704,#1677,#1412,.T.);
#2158=EDGE_CURVE('',#1705,#1706,#1413,.F.);
#2159=EDGE_CURVE('',#1707,#1705,#1414,.F.);
#2160=EDGE_CURVE('',#1706,#1707,#1415,.F.);
#2161=EDGE_CURVE('',#1708,#1679,#1416,.T.);
#2162=EDGE_CURVE('',#1709,#1708,#1417,.F.);
#2163=EDGE_CURVE('',#1664,#1709,#1418,.T.);
#2164=EDGE_CURVE('',#1703,#1708,#320,.T.);
#2165=EDGE_CURVE('',#1705,#1709,#321,.T.);
#2166=EDGE_CURVE('',#1708,#1707,#322,.T.);
#2167=EDGE_CURVE('',#1709,#1701,#323,.T.);
#2168=EDGE_CURVE('',#1699,#1706,#324,.T.);
#2169=EDGE_CURVE('',#1707,#1698,#325,.T.);
#2170=EDGE_CURVE('',#1706,#1696,#326,.T.);
#2171=EDGE_CURVE('',#1697,#1705,#327,.T.);
#2172=EDGE_CURVE('',#1694,#1704,#328,.T.);
#2173=EDGE_CURVE('',#1698,#1703,#329,.T.);
#2174=EDGE_CURVE('',#1704,#1700,#330,.T.);
#2175=EDGE_CURVE('',#1695,#1702,#331,.T.);
#2176=EDGE_CURVE('',#1701,#1697,#332,.T.);
#2177=EDGE_CURVE('',#1702,#1691,#333,.T.);
#2178=EDGE_CURVE('',#1689,#1699,#334,.T.);
#2179=EDGE_CURVE('',#1700,#1688,#335,.T.);
#2180=EDGE_CURVE('',#1696,#1686,#336,.T.);
#2181=EDGE_CURVE('',#1687,#1695,#337,.T.);
#2182=EDGE_CURVE('',#1685,#1692,#338,.T.);
#2183=EDGE_CURVE('',#1691,#1687,#339,.T.);
#2184=EDGE_CURVE('',#1692,#1683,#340,.T.);
#2185=EDGE_CURVE('',#1681,#1689,#341,.T.);
#2186=EDGE_CURVE('',#1690,#1680,#342,.T.);
#2187=EDGE_CURVE('',#1686,#1681,#343,.T.);
#2188=EDGE_CURVE('',#1682,#1685,#344,.T.);
#2189=EDGE_CURVE('',#1680,#1684,#345,.T.);
#2190=EDGE_CURVE('',#1683,#1682,#346,.T.);
#2191=EDGE_CURVE('',#1710,#1636,#1456,.T.);
#2192=EDGE_CURVE('',#1710,#1711,#347,.T.);
#2193=EDGE_CURVE('',#1711,#1660,#1419,.T.);
#2194=EDGE_CURVE('',#1712,#1661,#1420,.T.);
#2195=EDGE_CURVE('',#1711,#1712,#1421,.T.);
#2196=EDGE_CURVE('',#1713,#1662,#1422,.T.);
#2197=EDGE_CURVE('',#1712,#1713,#348,.T.);
#2198=EDGE_CURVE('',#1714,#1663,#1423,.T.);
#2199=EDGE_CURVE('',#1713,#1714,#1424,.T.);
#2200=EDGE_CURVE('',#1714,#1657,#349,.T.);
#2201=EDGE_CURVE('',#1715,#1670,#1425,.T.);
#2202=EDGE_CURVE('',#1658,#1715,#350,.T.);
#2203=EDGE_CURVE('',#1716,#1671,#1426,.T.);
#2204=EDGE_CURVE('',#1715,#1716,#1427,.T.);
#2205=EDGE_CURVE('',#1717,#1672,#1428,.T.);
#2206=EDGE_CURVE('',#1716,#1717,#351,.T.);
#2207=EDGE_CURVE('',#1718,#1673,#1429,.T.);
#2208=EDGE_CURVE('',#1717,#1718,#1430,.T.);
#2209=EDGE_CURVE('',#1718,#1710,#352,.T.);
#2210=EDGE_CURVE('',#1657,#1719,#353,.T.);
#2211=EDGE_CURVE('',#1719,#1720,#1431,.T.);
#2212=EDGE_CURVE('',#1720,#1658,#354,.T.);
#2213=EDGE_CURVE('',#1721,#1714,#355,.T.);
#2214=EDGE_CURVE('',#1719,#1721,#356,.T.);
#2215=EDGE_CURVE('',#1713,#1722,#357,.T.);
#2216=EDGE_CURVE('',#1722,#1721,#1432,.T.);
#2217=EDGE_CURVE('',#1723,#1712,#358,.T.);
#2218=EDGE_CURVE('',#1722,#1723,#359,.T.);
#2219=EDGE_CURVE('',#1711,#1724,#360,.T.);
#2220=EDGE_CURVE('',#1724,#1723,#1433,.T.);
#2221=EDGE_CURVE('',#1710,#1725,#361,.T.);
#2222=EDGE_CURVE('',#1724,#1725,#362,.T.);
#2223=EDGE_CURVE('',#1719,#1726,#1434,.T.);
#2224=EDGE_CURVE('',#1726,#1720,#1435,.T.);
#2225=EDGE_CURVE('',#1727,#1721,#1436,.T.);
#2226=EDGE_CURVE('',#1727,#1726,#363,.T.);
#2227=EDGE_CURVE('',#1715,#1728,#364,.T.);
#2228=EDGE_CURVE('',#1728,#1729,#1437,.T.);
#2229=EDGE_CURVE('',#1729,#1716,#365,.T.);
#2230=EDGE_CURVE('',#1728,#1730,#1438,.T.);
#2231=EDGE_CURVE('',#1730,#1729,#1439,.T.);
#2232=EDGE_CURVE('',#1726,#1730,#366,.T.);
#2233=EDGE_CURVE('',#1728,#1720,#367,.T.);
#2234=EDGE_CURVE('',#1717,#1731,#368,.T.);
#2235=EDGE_CURVE('',#1731,#1732,#1440,.T.);
#2236=EDGE_CURVE('',#1732,#1718,#369,.T.);
#2237=EDGE_CURVE('',#1731,#1733,#1441,.T.);
#2238=EDGE_CURVE('',#1733,#1732,#1442,.T.);
#2239=EDGE_CURVE('',#1730,#1733,#370,.T.);
#2240=EDGE_CURVE('',#1731,#1729,#371,.T.);
#2241=EDGE_CURVE('',#1724,#1734,#1443,.T.);
#2242=EDGE_CURVE('',#1734,#1723,#1444,.T.);
#2243=EDGE_CURVE('',#1735,#1725,#1457,.T.);
#2244=EDGE_CURVE('',#1735,#1734,#372,.T.);
#2245=EDGE_CURVE('',#1722,#1727,#1445,.T.);
#2246=EDGE_CURVE('',#1734,#1727,#373,.T.);
#2247=EDGE_CURVE('',#1733,#1735,#374,.T.);
#2248=EDGE_CURVE('',#1725,#1732,#375,.T.);
#2249=ORIENTED_EDGE('',*,*,#1736,.T.);
#2250=ORIENTED_EDGE('',*,*,#1737,.T.);
#2251=ORIENTED_EDGE('',*,*,#1738,.T.);
#2252=ORIENTED_EDGE('',*,*,#1737,.F.);
#2253=ORIENTED_EDGE('',*,*,#1739,.T.);
#2254=ORIENTED_EDGE('',*,*,#1740,.T.);
#2255=ORIENTED_EDGE('',*,*,#1741,.T.);
#2256=ORIENTED_EDGE('',*,*,#1742,.T.);
#2257=ORIENTED_EDGE('',*,*,#1743,.T.);
#2258=ORIENTED_EDGE('',*,*,#1744,.T.);
#2259=ORIENTED_EDGE('',*,*,#1740,.F.);
#2260=ORIENTED_EDGE('',*,*,#1745,.T.);
#2261=ORIENTED_EDGE('',*,*,#1746,.T.);
#2262=ORIENTED_EDGE('',*,*,#1747,.T.);
#2263=ORIENTED_EDGE('',*,*,#1748,.F.);
#2264=ORIENTED_EDGE('',*,*,#1749,.F.);
#2265=ORIENTED_EDGE('',*,*,#1750,.F.);
#2266=ORIENTED_EDGE('',*,*,#1736,.F.);
#2267=ORIENTED_EDGE('',*,*,#1751,.T.);
#2268=ORIENTED_EDGE('',*,*,#1749,.T.);
#2269=ORIENTED_EDGE('',*,*,#1752,.T.);
#2270=ORIENTED_EDGE('',*,*,#1753,.T.);
#2271=ORIENTED_EDGE('',*,*,#1748,.T.);
#2272=ORIENTED_EDGE('',*,*,#1754,.T.);
#2273=ORIENTED_EDGE('',*,*,#1755,.T.);
#2274=ORIENTED_EDGE('',*,*,#1756,.F.);
#2275=ORIENTED_EDGE('',*,*,#1757,.F.);
#2276=ORIENTED_EDGE('',*,*,#1758,.F.);
#2277=ORIENTED_EDGE('',*,*,#1746,.F.);
#2278=ORIENTED_EDGE('',*,*,#1759,.T.);
#2279=ORIENTED_EDGE('',*,*,#1757,.T.);
#2280=ORIENTED_EDGE('',*,*,#1760,.T.);
#2281=ORIENTED_EDGE('',*,*,#1761,.T.);
#2282=ORIENTED_EDGE('',*,*,#1762,.T.);
#2283=ORIENTED_EDGE('',*,*,#1758,.T.);
#2284=ORIENTED_EDGE('',*,*,#1763,.T.);
#2285=ORIENTED_EDGE('',*,*,#1764,.F.);
#2286=ORIENTED_EDGE('',*,*,#1765,.F.);
#2287=ORIENTED_EDGE('',*,*,#1766,.F.);
#2288=ORIENTED_EDGE('',*,*,#1765,.T.);
#2289=ORIENTED_EDGE('',*,*,#1767,.T.);
#2290=ORIENTED_EDGE('',*,*,#1756,.T.);
#2291=ORIENTED_EDGE('',*,*,#1768,.T.);
#2292=ORIENTED_EDGE('',*,*,#1769,.T.);
#2293=ORIENTED_EDGE('',*,*,#1766,.T.);
#2294=ORIENTED_EDGE('',*,*,#1770,.T.);
#2295=ORIENTED_EDGE('',*,*,#1755,.F.);
#2296=ORIENTED_EDGE('',*,*,#1771,.F.);
#2297=ORIENTED_EDGE('',*,*,#1772,.F.);
#2298=ORIENTED_EDGE('',*,*,#1773,.F.);
#2299=ORIENTED_EDGE('',*,*,#1747,.F.);
#2300=ORIENTED_EDGE('',*,*,#1774,.T.);
#2301=ORIENTED_EDGE('',*,*,#1772,.T.);
#2302=ORIENTED_EDGE('',*,*,#1775,.T.);
#2303=ORIENTED_EDGE('',*,*,#1764,.T.);
#2304=ORIENTED_EDGE('',*,*,#1776,.T.);
#2305=ORIENTED_EDGE('',*,*,#1773,.T.);
#2306=ORIENTED_EDGE('',*,*,#1777,.T.);
#2307=ORIENTED_EDGE('',*,*,#1771,.T.);
#2308=ORIENTED_EDGE('',*,*,#1778,.T.);
#2309=ORIENTED_EDGE('',*,*,#1750,.T.);
#2310=ORIENTED_EDGE('',*,*,#1779,.T.);
#2311=ORIENTED_EDGE('',*,*,#1780,.T.);
#2312=ORIENTED_EDGE('',*,*,#1781,.T.);
#2313=ORIENTED_EDGE('',*,*,#1761,.F.);
#2314=ORIENTED_EDGE('',*,*,#1782,.T.);
#2315=ORIENTED_EDGE('',*,*,#1783,.T.);
#2316=ORIENTED_EDGE('',*,*,#1784,.T.);
#2317=ORIENTED_EDGE('',*,*,#1785,.T.);
#2318=ORIENTED_EDGE('',*,*,#1743,.F.);
#2319=ORIENTED_EDGE('',*,*,#1786,.T.);
#2320=ORIENTED_EDGE('',*,*,#1787,.T.);
#2321=ORIENTED_EDGE('',*,*,#1784,.F.);
#2322=ORIENTED_EDGE('',*,*,#1788,.T.);
#2323=ORIENTED_EDGE('',*,*,#1789,.T.);
#2324=ORIENTED_EDGE('',*,*,#1790,.T.);
#2325=ORIENTED_EDGE('',*,*,#1787,.F.);
#2326=ORIENTED_EDGE('',*,*,#1791,.F.);
#2327=ORIENTED_EDGE('',*,*,#1792,.F.);
#2328=ORIENTED_EDGE('',*,*,#1793,.F.);
#2329=ORIENTED_EDGE('',*,*,#1794,.F.);
#2330=ORIENTED_EDGE('',*,*,#1795,.F.);
#2331=ORIENTED_EDGE('',*,*,#1796,.F.);
#2332=ORIENTED_EDGE('',*,*,#1797,.F.);
#2333=ORIENTED_EDGE('',*,*,#1788,.F.);
#2334=ORIENTED_EDGE('',*,*,#1786,.F.);
#2335=ORIENTED_EDGE('',*,*,#1798,.T.);
#2336=ORIENTED_EDGE('',*,*,#1799,.T.);
#2337=ORIENTED_EDGE('',*,*,#1791,.T.);
#2338=ORIENTED_EDGE('',*,*,#1741,.F.);
#2339=ORIENTED_EDGE('',*,*,#1744,.F.);
#2340=ORIENTED_EDGE('',*,*,#1785,.F.);
#2341=ORIENTED_EDGE('',*,*,#1790,.F.);
#2342=ORIENTED_EDGE('',*,*,#1800,.F.);
#2343=ORIENTED_EDGE('',*,*,#1801,.F.);
#2344=ORIENTED_EDGE('',*,*,#1782,.F.);
#2345=ORIENTED_EDGE('',*,*,#1763,.F.);
#2346=ORIENTED_EDGE('',*,*,#1759,.F.);
#2347=ORIENTED_EDGE('',*,*,#1802,.F.);
#2348=ORIENTED_EDGE('',*,*,#1803,.F.);
#2349=ORIENTED_EDGE('',*,*,#1804,.F.);
#2350=ORIENTED_EDGE('',*,*,#1805,.F.);
#2351=ORIENTED_EDGE('',*,*,#1806,.F.);
#2352=ORIENTED_EDGE('',*,*,#1807,.F.);
#2353=ORIENTED_EDGE('',*,*,#1808,.F.);
#2354=ORIENTED_EDGE('',*,*,#1739,.F.);
#2355=ORIENTED_EDGE('',*,*,#1752,.F.);
#2356=ORIENTED_EDGE('',*,*,#1753,.F.);
#2357=ORIENTED_EDGE('',*,*,#1809,.F.);
#2358=ORIENTED_EDGE('',*,*,#1742,.F.);
#2359=ORIENTED_EDGE('',*,*,#1809,.T.);
#2360=ORIENTED_EDGE('',*,*,#1770,.F.);
#2361=ORIENTED_EDGE('',*,*,#1768,.F.);
#2362=ORIENTED_EDGE('',*,*,#1762,.F.);
#2363=ORIENTED_EDGE('',*,*,#1810,.F.);
#2364=ORIENTED_EDGE('',*,*,#1811,.F.);
#2365=ORIENTED_EDGE('',*,*,#1812,.F.);
#2366=ORIENTED_EDGE('',*,*,#1813,.F.);
#2367=ORIENTED_EDGE('',*,*,#1798,.F.);
#2368=ORIENTED_EDGE('',*,*,#1754,.F.);
#2369=ORIENTED_EDGE('',*,*,#1778,.F.);
#2370=ORIENTED_EDGE('',*,*,#1776,.F.);
#2371=ORIENTED_EDGE('',*,*,#1769,.F.);
#2372=ORIENTED_EDGE('',*,*,#1760,.F.);
#2373=ORIENTED_EDGE('',*,*,#1767,.F.);
#2374=ORIENTED_EDGE('',*,*,#1777,.F.);
#2375=ORIENTED_EDGE('',*,*,#1774,.F.);
#2376=ORIENTED_EDGE('',*,*,#1814,.T.);
#2377=ORIENTED_EDGE('',*,*,#1815,.T.);
#2378=ORIENTED_EDGE('',*,*,#1816,.T.);
#2379=ORIENTED_EDGE('',*,*,#1806,.T.);
#2380=ORIENTED_EDGE('',*,*,#1817,.T.);
#2381=ORIENTED_EDGE('',*,*,#1807,.T.);
#2382=ORIENTED_EDGE('',*,*,#1816,.F.);
#2383=ORIENTED_EDGE('',*,*,#1818,.T.);
#2384=ORIENTED_EDGE('',*,*,#1738,.F.);
#2385=ORIENTED_EDGE('',*,*,#1808,.T.);
#2386=ORIENTED_EDGE('',*,*,#1817,.F.);
#2387=ORIENTED_EDGE('',*,*,#1819,.T.);
#2388=ORIENTED_EDGE('',*,*,#1820,.T.);
#2389=ORIENTED_EDGE('',*,*,#1821,.T.);
#2390=ORIENTED_EDGE('',*,*,#1822,.T.);
#2391=ORIENTED_EDGE('',*,*,#1805,.T.);
#2392=ORIENTED_EDGE('',*,*,#1745,.F.);
#2393=ORIENTED_EDGE('',*,*,#1823,.T.);
#2394=ORIENTED_EDGE('',*,*,#1824,.T.);
#2395=ORIENTED_EDGE('',*,*,#1802,.T.);
#2396=ORIENTED_EDGE('',*,*,#1825,.T.);
#2397=ORIENTED_EDGE('',*,*,#1803,.T.);
#2398=ORIENTED_EDGE('',*,*,#1824,.F.);
#2399=ORIENTED_EDGE('',*,*,#1826,.T.);
#2400=ORIENTED_EDGE('',*,*,#1827,.T.);
#2401=ORIENTED_EDGE('',*,*,#1804,.T.);
#2402=ORIENTED_EDGE('',*,*,#1825,.F.);
#2403=ORIENTED_EDGE('',*,*,#1828,.T.);
#2404=ORIENTED_EDGE('',*,*,#1827,.F.);
#2405=ORIENTED_EDGE('',*,*,#1829,.T.);
#2406=ORIENTED_EDGE('',*,*,#1820,.F.);
#2407=ORIENTED_EDGE('',*,*,#1822,.F.);
#2408=ORIENTED_EDGE('',*,*,#1830,.T.);
#2409=ORIENTED_EDGE('',*,*,#1814,.F.);
#2410=ORIENTED_EDGE('',*,*,#1818,.F.);
#2411=ORIENTED_EDGE('',*,*,#1831,.T.);
#2412=ORIENTED_EDGE('',*,*,#1832,.T.);
#2413=ORIENTED_EDGE('',*,*,#1833,.T.);
#2414=ORIENTED_EDGE('',*,*,#1815,.F.);
#2415=ORIENTED_EDGE('',*,*,#1834,.F.);
#2416=ORIENTED_EDGE('',*,*,#1835,.F.);
#2417=ORIENTED_EDGE('',*,*,#1836,.F.);
#2418=ORIENTED_EDGE('',*,*,#1837,.F.);
#2419=ORIENTED_EDGE('',*,*,#1838,.F.);
#2420=ORIENTED_EDGE('',*,*,#1839,.F.);
#2421=ORIENTED_EDGE('',*,*,#1831,.F.);
#2422=ORIENTED_EDGE('',*,*,#1830,.F.);
#2423=ORIENTED_EDGE('',*,*,#1840,.T.);
#2424=ORIENTED_EDGE('',*,*,#1841,.T.);
#2425=ORIENTED_EDGE('',*,*,#1834,.T.);
#2426=ORIENTED_EDGE('',*,*,#1821,.F.);
#2427=ORIENTED_EDGE('',*,*,#1842,.F.);
#2428=ORIENTED_EDGE('',*,*,#1843,.F.);
#2429=ORIENTED_EDGE('',*,*,#1840,.F.);
#2430=ORIENTED_EDGE('',*,*,#1829,.F.);
#2431=ORIENTED_EDGE('',*,*,#1844,.T.);
#2432=ORIENTED_EDGE('',*,*,#1845,.T.);
#2433=ORIENTED_EDGE('',*,*,#1842,.T.);
#2434=ORIENTED_EDGE('',*,*,#1828,.F.);
#2435=ORIENTED_EDGE('',*,*,#1846,.F.);
#2436=ORIENTED_EDGE('',*,*,#1847,.F.);
#2437=ORIENTED_EDGE('',*,*,#1848,.F.);
#2438=ORIENTED_EDGE('',*,*,#1849,.F.);
#2439=ORIENTED_EDGE('',*,*,#1850,.F.);
#2440=ORIENTED_EDGE('',*,*,#1851,.F.);
#2441=ORIENTED_EDGE('',*,*,#1844,.F.);
#2442=ORIENTED_EDGE('',*,*,#1826,.F.);
#2443=ORIENTED_EDGE('',*,*,#1852,.T.);
#2444=ORIENTED_EDGE('',*,*,#1853,.T.);
#2445=ORIENTED_EDGE('',*,*,#1846,.T.);
#2446=ORIENTED_EDGE('',*,*,#1751,.F.);
#2447=ORIENTED_EDGE('',*,*,#1819,.F.);
#2448=ORIENTED_EDGE('',*,*,#1833,.F.);
#2449=ORIENTED_EDGE('',*,*,#1854,.F.);
#2450=ORIENTED_EDGE('',*,*,#1855,.F.);
#2451=ORIENTED_EDGE('',*,*,#1856,.F.);
#2452=ORIENTED_EDGE('',*,*,#1852,.F.);
#2453=ORIENTED_EDGE('',*,*,#1823,.F.);
#2454=ORIENTED_EDGE('',*,*,#1775,.F.);
#2455=ORIENTED_EDGE('',*,*,#1779,.F.);
#2456=ORIENTED_EDGE('',*,*,#1857,.F.);
#2457=ORIENTED_EDGE('',*,*,#1845,.F.);
#2458=ORIENTED_EDGE('',*,*,#1858,.F.);
#2459=ORIENTED_EDGE('',*,*,#1859,.F.);
#2460=ORIENTED_EDGE('',*,*,#1841,.F.);
#2461=ORIENTED_EDGE('',*,*,#1860,.F.);
#2462=ORIENTED_EDGE('',*,*,#1857,.T.);
#2463=ORIENTED_EDGE('',*,*,#1861,.T.);
#2464=ORIENTED_EDGE('',*,*,#1860,.T.);
#2465=ORIENTED_EDGE('',*,*,#1843,.T.);
#2466=ORIENTED_EDGE('',*,*,#1862,.F.);
#2467=ORIENTED_EDGE('',*,*,#1853,.F.);
#2468=ORIENTED_EDGE('',*,*,#1856,.T.);
#2469=ORIENTED_EDGE('',*,*,#1863,.F.);
#2470=ORIENTED_EDGE('',*,*,#1854,.T.);
#2471=ORIENTED_EDGE('',*,*,#1832,.F.);
#2472=ORIENTED_EDGE('',*,*,#1864,.F.);
#2473=ORIENTED_EDGE('',*,*,#1865,.F.);
#2474=ORIENTED_EDGE('',*,*,#1866,.T.);
#2475=ORIENTED_EDGE('',*,*,#1867,.T.);
#2476=ORIENTED_EDGE('',*,*,#1864,.T.);
#2477=ORIENTED_EDGE('',*,*,#1839,.T.);
#2478=ORIENTED_EDGE('',*,*,#1868,.T.);
#2479=ORIENTED_EDGE('',*,*,#1869,.T.);
#2480=ORIENTED_EDGE('',*,*,#1866,.F.);
#2481=ORIENTED_EDGE('',*,*,#1838,.T.);
#2482=ORIENTED_EDGE('',*,*,#1868,.F.);
#2483=ORIENTED_EDGE('',*,*,#1837,.T.);
#2484=ORIENTED_EDGE('',*,*,#1870,.T.);
#2485=ORIENTED_EDGE('',*,*,#1871,.T.);
#2486=ORIENTED_EDGE('',*,*,#1872,.T.);
#2487=ORIENTED_EDGE('',*,*,#1873,.T.);
#2488=ORIENTED_EDGE('',*,*,#1870,.F.);
#2489=ORIENTED_EDGE('',*,*,#1836,.T.);
#2490=ORIENTED_EDGE('',*,*,#1872,.F.);
#2491=ORIENTED_EDGE('',*,*,#1835,.T.);
#2492=ORIENTED_EDGE('',*,*,#1859,.T.);
#2493=ORIENTED_EDGE('',*,*,#1874,.T.);
#2494=ORIENTED_EDGE('',*,*,#1863,.T.);
#2495=ORIENTED_EDGE('',*,*,#1855,.T.);
#2496=ORIENTED_EDGE('',*,*,#1865,.T.);
#2497=ORIENTED_EDGE('',*,*,#1875,.T.);
#2498=ORIENTED_EDGE('',*,*,#1876,.T.);
#2499=ORIENTED_EDGE('',*,*,#1877,.T.);
#2500=ORIENTED_EDGE('',*,*,#1858,.T.);
#2501=ORIENTED_EDGE('',*,*,#1851,.T.);
#2502=ORIENTED_EDGE('',*,*,#1878,.T.);
#2503=ORIENTED_EDGE('',*,*,#1879,.T.);
#2504=ORIENTED_EDGE('',*,*,#1876,.F.);
#2505=ORIENTED_EDGE('',*,*,#1850,.T.);
#2506=ORIENTED_EDGE('',*,*,#1878,.F.);
#2507=ORIENTED_EDGE('',*,*,#1849,.T.);
#2508=ORIENTED_EDGE('',*,*,#1880,.T.);
#2509=ORIENTED_EDGE('',*,*,#1881,.T.);
#2510=ORIENTED_EDGE('',*,*,#1882,.T.);
#2511=ORIENTED_EDGE('',*,*,#1883,.T.);
#2512=ORIENTED_EDGE('',*,*,#1880,.F.);
#2513=ORIENTED_EDGE('',*,*,#1848,.T.);
#2514=ORIENTED_EDGE('',*,*,#1882,.F.);
#2515=ORIENTED_EDGE('',*,*,#1847,.T.);
#2516=ORIENTED_EDGE('',*,*,#1862,.T.);
#2517=ORIENTED_EDGE('',*,*,#1884,.T.);
#2518=ORIENTED_EDGE('',*,*,#1879,.F.);
#2519=ORIENTED_EDGE('',*,*,#1885,.T.);
#2520=ORIENTED_EDGE('',*,*,#1886,.F.);
#2521=ORIENTED_EDGE('',*,*,#1887,.F.);
#2522=ORIENTED_EDGE('',*,*,#1888,.F.);
#2523=ORIENTED_EDGE('',*,*,#1889,.T.);
#2524=ORIENTED_EDGE('',*,*,#1883,.F.);
#2525=ORIENTED_EDGE('',*,*,#1890,.T.);
#2526=ORIENTED_EDGE('',*,*,#1891,.F.);
#2527=ORIENTED_EDGE('',*,*,#1892,.F.);
#2528=ORIENTED_EDGE('',*,*,#1893,.F.);
#2529=ORIENTED_EDGE('',*,*,#1894,.T.);
#2530=ORIENTED_EDGE('',*,*,#1884,.F.);
#2531=ORIENTED_EDGE('',*,*,#1875,.F.);
#2532=ORIENTED_EDGE('',*,*,#1867,.F.);
#2533=ORIENTED_EDGE('',*,*,#1895,.F.);
#2534=ORIENTED_EDGE('',*,*,#1896,.F.);
#2535=ORIENTED_EDGE('',*,*,#1897,.F.);
#2536=ORIENTED_EDGE('',*,*,#1898,.F.);
#2537=ORIENTED_EDGE('',*,*,#1899,.F.);
#2538=ORIENTED_EDGE('',*,*,#1900,.F.);
#2539=ORIENTED_EDGE('',*,*,#1890,.F.);
#2540=ORIENTED_EDGE('',*,*,#1881,.F.);
#2541=ORIENTED_EDGE('',*,*,#1894,.F.);
#2542=ORIENTED_EDGE('',*,*,#1901,.F.);
#2543=ORIENTED_EDGE('',*,*,#1902,.F.);
#2544=ORIENTED_EDGE('',*,*,#1903,.F.);
#2545=ORIENTED_EDGE('',*,*,#1904,.F.);
#2546=ORIENTED_EDGE('',*,*,#1905,.F.);
#2547=ORIENTED_EDGE('',*,*,#1906,.F.);
#2548=ORIENTED_EDGE('',*,*,#1871,.F.);
#2549=ORIENTED_EDGE('',*,*,#1907,.F.);
#2550=ORIENTED_EDGE('',*,*,#1908,.F.);
#2551=ORIENTED_EDGE('',*,*,#1909,.F.);
#2552=ORIENTED_EDGE('',*,*,#1910,.F.);
#2553=ORIENTED_EDGE('',*,*,#1911,.F.);
#2554=ORIENTED_EDGE('',*,*,#1912,.F.);
#2555=ORIENTED_EDGE('',*,*,#1885,.F.);
#2556=ORIENTED_EDGE('',*,*,#1913,.F.);
#2557=ORIENTED_EDGE('',*,*,#1914,.F.);
#2558=ORIENTED_EDGE('',*,*,#1915,.F.);
#2559=ORIENTED_EDGE('',*,*,#1916,.F.);
#2560=ORIENTED_EDGE('',*,*,#1917,.F.);
#2561=ORIENTED_EDGE('',*,*,#1918,.F.);
#2562=ORIENTED_EDGE('',*,*,#1919,.F.);
#2563=ORIENTED_EDGE('',*,*,#1920,.F.);
#2564=ORIENTED_EDGE('',*,*,#1921,.F.);
#2565=ORIENTED_EDGE('',*,*,#1922,.T.);
#2566=ORIENTED_EDGE('',*,*,#1923,.F.);
#2567=ORIENTED_EDGE('',*,*,#1924,.F.);
#2568=ORIENTED_EDGE('',*,*,#1925,.F.);
#2569=ORIENTED_EDGE('',*,*,#1926,.F.);
#2570=ORIENTED_EDGE('',*,*,#1927,.F.);
#2571=ORIENTED_EDGE('',*,*,#1928,.F.);
#2572=ORIENTED_EDGE('',*,*,#1929,.T.);
#2573=ORIENTED_EDGE('',*,*,#1930,.F.);
#2574=ORIENTED_EDGE('',*,*,#1931,.F.);
#2575=ORIENTED_EDGE('',*,*,#1932,.F.);
#2576=ORIENTED_EDGE('',*,*,#1930,.T.);
#2577=ORIENTED_EDGE('',*,*,#1933,.T.);
#2578=ORIENTED_EDGE('',*,*,#1925,.T.);
#2579=ORIENTED_EDGE('',*,*,#1934,.T.);
#2580=ORIENTED_EDGE('',*,*,#1917,.T.);
#2581=ORIENTED_EDGE('',*,*,#1935,.T.);
#2582=ORIENTED_EDGE('',*,*,#1931,.T.);
#2583=ORIENTED_EDGE('',*,*,#1936,.T.);
#2584=ORIENTED_EDGE('',*,*,#1937,.F.);
#2585=ORIENTED_EDGE('',*,*,#1938,.F.);
#2586=ORIENTED_EDGE('',*,*,#1939,.F.);
#2587=ORIENTED_EDGE('',*,*,#1940,.F.);
#2588=ORIENTED_EDGE('',*,*,#1941,.F.);
#2589=ORIENTED_EDGE('',*,*,#1942,.F.);
#2590=ORIENTED_EDGE('',*,*,#1873,.F.);
#2591=ORIENTED_EDGE('',*,*,#1943,.T.);
#2592=ORIENTED_EDGE('',*,*,#1944,.F.);
#2593=ORIENTED_EDGE('',*,*,#1945,.F.);
#2594=ORIENTED_EDGE('',*,*,#1946,.F.);
#2595=ORIENTED_EDGE('',*,*,#1907,.T.);
#2596=ORIENTED_EDGE('',*,*,#1944,.T.);
#2597=ORIENTED_EDGE('',*,*,#1947,.T.);
#2598=ORIENTED_EDGE('',*,*,#1932,.T.);
#2599=ORIENTED_EDGE('',*,*,#1948,.T.);
#2600=ORIENTED_EDGE('',*,*,#1927,.T.);
#2601=ORIENTED_EDGE('',*,*,#1949,.T.);
#2602=ORIENTED_EDGE('',*,*,#1945,.T.);
#2603=ORIENTED_EDGE('',*,*,#1950,.T.);
#2604=ORIENTED_EDGE('',*,*,#1951,.F.);
#2605=ORIENTED_EDGE('',*,*,#1952,.F.);
#2606=ORIENTED_EDGE('',*,*,#1911,.T.);
#2607=ORIENTED_EDGE('',*,*,#1953,.F.);
#2608=ORIENTED_EDGE('',*,*,#1886,.T.);
#2609=ORIENTED_EDGE('',*,*,#1912,.T.);
#2610=ORIENTED_EDGE('',*,*,#1952,.T.);
#2611=ORIENTED_EDGE('',*,*,#1954,.T.);
#2612=ORIENTED_EDGE('',*,*,#1909,.T.);
#2613=ORIENTED_EDGE('',*,*,#1955,.F.);
#2614=ORIENTED_EDGE('',*,*,#1956,.F.);
#2615=ORIENTED_EDGE('',*,*,#1957,.F.);
#2616=ORIENTED_EDGE('',*,*,#1955,.T.);
#2617=ORIENTED_EDGE('',*,*,#1908,.T.);
#2618=ORIENTED_EDGE('',*,*,#1946,.T.);
#2619=ORIENTED_EDGE('',*,*,#1958,.T.);
#2620=ORIENTED_EDGE('',*,*,#1941,.T.);
#2621=ORIENTED_EDGE('',*,*,#1959,.T.);
#2622=ORIENTED_EDGE('',*,*,#1956,.T.);
#2623=ORIENTED_EDGE('',*,*,#1960,.T.);
#2624=ORIENTED_EDGE('',*,*,#1953,.T.);
#2625=ORIENTED_EDGE('',*,*,#1910,.T.);
#2626=ORIENTED_EDGE('',*,*,#1957,.T.);
#2627=ORIENTED_EDGE('',*,*,#1961,.T.);
#2628=ORIENTED_EDGE('',*,*,#1938,.T.);
#2629=ORIENTED_EDGE('',*,*,#1962,.T.);
#2630=ORIENTED_EDGE('',*,*,#1951,.T.);
#2631=ORIENTED_EDGE('',*,*,#1963,.T.);
#2632=ORIENTED_EDGE('',*,*,#1926,.T.);
#2633=ORIENTED_EDGE('',*,*,#1964,.T.);
#2634=ORIENTED_EDGE('',*,*,#1942,.T.);
#2635=ORIENTED_EDGE('',*,*,#1965,.T.);
#2636=ORIENTED_EDGE('',*,*,#1940,.T.);
#2637=ORIENTED_EDGE('',*,*,#1966,.T.);
#2638=ORIENTED_EDGE('',*,*,#1939,.T.);
#2639=ORIENTED_EDGE('',*,*,#1967,.T.);
#2640=ORIENTED_EDGE('',*,*,#1920,.T.);
#2641=ORIENTED_EDGE('',*,*,#1968,.T.);
#2642=ORIENTED_EDGE('',*,*,#1887,.T.);
#2643=ORIENTED_EDGE('',*,*,#1969,.T.);
#2644=ORIENTED_EDGE('',*,*,#1923,.T.);
#2645=ORIENTED_EDGE('',*,*,#1970,.T.);
#2646=ORIENTED_EDGE('',*,*,#1888,.T.);
#2647=ORIENTED_EDGE('',*,*,#1971,.T.);
#2648=ORIENTED_EDGE('',*,*,#1937,.T.);
#2649=ORIENTED_EDGE('',*,*,#1972,.T.);
#2650=ORIENTED_EDGE('',*,*,#1921,.T.);
#2651=ORIENTED_EDGE('',*,*,#1973,.T.);
#2652=ORIENTED_EDGE('',*,*,#1916,.T.);
#2653=ORIENTED_EDGE('',*,*,#1974,.T.);
#2654=ORIENTED_EDGE('',*,*,#1928,.T.);
#2655=ORIENTED_EDGE('',*,*,#1975,.T.);
#2656=ORIENTED_EDGE('',*,*,#1914,.T.);
#2657=ORIENTED_EDGE('',*,*,#1976,.T.);
#2658=ORIENTED_EDGE('',*,*,#1924,.T.);
#2659=ORIENTED_EDGE('',*,*,#1977,.T.);
#2660=ORIENTED_EDGE('',*,*,#1919,.T.);
#2661=ORIENTED_EDGE('',*,*,#1978,.T.);
#2662=ORIENTED_EDGE('',*,*,#1915,.T.);
#2663=ORIENTED_EDGE('',*,*,#1979,.T.);
#2664=ORIENTED_EDGE('',*,*,#1913,.T.);
#2665=ORIENTED_EDGE('',*,*,#1980,.T.);
#2666=ORIENTED_EDGE('',*,*,#1918,.T.);
#2667=ORIENTED_EDGE('',*,*,#1981,.T.);
#2668=ORIENTED_EDGE('',*,*,#1934,.F.);
#2669=ORIENTED_EDGE('',*,*,#1976,.F.);
#2670=ORIENTED_EDGE('',*,*,#1981,.F.);
#2671=ORIENTED_EDGE('',*,*,#1936,.F.);
#2672=ORIENTED_EDGE('',*,*,#1935,.F.);
#2673=ORIENTED_EDGE('',*,*,#1975,.F.);
#2674=ORIENTED_EDGE('',*,*,#1950,.F.);
#2675=ORIENTED_EDGE('',*,*,#1948,.F.);
#2676=ORIENTED_EDGE('',*,*,#1949,.F.);
#2677=ORIENTED_EDGE('',*,*,#1965,.F.);
#2678=ORIENTED_EDGE('',*,*,#1960,.F.);
#2679=ORIENTED_EDGE('',*,*,#1958,.F.);
#2680=ORIENTED_EDGE('',*,*,#1954,.F.);
#2681=ORIENTED_EDGE('',*,*,#1962,.F.);
#2682=ORIENTED_EDGE('',*,*,#1973,.F.);
#2683=ORIENTED_EDGE('',*,*,#1969,.F.);
#2684=ORIENTED_EDGE('',*,*,#1877,.F.);
#2685=ORIENTED_EDGE('',*,*,#1889,.F.);
#2686=ORIENTED_EDGE('',*,*,#1970,.F.);
#2687=ORIENTED_EDGE('',*,*,#1922,.F.);
#2688=ORIENTED_EDGE('',*,*,#1933,.F.);
#2689=ORIENTED_EDGE('',*,*,#1929,.F.);
#2690=ORIENTED_EDGE('',*,*,#1947,.F.);
#2691=ORIENTED_EDGE('',*,*,#1943,.F.);
#2692=ORIENTED_EDGE('',*,*,#1874,.F.);
#2693=ORIENTED_EDGE('',*,*,#1861,.F.);
#2694=ORIENTED_EDGE('',*,*,#1959,.F.);
#2695=ORIENTED_EDGE('',*,*,#1967,.F.);
#2696=ORIENTED_EDGE('',*,*,#1963,.F.);
#2697=ORIENTED_EDGE('',*,*,#1961,.F.);
#2698=ORIENTED_EDGE('',*,*,#1964,.F.);
#2699=ORIENTED_EDGE('',*,*,#1974,.F.);
#2700=ORIENTED_EDGE('',*,*,#1980,.F.);
#2701=ORIENTED_EDGE('',*,*,#1978,.F.);
#2702=ORIENTED_EDGE('',*,*,#1972,.F.);
#2703=ORIENTED_EDGE('',*,*,#1966,.F.);
#2704=ORIENTED_EDGE('',*,*,#1968,.F.);
#2705=ORIENTED_EDGE('',*,*,#1979,.F.);
#2706=ORIENTED_EDGE('',*,*,#1977,.F.);
#2707=ORIENTED_EDGE('',*,*,#1971,.F.);
#2708=ORIENTED_EDGE('',*,*,#1904,.T.);
#2709=ORIENTED_EDGE('',*,*,#1982,.F.);
#2710=ORIENTED_EDGE('',*,*,#1983,.F.);
#2711=ORIENTED_EDGE('',*,*,#1984,.F.);
#2712=ORIENTED_EDGE('',*,*,#1902,.T.);
#2713=ORIENTED_EDGE('',*,*,#1985,.F.);
#2714=ORIENTED_EDGE('',*,*,#1986,.F.);
#2715=ORIENTED_EDGE('',*,*,#1987,.F.);
#2716=ORIENTED_EDGE('',*,*,#1988,.F.);
#2717=ORIENTED_EDGE('',*,*,#1989,.F.);
#2718=ORIENTED_EDGE('',*,*,#1990,.F.);
#2719=ORIENTED_EDGE('',*,*,#1989,.T.);
#2720=ORIENTED_EDGE('',*,*,#1991,.T.);
#2721=ORIENTED_EDGE('',*,*,#1983,.T.);
#2722=ORIENTED_EDGE('',*,*,#1992,.T.);
#2723=ORIENTED_EDGE('',*,*,#1869,.F.);
#2724=ORIENTED_EDGE('',*,*,#1906,.T.);
#2725=ORIENTED_EDGE('',*,*,#1993,.F.);
#2726=ORIENTED_EDGE('',*,*,#1994,.F.);
#2727=ORIENTED_EDGE('',*,*,#1995,.F.);
#2728=ORIENTED_EDGE('',*,*,#1895,.T.);
#2729=ORIENTED_EDGE('',*,*,#1993,.T.);
#2730=ORIENTED_EDGE('',*,*,#1905,.T.);
#2731=ORIENTED_EDGE('',*,*,#1984,.T.);
#2732=ORIENTED_EDGE('',*,*,#1996,.T.);
#2733=ORIENTED_EDGE('',*,*,#1985,.T.);
#2734=ORIENTED_EDGE('',*,*,#1901,.T.);
#2735=ORIENTED_EDGE('',*,*,#1893,.T.);
#2736=ORIENTED_EDGE('',*,*,#1997,.T.);
#2737=ORIENTED_EDGE('',*,*,#1998,.F.);
#2738=ORIENTED_EDGE('',*,*,#1999,.F.);
#2739=ORIENTED_EDGE('',*,*,#2000,.F.);
#2740=ORIENTED_EDGE('',*,*,#1999,.T.);
#2741=ORIENTED_EDGE('',*,*,#2001,.T.);
#2742=ORIENTED_EDGE('',*,*,#1986,.T.);
#2743=ORIENTED_EDGE('',*,*,#2002,.T.);
#2744=ORIENTED_EDGE('',*,*,#2003,.F.);
#2745=ORIENTED_EDGE('',*,*,#2004,.F.);
#2746=ORIENTED_EDGE('',*,*,#2005,.F.);
#2747=ORIENTED_EDGE('',*,*,#2004,.T.);
#2748=ORIENTED_EDGE('',*,*,#2006,.T.);
#2749=ORIENTED_EDGE('',*,*,#1994,.T.);
#2750=ORIENTED_EDGE('',*,*,#2007,.T.);
#2751=ORIENTED_EDGE('',*,*,#1988,.T.);
#2752=ORIENTED_EDGE('',*,*,#2008,.T.);
#2753=ORIENTED_EDGE('',*,*,#2005,.T.);
#2754=ORIENTED_EDGE('',*,*,#2009,.T.);
#2755=ORIENTED_EDGE('',*,*,#1897,.T.);
#2756=ORIENTED_EDGE('',*,*,#2010,.F.);
#2757=ORIENTED_EDGE('',*,*,#2011,.F.);
#2758=ORIENTED_EDGE('',*,*,#2012,.F.);
#2759=ORIENTED_EDGE('',*,*,#2010,.T.);
#2760=ORIENTED_EDGE('',*,*,#1896,.T.);
#2761=ORIENTED_EDGE('',*,*,#1995,.T.);
#2762=ORIENTED_EDGE('',*,*,#2013,.T.);
#2763=ORIENTED_EDGE('',*,*,#1899,.T.);
#2764=ORIENTED_EDGE('',*,*,#2014,.F.);
#2765=ORIENTED_EDGE('',*,*,#2015,.F.);
#2766=ORIENTED_EDGE('',*,*,#2016,.F.);
#2767=ORIENTED_EDGE('',*,*,#2014,.T.);
#2768=ORIENTED_EDGE('',*,*,#1898,.T.);
#2769=ORIENTED_EDGE('',*,*,#2012,.T.);
#2770=ORIENTED_EDGE('',*,*,#2017,.T.);
#2771=ORIENTED_EDGE('',*,*,#2018,.F.);
#2772=ORIENTED_EDGE('',*,*,#2019,.F.);
#2773=ORIENTED_EDGE('',*,*,#2020,.F.);
#2774=ORIENTED_EDGE('',*,*,#2019,.T.);
#2775=ORIENTED_EDGE('',*,*,#2021,.T.);
#2776=ORIENTED_EDGE('',*,*,#1892,.T.);
#2777=ORIENTED_EDGE('',*,*,#2022,.T.);
#2778=ORIENTED_EDGE('',*,*,#2023,.F.);
#2779=ORIENTED_EDGE('',*,*,#2024,.F.);
#2780=ORIENTED_EDGE('',*,*,#2025,.F.);
#2781=ORIENTED_EDGE('',*,*,#2024,.T.);
#2782=ORIENTED_EDGE('',*,*,#2026,.T.);
#2783=ORIENTED_EDGE('',*,*,#2011,.T.);
#2784=ORIENTED_EDGE('',*,*,#2027,.T.);
#2785=ORIENTED_EDGE('',*,*,#2003,.T.);
#2786=ORIENTED_EDGE('',*,*,#2028,.T.);
#2787=ORIENTED_EDGE('',*,*,#2025,.T.);
#2788=ORIENTED_EDGE('',*,*,#2029,.T.);
#2789=ORIENTED_EDGE('',*,*,#2030,.F.);
#2790=ORIENTED_EDGE('',*,*,#2031,.F.);
#2791=ORIENTED_EDGE('',*,*,#2032,.F.);
#2792=ORIENTED_EDGE('',*,*,#2031,.T.);
#2793=ORIENTED_EDGE('',*,*,#2033,.T.);
#2794=ORIENTED_EDGE('',*,*,#2015,.T.);
#2795=ORIENTED_EDGE('',*,*,#2034,.T.);
#2796=ORIENTED_EDGE('',*,*,#2023,.T.);
#2797=ORIENTED_EDGE('',*,*,#2035,.T.);
#2798=ORIENTED_EDGE('',*,*,#2032,.T.);
#2799=ORIENTED_EDGE('',*,*,#2036,.T.);
#2800=ORIENTED_EDGE('',*,*,#2030,.T.);
#2801=ORIENTED_EDGE('',*,*,#2037,.T.);
#2802=ORIENTED_EDGE('',*,*,#2020,.T.);
#2803=ORIENTED_EDGE('',*,*,#2038,.T.);
#2804=ORIENTED_EDGE('',*,*,#2018,.T.);
#2805=ORIENTED_EDGE('',*,*,#2039,.T.);
#2806=ORIENTED_EDGE('',*,*,#2000,.T.);
#2807=ORIENTED_EDGE('',*,*,#2040,.T.);
#2808=ORIENTED_EDGE('',*,*,#1891,.T.);
#2809=ORIENTED_EDGE('',*,*,#1900,.T.);
#2810=ORIENTED_EDGE('',*,*,#2016,.T.);
#2811=ORIENTED_EDGE('',*,*,#2041,.T.);
#2812=ORIENTED_EDGE('',*,*,#1998,.T.);
#2813=ORIENTED_EDGE('',*,*,#2042,.T.);
#2814=ORIENTED_EDGE('',*,*,#1990,.T.);
#2815=ORIENTED_EDGE('',*,*,#2043,.T.);
#2816=ORIENTED_EDGE('',*,*,#1982,.T.);
#2817=ORIENTED_EDGE('',*,*,#1903,.T.);
#2818=ORIENTED_EDGE('',*,*,#1987,.T.);
#2819=ORIENTED_EDGE('',*,*,#2044,.T.);
#2820=ORIENTED_EDGE('',*,*,#1991,.F.);
#2821=ORIENTED_EDGE('',*,*,#2009,.F.);
#2822=ORIENTED_EDGE('',*,*,#2007,.F.);
#2823=ORIENTED_EDGE('',*,*,#1996,.F.);
#2824=ORIENTED_EDGE('',*,*,#1997,.F.);
#2825=ORIENTED_EDGE('',*,*,#2021,.F.);
#2826=ORIENTED_EDGE('',*,*,#2040,.F.);
#2827=ORIENTED_EDGE('',*,*,#2002,.F.);
#2828=ORIENTED_EDGE('',*,*,#2001,.F.);
#2829=ORIENTED_EDGE('',*,*,#2043,.F.);
#2830=ORIENTED_EDGE('',*,*,#1992,.F.);
#2831=ORIENTED_EDGE('',*,*,#2044,.F.);
#2832=ORIENTED_EDGE('',*,*,#2006,.F.);
#2833=ORIENTED_EDGE('',*,*,#2029,.F.);
#2834=ORIENTED_EDGE('',*,*,#2027,.F.);
#2835=ORIENTED_EDGE('',*,*,#2013,.F.);
#2836=ORIENTED_EDGE('',*,*,#2008,.F.);
#2837=ORIENTED_EDGE('',*,*,#2042,.F.);
#2838=ORIENTED_EDGE('',*,*,#2039,.F.);
#2839=ORIENTED_EDGE('',*,*,#2037,.F.);
#2840=ORIENTED_EDGE('',*,*,#2035,.F.);
#2841=ORIENTED_EDGE('',*,*,#2028,.F.);
#2842=ORIENTED_EDGE('',*,*,#2017,.F.);
#2843=ORIENTED_EDGE('',*,*,#2026,.F.);
#2844=ORIENTED_EDGE('',*,*,#2036,.F.);
#2845=ORIENTED_EDGE('',*,*,#2034,.F.);
#2846=ORIENTED_EDGE('',*,*,#2033,.F.);
#2847=ORIENTED_EDGE('',*,*,#2038,.F.);
#2848=ORIENTED_EDGE('',*,*,#2022,.F.);
#2849=ORIENTED_EDGE('',*,*,#2041,.F.);
#2850=ORIENTED_EDGE('',*,*,#2045,.T.);
#2851=ORIENTED_EDGE('',*,*,#2046,.T.);
#2852=ORIENTED_EDGE('',*,*,#1799,.F.);
#2853=ORIENTED_EDGE('',*,*,#1813,.T.);
#2854=ORIENTED_EDGE('',*,*,#2047,.T.);
#2855=ORIENTED_EDGE('',*,*,#2048,.T.);
#2856=ORIENTED_EDGE('',*,*,#2045,.F.);
#2857=ORIENTED_EDGE('',*,*,#1812,.T.);
#2858=ORIENTED_EDGE('',*,*,#2049,.T.);
#2859=ORIENTED_EDGE('',*,*,#2050,.T.);
#2860=ORIENTED_EDGE('',*,*,#2047,.F.);
#2861=ORIENTED_EDGE('',*,*,#1811,.T.);
#2862=ORIENTED_EDGE('',*,*,#1781,.F.);
#2863=ORIENTED_EDGE('',*,*,#2051,.T.);
#2864=ORIENTED_EDGE('',*,*,#2049,.F.);
#2865=ORIENTED_EDGE('',*,*,#1810,.T.);
#2866=ORIENTED_EDGE('',*,*,#2050,.F.);
#2867=ORIENTED_EDGE('',*,*,#2052,.T.);
#2868=ORIENTED_EDGE('',*,*,#2053,.T.);
#2869=ORIENTED_EDGE('',*,*,#2054,.T.);
#2870=ORIENTED_EDGE('',*,*,#2055,.T.);
#2871=ORIENTED_EDGE('',*,*,#2053,.F.);
#2872=ORIENTED_EDGE('',*,*,#2056,.T.);
#2873=ORIENTED_EDGE('',*,*,#2057,.T.);
#2874=ORIENTED_EDGE('',*,*,#2058,.F.);
#2875=ORIENTED_EDGE('',*,*,#2059,.F.);
#2876=ORIENTED_EDGE('',*,*,#2060,.F.);
#2877=ORIENTED_EDGE('',*,*,#2061,.F.);
#2878=ORIENTED_EDGE('',*,*,#2062,.F.);
#2879=ORIENTED_EDGE('',*,*,#2063,.F.);
#2880=ORIENTED_EDGE('',*,*,#2062,.T.);
#2881=ORIENTED_EDGE('',*,*,#2064,.T.);
#2882=ORIENTED_EDGE('',*,*,#2060,.T.);
#2883=ORIENTED_EDGE('',*,*,#2065,.T.);
#2884=ORIENTED_EDGE('',*,*,#2066,.F.);
#2885=ORIENTED_EDGE('',*,*,#2067,.F.);
#2886=ORIENTED_EDGE('',*,*,#1789,.F.);
#2887=ORIENTED_EDGE('',*,*,#2059,.T.);
#2888=ORIENTED_EDGE('',*,*,#1800,.T.);
#2889=ORIENTED_EDGE('',*,*,#2067,.T.);
#2890=ORIENTED_EDGE('',*,*,#2068,.T.);
#2891=ORIENTED_EDGE('',*,*,#2069,.F.);
#2892=ORIENTED_EDGE('',*,*,#2070,.F.);
#2893=ORIENTED_EDGE('',*,*,#2071,.F.);
#2894=ORIENTED_EDGE('',*,*,#2070,.T.);
#2895=ORIENTED_EDGE('',*,*,#2072,.T.);
#2896=ORIENTED_EDGE('',*,*,#2066,.T.);
#2897=ORIENTED_EDGE('',*,*,#1797,.T.);
#2898=ORIENTED_EDGE('',*,*,#2073,.T.);
#2899=ORIENTED_EDGE('',*,*,#2074,.T.);
#2900=ORIENTED_EDGE('',*,*,#2071,.T.);
#2901=ORIENTED_EDGE('',*,*,#1796,.T.);
#2902=ORIENTED_EDGE('',*,*,#2075,.T.);
#2903=ORIENTED_EDGE('',*,*,#2076,.T.);
#2904=ORIENTED_EDGE('',*,*,#2073,.F.);
#2905=ORIENTED_EDGE('',*,*,#1795,.T.);
#2906=ORIENTED_EDGE('',*,*,#2075,.F.);
#2907=ORIENTED_EDGE('',*,*,#1794,.T.);
#2908=ORIENTED_EDGE('',*,*,#2077,.T.);
#2909=ORIENTED_EDGE('',*,*,#2078,.T.);
#2910=ORIENTED_EDGE('',*,*,#2079,.T.);
#2911=ORIENTED_EDGE('',*,*,#2080,.T.);
#2912=ORIENTED_EDGE('',*,*,#2077,.F.);
#2913=ORIENTED_EDGE('',*,*,#1793,.T.);
#2914=ORIENTED_EDGE('',*,*,#2046,.F.);
#2915=ORIENTED_EDGE('',*,*,#2081,.T.);
#2916=ORIENTED_EDGE('',*,*,#2079,.F.);
#2917=ORIENTED_EDGE('',*,*,#1792,.T.);
#2918=ORIENTED_EDGE('',*,*,#2069,.T.);
#2919=ORIENTED_EDGE('',*,*,#2082,.T.);
#2920=ORIENTED_EDGE('',*,*,#2063,.T.);
#2921=ORIENTED_EDGE('',*,*,#2083,.T.);
#2922=ORIENTED_EDGE('',*,*,#2084,.T.);
#2923=ORIENTED_EDGE('',*,*,#2085,.T.);
#2924=ORIENTED_EDGE('',*,*,#2086,.T.);
#2925=ORIENTED_EDGE('',*,*,#2087,.T.);
#2926=ORIENTED_EDGE('',*,*,#2088,.T.);
#2927=ORIENTED_EDGE('',*,*,#2089,.T.);
#2928=ORIENTED_EDGE('',*,*,#2084,.F.);
#2929=ORIENTED_EDGE('',*,*,#2090,.T.);
#2930=ORIENTED_EDGE('',*,*,#2088,.F.);
#2931=ORIENTED_EDGE('',*,*,#2091,.T.);
#2932=ORIENTED_EDGE('',*,*,#2061,.T.);
#2933=ORIENTED_EDGE('',*,*,#2092,.T.);
#2934=ORIENTED_EDGE('',*,*,#2093,.T.);
#2935=ORIENTED_EDGE('',*,*,#2086,.F.);
#2936=ORIENTED_EDGE('',*,*,#2094,.T.);
#2937=ORIENTED_EDGE('',*,*,#2057,.F.);
#2938=ORIENTED_EDGE('',*,*,#1783,.F.);
#2939=ORIENTED_EDGE('',*,*,#1801,.T.);
#2940=ORIENTED_EDGE('',*,*,#2058,.T.);
#2941=ORIENTED_EDGE('',*,*,#2095,.T.);
#2942=ORIENTED_EDGE('',*,*,#2080,.F.);
#2943=ORIENTED_EDGE('',*,*,#2096,.T.);
#2944=ORIENTED_EDGE('',*,*,#2097,.F.);
#2945=ORIENTED_EDGE('',*,*,#2098,.T.);
#2946=ORIENTED_EDGE('',*,*,#2099,.T.);
#2947=ORIENTED_EDGE('',*,*,#2100,.T.);
#2948=ORIENTED_EDGE('',*,*,#2048,.F.);
#2949=ORIENTED_EDGE('',*,*,#2054,.F.);
#2950=ORIENTED_EDGE('',*,*,#2101,.F.);
#2951=ORIENTED_EDGE('',*,*,#2102,.F.);
#2952=ORIENTED_EDGE('',*,*,#2103,.F.);
#2953=ORIENTED_EDGE('',*,*,#2104,.F.);
#2954=ORIENTED_EDGE('',*,*,#2105,.F.);
#2955=ORIENTED_EDGE('',*,*,#2096,.F.);
#2956=ORIENTED_EDGE('',*,*,#2081,.F.);
#2957=ORIENTED_EDGE('',*,*,#2074,.F.);
#2958=ORIENTED_EDGE('',*,*,#2106,.F.);
#2959=ORIENTED_EDGE('',*,*,#2107,.F.);
#2960=ORIENTED_EDGE('',*,*,#2108,.F.);
#2961=ORIENTED_EDGE('',*,*,#2109,.F.);
#2962=ORIENTED_EDGE('',*,*,#2110,.F.);
#2963=ORIENTED_EDGE('',*,*,#2111,.F.);
#2964=ORIENTED_EDGE('',*,*,#2112,.F.);
#2965=ORIENTED_EDGE('',*,*,#2092,.F.);
#2966=ORIENTED_EDGE('',*,*,#2082,.F.);
#2967=ORIENTED_EDGE('',*,*,#2078,.F.);
#2968=ORIENTED_EDGE('',*,*,#2100,.F.);
#2969=ORIENTED_EDGE('',*,*,#2113,.F.);
#2970=ORIENTED_EDGE('',*,*,#2114,.F.);
#2971=ORIENTED_EDGE('',*,*,#2115,.F.);
#2972=ORIENTED_EDGE('',*,*,#2116,.F.);
#2973=ORIENTED_EDGE('',*,*,#2117,.F.);
#2974=ORIENTED_EDGE('',*,*,#2085,.F.);
#2975=ORIENTED_EDGE('',*,*,#2118,.F.);
#2976=ORIENTED_EDGE('',*,*,#2119,.F.);
#2977=ORIENTED_EDGE('',*,*,#2120,.F.);
#2978=ORIENTED_EDGE('',*,*,#2121,.F.);
#2979=ORIENTED_EDGE('',*,*,#2122,.F.);
#2980=ORIENTED_EDGE('',*,*,#2123,.F.);
#2981=ORIENTED_EDGE('',*,*,#2124,.F.);
#2982=ORIENTED_EDGE('',*,*,#2065,.F.);
#2983=ORIENTED_EDGE('',*,*,#2068,.F.);
#2984=ORIENTED_EDGE('',*,*,#2072,.F.);
#2985=ORIENTED_EDGE('',*,*,#2083,.F.);
#2986=ORIENTED_EDGE('',*,*,#2125,.F.);
#2987=ORIENTED_EDGE('',*,*,#2126,.F.);
#2988=ORIENTED_EDGE('',*,*,#2127,.F.);
#2989=ORIENTED_EDGE('',*,*,#2089,.F.);
#2990=ORIENTED_EDGE('',*,*,#2112,.T.);
#2991=ORIENTED_EDGE('',*,*,#2128,.F.);
#2992=ORIENTED_EDGE('',*,*,#2129,.F.);
#2993=ORIENTED_EDGE('',*,*,#2130,.F.);
#2994=ORIENTED_EDGE('',*,*,#2118,.T.);
#2995=ORIENTED_EDGE('',*,*,#2131,.F.);
#2996=ORIENTED_EDGE('',*,*,#2132,.F.);
#2997=ORIENTED_EDGE('',*,*,#2133,.F.);
#2998=ORIENTED_EDGE('',*,*,#2134,.F.);
#2999=ORIENTED_EDGE('',*,*,#2135,.F.);
#3000=ORIENTED_EDGE('',*,*,#2136,.F.);
#3001=ORIENTED_EDGE('',*,*,#2110,.T.);
#3002=ORIENTED_EDGE('',*,*,#2137,.F.);
#3003=ORIENTED_EDGE('',*,*,#2138,.F.);
#3004=ORIENTED_EDGE('',*,*,#2139,.F.);
#3005=ORIENTED_EDGE('',*,*,#2120,.T.);
#3006=ORIENTED_EDGE('',*,*,#2140,.F.);
#3007=ORIENTED_EDGE('',*,*,#2141,.F.);
#3008=ORIENTED_EDGE('',*,*,#2142,.F.);
#3009=ORIENTED_EDGE('',*,*,#2140,.T.);
#3010=ORIENTED_EDGE('',*,*,#2119,.T.);
#3011=ORIENTED_EDGE('',*,*,#2130,.T.);
#3012=ORIENTED_EDGE('',*,*,#2143,.T.);
#3013=ORIENTED_EDGE('',*,*,#2135,.T.);
#3014=ORIENTED_EDGE('',*,*,#2144,.T.);
#3015=ORIENTED_EDGE('',*,*,#2141,.T.);
#3016=ORIENTED_EDGE('',*,*,#2145,.T.);
#3017=ORIENTED_EDGE('',*,*,#2146,.F.);
#3018=ORIENTED_EDGE('',*,*,#2147,.F.);
#3019=ORIENTED_EDGE('',*,*,#2148,.F.);
#3020=ORIENTED_EDGE('',*,*,#2149,.F.);
#3021=ORIENTED_EDGE('',*,*,#2150,.F.);
#3022=ORIENTED_EDGE('',*,*,#2151,.F.);
#3023=ORIENTED_EDGE('',*,*,#2108,.T.);
#3024=ORIENTED_EDGE('',*,*,#2152,.F.);
#3025=ORIENTED_EDGE('',*,*,#2153,.F.);
#3026=ORIENTED_EDGE('',*,*,#2154,.F.);
#3027=ORIENTED_EDGE('',*,*,#2155,.F.);
#3028=ORIENTED_EDGE('',*,*,#2156,.F.);
#3029=ORIENTED_EDGE('',*,*,#2122,.T.);
#3030=ORIENTED_EDGE('',*,*,#2157,.F.);
#3031=ORIENTED_EDGE('',*,*,#2158,.F.);
#3032=ORIENTED_EDGE('',*,*,#2159,.F.);
#3033=ORIENTED_EDGE('',*,*,#2160,.F.);
#3034=ORIENTED_EDGE('',*,*,#2076,.F.);
#3035=ORIENTED_EDGE('',*,*,#2124,.T.);
#3036=ORIENTED_EDGE('',*,*,#2161,.F.);
#3037=ORIENTED_EDGE('',*,*,#2162,.F.);
#3038=ORIENTED_EDGE('',*,*,#2163,.F.);
#3039=ORIENTED_EDGE('',*,*,#2106,.T.);
#3040=ORIENTED_EDGE('',*,*,#2161,.T.);
#3041=ORIENTED_EDGE('',*,*,#2123,.T.);
#3042=ORIENTED_EDGE('',*,*,#2156,.T.);
#3043=ORIENTED_EDGE('',*,*,#2164,.T.);
#3044=ORIENTED_EDGE('',*,*,#2159,.T.);
#3045=ORIENTED_EDGE('',*,*,#2165,.T.);
#3046=ORIENTED_EDGE('',*,*,#2162,.T.);
#3047=ORIENTED_EDGE('',*,*,#2166,.T.);
#3048=ORIENTED_EDGE('',*,*,#2152,.T.);
#3049=ORIENTED_EDGE('',*,*,#2107,.T.);
#3050=ORIENTED_EDGE('',*,*,#2163,.T.);
#3051=ORIENTED_EDGE('',*,*,#2167,.T.);
#3052=ORIENTED_EDGE('',*,*,#2149,.T.);
#3053=ORIENTED_EDGE('',*,*,#2168,.T.);
#3054=ORIENTED_EDGE('',*,*,#2160,.T.);
#3055=ORIENTED_EDGE('',*,*,#2169,.T.);
#3056=ORIENTED_EDGE('',*,*,#2158,.T.);
#3057=ORIENTED_EDGE('',*,*,#2170,.T.);
#3058=ORIENTED_EDGE('',*,*,#2148,.T.);
#3059=ORIENTED_EDGE('',*,*,#2171,.T.);
#3060=ORIENTED_EDGE('',*,*,#2157,.T.);
#3061=ORIENTED_EDGE('',*,*,#2121,.T.);
#3062=ORIENTED_EDGE('',*,*,#2142,.T.);
#3063=ORIENTED_EDGE('',*,*,#2172,.T.);
#3064=ORIENTED_EDGE('',*,*,#2150,.T.);
#3065=ORIENTED_EDGE('',*,*,#2173,.T.);
#3066=ORIENTED_EDGE('',*,*,#2155,.T.);
#3067=ORIENTED_EDGE('',*,*,#2174,.T.);
#3068=ORIENTED_EDGE('',*,*,#2147,.T.);
#3069=ORIENTED_EDGE('',*,*,#2175,.T.);
#3070=ORIENTED_EDGE('',*,*,#2153,.T.);
#3071=ORIENTED_EDGE('',*,*,#2176,.T.);
#3072=ORIENTED_EDGE('',*,*,#2137,.T.);
#3073=ORIENTED_EDGE('',*,*,#2109,.T.);
#3074=ORIENTED_EDGE('',*,*,#2154,.T.);
#3075=ORIENTED_EDGE('',*,*,#2177,.T.);
#3076=ORIENTED_EDGE('',*,*,#2134,.T.);
#3077=ORIENTED_EDGE('',*,*,#2178,.T.);
#3078=ORIENTED_EDGE('',*,*,#2151,.T.);
#3079=ORIENTED_EDGE('',*,*,#2179,.T.);
#3080=ORIENTED_EDGE('',*,*,#2146,.T.);
#3081=ORIENTED_EDGE('',*,*,#2180,.T.);
#3082=ORIENTED_EDGE('',*,*,#2133,.T.);
#3083=ORIENTED_EDGE('',*,*,#2181,.T.);
#3084=ORIENTED_EDGE('',*,*,#2132,.T.);
#3085=ORIENTED_EDGE('',*,*,#2182,.T.);
#3086=ORIENTED_EDGE('',*,*,#2138,.T.);
#3087=ORIENTED_EDGE('',*,*,#2183,.T.);
#3088=ORIENTED_EDGE('',*,*,#2128,.T.);
#3089=ORIENTED_EDGE('',*,*,#2111,.T.);
#3090=ORIENTED_EDGE('',*,*,#2139,.T.);
#3091=ORIENTED_EDGE('',*,*,#2184,.T.);
#3092=ORIENTED_EDGE('',*,*,#2125,.T.);
#3093=ORIENTED_EDGE('',*,*,#2185,.T.);
#3094=ORIENTED_EDGE('',*,*,#2136,.T.);
#3095=ORIENTED_EDGE('',*,*,#2186,.T.);
#3096=ORIENTED_EDGE('',*,*,#2131,.T.);
#3097=ORIENTED_EDGE('',*,*,#2187,.T.);
#3098=ORIENTED_EDGE('',*,*,#2127,.T.);
#3099=ORIENTED_EDGE('',*,*,#2188,.T.);
#3100=ORIENTED_EDGE('',*,*,#2126,.T.);
#3101=ORIENTED_EDGE('',*,*,#2189,.T.);
#3102=ORIENTED_EDGE('',*,*,#2129,.T.);
#3103=ORIENTED_EDGE('',*,*,#2190,.T.);
#3104=ORIENTED_EDGE('',*,*,#2143,.F.);
#3105=ORIENTED_EDGE('',*,*,#2189,.F.);
#3106=ORIENTED_EDGE('',*,*,#2186,.F.);
#3107=ORIENTED_EDGE('',*,*,#2145,.F.);
#3108=ORIENTED_EDGE('',*,*,#2144,.F.);
#3109=ORIENTED_EDGE('',*,*,#2179,.F.);
#3110=ORIENTED_EDGE('',*,*,#2174,.F.);
#3111=ORIENTED_EDGE('',*,*,#2172,.F.);
#3112=ORIENTED_EDGE('',*,*,#2164,.F.);
#3113=ORIENTED_EDGE('',*,*,#2173,.F.);
#3114=ORIENTED_EDGE('',*,*,#2169,.F.);
#3115=ORIENTED_EDGE('',*,*,#2166,.F.);
#3116=ORIENTED_EDGE('',*,*,#2165,.F.);
#3117=ORIENTED_EDGE('',*,*,#2171,.F.);
#3118=ORIENTED_EDGE('',*,*,#2176,.F.);
#3119=ORIENTED_EDGE('',*,*,#2167,.F.);
#3120=ORIENTED_EDGE('',*,*,#2168,.F.);
#3121=ORIENTED_EDGE('',*,*,#2178,.F.);
#3122=ORIENTED_EDGE('',*,*,#2185,.F.);
#3123=ORIENTED_EDGE('',*,*,#2187,.F.);
#3124=ORIENTED_EDGE('',*,*,#2180,.F.);
#3125=ORIENTED_EDGE('',*,*,#2170,.F.);
#3126=ORIENTED_EDGE('',*,*,#2175,.F.);
#3127=ORIENTED_EDGE('',*,*,#2181,.F.);
#3128=ORIENTED_EDGE('',*,*,#2183,.F.);
#3129=ORIENTED_EDGE('',*,*,#2177,.F.);
#3130=ORIENTED_EDGE('',*,*,#2182,.F.);
#3131=ORIENTED_EDGE('',*,*,#2188,.F.);
#3132=ORIENTED_EDGE('',*,*,#2190,.F.);
#3133=ORIENTED_EDGE('',*,*,#2184,.F.);
#3134=ORIENTED_EDGE('',*,*,#2055,.F.);
#3135=ORIENTED_EDGE('',*,*,#2191,.F.);
#3136=ORIENTED_EDGE('',*,*,#2192,.T.);
#3137=ORIENTED_EDGE('',*,*,#2193,.T.);
#3138=ORIENTED_EDGE('',*,*,#2101,.T.);
#3139=ORIENTED_EDGE('',*,*,#2194,.T.);
#3140=ORIENTED_EDGE('',*,*,#2102,.T.);
#3141=ORIENTED_EDGE('',*,*,#2193,.F.);
#3142=ORIENTED_EDGE('',*,*,#2195,.T.);
#3143=ORIENTED_EDGE('',*,*,#2196,.T.);
#3144=ORIENTED_EDGE('',*,*,#2103,.T.);
#3145=ORIENTED_EDGE('',*,*,#2194,.F.);
#3146=ORIENTED_EDGE('',*,*,#2197,.T.);
#3147=ORIENTED_EDGE('',*,*,#2198,.T.);
#3148=ORIENTED_EDGE('',*,*,#2104,.T.);
#3149=ORIENTED_EDGE('',*,*,#2196,.F.);
#3150=ORIENTED_EDGE('',*,*,#2199,.T.);
#3151=ORIENTED_EDGE('',*,*,#2097,.T.);
#3152=ORIENTED_EDGE('',*,*,#2105,.T.);
#3153=ORIENTED_EDGE('',*,*,#2198,.F.);
#3154=ORIENTED_EDGE('',*,*,#2200,.T.);
#3155=ORIENTED_EDGE('',*,*,#2201,.T.);
#3156=ORIENTED_EDGE('',*,*,#2113,.T.);
#3157=ORIENTED_EDGE('',*,*,#2099,.F.);
#3158=ORIENTED_EDGE('',*,*,#2202,.T.);
#3159=ORIENTED_EDGE('',*,*,#2203,.T.);
#3160=ORIENTED_EDGE('',*,*,#2114,.T.);
#3161=ORIENTED_EDGE('',*,*,#2201,.F.);
#3162=ORIENTED_EDGE('',*,*,#2204,.T.);
#3163=ORIENTED_EDGE('',*,*,#2205,.T.);
#3164=ORIENTED_EDGE('',*,*,#2115,.T.);
#3165=ORIENTED_EDGE('',*,*,#2203,.F.);
#3166=ORIENTED_EDGE('',*,*,#2206,.T.);
#3167=ORIENTED_EDGE('',*,*,#2207,.T.);
#3168=ORIENTED_EDGE('',*,*,#2116,.T.);
#3169=ORIENTED_EDGE('',*,*,#2205,.F.);
#3170=ORIENTED_EDGE('',*,*,#2208,.T.);
#3171=ORIENTED_EDGE('',*,*,#2094,.F.);
#3172=ORIENTED_EDGE('',*,*,#2117,.T.);
#3173=ORIENTED_EDGE('',*,*,#2207,.F.);
#3174=ORIENTED_EDGE('',*,*,#2209,.T.);
#3175=ORIENTED_EDGE('',*,*,#2191,.T.);
#3176=ORIENTED_EDGE('',*,*,#2098,.F.);
#3177=ORIENTED_EDGE('',*,*,#2210,.T.);
#3178=ORIENTED_EDGE('',*,*,#2211,.T.);
#3179=ORIENTED_EDGE('',*,*,#2212,.T.);
#3180=ORIENTED_EDGE('',*,*,#2200,.F.);
#3181=ORIENTED_EDGE('',*,*,#2213,.F.);
#3182=ORIENTED_EDGE('',*,*,#2214,.F.);
#3183=ORIENTED_EDGE('',*,*,#2210,.F.);
#3184=ORIENTED_EDGE('',*,*,#2199,.F.);
#3185=ORIENTED_EDGE('',*,*,#2215,.T.);
#3186=ORIENTED_EDGE('',*,*,#2216,.T.);
#3187=ORIENTED_EDGE('',*,*,#2213,.T.);
#3188=ORIENTED_EDGE('',*,*,#2197,.F.);
#3189=ORIENTED_EDGE('',*,*,#2217,.F.);
#3190=ORIENTED_EDGE('',*,*,#2218,.F.);
#3191=ORIENTED_EDGE('',*,*,#2215,.F.);
#3192=ORIENTED_EDGE('',*,*,#2195,.F.);
#3193=ORIENTED_EDGE('',*,*,#2219,.T.);
#3194=ORIENTED_EDGE('',*,*,#2220,.T.);
#3195=ORIENTED_EDGE('',*,*,#2217,.T.);
#3196=ORIENTED_EDGE('',*,*,#2192,.F.);
#3197=ORIENTED_EDGE('',*,*,#2221,.T.);
#3198=ORIENTED_EDGE('',*,*,#2222,.F.);
#3199=ORIENTED_EDGE('',*,*,#2219,.F.);
#3200=ORIENTED_EDGE('',*,*,#2211,.F.);
#3201=ORIENTED_EDGE('',*,*,#2223,.T.);
#3202=ORIENTED_EDGE('',*,*,#2224,.T.);
#3203=ORIENTED_EDGE('',*,*,#2223,.F.);
#3204=ORIENTED_EDGE('',*,*,#2214,.T.);
#3205=ORIENTED_EDGE('',*,*,#2225,.F.);
#3206=ORIENTED_EDGE('',*,*,#2226,.T.);
#3207=ORIENTED_EDGE('',*,*,#2204,.F.);
#3208=ORIENTED_EDGE('',*,*,#2227,.T.);
#3209=ORIENTED_EDGE('',*,*,#2228,.T.);
#3210=ORIENTED_EDGE('',*,*,#2229,.T.);
#3211=ORIENTED_EDGE('',*,*,#2228,.F.);
#3212=ORIENTED_EDGE('',*,*,#2230,.T.);
#3213=ORIENTED_EDGE('',*,*,#2231,.T.);
#3214=ORIENTED_EDGE('',*,*,#2224,.F.);
#3215=ORIENTED_EDGE('',*,*,#2232,.T.);
#3216=ORIENTED_EDGE('',*,*,#2230,.F.);
#3217=ORIENTED_EDGE('',*,*,#2233,.T.);
#3218=ORIENTED_EDGE('',*,*,#2202,.F.);
#3219=ORIENTED_EDGE('',*,*,#2212,.F.);
#3220=ORIENTED_EDGE('',*,*,#2233,.F.);
#3221=ORIENTED_EDGE('',*,*,#2227,.F.);
#3222=ORIENTED_EDGE('',*,*,#2208,.F.);
#3223=ORIENTED_EDGE('',*,*,#2234,.T.);
#3224=ORIENTED_EDGE('',*,*,#2235,.T.);
#3225=ORIENTED_EDGE('',*,*,#2236,.T.);
#3226=ORIENTED_EDGE('',*,*,#2235,.F.);
#3227=ORIENTED_EDGE('',*,*,#2237,.T.);
#3228=ORIENTED_EDGE('',*,*,#2238,.T.);
#3229=ORIENTED_EDGE('',*,*,#2231,.F.);
#3230=ORIENTED_EDGE('',*,*,#2239,.T.);
#3231=ORIENTED_EDGE('',*,*,#2237,.F.);
#3232=ORIENTED_EDGE('',*,*,#2240,.T.);
#3233=ORIENTED_EDGE('',*,*,#2206,.F.);
#3234=ORIENTED_EDGE('',*,*,#2229,.F.);
#3235=ORIENTED_EDGE('',*,*,#2240,.F.);
#3236=ORIENTED_EDGE('',*,*,#2234,.F.);
#3237=ORIENTED_EDGE('',*,*,#2220,.F.);
#3238=ORIENTED_EDGE('',*,*,#2241,.T.);
#3239=ORIENTED_EDGE('',*,*,#2242,.T.);
#3240=ORIENTED_EDGE('',*,*,#2241,.F.);
#3241=ORIENTED_EDGE('',*,*,#2222,.T.);
#3242=ORIENTED_EDGE('',*,*,#2243,.F.);
#3243=ORIENTED_EDGE('',*,*,#2244,.T.);
#3244=ORIENTED_EDGE('',*,*,#2216,.F.);
#3245=ORIENTED_EDGE('',*,*,#2245,.T.);
#3246=ORIENTED_EDGE('',*,*,#2225,.T.);
#3247=ORIENTED_EDGE('',*,*,#2242,.F.);
#3248=ORIENTED_EDGE('',*,*,#2246,.T.);
#3249=ORIENTED_EDGE('',*,*,#2245,.F.);
#3250=ORIENTED_EDGE('',*,*,#2218,.T.);
#3251=ORIENTED_EDGE('',*,*,#2238,.F.);
#3252=ORIENTED_EDGE('',*,*,#2247,.T.);
#3253=ORIENTED_EDGE('',*,*,#2243,.T.);
#3254=ORIENTED_EDGE('',*,*,#2248,.T.);
#3255=ORIENTED_EDGE('',*,*,#2209,.F.);
#3256=ORIENTED_EDGE('',*,*,#2236,.F.);
#3257=ORIENTED_EDGE('',*,*,#2248,.F.);
#3258=ORIENTED_EDGE('',*,*,#2221,.F.);
#3259=ORIENTED_EDGE('',*,*,#2246,.F.);
#3260=ORIENTED_EDGE('',*,*,#2244,.F.);
#3261=ORIENTED_EDGE('',*,*,#2247,.F.);
#3262=ORIENTED_EDGE('',*,*,#2239,.F.);
#3263=ORIENTED_EDGE('',*,*,#2232,.F.);
#3264=ORIENTED_EDGE('',*,*,#2226,.F.);
#3265=ORIENTED_EDGE('',*,*,#1780,.F.);
#3266=ORIENTED_EDGE('',*,*,#2095,.F.);
#3267=ORIENTED_EDGE('',*,*,#2064,.F.);
#3268=ORIENTED_EDGE('',*,*,#2091,.F.);
#3269=ORIENTED_EDGE('',*,*,#2090,.F.);
#3270=ORIENTED_EDGE('',*,*,#2087,.F.);
#3271=ORIENTED_EDGE('',*,*,#2093,.F.);
#3272=ORIENTED_EDGE('',*,*,#2056,.F.);
#3273=ORIENTED_EDGE('',*,*,#2052,.F.);
#3274=ORIENTED_EDGE('',*,*,#2051,.F.);
#3275=B_SPLINE_SURFACE_WITH_KNOTS('',3,3,((#5240,#5241,#5242,#5243,#5244),
(#5245,#5246,#5247,#5248,#5249),(#5250,#5251,#5252,#5253,#5254),(#5255,
#5256,#5257,#5258,#5259),(#5260,#5261,#5262,#5263,#5264)),.UNSPECIFIED.,
 .F.,.F.,.F.,(4,1,4),(4,1,4),(0.,0.5,1.),(-6.93889390390723E-17,0.897597901025655,
1.5707963267949),.UNSPECIFIED.);
#3276=B_SPLINE_SURFACE_WITH_KNOTS('',3,3,((#5283,#5284,#5285,#5286,#5287),
(#5288,#5289,#5290,#5291,#5292),(#5293,#5294,#5295,#5296,#5297),(#5298,
#5299,#5300,#5301,#5302),(#5303,#5304,#5305,#5306,#5307)),.UNSPECIFIED.,
 .F.,.F.,.F.,(4,1,4),(4,1,4),(0.,0.5,1.),(-1.5707963267949,-0.897597901025655,
0.),.UNSPECIFIED.);
#3277=B_SPLINE_SURFACE_WITH_KNOTS('',3,3,((#5604,#5605,#5606,#5607,#5608),
(#5609,#5610,#5611,#5612,#5613),(#5614,#5615,#5616,#5617,#5618),(#5619,
#5620,#5621,#5622,#5623),(#5624,#5625,#5626,#5627,#5628)),.UNSPECIFIED.,
 .F.,.F.,.F.,(4,1,4),(4,1,4),(0.,0.5,1.),(0.,0.0210574815420895,0.042114963084179),
 .UNSPECIFIED.);
#3278=B_SPLINE_SURFACE_WITH_KNOTS('',3,3,((#5640,#5641,#5642,#5643,#5644),
(#5645,#5646,#5647,#5648,#5649),(#5650,#5651,#5652,#5653,#5654),(#5655,
#5656,#5657,#5658,#5659),(#5660,#5661,#5662,#5663,#5664)),.UNSPECIFIED.,
 .F.,.F.,.F.,(4,1,4),(4,1,4),(0.,0.5,1.),(0.,0.0210574815239988,0.0421149630479976),
 .UNSPECIFIED.);
#3279=B_SPLINE_SURFACE_WITH_KNOTS('',3,3,((#5680,#5681,#5682,#5683,#5684),
(#5685,#5686,#5687,#5688,#5689),(#5690,#5691,#5692,#5693,#5694),(#5695,
#5696,#5697,#5698,#5699),(#5700,#5701,#5702,#5703,#5704)),.UNSPECIFIED.,
 .F.,.F.,.F.,(4,1,4),(4,1,4),(0.,0.5,1.),(0.,0.0210574979286308,0.0421149958572616),
 .UNSPECIFIED.);
#3280=B_SPLINE_SURFACE_WITH_KNOTS('',3,3,((#5716,#5717,#5718,#5719,#5720),
(#5721,#5722,#5723,#5724,#5725),(#5726,#5727,#5728,#5729,#5730),(#5731,
#5732,#5733,#5734,#5735),(#5736,#5737,#5738,#5739,#5740)),.UNSPECIFIED.,
 .F.,.F.,.F.,(4,1,4),(4,1,4),(0.,0.5,1.),(0.,0.0210574815300948,0.0421149630601895),
 .UNSPECIFIED.);
#3281=B_SPLINE_SURFACE_WITH_KNOTS('',3,3,((#6091,#6092,#6093,#6094),(#6095,
#6096,#6097,#6098),(#6099,#6100,#6101,#6102),(#6103,#6104,#6105,#6106),
(#6107,#6108,#6109,#6110)),.UNSPECIFIED.,.F.,.F.,.F.,(4,1,4),(4,4),(0.,
0.5,1.),(0.932465383974269,1.5707963267949),.UNSPECIFIED.);
#3282=B_SPLINE_SURFACE_WITH_KNOTS('',3,3,((#6159,#6160,#6161,#6162,#6163),
(#6164,#6165,#6166,#6167,#6168),(#6169,#6170,#6171,#6172,#6173),(#6174,
#6175,#6176,#6177,#6178),(#6179,#6180,#6181,#6182,#6183)),.UNSPECIFIED.,
 .F.,.F.,.F.,(4,1,4),(4,1,4),(0.,0.5,1.),(0.,0.0210574815300761,0.0421149630601522),
 .UNSPECIFIED.);
#3283=B_SPLINE_SURFACE_WITH_KNOTS('',3,3,((#6195,#6196,#6197,#6198,#6199),
(#6200,#6201,#6202,#6203,#6204),(#6205,#6206,#6207,#6208,#6209),(#6210,
#6211,#6212,#6213,#6214),(#6215,#6216,#6217,#6218,#6219)),.UNSPECIFIED.,
 .F.,.F.,.F.,(4,1,4),(4,1,4),(0.,0.5,1.),(0.,0.0210574815300788,0.0421149630601576),
 .UNSPECIFIED.);
#3284=B_SPLINE_SURFACE_WITH_KNOTS('',3,3,((#6241,#6242,#6243,#6244,#6245),
(#6246,#6247,#6248,#6249,#6250),(#6251,#6252,#6253,#6254,#6255),(#6256,
#6257,#6258,#6259,#6260),(#6261,#6262,#6263,#6264,#6265)),.UNSPECIFIED.,
 .F.,.F.,.F.,(4,1,4),(4,1,4),(0.,0.5,1.),(0.,0.0210574979225479,0.0421149958450959),
 .UNSPECIFIED.);
#3285=B_SPLINE_SURFACE_WITH_KNOTS('',3,3,((#6282,#6283,#6284,#6285),(#6286,
#6287,#6288,#6289),(#6290,#6291,#6292,#6293),(#6294,#6295,#6296,#6297),
(#6298,#6299,#6300,#6301)),.UNSPECIFIED.,.F.,.F.,.F.,(4,1,4),(4,4),(0.,
0.5,1.),(-1.57079632679491,-0.932465383999025),.UNSPECIFIED.);
#3286=ADVANCED_FACE('',(#720),#3275,.F.);
#3287=ADVANCED_FACE('',(#721),#606,.T.);
#3288=ADVANCED_FACE('',(#722),#607,.T.);
#3289=ADVANCED_FACE('',(#723),#3276,.F.);
#3290=ADVANCED_FACE('',(#724),#111,.T.);
#3291=ADVANCED_FACE('',(#725),#608,.T.);
#3292=ADVANCED_FACE('',(#726),#609,.T.);
#3293=ADVANCED_FACE('',(#727),#112,.T.);
#3294=ADVANCED_FACE('',(#728),#610,.T.);
#3295=ADVANCED_FACE('',(#729),#611,.T.);
#3296=ADVANCED_FACE('',(#730),#113,.T.);
#3297=ADVANCED_FACE('',(#731),#612,.T.);
#3298=ADVANCED_FACE('',(#732),#613,.T.);
#3299=ADVANCED_FACE('',(#733),#114,.T.);
#3300=ADVANCED_FACE('',(#734),#614,.T.);
#3301=ADVANCED_FACE('',(#735),#615,.T.);
#3302=ADVANCED_FACE('',(#736),#616,.T.);
#3303=ADVANCED_FACE('',(#737),#80,.T.);
#3304=ADVANCED_FACE('',(#738),#81,.T.);
#3305=ADVANCED_FACE('',(#739),#617,.T.);
#3306=ADVANCED_FACE('',(#740),#15,.T.);
#3307=ADVANCED_FACE('',(#741),#618,.F.);
#3308=ADVANCED_FACE('',(#742),#16,.T.);
#3309=ADVANCED_FACE('',(#743),#17,.T.);
#3310=ADVANCED_FACE('',(#744),#18,.T.);
#3311=ADVANCED_FACE('',(#745),#19,.T.);
#3312=ADVANCED_FACE('',(#746),#20,.T.);
#3313=ADVANCED_FACE('',(#747),#619,.T.);
#3314=ADVANCED_FACE('',(#748),#82,.T.);
#3315=ADVANCED_FACE('',(#749),#620,.T.);
#3316=ADVANCED_FACE('',(#750),#621,.T.);
#3317=ADVANCED_FACE('',(#751),#622,.T.);
#3318=ADVANCED_FACE('',(#752),#83,.T.);
#3319=ADVANCED_FACE('',(#753),#623,.T.);
#3320=ADVANCED_FACE('',(#754),#115,.T.);
#3321=ADVANCED_FACE('',(#755),#116,.T.);
#3322=ADVANCED_FACE('',(#756),#624,.F.);
#3323=ADVANCED_FACE('',(#757),#21,.T.);
#3324=ADVANCED_FACE('',(#758),#625,.T.);
#3325=ADVANCED_FACE('',(#759),#22,.T.);
#3326=ADVANCED_FACE('',(#760),#626,.T.);
#3327=ADVANCED_FACE('',(#761),#23,.T.);
#3328=ADVANCED_FACE('',(#762),#627,.F.);
#3329=ADVANCED_FACE('',(#763),#24,.T.);
#3330=ADVANCED_FACE('',(#764),#117,.T.);
#3331=ADVANCED_FACE('',(#765),#118,.T.);
#3332=ADVANCED_FACE('',(#766),#628,.T.);
#3333=ADVANCED_FACE('',(#767),#84,.F.);
#3334=ADVANCED_FACE('',(#768),#85,.F.);
#3335=ADVANCED_FACE('',(#769),#629,.T.);
#3336=ADVANCED_FACE('',(#770),#3277,.F.);
#3337=ADVANCED_FACE('',(#771),#630,.T.);
#3338=ADVANCED_FACE('',(#772),#3278,.F.);
#3339=ADVANCED_FACE('',(#773),#631,.T.);
#3340=ADVANCED_FACE('',(#774),#632,.F.);
#3341=ADVANCED_FACE('',(#775),#633,.T.);
#3342=ADVANCED_FACE('',(#776),#3279,.F.);
#3343=ADVANCED_FACE('',(#777),#634,.T.);
#3344=ADVANCED_FACE('',(#778),#3280,.F.);
#3345=ADVANCED_FACE('',(#779),#635,.T.);
#3346=ADVANCED_FACE('',(#780),#86,.F.);
#3347=ADVANCED_FACE('',(#781),#87,.F.);
#3348=ADVANCED_FACE('',(#782),#25,.T.);
#3349=ADVANCED_FACE('',(#783),#26,.T.);
#3350=ADVANCED_FACE('',(#784),#119,.T.);
#3351=ADVANCED_FACE('',(#785),#120,.T.);
#3352=ADVANCED_FACE('',(#786),#121,.T.);
#3353=ADVANCED_FACE('',(#787),#88,.F.);
#3354=ADVANCED_FACE('',(#788),#122,.T.);
#3355=ADVANCED_FACE('',(#789),#89,.F.);
#3356=ADVANCED_FACE('',(#790),#636,.F.);
#3357=ADVANCED_FACE('',(#791),#637,.T.);
#3358=ADVANCED_FACE('',(#792),#123,.T.);
#3359=ADVANCED_FACE('',(#793),#124,.T.);
#3360=ADVANCED_FACE('',(#794),#90,.F.);
#3361=ADVANCED_FACE('',(#795),#638,.F.);
#3362=ADVANCED_FACE('',(#796),#639,.T.);
#3363=ADVANCED_FACE('',(#797),#91,.F.);
#3364=ADVANCED_FACE('',(#798),#640,.F.);
#3365=ADVANCED_FACE('',(#799),#92,.F.);
#3366=ADVANCED_FACE('',(#800),#641,.F.);
#3367=ADVANCED_FACE('',(#801),#642,.T.);
#3368=ADVANCED_FACE('',(#802),#643,.F.);
#3369=ADVANCED_FACE('',(#803),#644,.T.);
#3370=ADVANCED_FACE('',(#804),#645,.T.);
#3371=ADVANCED_FACE('',(#805),#646,.T.);
#3372=ADVANCED_FACE('',(#806),#647,.T.);
#3373=ADVANCED_FACE('',(#807),#648,.F.);
#3374=ADVANCED_FACE('',(#808),#649,.T.);
#3375=ADVANCED_FACE('',(#809),#650,.T.);
#3376=ADVANCED_FACE('',(#810),#651,.T.);
#3377=ADVANCED_FACE('',(#811),#652,.T.);
#3378=ADVANCED_FACE('',(#812),#653,.T.);
#3379=ADVANCED_FACE('',(#813),#27,.T.);
#3380=ADVANCED_FACE('',(#814),#28,.T.);
#3381=ADVANCED_FACE('',(#815),#29,.T.);
#3382=ADVANCED_FACE('',(#816),#30,.T.);
#3383=ADVANCED_FACE('',(#817),#31,.T.);
#3384=ADVANCED_FACE('',(#818),#32,.T.);
#3385=ADVANCED_FACE('',(#819),#33,.T.);
#3386=ADVANCED_FACE('',(#820),#34,.T.);
#3387=ADVANCED_FACE('',(#821),#93,.F.);
#3388=ADVANCED_FACE('',(#822),#94,.F.);
#3389=ADVANCED_FACE('',(#823),#125,.T.);
#3390=ADVANCED_FACE('',(#824),#654,.T.);
#3391=ADVANCED_FACE('',(#825),#95,.F.);
#3392=ADVANCED_FACE('',(#826),#655,.F.);
#3393=ADVANCED_FACE('',(#827),#656,.F.);
#3394=ADVANCED_FACE('',(#828),#126,.T.);
#3395=ADVANCED_FACE('',(#829),#657,.T.);
#3396=ADVANCED_FACE('',(#830),#127,.T.);
#3397=ADVANCED_FACE('',(#831),#658,.T.);
#3398=ADVANCED_FACE('',(#832),#659,.T.);
#3399=ADVANCED_FACE('',(#833),#96,.F.);
#3400=ADVANCED_FACE('',(#834),#660,.F.);
#3401=ADVANCED_FACE('',(#835),#97,.F.);
#3402=ADVANCED_FACE('',(#836),#661,.F.);
#3403=ADVANCED_FACE('',(#837),#128,.T.);
#3404=ADVANCED_FACE('',(#838),#662,.T.);
#3405=ADVANCED_FACE('',(#839),#129,.T.);
#3406=ADVANCED_FACE('',(#840),#663,.T.);
#3407=ADVANCED_FACE('',(#841),#664,.T.);
#3408=ADVANCED_FACE('',(#842),#130,.T.);
#3409=ADVANCED_FACE('',(#843),#665,.T.);
#3410=ADVANCED_FACE('',(#844),#666,.T.);
#3411=ADVANCED_FACE('',(#845),#667,.T.);
#3412=ADVANCED_FACE('',(#846),#668,.T.);
#3413=ADVANCED_FACE('',(#847),#669,.F.);
#3414=ADVANCED_FACE('',(#848),#670,.T.);
#3415=ADVANCED_FACE('',(#849),#671,.F.);
#3416=ADVANCED_FACE('',(#850),#35,.T.);
#3417=ADVANCED_FACE('',(#851),#36,.T.);
#3418=ADVANCED_FACE('',(#852),#37,.T.);
#3419=ADVANCED_FACE('',(#853),#38,.T.);
#3420=ADVANCED_FACE('',(#854),#39,.T.);
#3421=ADVANCED_FACE('',(#855),#40,.T.);
#3422=ADVANCED_FACE('',(#856),#41,.T.);
#3423=ADVANCED_FACE('',(#857),#98,.F.);
#3424=ADVANCED_FACE('',(#858),#672,.F.);
#3425=ADVANCED_FACE('',(#859),#99,.F.);
#3426=ADVANCED_FACE('',(#860),#673,.F.);
#3427=ADVANCED_FACE('',(#861),#674,.T.);
#3428=ADVANCED_FACE('',(#862),#3281,.F.);
#3429=ADVANCED_FACE('',(#863),#131,.T.);
#3430=ADVANCED_FACE('',(#864),#132,.T.);
#3431=ADVANCED_FACE('',(#865),#675,.T.);
#3432=ADVANCED_FACE('',(#866),#133,.T.);
#3433=ADVANCED_FACE('',(#867),#676,.T.);
#3434=ADVANCED_FACE('',(#868),#134,.T.);
#3435=ADVANCED_FACE('',(#869),#677,.T.);
#3436=ADVANCED_FACE('',(#870),#678,.T.);
#3437=ADVANCED_FACE('',(#871),#3282,.F.);
#3438=ADVANCED_FACE('',(#872),#679,.T.);
#3439=ADVANCED_FACE('',(#873),#3283,.F.);
#3440=ADVANCED_FACE('',(#874),#680,.T.);
#3441=ADVANCED_FACE('',(#875),#681,.T.);
#3442=ADVANCED_FACE('',(#876),#682,.T.);
#3443=ADVANCED_FACE('',(#877),#3284,.F.);
#3444=ADVANCED_FACE('',(#878),#683,.T.);
#3445=ADVANCED_FACE('',(#879),#3285,.F.);
#3446=ADVANCED_FACE('',(#880),#684,.T.);
#3447=ADVANCED_FACE('',(#881),#100,.F.);
#3448=ADVANCED_FACE('',(#882),#42,.T.);
#3449=ADVANCED_FACE('',(#883),#43,.T.);
#3450=ADVANCED_FACE('',(#884),#44,.T.);
#3451=ADVANCED_FACE('',(#885),#45,.T.);
#3452=ADVANCED_FACE('',(#886),#135,.T.);
#3453=ADVANCED_FACE('',(#887),#101,.F.);
#3454=ADVANCED_FACE('',(#888),#136,.T.);
#3455=ADVANCED_FACE('',(#889),#137,.T.);
#3456=ADVANCED_FACE('',(#890),#102,.F.);
#3457=ADVANCED_FACE('',(#891),#103,.F.);
#3458=ADVANCED_FACE('',(#892),#685,.F.);
#3459=ADVANCED_FACE('',(#893),#686,.T.);
#3460=ADVANCED_FACE('',(#894),#138,.T.);
#3461=ADVANCED_FACE('',(#895),#139,.T.);
#3462=ADVANCED_FACE('',(#896),#104,.F.);
#3463=ADVANCED_FACE('',(#897),#105,.F.);
#3464=ADVANCED_FACE('',(#898),#140,.T.);
#3465=ADVANCED_FACE('',(#899),#106,.F.);
#3466=ADVANCED_FACE('',(#900),#687,.F.);
#3467=ADVANCED_FACE('',(#901),#688,.T.);
#3468=ADVANCED_FACE('',(#902),#689,.F.);
#3469=ADVANCED_FACE('',(#903),#690,.T.);
#3470=ADVANCED_FACE('',(#904),#691,.T.);
#3471=ADVANCED_FACE('',(#905),#692,.F.);
#3472=ADVANCED_FACE('',(#906),#693,.T.);
#3473=ADVANCED_FACE('',(#907),#694,.T.);
#3474=ADVANCED_FACE('',(#908),#695,.F.);
#3475=ADVANCED_FACE('',(#909),#696,.T.);
#3476=ADVANCED_FACE('',(#910),#697,.T.);
#3477=ADVANCED_FACE('',(#911),#698,.T.);
#3478=ADVANCED_FACE('',(#912),#699,.F.);
#3479=ADVANCED_FACE('',(#913),#700,.T.);
#3480=ADVANCED_FACE('',(#914),#701,.T.);
#3481=ADVANCED_FACE('',(#915),#702,.T.);
#3482=ADVANCED_FACE('',(#916),#46,.T.);
#3483=ADVANCED_FACE('',(#917),#47,.T.);
#3484=ADVANCED_FACE('',(#918),#48,.T.);
#3485=ADVANCED_FACE('',(#919),#49,.T.);
#3486=ADVANCED_FACE('',(#920),#50,.T.);
#3487=ADVANCED_FACE('',(#921),#51,.T.);
#3488=ADVANCED_FACE('',(#922),#52,.T.);
#3489=ADVANCED_FACE('',(#923),#703,.F.);
#3490=ADVANCED_FACE('',(#924),#107,.F.);
#3491=ADVANCED_FACE('',(#925),#704,.F.);
#3492=ADVANCED_FACE('',(#926),#108,.F.);
#3493=ADVANCED_FACE('',(#927),#705,.F.);
#3494=ADVANCED_FACE('',(#928),#706,.F.);
#3495=ADVANCED_FACE('',(#929),#109,.F.);
#3496=ADVANCED_FACE('',(#930),#707,.F.);
#3497=ADVANCED_FACE('',(#931),#110,.F.);
#3498=ADVANCED_FACE('',(#932),#708,.F.);
#3499=ADVANCED_FACE('',(#933),#709,.T.);
#3500=ADVANCED_FACE('',(#934),#53,.T.);
#3501=ADVANCED_FACE('',(#935),#710,.T.);
#3502=ADVANCED_FACE('',(#936),#54,.T.);
#3503=ADVANCED_FACE('',(#937),#711,.T.);
#3504=ADVANCED_FACE('',(#938),#55,.T.);
#3505=ADVANCED_FACE('',(#939),#141,.T.);
#3506=ADVANCED_FACE('',(#940),#712,.T.);
#3507=ADVANCED_FACE('',(#941),#713,.T.);
#3508=ADVANCED_FACE('',(#942),#142,.T.);
#3509=ADVANCED_FACE('',(#943),#714,.T.);
#3510=ADVANCED_FACE('',(#944),#56,.T.);
#3511=ADVANCED_FACE('',(#945),#715,.T.);
#3512=ADVANCED_FACE('',(#946),#143,.T.);
#3513=ADVANCED_FACE('',(#947),#716,.T.);
#3514=ADVANCED_FACE('',(#948),#57,.T.);
#3515=ADVANCED_FACE('',(#949),#144,.T.);
#3516=ADVANCED_FACE('',(#950),#717,.T.);
#3517=ADVANCED_FACE('',(#951),#145,.T.);
#3518=ADVANCED_FACE('',(#952),#718,.T.);
#3519=ADVANCED_FACE('',(#953),#719,.T.);
#3520=ADVANCED_FACE('',(#954),#58,.T.);
#3521=ADVANCED_FACE('',(#955),#59,.T.);
#3522=ADVANCED_FACE('',(#956),#60,.T.);
#3523=CLOSED_SHELL('',(#3286,#3287,#3288,#3289,#3290,#3291,#3292,#3293,
#3294,#3295,#3296,#3297,#3298,#3299,#3300,#3301,#3302,#3303,#3304,#3305,
#3306,#3307,#3308,#3309,#3310,#3311,#3312,#3313,#3314,#3315,#3316,#3317,
#3318,#3319,#3320,#3321,#3322,#3323,#3324,#3325,#3326,#3327,#3328,#3329,
#3330,#3331,#3332,#3333,#3334,#3335,#3336,#3337,#3338,#3339,#3340,#3341,
#3342,#3343,#3344,#3345,#3346,#3347,#3348,#3349,#3350,#3351,#3352,#3353,
#3354,#3355,#3356,#3357,#3358,#3359,#3360,#3361,#3362,#3363,#3364,#3365,
#3366,#3367,#3368,#3369,#3370,#3371,#3372,#3373,#3374,#3375,#3376,#3377,
#3378,#3379,#3380,#3381,#3382,#3383,#3384,#3385,#3386,#3387,#3388,#3389,
#3390,#3391,#3392,#3393,#3394,#3395,#3396,#3397,#3398,#3399,#3400,#3401,
#3402,#3403,#3404,#3405,#3406,#3407,#3408,#3409,#3410,#3411,#3412,#3413,
#3414,#3415,#3416,#3417,#3418,#3419,#3420,#3421,#3422,#3423,#3424,#3425,
#3426,#3427,#3428,#3429,#3430,#3431,#3432,#3433,#3434,#3435,#3436,#3437,
#3438,#3439,#3440,#3441,#3442,#3443,#3444,#3445,#3446,#3447,#3448,#3449,
#3450,#3451,#3452,#3453,#3454,#3455,#3456,#3457,#3458,#3459,#3460,#3461,
#3462,#3463,#3464,#3465,#3466,#3467,#3468,#3469,#3470,#3471,#3472,#3473,
#3474,#3475,#3476,#3477,#3478,#3479,#3480,#3481,#3482,#3483,#3484,#3485,
#3486,#3487,#3488,#3489,#3490,#3491,#3492,#3493,#3494,#3495,#3496,#3497,
#3498,#3499,#3500,#3501,#3502,#3503,#3504,#3505,#3506,#3507,#3508,#3509,
#3510,#3511,#3512,#3513,#3514,#3515,#3516,#3517,#3518,#3519,#3520,#3521,
#3522));
#3524=DERIVED_UNIT_ELEMENT(#3526,1.);
#3525=DERIVED_UNIT_ELEMENT(#6620,-3.);
#3526=(
MASS_UNIT()
NAMED_UNIT(*)
SI_UNIT(.KILO.,.GRAM.)
);
#3527=DERIVED_UNIT((#3524,#3525));
#3528=MEASURE_REPRESENTATION_ITEM('density measure',
POSITIVE_RATIO_MEASURE(7850.),#3527);
#3529=PROPERTY_DEFINITION_REPRESENTATION(#3534,#3531);
#3530=PROPERTY_DEFINITION_REPRESENTATION(#3535,#3532);
#3531=REPRESENTATION('material name',(#3533),#6617);
#3532=REPRESENTATION('density',(#3528),#6617);
#3533=DESCRIPTIVE_REPRESENTATION_ITEM('Steel','Steel');
#3534=PROPERTY_DEFINITION('material property','material name',#6627);
#3535=PROPERTY_DEFINITION('material property','density of part',#6627);
#3536=AXIS2_PLACEMENT_3D('',#5239,#4027,#4028);
#3537=AXIS2_PLACEMENT_3D('',#5267,#4029,#4030);
#3538=AXIS2_PLACEMENT_3D('',#5269,#4031,#4032);
#3539=AXIS2_PLACEMENT_3D('',#5270,#4033,#4034);
#3540=AXIS2_PLACEMENT_3D('',#5271,#4035,#4036);
#3541=AXIS2_PLACEMENT_3D('',#5275,#4038,#4039);
#3542=AXIS2_PLACEMENT_3D('',#5277,#4041,#4042);
#3543=AXIS2_PLACEMENT_3D('',#5281,#4044,#4045);
#3544=AXIS2_PLACEMENT_3D('',#5310,#4047,#4048);
#3545=AXIS2_PLACEMENT_3D('',#5312,#4049,#4050);
#3546=AXIS2_PLACEMENT_3D('',#5313,#4051,#4052);
#3547=AXIS2_PLACEMENT_3D('',#5314,#4053,#4054);
#3548=AXIS2_PLACEMENT_3D('',#5317,#4055,#4056);
#3549=AXIS2_PLACEMENT_3D('',#5319,#4057,#4058);
#3550=AXIS2_PLACEMENT_3D('',#5320,#4059,#4060);
#3551=AXIS2_PLACEMENT_3D('',#5321,#4061,#4062);
#3552=AXIS2_PLACEMENT_3D('',#5324,#4065,#4066);
#3553=AXIS2_PLACEMENT_3D('',#5329,#4069,#4070);
#3554=AXIS2_PLACEMENT_3D('',#5330,#4071,#4072);
#3555=AXIS2_PLACEMENT_3D('',#5333,#4073,#4074);
#3556=AXIS2_PLACEMENT_3D('',#5335,#4075,#4076);
#3557=AXIS2_PLACEMENT_3D('',#5336,#4077,#4078);
#3558=AXIS2_PLACEMENT_3D('',#5337,#4079,#4080);
#3559=AXIS2_PLACEMENT_3D('',#5340,#4083,#4084);
#3560=AXIS2_PLACEMENT_3D('',#5343,#4085,#4086);
#3561=AXIS2_PLACEMENT_3D('',#5346,#4089,#4090);
#3562=AXIS2_PLACEMENT_3D('',#5349,#4091,#4092);
#3563=AXIS2_PLACEMENT_3D('',#5351,#4093,#4094);
#3564=AXIS2_PLACEMENT_3D('',#5352,#4095,#4096);
#3565=AXIS2_PLACEMENT_3D('',#5353,#4097,#4098);
#3566=AXIS2_PLACEMENT_3D('',#5356,#4101,#4102);
#3567=AXIS2_PLACEMENT_3D('',#5359,#4105,#4106);
#3568=AXIS2_PLACEMENT_3D('',#5362,#4107,#4108);
#3569=AXIS2_PLACEMENT_3D('',#5364,#4109,#4110);
#3570=AXIS2_PLACEMENT_3D('',#5365,#4111,#4112);
#3571=AXIS2_PLACEMENT_3D('',#5366,#4113,#4114);
#3572=AXIS2_PLACEMENT_3D('',#5369,#4117,#4118);
#3573=AXIS2_PLACEMENT_3D('',#5372,#4121,#4122);
#3574=AXIS2_PLACEMENT_3D('',#5375,#4125,#4126);
#3575=AXIS2_PLACEMENT_3D('',#5382,#4127,#4128);
#3576=AXIS2_PLACEMENT_3D('',#5384,#4129,#4130);
#3577=AXIS2_PLACEMENT_3D('',#5397,#4131,#4132);
#3578=AXIS2_PLACEMENT_3D('',#5412,#4133,#4134);
#3579=AXIS2_PLACEMENT_3D('',#5414,#4135,#4136);
#3580=AXIS2_PLACEMENT_3D('',#5419,#4137,#4138);
#3581=AXIS2_PLACEMENT_3D('',#5423,#4140,#4141);
#3582=AXIS2_PLACEMENT_3D('',#5425,#4143,#4144);
#3583=AXIS2_PLACEMENT_3D('',#5447,#4150,#4151);
#3584=AXIS2_PLACEMENT_3D('',#5450,#4153,#4154);
#3585=AXIS2_PLACEMENT_3D('',#5451,#4155,#4156);
#3586=AXIS2_PLACEMENT_3D('',#5458,#4160,#4161);
#3587=AXIS2_PLACEMENT_3D('',#5466,#4165,#4166);
#3588=AXIS2_PLACEMENT_3D('',#5468,#4168,#4169);
#3589=AXIS2_PLACEMENT_3D('',#5470,#4171,#4172);
#3590=AXIS2_PLACEMENT_3D('',#5474,#4174,#4175);
#3591=AXIS2_PLACEMENT_3D('',#5477,#4177,#4178);
#3592=AXIS2_PLACEMENT_3D('',#5478,#4179,#4180);
#3593=AXIS2_PLACEMENT_3D('',#5479,#4181,#4182);
#3594=AXIS2_PLACEMENT_3D('',#5480,#4183,#4184);
#3595=AXIS2_PLACEMENT_3D('',#5482,#4185,#4186);
#3596=AXIS2_PLACEMENT_3D('',#5485,#4188,#4189);
#3597=AXIS2_PLACEMENT_3D('',#5486,#4190,#4191);
#3598=AXIS2_PLACEMENT_3D('',#5488,#4192,#4193);
#3599=AXIS2_PLACEMENT_3D('',#5489,#4194,#4195);
#3600=AXIS2_PLACEMENT_3D('',#5490,#4196,#4197);
#3601=AXIS2_PLACEMENT_3D('',#5492,#4199,#4200);
#3602=AXIS2_PLACEMENT_3D('',#5494,#4201,#4202);
#3603=AXIS2_PLACEMENT_3D('',#5497,#4204,#4205);
#3604=AXIS2_PLACEMENT_3D('',#5498,#4206,#4207);
#3605=AXIS2_PLACEMENT_3D('',#5501,#4209,#4210);
#3606=AXIS2_PLACEMENT_3D('',#5502,#4211,#4212);
#3607=AXIS2_PLACEMENT_3D('',#5504,#4213,#4214);
#3608=AXIS2_PLACEMENT_3D('',#5505,#4215,#4216);
#3609=AXIS2_PLACEMENT_3D('',#5506,#4217,#4218);
#3610=AXIS2_PLACEMENT_3D('',#5508,#4219,#4220);
#3611=AXIS2_PLACEMENT_3D('',#5510,#4222,#4223);
#3612=AXIS2_PLACEMENT_3D('',#5511,#4224,#4225);
#3613=AXIS2_PLACEMENT_3D('',#5512,#4226,#4227);
#3614=AXIS2_PLACEMENT_3D('',#5513,#4228,#4229);
#3615=AXIS2_PLACEMENT_3D('',#5514,#4230,#4231);
#3616=AXIS2_PLACEMENT_3D('',#5518,#4233,#4234);
#3617=AXIS2_PLACEMENT_3D('',#5520,#4236,#4237);
#3618=AXIS2_PLACEMENT_3D('',#5540,#4242,#4243);
#3619=AXIS2_PLACEMENT_3D('',#5543,#4245,#4246);
#3620=AXIS2_PLACEMENT_3D('',#5544,#4247,#4248);
#3621=AXIS2_PLACEMENT_3D('',#5548,#4251,#4252);
#3622=AXIS2_PLACEMENT_3D('',#5551,#4254,#4255);
#3623=AXIS2_PLACEMENT_3D('',#5552,#4256,#4257);
#3624=AXIS2_PLACEMENT_3D('',#5572,#4262,#4263);
#3625=AXIS2_PLACEMENT_3D('',#5575,#4265,#4266);
#3626=AXIS2_PLACEMENT_3D('',#5576,#4267,#4268);
#3627=AXIS2_PLACEMENT_3D('',#5578,#4269,#4270);
#3628=AXIS2_PLACEMENT_3D('',#5581,#4272,#4273);
#3629=AXIS2_PLACEMENT_3D('',#5582,#4274,#4275);
#3630=AXIS2_PLACEMENT_3D('',#5584,#4276,#4277);
#3631=AXIS2_PLACEMENT_3D('',#5585,#4278,#4279);
#3632=AXIS2_PLACEMENT_3D('',#5586,#4280,#4281);
#3633=AXIS2_PLACEMENT_3D('',#5588,#4282,#4283);
#3634=AXIS2_PLACEMENT_3D('',#5589,#4284,#4285);
#3635=AXIS2_PLACEMENT_3D('',#5590,#4286,#4287);
#3636=AXIS2_PLACEMENT_3D('',#5592,#4289,#4290);
#3637=AXIS2_PLACEMENT_3D('',#5594,#4291,#4292);
#3638=AXIS2_PLACEMENT_3D('',#5595,#4293,#4294);
#3639=AXIS2_PLACEMENT_3D('',#5596,#4295,#4296);
#3640=AXIS2_PLACEMENT_3D('',#5598,#4297,#4298);
#3641=AXIS2_PLACEMENT_3D('',#5599,#4299,#4300);
#3642=AXIS2_PLACEMENT_3D('',#5600,#4301,#4302);
#3643=AXIS2_PLACEMENT_3D('',#5602,#4303,#4304);
#3644=AXIS2_PLACEMENT_3D('',#5630,#4306,#4307);
#3645=AXIS2_PLACEMENT_3D('',#5636,#4308,#4309);
#3646=AXIS2_PLACEMENT_3D('',#5638,#4310,#4311);
#3647=AXIS2_PLACEMENT_3D('',#5666,#4313,#4314);
#3648=AXIS2_PLACEMENT_3D('',#5672,#4315,#4316);
#3649=AXIS2_PLACEMENT_3D('',#5674,#4318,#4319);
#3650=AXIS2_PLACEMENT_3D('',#5676,#4321,#4322);
#3651=AXIS2_PLACEMENT_3D('',#5678,#4323,#4324);
#3652=AXIS2_PLACEMENT_3D('',#5706,#4326,#4327);
#3653=AXIS2_PLACEMENT_3D('',#5712,#4328,#4329);
#3654=AXIS2_PLACEMENT_3D('',#5714,#4330,#4331);
#3655=AXIS2_PLACEMENT_3D('',#5742,#4333,#4334);
#3656=AXIS2_PLACEMENT_3D('',#5748,#4335,#4336);
#3657=AXIS2_PLACEMENT_3D('',#5750,#4338,#4339);
#3658=AXIS2_PLACEMENT_3D('',#5752,#4340,#4341);
#3659=AXIS2_PLACEMENT_3D('',#5754,#4342,#4343);
#3660=AXIS2_PLACEMENT_3D('',#5756,#4344,#4345);
#3661=AXIS2_PLACEMENT_3D('',#5758,#4346,#4347);
#3662=AXIS2_PLACEMENT_3D('',#5759,#4348,#4349);
#3663=AXIS2_PLACEMENT_3D('',#5760,#4350,#4351);
#3664=AXIS2_PLACEMENT_3D('',#5762,#4352,#4353);
#3665=AXIS2_PLACEMENT_3D('',#5764,#4354,#4355);
#3666=AXIS2_PLACEMENT_3D('',#5766,#4356,#4357);
#3667=AXIS2_PLACEMENT_3D('',#5768,#4358,#4359);
#3668=AXIS2_PLACEMENT_3D('',#5769,#4360,#4361);
#3669=AXIS2_PLACEMENT_3D('',#5770,#4362,#4363);
#3670=AXIS2_PLACEMENT_3D('',#5772,#4364,#4365);
#3671=AXIS2_PLACEMENT_3D('',#5776,#4367,#4368);
#3672=AXIS2_PLACEMENT_3D('',#5780,#4370,#4371);
#3673=AXIS2_PLACEMENT_3D('',#5782,#4373,#4374);
#3674=AXIS2_PLACEMENT_3D('',#5786,#4376,#4377);
#3675=AXIS2_PLACEMENT_3D('',#5790,#4379,#4380);
#3676=AXIS2_PLACEMENT_3D('',#5793,#4382,#4383);
#3677=AXIS2_PLACEMENT_3D('',#5795,#4384,#4385);
#3678=AXIS2_PLACEMENT_3D('',#5799,#4387,#4388);
#3679=AXIS2_PLACEMENT_3D('',#5803,#4390,#4391);
#3680=AXIS2_PLACEMENT_3D('',#5805,#4393,#4394);
#3681=AXIS2_PLACEMENT_3D('',#5808,#4395,#4396);
#3682=AXIS2_PLACEMENT_3D('',#5810,#4397,#4398);
#3683=AXIS2_PLACEMENT_3D('',#5811,#4399,#4400);
#3684=AXIS2_PLACEMENT_3D('',#5812,#4401,#4402);
#3685=AXIS2_PLACEMENT_3D('',#5815,#4403,#4404);
#3686=AXIS2_PLACEMENT_3D('',#5817,#4405,#4406);
#3687=AXIS2_PLACEMENT_3D('',#5818,#4407,#4408);
#3688=AXIS2_PLACEMENT_3D('',#5819,#4409,#4410);
#3689=AXIS2_PLACEMENT_3D('',#5822,#4411,#4412);
#3690=AXIS2_PLACEMENT_3D('',#5824,#4413,#4414);
#3691=AXIS2_PLACEMENT_3D('',#5825,#4415,#4416);
#3692=AXIS2_PLACEMENT_3D('',#5826,#4417,#4418);
#3693=AXIS2_PLACEMENT_3D('',#5829,#4419,#4420);
#3694=AXIS2_PLACEMENT_3D('',#5831,#4421,#4422);
#3695=AXIS2_PLACEMENT_3D('',#5833,#4423,#4424);
#3696=AXIS2_PLACEMENT_3D('',#5834,#4425,#4426);
#3697=AXIS2_PLACEMENT_3D('',#5835,#4427,#4428);
#3698=AXIS2_PLACEMENT_3D('',#5838,#4429,#4430);
#3699=AXIS2_PLACEMENT_3D('',#5840,#4431,#4432);
#3700=AXIS2_PLACEMENT_3D('',#5841,#4433,#4434);
#3701=AXIS2_PLACEMENT_3D('',#5842,#4435,#4436);
#3702=AXIS2_PLACEMENT_3D('',#5845,#4437,#4438);
#3703=AXIS2_PLACEMENT_3D('',#5847,#4439,#4440);
#3704=AXIS2_PLACEMENT_3D('',#5849,#4441,#4442);
#3705=AXIS2_PLACEMENT_3D('',#5850,#4443,#4444);
#3706=AXIS2_PLACEMENT_3D('',#5851,#4445,#4446);
#3707=AXIS2_PLACEMENT_3D('',#5854,#4449,#4450);
#3708=AXIS2_PLACEMENT_3D('',#5857,#4453,#4454);
#3709=AXIS2_PLACEMENT_3D('',#5860,#4455,#4456);
#3710=AXIS2_PLACEMENT_3D('',#5862,#4457,#4458);
#3711=AXIS2_PLACEMENT_3D('',#5863,#4459,#4460);
#3712=AXIS2_PLACEMENT_3D('',#5864,#4461,#4462);
#3713=AXIS2_PLACEMENT_3D('',#5867,#4463,#4464);
#3714=AXIS2_PLACEMENT_3D('',#5869,#4465,#4466);
#3715=AXIS2_PLACEMENT_3D('',#5870,#4467,#4468);
#3716=AXIS2_PLACEMENT_3D('',#5871,#4469,#4470);
#3717=AXIS2_PLACEMENT_3D('',#5873,#4471,#4472);
#3718=AXIS2_PLACEMENT_3D('',#5875,#4473,#4474);
#3719=AXIS2_PLACEMENT_3D('',#5877,#4475,#4476);
#3720=AXIS2_PLACEMENT_3D('',#5878,#4477,#4478);
#3721=AXIS2_PLACEMENT_3D('',#5879,#4479,#4480);
#3722=AXIS2_PLACEMENT_3D('',#5882,#4483,#4484);
#3723=AXIS2_PLACEMENT_3D('',#5885,#4487,#4488);
#3724=AXIS2_PLACEMENT_3D('',#5888,#4489,#4490);
#3725=AXIS2_PLACEMENT_3D('',#5889,#4491,#4492);
#3726=AXIS2_PLACEMENT_3D('',#5890,#4493,#4494);
#3727=AXIS2_PLACEMENT_3D('',#5891,#4495,#4496);
#3728=AXIS2_PLACEMENT_3D('',#5893,#4498,#4499);
#3729=AXIS2_PLACEMENT_3D('',#5895,#4500,#4501);
#3730=AXIS2_PLACEMENT_3D('',#5897,#4502,#4503);
#3731=AXIS2_PLACEMENT_3D('',#5898,#4504,#4505);
#3732=AXIS2_PLACEMENT_3D('',#5899,#4506,#4507);
#3733=AXIS2_PLACEMENT_3D('',#5901,#4509,#4510);
#3734=AXIS2_PLACEMENT_3D('',#5904,#4513,#4514);
#3735=AXIS2_PLACEMENT_3D('',#5906,#4516,#4517);
#3736=AXIS2_PLACEMENT_3D('',#5909,#4520,#4521);
#3737=AXIS2_PLACEMENT_3D('',#5912,#4524,#4525);
#3738=AXIS2_PLACEMENT_3D('',#5915,#4528,#4529);
#3739=AXIS2_PLACEMENT_3D('',#5918,#4532,#4533);
#3740=AXIS2_PLACEMENT_3D('',#5921,#4536,#4537);
#3741=AXIS2_PLACEMENT_3D('',#5924,#4540,#4541);
#3742=AXIS2_PLACEMENT_3D('',#5927,#4544,#4545);
#3743=AXIS2_PLACEMENT_3D('',#5930,#4548,#4549);
#3744=AXIS2_PLACEMENT_3D('',#5933,#4552,#4553);
#3745=AXIS2_PLACEMENT_3D('',#5936,#4556,#4557);
#3746=AXIS2_PLACEMENT_3D('',#5937,#4558,#4559);
#3747=AXIS2_PLACEMENT_3D('',#5938,#4560,#4561);
#3748=AXIS2_PLACEMENT_3D('',#5939,#4562,#4563);
#3749=AXIS2_PLACEMENT_3D('',#5940,#4564,#4565);
#3750=AXIS2_PLACEMENT_3D('',#5941,#4566,#4567);
#3751=AXIS2_PLACEMENT_3D('',#5942,#4568,#4569);
#3752=AXIS2_PLACEMENT_3D('',#5943,#4570,#4571);
#3753=AXIS2_PLACEMENT_3D('',#5944,#4572,#4573);
#3754=AXIS2_PLACEMENT_3D('',#5946,#4574,#4575);
#3755=AXIS2_PLACEMENT_3D('',#5948,#4576,#4577);
#3756=AXIS2_PLACEMENT_3D('',#5949,#4578,#4579);
#3757=AXIS2_PLACEMENT_3D('',#5950,#4580,#4581);
#3758=AXIS2_PLACEMENT_3D('',#5952,#4582,#4583);
#3759=AXIS2_PLACEMENT_3D('',#5954,#4584,#4585);
#3760=AXIS2_PLACEMENT_3D('',#5955,#4586,#4587);
#3761=AXIS2_PLACEMENT_3D('',#5956,#4588,#4589);
#3762=AXIS2_PLACEMENT_3D('',#5959,#4590,#4591);
#3763=AXIS2_PLACEMENT_3D('',#5961,#4592,#4593);
#3764=AXIS2_PLACEMENT_3D('',#5962,#4594,#4595);
#3765=AXIS2_PLACEMENT_3D('',#5963,#4596,#4597);
#3766=AXIS2_PLACEMENT_3D('',#5966,#4600,#4601);
#3767=AXIS2_PLACEMENT_3D('',#5968,#4602,#4603);
#3768=AXIS2_PLACEMENT_3D('',#5970,#4604,#4605);
#3769=AXIS2_PLACEMENT_3D('',#5971,#4606,#4607);
#3770=AXIS2_PLACEMENT_3D('',#5972,#4608,#4609);
#3771=AXIS2_PLACEMENT_3D('',#5974,#4611,#4612);
#3772=AXIS2_PLACEMENT_3D('',#5976,#4614,#4615);
#3773=AXIS2_PLACEMENT_3D('',#5979,#4616,#4617);
#3774=AXIS2_PLACEMENT_3D('',#5981,#4618,#4619);
#3775=AXIS2_PLACEMENT_3D('',#5982,#4620,#4621);
#3776=AXIS2_PLACEMENT_3D('',#5983,#4622,#4623);
#3777=AXIS2_PLACEMENT_3D('',#5986,#4626,#4627);
#3778=AXIS2_PLACEMENT_3D('',#5989,#4628,#4629);
#3779=AXIS2_PLACEMENT_3D('',#5991,#4630,#4631);
#3780=AXIS2_PLACEMENT_3D('',#5992,#4632,#4633);
#3781=AXIS2_PLACEMENT_3D('',#5993,#4634,#4635);
#3782=AXIS2_PLACEMENT_3D('',#5996,#4638,#4639);
#3783=AXIS2_PLACEMENT_3D('',#5999,#4642,#4643);
#3784=AXIS2_PLACEMENT_3D('',#6001,#4644,#4645);
#3785=AXIS2_PLACEMENT_3D('',#6003,#4646,#4647);
#3786=AXIS2_PLACEMENT_3D('',#6004,#4648,#4649);
#3787=AXIS2_PLACEMENT_3D('',#6005,#4650,#4651);
#3788=AXIS2_PLACEMENT_3D('',#6007,#4653,#4654);
#3789=AXIS2_PLACEMENT_3D('',#6009,#4655,#4656);
#3790=AXIS2_PLACEMENT_3D('',#6011,#4657,#4658);
#3791=AXIS2_PLACEMENT_3D('',#6012,#4659,#4660);
#3792=AXIS2_PLACEMENT_3D('',#6013,#4661,#4662);
#3793=AXIS2_PLACEMENT_3D('',#6015,#4664,#4665);
#3794=AXIS2_PLACEMENT_3D('',#6018,#4666,#4667);
#3795=AXIS2_PLACEMENT_3D('',#6020,#4668,#4669);
#3796=AXIS2_PLACEMENT_3D('',#6021,#4670,#4671);
#3797=AXIS2_PLACEMENT_3D('',#6022,#4672,#4673);
#3798=AXIS2_PLACEMENT_3D('',#6025,#4676,#4677);
#3799=AXIS2_PLACEMENT_3D('',#6028,#4678,#4679);
#3800=AXIS2_PLACEMENT_3D('',#6030,#4680,#4681);
#3801=AXIS2_PLACEMENT_3D('',#6031,#4682,#4683);
#3802=AXIS2_PLACEMENT_3D('',#6032,#4684,#4685);
#3803=AXIS2_PLACEMENT_3D('',#6035,#4688,#4689);
#3804=AXIS2_PLACEMENT_3D('',#6038,#4692,#4693);
#3805=AXIS2_PLACEMENT_3D('',#6041,#4694,#4695);
#3806=AXIS2_PLACEMENT_3D('',#6043,#4696,#4697);
#3807=AXIS2_PLACEMENT_3D('',#6044,#4698,#4699);
#3808=AXIS2_PLACEMENT_3D('',#6045,#4700,#4701);
#3809=AXIS2_PLACEMENT_3D('',#6048,#4704,#4705);
#3810=AXIS2_PLACEMENT_3D('',#6051,#4708,#4709);
#3811=AXIS2_PLACEMENT_3D('',#6054,#4712,#4713);
#3812=AXIS2_PLACEMENT_3D('',#6057,#4716,#4717);
#3813=AXIS2_PLACEMENT_3D('',#6059,#4719,#4720);
#3814=AXIS2_PLACEMENT_3D('',#6062,#4723,#4724);
#3815=AXIS2_PLACEMENT_3D('',#6064,#4726,#4727);
#3816=AXIS2_PLACEMENT_3D('',#6065,#4728,#4729);
#3817=AXIS2_PLACEMENT_3D('',#6066,#4730,#4731);
#3818=AXIS2_PLACEMENT_3D('',#6067,#4732,#4733);
#3819=AXIS2_PLACEMENT_3D('',#6068,#4734,#4735);
#3820=AXIS2_PLACEMENT_3D('',#6069,#4736,#4737);
#3821=AXIS2_PLACEMENT_3D('',#6070,#4738,#4739);
#3822=AXIS2_PLACEMENT_3D('',#6071,#4740,#4741);
#3823=AXIS2_PLACEMENT_3D('',#6073,#4742,#4743);
#3824=AXIS2_PLACEMENT_3D('',#6074,#4744,#4745);
#3825=AXIS2_PLACEMENT_3D('',#6075,#4746,#4747);
#3826=AXIS2_PLACEMENT_3D('',#6077,#4748,#4749);
#3827=AXIS2_PLACEMENT_3D('',#6079,#4751,#4752);
#3828=AXIS2_PLACEMENT_3D('',#6081,#4753,#4754);
#3829=AXIS2_PLACEMENT_3D('',#6082,#4755,#4756);
#3830=AXIS2_PLACEMENT_3D('',#6083,#4757,#4758);
#3831=AXIS2_PLACEMENT_3D('',#6085,#4760,#4761);
#3832=AXIS2_PLACEMENT_3D('',#6089,#4763,#4764);
#3833=AXIS2_PLACEMENT_3D('',#6112,#4766,#4767);
#3834=AXIS2_PLACEMENT_3D('',#6114,#4768,#4769);
#3835=AXIS2_PLACEMENT_3D('',#6125,#4770,#4771);
#3836=AXIS2_PLACEMENT_3D('',#6127,#4772,#4773);
#3837=AXIS2_PLACEMENT_3D('',#6129,#4774,#4775);
#3838=AXIS2_PLACEMENT_3D('',#6130,#4776,#4777);
#3839=AXIS2_PLACEMENT_3D('',#6131,#4778,#4779);
#3840=AXIS2_PLACEMENT_3D('',#6134,#4780,#4781);
#3841=AXIS2_PLACEMENT_3D('',#6136,#4782,#4783);
#3842=AXIS2_PLACEMENT_3D('',#6137,#4784,#4785);
#3843=AXIS2_PLACEMENT_3D('',#6138,#4786,#4787);
#3844=AXIS2_PLACEMENT_3D('',#6141,#4790,#4791);
#3845=AXIS2_PLACEMENT_3D('',#6143,#4792,#4793);
#3846=AXIS2_PLACEMENT_3D('',#6144,#4794,#4795);
#3847=AXIS2_PLACEMENT_3D('',#6145,#4796,#4797);
#3848=AXIS2_PLACEMENT_3D('',#6147,#4799,#4800);
#3849=AXIS2_PLACEMENT_3D('',#6150,#4801,#4802);
#3850=AXIS2_PLACEMENT_3D('',#6151,#4803,#4804);
#3851=AXIS2_PLACEMENT_3D('',#6152,#4805,#4806);
#3852=AXIS2_PLACEMENT_3D('',#6153,#4807,#4808);
#3853=AXIS2_PLACEMENT_3D('',#6155,#4810,#4811);
#3854=AXIS2_PLACEMENT_3D('',#6157,#4812,#4813);
#3855=AXIS2_PLACEMENT_3D('',#6185,#4815,#4816);
#3856=AXIS2_PLACEMENT_3D('',#6191,#4817,#4818);
#3857=AXIS2_PLACEMENT_3D('',#6193,#4819,#4820);
#3858=AXIS2_PLACEMENT_3D('',#6221,#4822,#4823);
#3859=AXIS2_PLACEMENT_3D('',#6227,#4824,#4825);
#3860=AXIS2_PLACEMENT_3D('',#6229,#4827,#4828);
#3861=AXIS2_PLACEMENT_3D('',#6232,#4831,#4832);
#3862=AXIS2_PLACEMENT_3D('',#6235,#4833,#4834);
#3863=AXIS2_PLACEMENT_3D('',#6239,#4836,#4837);
#3864=AXIS2_PLACEMENT_3D('',#6268,#4839,#4840);
#3865=AXIS2_PLACEMENT_3D('',#6279,#4841,#4842);
#3866=AXIS2_PLACEMENT_3D('',#6302,#4845,#4846);
#3867=AXIS2_PLACEMENT_3D('',#6303,#4847,#4848);
#3868=AXIS2_PLACEMENT_3D('',#6304,#4849,#4850);
#3869=AXIS2_PLACEMENT_3D('',#6306,#4852,#4853);
#3870=AXIS2_PLACEMENT_3D('',#6308,#4854,#4855);
#3871=AXIS2_PLACEMENT_3D('',#6310,#4856,#4857);
#3872=AXIS2_PLACEMENT_3D('',#6312,#4858,#4859);
#3873=AXIS2_PLACEMENT_3D('',#6314,#4860,#4861);
#3874=AXIS2_PLACEMENT_3D('',#6315,#4862,#4863);
#3875=AXIS2_PLACEMENT_3D('',#6316,#4864,#4865);
#3876=AXIS2_PLACEMENT_3D('',#6320,#4867,#4868);
#3877=AXIS2_PLACEMENT_3D('',#6324,#4870,#4871);
#3878=AXIS2_PLACEMENT_3D('',#6326,#4873,#4874);
#3879=AXIS2_PLACEMENT_3D('',#6328,#4875,#4876);
#3880=AXIS2_PLACEMENT_3D('',#6332,#4878,#4879);
#3881=AXIS2_PLACEMENT_3D('',#6336,#4881,#4882);
#3882=AXIS2_PLACEMENT_3D('',#6339,#4884,#4885);
#3883=AXIS2_PLACEMENT_3D('',#6340,#4886,#4887);
#3884=AXIS2_PLACEMENT_3D('',#6344,#4889,#4890);
#3885=AXIS2_PLACEMENT_3D('',#6348,#4892,#4893);
#3886=AXIS2_PLACEMENT_3D('',#6351,#4895,#4896);
#3887=AXIS2_PLACEMENT_3D('',#6355,#4898,#4899);
#3888=AXIS2_PLACEMENT_3D('',#6359,#4901,#4902);
#3889=AXIS2_PLACEMENT_3D('',#6362,#4904,#4905);
#3890=AXIS2_PLACEMENT_3D('',#6363,#4906,#4907);
#3891=AXIS2_PLACEMENT_3D('',#6364,#4908,#4909);
#3892=AXIS2_PLACEMENT_3D('',#6367,#4910,#4911);
#3893=AXIS2_PLACEMENT_3D('',#6369,#4912,#4913);
#3894=AXIS2_PLACEMENT_3D('',#6370,#4914,#4915);
#3895=AXIS2_PLACEMENT_3D('',#6371,#4916,#4917);
#3896=AXIS2_PLACEMENT_3D('',#6373,#4918,#4919);
#3897=AXIS2_PLACEMENT_3D('',#6375,#4920,#4921);
#3898=AXIS2_PLACEMENT_3D('',#6376,#4922,#4923);
#3899=AXIS2_PLACEMENT_3D('',#6377,#4924,#4925);
#3900=AXIS2_PLACEMENT_3D('',#6380,#4926,#4927);
#3901=AXIS2_PLACEMENT_3D('',#6382,#4928,#4929);
#3902=AXIS2_PLACEMENT_3D('',#6383,#4930,#4931);
#3903=AXIS2_PLACEMENT_3D('',#6384,#4932,#4933);
#3904=AXIS2_PLACEMENT_3D('',#6387,#4934,#4935);
#3905=AXIS2_PLACEMENT_3D('',#6389,#4936,#4937);
#3906=AXIS2_PLACEMENT_3D('',#6390,#4938,#4939);
#3907=AXIS2_PLACEMENT_3D('',#6391,#4940,#4941);
#3908=AXIS2_PLACEMENT_3D('',#6393,#4942,#4943);
#3909=AXIS2_PLACEMENT_3D('',#6395,#4944,#4945);
#3910=AXIS2_PLACEMENT_3D('',#6396,#4946,#4947);
#3911=AXIS2_PLACEMENT_3D('',#6397,#4948,#4949);
#3912=AXIS2_PLACEMENT_3D('',#6399,#4950,#4951);
#3913=AXIS2_PLACEMENT_3D('',#6401,#4952,#4953);
#3914=AXIS2_PLACEMENT_3D('',#6402,#4954,#4955);
#3915=AXIS2_PLACEMENT_3D('',#6403,#4956,#4957);
#3916=AXIS2_PLACEMENT_3D('',#6405,#4959,#4960);
#3917=AXIS2_PLACEMENT_3D('',#6408,#4963,#4964);
#3918=AXIS2_PLACEMENT_3D('',#6411,#4965,#4966);
#3919=AXIS2_PLACEMENT_3D('',#6413,#4967,#4968);
#3920=AXIS2_PLACEMENT_3D('',#6414,#4969,#4970);
#3921=AXIS2_PLACEMENT_3D('',#6415,#4971,#4972);
#3922=AXIS2_PLACEMENT_3D('',#6418,#4973,#4974);
#3923=AXIS2_PLACEMENT_3D('',#6420,#4975,#4976);
#3924=AXIS2_PLACEMENT_3D('',#6421,#4977,#4978);
#3925=AXIS2_PLACEMENT_3D('',#6422,#4979,#4980);
#3926=AXIS2_PLACEMENT_3D('',#6424,#4981,#4982);
#3927=AXIS2_PLACEMENT_3D('',#6426,#4983,#4984);
#3928=AXIS2_PLACEMENT_3D('',#6427,#4985,#4986);
#3929=AXIS2_PLACEMENT_3D('',#6428,#4987,#4988);
#3930=AXIS2_PLACEMENT_3D('',#6431,#4989,#4990);
#3931=AXIS2_PLACEMENT_3D('',#6432,#4991,#4992);
#3932=AXIS2_PLACEMENT_3D('',#6433,#4993,#4994);
#3933=AXIS2_PLACEMENT_3D('',#6434,#4995,#4996);
#3934=AXIS2_PLACEMENT_3D('',#6437,#4997,#4998);
#3935=AXIS2_PLACEMENT_3D('',#6439,#4999,#5000);
#3936=AXIS2_PLACEMENT_3D('',#6440,#5001,#5002);
#3937=AXIS2_PLACEMENT_3D('',#6441,#5003,#5004);
#3938=AXIS2_PLACEMENT_3D('',#6443,#5005,#5006);
#3939=AXIS2_PLACEMENT_3D('',#6445,#5007,#5008);
#3940=AXIS2_PLACEMENT_3D('',#6446,#5009,#5010);
#3941=AXIS2_PLACEMENT_3D('',#6447,#5011,#5012);
#3942=AXIS2_PLACEMENT_3D('',#6449,#5014,#5015);
#3943=AXIS2_PLACEMENT_3D('',#6452,#5018,#5019);
#3944=AXIS2_PLACEMENT_3D('',#6454,#5021,#5022);
#3945=AXIS2_PLACEMENT_3D('',#6457,#5025,#5026);
#3946=AXIS2_PLACEMENT_3D('',#6460,#5029,#5030);
#3947=AXIS2_PLACEMENT_3D('',#6462,#5032,#5033);
#3948=AXIS2_PLACEMENT_3D('',#6465,#5036,#5037);
#3949=AXIS2_PLACEMENT_3D('',#6468,#5040,#5041);
#3950=AXIS2_PLACEMENT_3D('',#6470,#5043,#5044);
#3951=AXIS2_PLACEMENT_3D('',#6473,#5047,#5048);
#3952=AXIS2_PLACEMENT_3D('',#6476,#5051,#5052);
#3953=AXIS2_PLACEMENT_3D('',#6479,#5055,#5056);
#3954=AXIS2_PLACEMENT_3D('',#6481,#5058,#5059);
#3955=AXIS2_PLACEMENT_3D('',#6484,#5062,#5063);
#3956=AXIS2_PLACEMENT_3D('',#6487,#5066,#5067);
#3957=AXIS2_PLACEMENT_3D('',#6490,#5070,#5071);
#3958=AXIS2_PLACEMENT_3D('',#6491,#5072,#5073);
#3959=AXIS2_PLACEMENT_3D('',#6492,#5074,#5075);
#3960=AXIS2_PLACEMENT_3D('',#6493,#5076,#5077);
#3961=AXIS2_PLACEMENT_3D('',#6494,#5078,#5079);
#3962=AXIS2_PLACEMENT_3D('',#6495,#5080,#5081);
#3963=AXIS2_PLACEMENT_3D('',#6496,#5082,#5083);
#3964=AXIS2_PLACEMENT_3D('',#6497,#5084,#5085);
#3965=AXIS2_PLACEMENT_3D('',#6499,#5086,#5087);
#3966=AXIS2_PLACEMENT_3D('',#6502,#5089,#5090);
#3967=AXIS2_PLACEMENT_3D('',#6503,#5091,#5092);
#3968=AXIS2_PLACEMENT_3D('',#6505,#5093,#5094);
#3969=AXIS2_PLACEMENT_3D('',#6506,#5095,#5096);
#3970=AXIS2_PLACEMENT_3D('',#6507,#5097,#5098);
#3971=AXIS2_PLACEMENT_3D('',#6509,#5099,#5100);
#3972=AXIS2_PLACEMENT_3D('',#6511,#5102,#5103);
#3973=AXIS2_PLACEMENT_3D('',#6513,#5104,#5105);
#3974=AXIS2_PLACEMENT_3D('',#6514,#5106,#5107);
#3975=AXIS2_PLACEMENT_3D('',#6515,#5108,#5109);
#3976=AXIS2_PLACEMENT_3D('',#6517,#5111,#5112);
#3977=AXIS2_PLACEMENT_3D('',#6519,#5113,#5114);
#3978=AXIS2_PLACEMENT_3D('',#6521,#5116,#5117);
#3979=AXIS2_PLACEMENT_3D('',#6523,#5118,#5119);
#3980=AXIS2_PLACEMENT_3D('',#6524,#5120,#5121);
#3981=AXIS2_PLACEMENT_3D('',#6525,#5122,#5123);
#3982=AXIS2_PLACEMENT_3D('',#6527,#5124,#5125);
#3983=AXIS2_PLACEMENT_3D('',#6529,#5127,#5128);
#3984=AXIS2_PLACEMENT_3D('',#6531,#5129,#5130);
#3985=AXIS2_PLACEMENT_3D('',#6532,#5131,#5132);
#3986=AXIS2_PLACEMENT_3D('',#6533,#5133,#5134);
#3987=AXIS2_PLACEMENT_3D('',#6535,#5136,#5137);
#3988=AXIS2_PLACEMENT_3D('',#6539,#5139,#5140);
#3989=AXIS2_PLACEMENT_3D('',#6541,#5142,#5143);
#3990=AXIS2_PLACEMENT_3D('',#6545,#5146,#5147);
#3991=AXIS2_PLACEMENT_3D('',#6548,#5149,#5150);
#3992=AXIS2_PLACEMENT_3D('',#6549,#5151,#5152);
#3993=AXIS2_PLACEMENT_3D('',#6553,#5155,#5156);
#3994=AXIS2_PLACEMENT_3D('',#6556,#5158,#5159);
#3995=AXIS2_PLACEMENT_3D('',#6557,#5160,#5161);
#3996=AXIS2_PLACEMENT_3D('',#6561,#5164,#5165);
#3997=AXIS2_PLACEMENT_3D('',#6563,#5166,#5167);
#3998=AXIS2_PLACEMENT_3D('',#6564,#5168,#5169);
#3999=AXIS2_PLACEMENT_3D('',#6565,#5170,#5171);
#4000=AXIS2_PLACEMENT_3D('',#6567,#5172,#5173);
#4001=AXIS2_PLACEMENT_3D('',#6569,#5175,#5176);
#4002=AXIS2_PLACEMENT_3D('',#6573,#5178,#5179);
#4003=AXIS2_PLACEMENT_3D('',#6575,#5181,#5182);
#4004=AXIS2_PLACEMENT_3D('',#6577,#5183,#5184);
#4005=AXIS2_PLACEMENT_3D('',#6578,#5185,#5186);
#4006=AXIS2_PLACEMENT_3D('',#6579,#5187,#5188);
#4007=AXIS2_PLACEMENT_3D('',#6582,#5191,#5192);
#4008=AXIS2_PLACEMENT_3D('',#6583,#5193,#5194);
#4009=AXIS2_PLACEMENT_3D('',#6587,#5196,#5197);
#4010=AXIS2_PLACEMENT_3D('',#6589,#5199,#5200);
#4011=AXIS2_PLACEMENT_3D('',#6591,#5201,#5202);
#4012=AXIS2_PLACEMENT_3D('',#6592,#5203,#5204);
#4013=AXIS2_PLACEMENT_3D('',#6593,#5205,#5206);
#4014=AXIS2_PLACEMENT_3D('',#6596,#5209,#5210);
#4015=AXIS2_PLACEMENT_3D('',#6597,#5211,#5212);
#4016=AXIS2_PLACEMENT_3D('',#6599,#5213,#5214);
#4017=AXIS2_PLACEMENT_3D('',#6600,#5215,#5216);
#4018=AXIS2_PLACEMENT_3D('',#6601,#5217,#5218);
#4019=AXIS2_PLACEMENT_3D('',#6603,#5219,#5220);
#4020=AXIS2_PLACEMENT_3D('',#6605,#5222,#5223);
#4021=AXIS2_PLACEMENT_3D('',#6606,#5224,#5225);
#4022=AXIS2_PLACEMENT_3D('',#6607,#5226,#5227);
#4023=AXIS2_PLACEMENT_3D('',#6609,#5229,#5230);
#4024=AXIS2_PLACEMENT_3D('',#6612,#5233,#5234);
#4025=AXIS2_PLACEMENT_3D('',#6613,#5235,#5236);
#4026=AXIS2_PLACEMENT_3D('',#6614,#5237,#5238);
#4027=DIRECTION('axis',(0.,0.,1.));
#4028=DIRECTION('refdir',(1.,0.,0.));
#4029=DIRECTION('center_axis',(-0.447213595499953,0.894427190999918,0.));
#4030=DIRECTION('ref_axis',(0.894427190999918,0.447213595499953,0.));
#4031=DIRECTION('center_axis',(0.894427190999926,-0.447213595499938,0.));
#4032=DIRECTION('ref_axis',(0.447213595499938,0.894427190999926,0.));
#4033=DIRECTION('center_axis',(8.32667268468796E-16,0.,-1.));
#4034=DIRECTION('ref_axis',(0.,1.,0.));
#4035=DIRECTION('center_axis',(-1.,0.,0.));
#4036=DIRECTION('ref_axis',(0.,0.707106781186547,-0.707106781186548));
#4037=DIRECTION('',(-1.,0.,0.));
#4038=DIRECTION('center_axis',(0.707106781186549,0.,-0.707106781186546));
#4039=DIRECTION('ref_axis',(0.707106781186546,0.,0.707106781186549));
#4040=DIRECTION('',(1.,0.,0.));
#4041=DIRECTION('center_axis',(0.,0.,1.));
#4042=DIRECTION('ref_axis',(-0.707106781186546,0.707106781186549,0.));
#4043=DIRECTION('',(0.,0.,1.));
#4044=DIRECTION('center_axis',(0.,0.,-1.));
#4045=DIRECTION('ref_axis',(-1.,0.,0.));
#4046=DIRECTION('',(0.,0.,-1.));
#4047=DIRECTION('center_axis',(0.,0.,1.));
#4048=DIRECTION('ref_axis',(1.,0.,0.));
#4049=DIRECTION('center_axis',(0.894427190999926,-0.447213595499938,0.));
#4050=DIRECTION('ref_axis',(0.447213595499938,0.894427190999926,0.));
#4051=DIRECTION('center_axis',(-0.447213595499953,0.894427190999919,0.));
#4052=DIRECTION('ref_axis',(0.894427190999918,0.447213595499953,0.));
#4053=DIRECTION('center_axis',(-0.408248290463855,0.40824829046386,-0.816496580927731));
#4054=DIRECTION('ref_axis',(0.577350269189639,-0.577350269189619,-0.577350269189619));
#4055=DIRECTION('center_axis',(1.,0.,0.));
#4056=DIRECTION('ref_axis',(0.,0.,-1.));
#4057=DIRECTION('center_axis',(0.,-1.,0.));
#4058=DIRECTION('ref_axis',(1.,0.,0.));
#4059=DIRECTION('center_axis',(0.,0.,-1.));
#4060=DIRECTION('ref_axis',(0.,-1.,0.));
#4061=DIRECTION('center_axis',(0.,-1.,0.));
#4062=DIRECTION('ref_axis',(0.707106781186527,0.,-0.707106781186568));
#4063=DIRECTION('',(0.,-1.,0.));
#4064=DIRECTION('',(0.,1.,0.));
#4065=DIRECTION('center_axis',(1.,0.,0.));
#4066=DIRECTION('ref_axis',(0.,-0.707106781186547,-0.707106781186548));
#4067=DIRECTION('',(1.,0.,0.));
#4068=DIRECTION('',(-1.,0.,0.));
#4069=DIRECTION('center_axis',(0.707106781186552,0.,-0.707106781186543));
#4070=DIRECTION('ref_axis',(-0.707106781186543,0.,-0.707106781186552));
#4071=DIRECTION('center_axis',(-0.816496580927731,-0.408248290463857,-0.408248290463858));
#4072=DIRECTION('ref_axis',(-0.577350269189616,0.577350269189631,0.57735026918963));
#4073=DIRECTION('center_axis',(0.,1.,0.));
#4074=DIRECTION('ref_axis',(0.,0.,1.));
#4075=DIRECTION('center_axis',(-1.,0.,0.));
#4076=DIRECTION('ref_axis',(0.,1.,0.));
#4077=DIRECTION('center_axis',(0.,0.,1.));
#4078=DIRECTION('ref_axis',(-1.,0.,0.));
#4079=DIRECTION('center_axis',(1.,0.,0.));
#4080=DIRECTION('ref_axis',(0.,0.707106781186549,0.707106781186546));
#4081=DIRECTION('',(-1.,0.,0.));
#4082=DIRECTION('',(1.,0.,0.));
#4083=DIRECTION('center_axis',(0.,0.,1.));
#4084=DIRECTION('ref_axis',(-0.707106781186546,0.707106781186549,0.));
#4085=DIRECTION('center_axis',(0.,0.,1.));
#4086=DIRECTION('ref_axis',(0.,1.,0.));
#4087=DIRECTION('',(0.,0.,1.));
#4088=DIRECTION('',(0.,0.,-1.));
#4089=DIRECTION('center_axis',(-0.81649658092773,0.408248290463861,-0.408248290463858));
#4090=DIRECTION('ref_axis',(-0.577350269189621,-0.577350269189628,0.577350269189628));
#4091=DIRECTION('center_axis',(-1.,0.,0.));
#4092=DIRECTION('ref_axis',(0.,0.,1.));
#4093=DIRECTION('center_axis',(0.,-1.,0.));
#4094=DIRECTION('ref_axis',(-1.,0.,0.));
#4095=DIRECTION('center_axis',(0.,0.,1.));
#4096=DIRECTION('ref_axis',(0.,-1.,0.));
#4097=DIRECTION('center_axis',(0.,-1.,0.));
#4098=DIRECTION('ref_axis',(-0.707106781186541,0.,0.707106781186554));
#4099=DIRECTION('',(0.,1.,0.));
#4100=DIRECTION('',(0.,-1.,0.));
#4101=DIRECTION('center_axis',(0.,0.,-1.));
#4102=DIRECTION('ref_axis',(-0.70710678118654,-0.707106781186555,0.));
#4103=DIRECTION('',(0.,0.,1.));
#4104=DIRECTION('',(0.,0.,-1.));
#4105=DIRECTION('center_axis',(0.408248290463861,-0.408248290463858,-0.81649658092773));
#4106=DIRECTION('ref_axis',(0.577350269189645,-0.577350269189616,0.577350269189617));
#4107=DIRECTION('center_axis',(0.,0.,1.));
#4108=DIRECTION('ref_axis',(1.,0.,0.));
#4109=DIRECTION('center_axis',(0.,-1.,0.));
#4110=DIRECTION('ref_axis',(0.,0.,1.));
#4111=DIRECTION('center_axis',(1.,0.,0.));
#4112=DIRECTION('ref_axis',(0.,-1.,0.));
#4113=DIRECTION('center_axis',(0.,-1.,0.));
#4114=DIRECTION('ref_axis',(0.707106781186529,0.,0.707106781186566));
#4115=DIRECTION('',(0.,-1.,0.));
#4116=DIRECTION('',(0.,1.,0.));
#4117=DIRECTION('center_axis',(-1.,0.,0.));
#4118=DIRECTION('ref_axis',(0.,-0.707106781186548,0.707106781186547));
#4119=DIRECTION('',(1.,0.,0.));
#4120=DIRECTION('',(-1.,0.,0.));
#4121=DIRECTION('center_axis',(0.,0.,1.));
#4122=DIRECTION('ref_axis',(0.707106781186528,-0.707106781186567,0.));
#4123=DIRECTION('',(0.,0.,-1.));
#4124=DIRECTION('',(0.,0.,1.));
#4125=DIRECTION('center_axis',(0.,1.,0.));
#4126=DIRECTION('ref_axis',(0.350531430607504,0.,-0.936550968264011));
#4127=DIRECTION('center_axis',(0.,-1.,0.));
#4128=DIRECTION('ref_axis',(1.,0.,0.));
#4129=DIRECTION('center_axis',(0.,1.,0.));
#4130=DIRECTION('ref_axis',(1.,0.,0.));
#4131=DIRECTION('center_axis',(0.,1.,0.));
#4132=DIRECTION('ref_axis',(0.,0.,1.));
#4133=DIRECTION('center_axis',(0.,1.,0.));
#4134=DIRECTION('ref_axis',(1.,0.,0.));
#4135=DIRECTION('center_axis',(0.,-1.,0.));
#4136=DIRECTION('ref_axis',(1.,0.,0.));
#4137=DIRECTION('center_axis',(-1.,0.,9.19760067184709E-17));
#4138=DIRECTION('ref_axis',(0.,0.707106781186546,-0.707106781186549));
#4139=DIRECTION('',(-1.,0.,9.19760067184709E-17));
#4140=DIRECTION('center_axis',(-1.,0.,0.));
#4141=DIRECTION('ref_axis',(0.,0.,-1.));
#4142=DIRECTION('',(1.,0.,-9.19760067184709E-17));
#4143=DIRECTION('center_axis',(-9.19760067184709E-17,0.,-1.));
#4144=DIRECTION('ref_axis',(1.,0.,-9.19760067184709E-17));
#4145=DIRECTION('',(0.,1.,0.));
#4146=DIRECTION('',(1.,0.,-9.19760067184709E-17));
#4147=DIRECTION('',(1.,0.,-9.19760067184709E-17));
#4148=DIRECTION('',(1.,0.,-9.19760067184709E-17));
#4149=DIRECTION('',(0.,-1.,0.));
#4150=DIRECTION('center_axis',(0.,-1.,0.));
#4151=DIRECTION('ref_axis',(0.707106781186554,0.,0.707106781186541));
#4152=DIRECTION('',(0.,-1.,0.));
#4153=DIRECTION('center_axis',(0.,-1.,0.));
#4154=DIRECTION('ref_axis',(1.,0.,0.));
#4155=DIRECTION('center_axis',(0.,1.,0.));
#4156=DIRECTION('ref_axis',(1.,0.,0.));
#4157=DIRECTION('',(0.,0.,-1.));
#4158=DIRECTION('',(-1.,0.,-3.67904026873884E-16));
#4159=DIRECTION('',(0.,0.,1.));
#4160=DIRECTION('center_axis',(0.,1.,0.));
#4161=DIRECTION('ref_axis',(-0.707106781186565,0.,-0.70710678118653));
#4162=DIRECTION('',(-1.,0.,0.));
#4163=DIRECTION('',(0.,0.,1.));
#4164=DIRECTION('',(1.,0.,3.67904026873883E-16));
#4165=DIRECTION('center_axis',(0.,1.,0.));
#4166=DIRECTION('ref_axis',(-0.707106781186565,0.,0.70710678118653));
#4167=DIRECTION('',(0.,0.,1.));
#4168=DIRECTION('center_axis',(0.,0.,-1.));
#4169=DIRECTION('ref_axis',(1.,0.,0.));
#4170=DIRECTION('',(0.,-1.,0.));
#4171=DIRECTION('center_axis',(-1.,0.,0.));
#4172=DIRECTION('ref_axis',(0.,0.,-1.));
#4173=DIRECTION('',(0.,1.,0.));
#4174=DIRECTION('center_axis',(-1.,0.,0.));
#4175=DIRECTION('ref_axis',(0.,-0.707106781186549,0.707106781186546));
#4176=DIRECTION('',(0.,0.,1.));
#4177=DIRECTION('center_axis',(-1.,0.,0.));
#4178=DIRECTION('ref_axis',(0.,-0.707106781186548,-0.707106781186547));
#4179=DIRECTION('center_axis',(0.,-1.,0.));
#4180=DIRECTION('ref_axis',(0.,0.,-1.));
#4181=DIRECTION('center_axis',(0.,0.,1.));
#4182=DIRECTION('ref_axis',(-1.,0.,0.));
#4183=DIRECTION('center_axis',(-1.,0.,-3.67904026873883E-16));
#4184=DIRECTION('ref_axis',(0.,0.707106781186546,-0.707106781186549));
#4185=DIRECTION('center_axis',(-1.,0.,0.));
#4186=DIRECTION('ref_axis',(0.,1.,0.));
#4187=DIRECTION('',(-1.,0.,-3.67904026873883E-16));
#4188=DIRECTION('center_axis',(1.,0.,0.));
#4189=DIRECTION('ref_axis',(0.,0.,-1.));
#4190=DIRECTION('center_axis',(0.,1.,0.));
#4191=DIRECTION('ref_axis',(0.,0.,1.));
#4192=DIRECTION('center_axis',(0.,0.,1.));
#4193=DIRECTION('ref_axis',(1.,0.,0.));
#4194=DIRECTION('center_axis',(0.,-1.,0.));
#4195=DIRECTION('ref_axis',(-0.707106781186565,0.,0.70710678118653));
#4196=DIRECTION('center_axis',(0.,0.,-1.));
#4197=DIRECTION('ref_axis',(0.707106781186527,0.707106781186568,0.));
#4198=DIRECTION('',(0.,0.,-1.));
#4199=DIRECTION('center_axis',(0.,0.,-1.));
#4200=DIRECTION('ref_axis',(0.707106781186527,0.707106781186568,0.));
#4201=DIRECTION('center_axis',(0.,0.,-1.));
#4202=DIRECTION('ref_axis',(0.,1.,0.));
#4203=DIRECTION('',(0.,0.,-1.));
#4204=DIRECTION('center_axis',(0.,0.,1.));
#4205=DIRECTION('ref_axis',(1.,0.,0.));
#4206=DIRECTION('center_axis',(0.,0.,-1.));
#4207=DIRECTION('ref_axis',(0.707106781186527,0.707106781186568,0.));
#4208=DIRECTION('',(0.,0.,-1.));
#4209=DIRECTION('center_axis',(0.,0.,1.));
#4210=DIRECTION('ref_axis',(1.,0.,0.));
#4211=DIRECTION('center_axis',(0.,1.,0.));
#4212=DIRECTION('ref_axis',(0.,0.,1.));
#4213=DIRECTION('center_axis',(-1.,0.,0.));
#4214=DIRECTION('ref_axis',(0.,0.,1.));
#4215=DIRECTION('center_axis',(0.,-1.,0.));
#4216=DIRECTION('ref_axis',(-0.707106781186565,0.,-0.70710678118653));
#4217=DIRECTION('center_axis',(1.,0.,0.));
#4218=DIRECTION('ref_axis',(0.,0.707106781186555,0.70710678118654));
#4219=DIRECTION('center_axis',(-1.,0.,0.));
#4220=DIRECTION('ref_axis',(0.,0.,1.));
#4221=DIRECTION('',(1.,0.,0.));
#4222=DIRECTION('center_axis',(-0.816496580927734,0.408248290463857,0.408248290463853));
#4223=DIRECTION('ref_axis',(0.577350269189635,0.577350269189621,0.577350269189621));
#4224=DIRECTION('center_axis',(0.,1.,0.));
#4225=DIRECTION('ref_axis',(0.707106781186556,0.,0.707106781186539));
#4226=DIRECTION('center_axis',(-0.816496580927734,0.408248290463858,-0.408248290463853));
#4227=DIRECTION('ref_axis',(0.577350269189635,0.577350269189622,-0.577350269189621));
#4228=DIRECTION('center_axis',(0.,1.,0.));
#4229=DIRECTION('ref_axis',(0.707106781186554,0.,-0.707106781186541));
#4230=DIRECTION('center_axis',(0.,-1.,0.));
#4231=DIRECTION('ref_axis',(-0.707106781186526,0.,0.70710678118657));
#4232=DIRECTION('',(0.,-1.,0.));
#4233=DIRECTION('center_axis',(0.,-1.,0.));
#4234=DIRECTION('ref_axis',(0.,0.,1.));
#4235=DIRECTION('',(0.,1.,0.));
#4236=DIRECTION('center_axis',(3.67904026873883E-16,0.,-1.));
#4237=DIRECTION('ref_axis',(1.,0.,3.67904026873883E-16));
#4238=DIRECTION('',(0.,1.,0.));
#4239=DIRECTION('',(1.,0.,3.67904026873883E-16));
#4240=DIRECTION('',(1.,0.,3.67904026873883E-16));
#4241=DIRECTION('',(1.,0.,3.67904026873883E-16));
#4242=DIRECTION('center_axis',(0.,-1.,0.));
#4243=DIRECTION('ref_axis',(0.707106781186529,0.,-0.707106781186566));
#4244=DIRECTION('',(0.,-1.,0.));
#4245=DIRECTION('center_axis',(0.,-1.,0.));
#4246=DIRECTION('ref_axis',(1.,0.,0.));
#4247=DIRECTION('center_axis',(1.,0.,0.));
#4248=DIRECTION('ref_axis',(0.,0.,1.));
#4249=DIRECTION('',(0.,1.,0.));
#4250=DIRECTION('',(0.,0.,1.));
#4251=DIRECTION('center_axis',(0.,-1.,0.));
#4252=DIRECTION('ref_axis',(0.707106781186535,0.,0.70710678118656));
#4253=DIRECTION('',(0.,-1.,0.));
#4254=DIRECTION('center_axis',(0.,-1.,0.));
#4255=DIRECTION('ref_axis',(0.,0.,1.));
#4256=DIRECTION('center_axis',(0.,0.,1.));
#4257=DIRECTION('ref_axis',(-1.,0.,0.));
#4258=DIRECTION('',(0.,1.,0.));
#4259=DIRECTION('',(-1.,0.,0.));
#4260=DIRECTION('',(-1.,0.,0.));
#4261=DIRECTION('',(-1.,0.,0.));
#4262=DIRECTION('center_axis',(0.,1.,0.));
#4263=DIRECTION('ref_axis',(-0.707106781186434,0.,-0.707106781186661));
#4264=DIRECTION('',(0.,-1.,0.));
#4265=DIRECTION('center_axis',(0.,-1.,0.));
#4266=DIRECTION('ref_axis',(-1.,0.,0.));
#4267=DIRECTION('center_axis',(1.,0.,0.));
#4268=DIRECTION('ref_axis',(0.,0.,1.));
#4269=DIRECTION('center_axis',(1.,0.,0.));
#4270=DIRECTION('ref_axis',(0.,-0.707106781186547,-0.707106781186548));
#4271=DIRECTION('',(0.,0.,-1.));
#4272=DIRECTION('center_axis',(1.,0.,0.));
#4273=DIRECTION('ref_axis',(0.,-0.707106781186549,0.707106781186546));
#4274=DIRECTION('center_axis',(-0.816496580927735,-0.408248290463855,0.408248290463853));
#4275=DIRECTION('ref_axis',(0.577350269189636,-0.57735026918962,0.577350269189622));
#4276=DIRECTION('center_axis',(0.,0.,1.));
#4277=DIRECTION('ref_axis',(1.,0.,0.));
#4278=DIRECTION('center_axis',(1.,0.,0.));
#4279=DIRECTION('ref_axis',(0.,-1.,0.));
#4280=DIRECTION('center_axis',(-0.816496580927749,-0.408248290463842,-0.408248290463839));
#4281=DIRECTION('ref_axis',(0.577350269189582,-0.57735026918965,-0.577350269189646));
#4282=DIRECTION('center_axis',(1.,0.,0.));
#4283=DIRECTION('ref_axis',(0.,0.,-1.));
#4284=DIRECTION('center_axis',(-4.44089209850088E-15,0.,-1.));
#4285=DIRECTION('ref_axis',(0.,-1.,0.));
#4286=DIRECTION('center_axis',(0.,0.,1.));
#4287=DIRECTION('ref_axis',(0.707106781186528,-0.707106781186567,0.));
#4288=DIRECTION('',(0.,0.,-1.));
#4289=DIRECTION('center_axis',(-1.,0.,0.));
#4290=DIRECTION('ref_axis',(0.,0.,1.));
#4291=DIRECTION('center_axis',(-1.,0.,0.));
#4292=DIRECTION('ref_axis',(0.,0.,1.));
#4293=DIRECTION('center_axis',(0.,0.,1.));
#4294=DIRECTION('ref_axis',(0.,1.,0.));
#4295=DIRECTION('center_axis',(1.,0.,0.));
#4296=DIRECTION('ref_axis',(0.,0.,-1.));
#4297=DIRECTION('center_axis',(-1.,0.,-1.4210854715202E-13));
#4298=DIRECTION('ref_axis',(0.,-1.,0.));
#4299=DIRECTION('center_axis',(0.,0.,-1.));
#4300=DIRECTION('ref_axis',(-1.,0.,0.));
#4301=DIRECTION('center_axis',(1.,0.,3.67904026873883E-16));
#4302=DIRECTION('ref_axis',(0.,-0.707106781186548,-0.707106781186547));
#4303=DIRECTION('center_axis',(-1.,0.,0.));
#4304=DIRECTION('ref_axis',(0.,0.,-1.));
#4305=DIRECTION('',(-1.,0.,-3.67904026873883E-16));
#4306=DIRECTION('center_axis',(-1.,0.,0.));
#4307=DIRECTION('ref_axis',(0.,0.,-1.));
#4308=DIRECTION('center_axis',(1.,0.,3.67904026873883E-16));
#4309=DIRECTION('ref_axis',(0.,-0.707106781186548,-0.707106781186547));
#4310=DIRECTION('center_axis',(-1.,0.,0.));
#4311=DIRECTION('ref_axis',(0.,0.,-1.));
#4312=DIRECTION('',(-1.,0.,-3.67904026873883E-16));
#4313=DIRECTION('center_axis',(-1.,0.,0.));
#4314=DIRECTION('ref_axis',(0.,0.,-1.));
#4315=DIRECTION('center_axis',(1.,0.,3.67904026873883E-16));
#4316=DIRECTION('ref_axis',(0.,-0.707106781186548,-0.707106781186547));
#4317=DIRECTION('',(-1.,0.,-3.67904026873883E-16));
#4318=DIRECTION('center_axis',(0.,0.,1.));
#4319=DIRECTION('ref_axis',(-0.707106781186427,0.707106781186668,0.));
#4320=DIRECTION('',(0.,0.,1.));
#4321=DIRECTION('center_axis',(-1.,0.,0.));
#4322=DIRECTION('ref_axis',(0.,-0.707106781186555,0.70710678118654));
#4323=DIRECTION('center_axis',(1.,0.,0.));
#4324=DIRECTION('ref_axis',(0.,0.,1.));
#4325=DIRECTION('',(1.,0.,0.));
#4326=DIRECTION('center_axis',(1.,0.,0.));
#4327=DIRECTION('ref_axis',(0.,0.,1.));
#4328=DIRECTION('center_axis',(-1.,0.,0.));
#4329=DIRECTION('ref_axis',(0.,-0.707106781186555,0.70710678118654));
#4330=DIRECTION('center_axis',(1.,0.,0.));
#4331=DIRECTION('ref_axis',(0.,0.,1.));
#4332=DIRECTION('',(1.,0.,0.));
#4333=DIRECTION('center_axis',(1.,0.,0.));
#4334=DIRECTION('ref_axis',(0.,0.,1.));
#4335=DIRECTION('center_axis',(-1.,0.,0.));
#4336=DIRECTION('ref_axis',(0.,-0.707106781186555,0.70710678118654));
#4337=DIRECTION('',(1.,0.,0.));
#4338=DIRECTION('center_axis',(0.,-1.,0.));
#4339=DIRECTION('ref_axis',(-5.88518863272179E-11,0.,1.));
#4340=DIRECTION('center_axis',(0.,-1.,0.));
#4341=DIRECTION('ref_axis',(-5.87623315826444E-11,0.,1.));
#4342=DIRECTION('center_axis',(0.639656557299496,0.,0.768660841141109));
#4343=DIRECTION('ref_axis',(0.768660841141109,0.,-0.639656557299496));
#4344=DIRECTION('center_axis',(0.,1.,0.));
#4345=DIRECTION('ref_axis',(0.768660841065815,0.,0.639656557389974));
#4346=DIRECTION('center_axis',(-0.639656557389992,0.,0.768660841065801));
#4347=DIRECTION('ref_axis',(0.,1.,0.));
#4348=DIRECTION('center_axis',(0.,-1.,0.));
#4349=DIRECTION('ref_axis',(-5.87623315826444E-11,0.,1.));
#4350=DIRECTION('center_axis',(0.,1.,0.));
#4351=DIRECTION('ref_axis',(0.,0.,1.));
#4352=DIRECTION('center_axis',(0.,-1.,0.));
#4353=DIRECTION('ref_axis',(5.89844954071543E-11,0.,1.));
#4354=DIRECTION('center_axis',(0.639656557390002,0.,0.768660841065792));
#4355=DIRECTION('ref_axis',(0.768660841065792,0.,-0.639656557390002));
#4356=DIRECTION('center_axis',(0.,1.,0.));
#4357=DIRECTION('ref_axis',(0.768660841141074,0.,0.639656557299538));
#4358=DIRECTION('center_axis',(-0.639656557299528,0.,0.768660841141082));
#4359=DIRECTION('ref_axis',(0.,1.,0.));
#4360=DIRECTION('center_axis',(0.,-1.,0.));
#4361=DIRECTION('ref_axis',(5.89844954071543E-11,0.,1.));
#4362=DIRECTION('center_axis',(0.,-1.,0.));
#4363=DIRECTION('ref_axis',(0.,0.,-1.));
#4364=DIRECTION('center_axis',(0.,-1.,0.));
#4365=DIRECTION('ref_axis',(-5.88734134949028E-11,0.,-1.));
#4366=DIRECTION('',(0.639656557299494,0.,-0.76866084114111));
#4367=DIRECTION('center_axis',(0.,-1.,0.));
#4368=DIRECTION('ref_axis',(-0.940388441321213,0.,-0.340102307298052));
#4369=DIRECTION('',(0.,0.,-1.));
#4370=DIRECTION('center_axis',(0.,-1.,0.));
#4371=DIRECTION('ref_axis',(-0.940388441301187,0.,0.340102307353424));
#4372=DIRECTION('',(-0.639656557390009,0.,-0.768660841065786));
#4373=DIRECTION('center_axis',(0.,-1.,0.));
#4374=DIRECTION('ref_axis',(0.,0.,-1.));
#4375=DIRECTION('',(-0.639656557299516,0.,0.768660841141092));
#4376=DIRECTION('center_axis',(0.,-1.,0.));
#4377=DIRECTION('ref_axis',(0.940388441321214,0.,0.34010230729805));
#4378=DIRECTION('',(3.61870606902302E-15,0.,1.));
#4379=DIRECTION('center_axis',(0.,-1.,0.));
#4380=DIRECTION('ref_axis',(0.940388441301189,0.,-0.340102307353419));
#4381=DIRECTION('',(0.639656557389996,0.,0.768660841065797));
#4382=DIRECTION('center_axis',(0.,-1.,0.));
#4383=DIRECTION('ref_axis',(-5.88734134949028E-11,0.,-1.));
#4384=DIRECTION('center_axis',(0.,-1.,0.));
#4385=DIRECTION('ref_axis',(5.88734134949014E-11,0.,-1.));
#4386=DIRECTION('',(0.639656557389998,0.,-0.768660841065796));
#4387=DIRECTION('center_axis',(0.,-1.,0.));
#4388=DIRECTION('ref_axis',(-0.940388441301192,0.,-0.340102307353412));
#4389=DIRECTION('',(0.,0.,-1.));
#4390=DIRECTION('center_axis',(0.,-1.,0.));
#4391=DIRECTION('ref_axis',(-0.940388441321216,0.,0.340102307298046));
#4392=DIRECTION('',(-0.639656557299498,0.,-0.768660841141107));
#4393=DIRECTION('center_axis',(0.,0.,1.));
#4394=DIRECTION('ref_axis',(1.,0.,0.));
#4395=DIRECTION('center_axis',(0.,-1.68753899743024E-13,1.));
#4396=DIRECTION('ref_axis',(1.,0.,0.));
#4397=DIRECTION('center_axis',(0.,-1.,0.));
#4398=DIRECTION('ref_axis',(0.768660841065796,0.,0.639656557389997));
#4399=DIRECTION('center_axis',(0.639656557390167,0.,-0.768660841065655));
#4400=DIRECTION('ref_axis',(0.,-1.,0.));
#4401=DIRECTION('center_axis',(0.,0.,1.));
#4402=DIRECTION('ref_axis',(1.,0.,0.));
#4403=DIRECTION('center_axis',(0.639656557299506,1.36541594234014E-14,0.7686608411411));
#4404=DIRECTION('ref_axis',(0.7686608411411,0.,-0.639656557299506));
#4405=DIRECTION('center_axis',(0.,-1.,0.));
#4406=DIRECTION('ref_axis',(1.,0.,0.));
#4407=DIRECTION('center_axis',(-7.10542735760141E-14,0.,-1.));
#4408=DIRECTION('ref_axis',(0.,-1.,0.));
#4409=DIRECTION('center_axis',(3.61524143954725E-11,-0.787864015816016,
-0.615849245012333));
#4410=DIRECTION('ref_axis',(-4.61568561149746E-11,-0.615849245012335,0.787864015816014));
#4411=DIRECTION('center_axis',(-0.639656557389992,1.36541594220638E-14,
0.768660841065801));
#4412=DIRECTION('ref_axis',(0.768660841065801,0.,0.639656557389992));
#4413=DIRECTION('center_axis',(0.,-1.,0.));
#4414=DIRECTION('ref_axis',(-0.768660841141126,0.,0.639656557299475));
#4415=DIRECTION('center_axis',(0.639656557299332,0.,0.768660841141245));
#4416=DIRECTION('ref_axis',(0.,-1.,0.));
#4417=DIRECTION('center_axis',(-2.13460790236819E-14,-1.,0.));
#4418=DIRECTION('ref_axis',(0.,0.,-1.));
#4419=DIRECTION('center_axis',(0.,-1.,0.));
#4420=DIRECTION('ref_axis',(0.940388441301201,0.,0.340102307353388));
#4421=DIRECTION('center_axis',(0.639656557390013,-1.36541594220635E-14,
-0.768660841065783));
#4422=DIRECTION('ref_axis',(-0.768660841065783,0.,-0.639656557390013));
#4423=DIRECTION('center_axis',(0.,1.,0.));
#4424=DIRECTION('ref_axis',(1.,0.,0.));
#4425=DIRECTION('center_axis',(0.,0.,1.));
#4426=DIRECTION('ref_axis',(0.,1.,0.));
#4427=DIRECTION('center_axis',(-3.62661012331926E-11,-0.787864015815975,
0.615849245012386));
#4428=DIRECTION('ref_axis',(4.63842297904154E-11,-0.615849245012386,-0.787864015815975));
#4429=DIRECTION('center_axis',(0.639656557389997,2.04812391330956E-14,-0.768660841065797));
#4430=DIRECTION('ref_axis',(-0.768660841065796,0.,-0.639656557389997));
#4431=DIRECTION('center_axis',(0.,-1.,0.));
#4432=DIRECTION('ref_axis',(0.768660841141093,0.,-0.639656557299514));
#4433=DIRECTION('center_axis',(-0.639656557299522,0.,-0.768660841141087));
#4434=DIRECTION('ref_axis',(0.,-1.,0.));
#4435=DIRECTION('center_axis',(0.,-1.,0.));
#4436=DIRECTION('ref_axis',(0.,0.,-1.));
#4437=DIRECTION('center_axis',(0.,-1.,0.));
#4438=DIRECTION('ref_axis',(0.940388441321207,0.,-0.340102307298069));
#4439=DIRECTION('center_axis',(0.,0.,-1.));
#4440=DIRECTION('ref_axis',(-1.,0.,0.));
#4441=DIRECTION('center_axis',(0.,1.,0.));
#4442=DIRECTION('ref_axis',(0.768660841141113,0.,-0.639656557299491));
#4443=DIRECTION('center_axis',(0.639656557299499,0.,0.768660841141107));
#4444=DIRECTION('ref_axis',(0.,1.,0.));
#4445=DIRECTION('center_axis',(0.,0.,-1.));
#4446=DIRECTION('ref_axis',(-0.707106781186528,0.707106781186567,0.));
#4447=DIRECTION('',(0.,0.,1.));
#4448=DIRECTION('',(0.,0.,-1.));
#4449=DIRECTION('center_axis',(0.,-1.,0.));
#4450=DIRECTION('ref_axis',(0.940388441321207,0.,-0.340102307298069));
#4451=DIRECTION('',(0.,1.,0.));
#4452=DIRECTION('',(0.,-1.,0.));
#4453=DIRECTION('center_axis',(0.,0.,1.));
#4454=DIRECTION('ref_axis',(1.,0.,0.));
#4455=DIRECTION('center_axis',(-0.639656557299486,-3.41353985585043E-14,
-0.768660841141117));
#4456=DIRECTION('ref_axis',(-0.768660841141117,0.,0.639656557299486));
#4457=DIRECTION('center_axis',(0.,-1.,0.));
#4458=DIRECTION('ref_axis',(-1.,0.,0.));
#4459=DIRECTION('center_axis',(-1.68753899743033E-13,0.,1.));
#4460=DIRECTION('ref_axis',(0.,-1.,0.));
#4461=DIRECTION('center_axis',(0.,0.,1.));
#4462=DIRECTION('ref_axis',(1.,0.,0.));
#4463=DIRECTION('center_axis',(0.,-3.5527136788005E-14,-1.));
#4464=DIRECTION('ref_axis',(-1.,0.,0.));
#4465=DIRECTION('center_axis',(0.,-1.,0.));
#4466=DIRECTION('ref_axis',(-0.768660841065805,0.,-0.639656557389986));
#4467=DIRECTION('center_axis',(-0.639656557390002,0.,0.768660841065792));
#4468=DIRECTION('ref_axis',(0.,-1.,0.));
#4469=DIRECTION('center_axis',(2.66825987827978E-15,-1.,2.22044604951612E-15));
#4470=DIRECTION('ref_axis',(0.,-2.36847578586694E-15,-1.));
#4471=DIRECTION('center_axis',(0.,-1.,0.));
#4472=DIRECTION('ref_axis',(5.88734134949014E-11,0.,-1.));
#4473=DIRECTION('center_axis',(-0.639656557299512,-3.41353985585034E-15,
-0.768660841141096));
#4474=DIRECTION('ref_axis',(-0.768660841141096,0.,0.639656557299512));
#4475=DIRECTION('center_axis',(0.,1.,0.));
#4476=DIRECTION('ref_axis',(-0.768660841065821,0.,-0.639656557389968));
#4477=DIRECTION('center_axis',(0.639656557389994,0.,-0.768660841065799));
#4478=DIRECTION('ref_axis',(0.,1.,0.));
#4479=DIRECTION('center_axis',(-0.639656557299513,0.,-0.768660841141095));
#4480=DIRECTION('ref_axis',(-0.543525293203375,0.707106781186558,0.452305489296969));
#4481=DIRECTION('',(0.639656557299513,0.,0.768660841141095));
#4482=DIRECTION('',(-0.639656557299513,0.,-0.768660841141095));
#4483=DIRECTION('center_axis',(0.,-1.,0.));
#4484=DIRECTION('ref_axis',(5.88734134949034E-11,0.,-1.));
#4485=DIRECTION('',(0.,1.,0.));
#4486=DIRECTION('',(0.,-1.,0.));
#4487=DIRECTION('center_axis',(0.,1.,0.));
#4488=DIRECTION('ref_axis',(0.,0.,1.));
#4489=DIRECTION('center_axis',(0.,1.,0.));
#4490=DIRECTION('ref_axis',(-0.768660841141091,0.,0.639656557299517));
#4491=DIRECTION('center_axis',(-0.639656557299517,0.,-0.768660841141091));
#4492=DIRECTION('ref_axis',(0.,1.,0.));
#4493=DIRECTION('center_axis',(0.,0.,1.));
#4494=DIRECTION('ref_axis',(1.,0.,0.));
#4495=DIRECTION('center_axis',(0.639656557299498,0.,0.768660841141107));
#4496=DIRECTION('ref_axis',(0.543525293203518,0.707106781186483,-0.452305489296914));
#4497=DIRECTION('',(0.639656557299498,0.,0.768660841141107));
#4498=DIRECTION('center_axis',(5.33651975592055E-15,-1.,0.));
#4499=DIRECTION('ref_axis',(0.,0.,-1.));
#4500=DIRECTION('center_axis',(-0.639656557390007,-3.4135398555159E-15,
0.768660841065788));
#4501=DIRECTION('ref_axis',(0.768660841065788,0.,0.639656557390007));
#4502=DIRECTION('center_axis',(0.,1.,0.));
#4503=DIRECTION('ref_axis',(-1.,0.,0.));
#4504=DIRECTION('center_axis',(0.,0.,-1.));
#4505=DIRECTION('ref_axis',(0.,1.,0.));
#4506=DIRECTION('center_axis',(-0.639656557389998,0.,0.768660841065796));
#4507=DIRECTION('ref_axis',(0.543525293150264,0.707106781186487,0.452305489360902));
#4508=DIRECTION('',(-0.639656557389998,0.,0.768660841065796));
#4509=DIRECTION('center_axis',(0.,-1.,0.));
#4510=DIRECTION('ref_axis',(-0.940388441301188,0.,-0.340102307353423));
#4511=DIRECTION('',(0.,1.,0.));
#4512=DIRECTION('',(0.,-1.,0.));
#4513=DIRECTION('center_axis',(0.,0.,1.));
#4514=DIRECTION('ref_axis',(0.707106781186528,0.707106781186567,0.));
#4515=DIRECTION('',(0.,0.,1.));
#4516=DIRECTION('center_axis',(0.,-1.,0.));
#4517=DIRECTION('ref_axis',(-0.940388441321216,0.,0.340102307298046));
#4518=DIRECTION('',(0.,1.,0.));
#4519=DIRECTION('',(0.,-1.,0.));
#4520=DIRECTION('center_axis',(0.639656557389998,0.,-0.768660841065796));
#4521=DIRECTION('ref_axis',(-0.543525293150122,-0.707106781186565,-0.45230548936095));
#4522=DIRECTION('',(-0.639656557389998,0.,0.768660841065796));
#4523=DIRECTION('',(0.639656557389998,0.,-0.768660841065796));
#4524=DIRECTION('center_axis',(0.,0.,-1.));
#4525=DIRECTION('ref_axis',(-0.707106781186527,-0.707106781186568,0.));
#4526=DIRECTION('',(0.,0.,1.));
#4527=DIRECTION('',(0.,0.,-1.));
#4528=DIRECTION('center_axis',(0.,-1.,0.));
#4529=DIRECTION('ref_axis',(-5.88734134948998E-11,0.,1.));
#4530=DIRECTION('',(0.,1.,0.));
#4531=DIRECTION('',(0.,-1.,0.));
#4532=DIRECTION('center_axis',(0.639656557390007,0.,-0.768660841065788));
#4533=DIRECTION('ref_axis',(-0.543525293150261,0.707106781186483,-0.452305489360912));
#4534=DIRECTION('',(-0.639656557390007,0.,0.768660841065788));
#4535=DIRECTION('',(0.639656557390007,0.,-0.768660841065788));
#4536=DIRECTION('center_axis',(-0.639656557299498,0.,-0.768660841141107));
#4537=DIRECTION('ref_axis',(-0.543525293203379,-0.707106781186565,0.452305489296953));
#4538=DIRECTION('',(0.639656557299498,0.,0.768660841141107));
#4539=DIRECTION('',(-0.639656557299498,0.,-0.768660841141107));
#4540=DIRECTION('center_axis',(0.639656557299513,0.,0.768660841141095));
#4541=DIRECTION('ref_axis',(0.543525293203373,-0.707106781186557,-0.452305489296973));
#4542=DIRECTION('',(-0.639656557299513,0.,-0.768660841141095));
#4543=DIRECTION('',(0.639656557299513,0.,0.768660841141095));
#4544=DIRECTION('center_axis',(0.,-1.,0.));
#4545=DIRECTION('ref_axis',(0.940388441301202,0.,0.340102307353383));
#4546=DIRECTION('',(0.,1.,0.));
#4547=DIRECTION('',(0.,-1.,0.));
#4548=DIRECTION('center_axis',(-0.639656557390007,0.,0.768660841065788));
#4549=DIRECTION('ref_axis',(0.543525293150122,-0.707106781186565,0.45230548936095));
#4550=DIRECTION('',(0.639656557390007,0.,-0.768660841065788));
#4551=DIRECTION('',(-0.639656557390007,0.,0.768660841065788));
#4552=DIRECTION('center_axis',(0.,0.,1.));
#4553=DIRECTION('ref_axis',(0.707106781186527,-0.707106781186568,0.));
#4554=DIRECTION('',(0.,0.,-1.));
#4555=DIRECTION('',(0.,0.,1.));
#4556=DIRECTION('center_axis',(1.,0.,0.));
#4557=DIRECTION('ref_axis',(0.,0.,1.));
#4558=DIRECTION('center_axis',(0.768660841141095,0.,-0.639656557299513));
#4559=DIRECTION('ref_axis',(0.639656557299513,0.,0.768660841141095));
#4560=DIRECTION('center_axis',(-0.768660841065796,0.,-0.639656557389998));
#4561=DIRECTION('ref_axis',(0.639656557389998,0.,-0.768660841065796));
#4562=DIRECTION('center_axis',(-0.768660841141107,0.,0.639656557299498));
#4563=DIRECTION('ref_axis',(-0.639656557299498,0.,-0.768660841141107));
#4564=DIRECTION('center_axis',(0.,-1.,0.));
#4565=DIRECTION('ref_axis',(0.,0.,-1.));
#4566=DIRECTION('center_axis',(-1.,0.,0.));
#4567=DIRECTION('ref_axis',(0.,0.,-1.));
#4568=DIRECTION('center_axis',(0.,-1.,0.));
#4569=DIRECTION('ref_axis',(0.,0.,-1.));
#4570=DIRECTION('center_axis',(0.768660841065788,0.,0.639656557390007));
#4571=DIRECTION('ref_axis',(-0.639656557390007,0.,0.768660841065788));
#4572=DIRECTION('center_axis',(0.,-1.,0.));
#4573=DIRECTION('ref_axis',(0.,0.,-1.));
#4574=DIRECTION('center_axis',(0.,0.,-1.));
#4575=DIRECTION('ref_axis',(-1.,0.,0.));
#4576=DIRECTION('center_axis',(0.,1.,0.));
#4577=DIRECTION('ref_axis',(0.76866084106581,0.,-0.639656557389981));
#4578=DIRECTION('center_axis',(0.639656557389973,0.,0.768660841065816));
#4579=DIRECTION('ref_axis',(0.,1.,0.));
#4580=DIRECTION('center_axis',(-2.13460790287926E-14,-1.,0.));
#4581=DIRECTION('ref_axis',(0.,0.,-1.));
#4582=DIRECTION('center_axis',(0.639656557299528,-1.36541594234011E-14,
-0.768660841141082));
#4583=DIRECTION('ref_axis',(-0.768660841141082,0.,-0.639656557299527));
#4584=DIRECTION('center_axis',(0.,1.,0.));
#4585=DIRECTION('ref_axis',(1.,0.,0.));
#4586=DIRECTION('center_axis',(0.,0.,1.));
#4587=DIRECTION('ref_axis',(0.,1.,0.));
#4588=DIRECTION('center_axis',(0.,0.,1.));
#4589=DIRECTION('ref_axis',(1.,0.,0.));
#4590=DIRECTION('center_axis',(0.639656557389992,-1.36541594220638E-14,
0.768660841065801));
#4591=DIRECTION('ref_axis',(0.768660841065801,0.,-0.639656557389992));
#4592=DIRECTION('center_axis',(0.,-1.,0.));
#4593=DIRECTION('ref_axis',(1.,0.,0.));
#4594=DIRECTION('center_axis',(8.88178419700176E-15,0.,-1.));
#4595=DIRECTION('ref_axis',(0.,-1.,0.));
#4596=DIRECTION('center_axis',(0.,-1.,0.));
#4597=DIRECTION('ref_axis',(0.940388441301188,0.,-0.340102307353423));
#4598=DIRECTION('',(0.,1.,0.));
#4599=DIRECTION('',(0.,-1.,0.));
#4600=DIRECTION('center_axis',(0.,-1.,0.));
#4601=DIRECTION('ref_axis',(0.,0.,-1.));
#4602=DIRECTION('center_axis',(-0.639656557389981,0.,-0.76866084106581));
#4603=DIRECTION('ref_axis',(-0.76866084106581,0.,0.639656557389981));
#4604=DIRECTION('center_axis',(0.,1.,0.));
#4605=DIRECTION('ref_axis',(-0.768660841141093,0.,-0.639656557299514));
#4606=DIRECTION('center_axis',(0.63965655729948,0.,-0.768660841141122));
#4607=DIRECTION('ref_axis',(0.,1.,0.));
#4608=DIRECTION('center_axis',(-0.639656557389996,0.,-0.768660841065797));
#4609=DIRECTION('ref_axis',(-0.543525293150125,0.707106781186569,0.452305489360941));
#4610=DIRECTION('',(-0.639656557389996,0.,-0.768660841065797));
#4611=DIRECTION('center_axis',(0.639656557299516,0.,-0.768660841141092));
#4612=DIRECTION('ref_axis',(-0.543525293203515,0.707106781186479,-0.452305489296924));
#4613=DIRECTION('',(0.639656557299516,0.,-0.768660841141092));
#4614=DIRECTION('center_axis',(0.,0.,1.));
#4615=DIRECTION('ref_axis',(1.,0.,0.));
#4616=DIRECTION('center_axis',(0.,-9.76996261670137E-14,1.));
#4617=DIRECTION('ref_axis',(1.,0.,0.));
#4618=DIRECTION('center_axis',(0.,-1.,0.));
#4619=DIRECTION('ref_axis',(0.768660841141082,0.,0.639656557299527));
#4620=DIRECTION('center_axis',(0.639656557299666,0.,-0.768660841140967));
#4621=DIRECTION('ref_axis',(0.,-1.,0.));
#4622=DIRECTION('center_axis',(0.,-1.,0.));
#4623=DIRECTION('ref_axis',(0.940388441321213,0.,0.340102307298054));
#4624=DIRECTION('',(0.,1.,0.));
#4625=DIRECTION('',(0.,-1.,0.));
#4626=DIRECTION('center_axis',(3.63797880709156E-11,-0.787864015816001,
0.615849245012352));
#4627=DIRECTION('ref_axis',(-4.64979166281389E-11,-0.615849245012354,-0.787864015815999));
#4628=DIRECTION('center_axis',(0.639656557299475,-1.59171461151101E-13,
-0.768660841141126));
#4629=DIRECTION('ref_axis',(-0.768660841141126,0.,-0.639656557299475));
#4630=DIRECTION('center_axis',(0.,-1.,0.));
#4631=DIRECTION('ref_axis',(0.768660841065805,0.,-0.639656557389986));
#4632=DIRECTION('center_axis',(-0.639656557389854,0.,-0.768660841065916));
#4633=DIRECTION('ref_axis',(0.,-1.,0.));
#4634=DIRECTION('center_axis',(0.,-1.,0.));
#4635=DIRECTION('ref_axis',(-5.88734134949022E-11,0.,-1.));
#4636=DIRECTION('',(0.,1.,0.));
#4637=DIRECTION('',(0.,-1.,0.));
#4638=DIRECTION('center_axis',(0.639656557389996,0.,0.768660841065797));
#4639=DIRECTION('ref_axis',(0.543525293150267,-0.707106781186492,-0.452305489360891));
#4640=DIRECTION('',(-0.639656557389996,0.,-0.768660841065797));
#4641=DIRECTION('',(0.639656557389996,0.,0.768660841065797));
#4642=DIRECTION('center_axis',(5.33651975719889E-15,-1.,0.));
#4643=DIRECTION('ref_axis',(0.,0.,-1.));
#4644=DIRECTION('center_axis',(-0.639656557299475,-3.41353985585047E-15,
0.768660841141126));
#4645=DIRECTION('ref_axis',(0.768660841141126,0.,0.639656557299475));
#4646=DIRECTION('center_axis',(0.,1.,0.));
#4647=DIRECTION('ref_axis',(-1.,0.,0.));
#4648=DIRECTION('center_axis',(0.,0.,-1.));
#4649=DIRECTION('ref_axis',(0.,1.,0.));
#4650=DIRECTION('center_axis',(-0.639656557299494,0.,0.76866084114111));
#4651=DIRECTION('ref_axis',(0.543525293203524,0.707106781186491,0.452305489296894));
#4652=DIRECTION('',(-0.639656557299494,0.,0.76866084114111));
#4653=DIRECTION('center_axis',(0.,-1.,0.));
#4654=DIRECTION('ref_axis',(0.,0.,-1.));
#4655=DIRECTION('center_axis',(0.,0.,1.));
#4656=DIRECTION('ref_axis',(1.,0.,0.));
#4657=DIRECTION('center_axis',(0.,1.,0.));
#4658=DIRECTION('ref_axis',(-0.768660841065783,0.,0.639656557390013));
#4659=DIRECTION('center_axis',(-0.639656557390002,0.,-0.768660841065792));
#4660=DIRECTION('ref_axis',(0.,1.,0.));
#4661=DIRECTION('center_axis',(0.,0.,1.));
#4662=DIRECTION('ref_axis',(0.707106781186528,0.707106781186567,0.));
#4663=DIRECTION('',(0.,0.,1.));
#4664=DIRECTION('center_axis',(-3.62661012331937E-11,-0.787864015816011,
-0.61584924501234));
#4665=DIRECTION('ref_axis',(4.63842297904169E-11,-0.615849245012336,0.787864015816014));
#4666=DIRECTION('center_axis',(-0.639656557299517,-1.36541594234013E-14,
0.768660841141091));
#4667=DIRECTION('ref_axis',(0.768660841141091,0.,0.639656557299517));
#4668=DIRECTION('center_axis',(0.,-1.,0.));
#4669=DIRECTION('ref_axis',(-0.768660841065801,0.,0.639656557389992));
#4670=DIRECTION('center_axis',(0.639656557390002,0.,0.768660841065792));
#4671=DIRECTION('ref_axis',(0.,-1.,0.));
#4672=DIRECTION('center_axis',(0.,-1.,0.));
#4673=DIRECTION('ref_axis',(5.88734134948998E-11,0.,1.));
#4674=DIRECTION('',(0.,1.,0.));
#4675=DIRECTION('',(0.,-1.,0.));
#4676=DIRECTION('center_axis',(0.,0.,1.));
#4677=DIRECTION('ref_axis',(1.,0.,0.));
#4678=DIRECTION('center_axis',(0.,2.66453525910037E-14,-1.));
#4679=DIRECTION('ref_axis',(-1.,0.,0.));
#4680=DIRECTION('center_axis',(0.,-1.,0.));
#4681=DIRECTION('ref_axis',(-0.768660841141117,0.,-0.639656557299486));
#4682=DIRECTION('center_axis',(-0.639656557299475,0.,0.768660841141126));
#4683=DIRECTION('ref_axis',(0.,-1.,0.));
#4684=DIRECTION('center_axis',(0.,-1.,0.));
#4685=DIRECTION('ref_axis',(-0.940388441321225,0.,-0.340102307298021));
#4686=DIRECTION('',(0.,1.,0.));
#4687=DIRECTION('',(0.,-1.,0.));
#4688=DIRECTION('center_axis',(0.639656557299494,0.,-0.76866084114111));
#4689=DIRECTION('ref_axis',(-0.543525293203524,-0.707106781186492,-0.452305489296894));
#4690=DIRECTION('',(-0.639656557299494,0.,0.76866084114111));
#4691=DIRECTION('',(0.639656557299494,0.,-0.76866084114111));
#4692=DIRECTION('center_axis',(0.,0.,1.));
#4693=DIRECTION('ref_axis',(1.,0.,0.));
#4694=DIRECTION('center_axis',(-0.639656557390002,-6.82707971103184E-15,
-0.768660841065792));
#4695=DIRECTION('ref_axis',(-0.768660841065792,0.,0.639656557390002));
#4696=DIRECTION('center_axis',(0.,-1.,0.));
#4697=DIRECTION('ref_axis',(-1.,0.,0.));
#4698=DIRECTION('center_axis',(-2.66453525910053E-14,0.,1.));
#4699=DIRECTION('ref_axis',(0.,-1.,0.));
#4700=DIRECTION('center_axis',(0.,-1.,0.));
#4701=DIRECTION('ref_axis',(-0.940388441301179,0.,0.340102307353449));
#4702=DIRECTION('',(0.,1.,0.));
#4703=DIRECTION('',(0.,-1.,0.));
#4704=DIRECTION('center_axis',(0.,0.,-1.));
#4705=DIRECTION('ref_axis',(-0.707106781186527,-0.707106781186568,0.));
#4706=DIRECTION('',(0.,0.,1.));
#4707=DIRECTION('',(0.,0.,-1.));
#4708=DIRECTION('center_axis',(-0.639656557390009,0.,-0.768660841065786));
#4709=DIRECTION('ref_axis',(-0.543525293150263,-0.707106781186488,0.452305489360901));
#4710=DIRECTION('',(0.639656557390009,0.,0.768660841065786));
#4711=DIRECTION('',(-0.639656557390009,0.,-0.768660841065786));
#4712=DIRECTION('center_axis',(-0.639656557299516,0.,0.768660841141092));
#4713=DIRECTION('ref_axis',(0.543525293203373,-0.707106781186557,0.452305489296973));
#4714=DIRECTION('',(0.639656557299516,0.,-0.768660841141092));
#4715=DIRECTION('',(-0.639656557299516,0.,0.768660841141092));
#4716=DIRECTION('center_axis',(0.639656557390009,0.,0.768660841065786));
#4717=DIRECTION('ref_axis',(0.543525293150119,0.707106781186561,-0.452305489360961));
#4718=DIRECTION('',(0.639656557390009,0.,0.768660841065786));
#4719=DIRECTION('center_axis',(3.61870606902302E-15,0.,1.));
#4720=DIRECTION('ref_axis',(0.707106781186527,-0.707106781186568,0.));
#4721=DIRECTION('',(-3.61870606902302E-15,0.,-1.));
#4722=DIRECTION('',(3.61870606902302E-15,0.,1.));
#4723=DIRECTION('center_axis',(-3.61870606902302E-15,0.,-1.));
#4724=DIRECTION('ref_axis',(-0.707106781186528,0.707106781186567,0.));
#4725=DIRECTION('',(-3.61870606902302E-15,0.,-1.));
#4726=DIRECTION('center_axis',(0.768660841065797,0.,-0.639656557389996));
#4727=DIRECTION('ref_axis',(0.639656557389996,0.,0.768660841065797));
#4728=DIRECTION('center_axis',(0.768660841141092,0.,0.639656557299516));
#4729=DIRECTION('ref_axis',(-0.639656557299516,0.,0.768660841141092));
#4730=DIRECTION('center_axis',(1.,0.,-3.61870606902302E-15));
#4731=DIRECTION('ref_axis',(3.61870606902302E-15,0.,1.));
#4732=DIRECTION('center_axis',(-0.76866084114111,0.,-0.639656557299494));
#4733=DIRECTION('ref_axis',(0.639656557299494,0.,-0.76866084114111));
#4734=DIRECTION('center_axis',(0.,-1.,0.));
#4735=DIRECTION('ref_axis',(0.,0.,-1.));
#4736=DIRECTION('center_axis',(-1.,0.,0.));
#4737=DIRECTION('ref_axis',(0.,0.,-1.));
#4738=DIRECTION('center_axis',(-0.768660841065786,0.,0.639656557390009));
#4739=DIRECTION('ref_axis',(-0.639656557390009,0.,-0.768660841065786));
#4740=DIRECTION('center_axis',(-1.,0.,0.));
#4741=DIRECTION('ref_axis',(0.,0.,1.));
#4742=DIRECTION('center_axis',(0.,0.,1.));
#4743=DIRECTION('ref_axis',(1.,0.,0.));
#4744=DIRECTION('center_axis',(1.,0.,0.));
#4745=DIRECTION('ref_axis',(0.,-0.707106781186548,-0.707106781186547));
#4746=DIRECTION('center_axis',(0.,0.,1.));
#4747=DIRECTION('ref_axis',(0.707106781186553,0.707106781186542,0.));
#4748=DIRECTION('center_axis',(0.,0.,1.));
#4749=DIRECTION('ref_axis',(1.,0.,0.));
#4750=DIRECTION('',(0.,0.,-1.));
#4751=DIRECTION('center_axis',(-1.,0.,0.));
#4752=DIRECTION('ref_axis',(0.,0.,1.));
#4753=DIRECTION('center_axis',(0.,1.,0.));
#4754=DIRECTION('ref_axis',(1.,0.,0.));
#4755=DIRECTION('center_axis',(1.,0.,0.));
#4756=DIRECTION('ref_axis',(0.,-0.707106781186549,0.707106781186546));
#4757=DIRECTION('center_axis',(0.,-1.,0.));
#4758=DIRECTION('ref_axis',(0.70710678118656,0.,-0.707106781186535));
#4759=DIRECTION('',(0.,-1.,0.));
#4760=DIRECTION('center_axis',(-1.,0.,-3.67904026873884E-16));
#4761=DIRECTION('ref_axis',(0.,-0.707106781186555,0.70710678118654));
#4762=DIRECTION('',(-1.,0.,-3.67904026873884E-16));
#4763=DIRECTION('center_axis',(1.,0.,0.));
#4764=DIRECTION('ref_axis',(0.,0.,1.));
#4765=DIRECTION('',(1.,0.,3.67904026873884E-16));
#4766=DIRECTION('center_axis',(-0.329438655588791,0.,-0.944176981399065));
#4767=DIRECTION('ref_axis',(-0.944176981399065,0.,0.32943865558879));
#4768=DIRECTION('center_axis',(-3.67904026873884E-16,0.,1.));
#4769=DIRECTION('ref_axis',(-1.,0.,-3.67904026873884E-16));
#4770=DIRECTION('center_axis',(-0.816496580927721,-0.408248290463875,-0.408248290463861));
#4771=DIRECTION('ref_axis',(-0.577350269189637,0.577350269189632,0.577350269189608));
#4772=DIRECTION('center_axis',(-1.,0.,0.));
#4773=DIRECTION('ref_axis',(0.,1.,0.));
#4774=DIRECTION('center_axis',(0.,1.77635683940025E-14,1.));
#4775=DIRECTION('ref_axis',(-1.,0.,0.));
#4776=DIRECTION('center_axis',(0.,1.,0.));
#4777=DIRECTION('ref_axis',(0.,0.,1.));
#4778=DIRECTION('center_axis',(-0.816496580927721,0.408248290463875,-0.408248290463861));
#4779=DIRECTION('ref_axis',(-0.577350269189637,-0.577350269189632,0.577350269189609));
#4780=DIRECTION('center_axis',(-1.,0.,0.));
#4781=DIRECTION('ref_axis',(0.,0.,1.));
#4782=DIRECTION('center_axis',(0.,-1.,0.));
#4783=DIRECTION('ref_axis',(-1.,0.,0.));
#4784=DIRECTION('center_axis',(1.77635683940026E-14,0.,1.));
#4785=DIRECTION('ref_axis',(0.,-1.,0.));
#4786=DIRECTION('center_axis',(0.,-1.,0.));
#4787=DIRECTION('ref_axis',(-0.707106781186554,0.,0.707106781186541));
#4788=DIRECTION('',(0.,1.,0.));
#4789=DIRECTION('',(0.,-1.,0.));
#4790=DIRECTION('center_axis',(-0.40824829046386,-0.816496580927726,-0.408248290463867));
#4791=DIRECTION('ref_axis',(-0.577350269189622,0.577350269189626,-0.577350269189629));
#4792=DIRECTION('center_axis',(0.,1.,0.));
#4793=DIRECTION('ref_axis',(-1.,0.,0.));
#4794=DIRECTION('center_axis',(0.,0.,-1.));
#4795=DIRECTION('ref_axis',(0.,1.,0.));
#4796=DIRECTION('center_axis',(0.,0.,1.));
#4797=DIRECTION('ref_axis',(-0.707106781186546,0.707106781186549,0.));
#4798=DIRECTION('',(0.,0.,1.));
#4799=DIRECTION('center_axis',(0.408248290463859,-0.816496580927726,0.408248290463867));
#4800=DIRECTION('ref_axis',(-0.577350269189622,-0.577350269189626,-0.577350269189629));
#4801=DIRECTION('center_axis',(0.,0.,-1.));
#4802=DIRECTION('ref_axis',(-1.,0.,0.));
#4803=DIRECTION('center_axis',(0.,-1.,0.));
#4804=DIRECTION('ref_axis',(0.,0.,-1.));
#4805=DIRECTION('center_axis',(-1.,0.,0.));
#4806=DIRECTION('ref_axis',(0.,-1.,0.));
#4807=DIRECTION('center_axis',(0.,-1.,0.));
#4808=DIRECTION('ref_axis',(-0.707106781186544,0.,-0.707106781186551));
#4809=DIRECTION('',(0.,1.,0.));
#4810=DIRECTION('center_axis',(1.,0.,-9.19760067184709E-17));
#4811=DIRECTION('ref_axis',(0.,-0.707106781186545,-0.70710678118655));
#4812=DIRECTION('center_axis',(-1.,0.,0.));
#4813=DIRECTION('ref_axis',(0.,0.,-1.));
#4814=DIRECTION('',(-1.,0.,9.19760067184709E-17));
#4815=DIRECTION('center_axis',(-1.,0.,0.));
#4816=DIRECTION('ref_axis',(0.,0.,-1.));
#4817=DIRECTION('center_axis',(1.,0.,-9.19760067184709E-17));
#4818=DIRECTION('ref_axis',(0.,-0.707106781186545,-0.70710678118655));
#4819=DIRECTION('center_axis',(-1.,0.,0.));
#4820=DIRECTION('ref_axis',(0.,0.,-1.));
#4821=DIRECTION('',(-1.,0.,9.19760067184709E-17));
#4822=DIRECTION('center_axis',(-1.,0.,0.));
#4823=DIRECTION('ref_axis',(0.,0.,-1.));
#4824=DIRECTION('center_axis',(1.,0.,-9.19760067184709E-17));
#4825=DIRECTION('ref_axis',(0.,-0.707106781186545,-0.70710678118655));
#4826=DIRECTION('',(-1.,0.,9.19760067184709E-17));
#4827=DIRECTION('center_axis',(0.,0.,-1.));
#4828=DIRECTION('ref_axis',(-0.707106781186547,-0.707106781186548,0.));
#4829=DIRECTION('',(0.,0.,1.));
#4830=DIRECTION('',(0.,0.,-1.));
#4831=DIRECTION('center_axis',(-1.,0.,-3.67904026873884E-16));
#4832=DIRECTION('ref_axis',(0.,-0.707106781186555,0.70710678118654));
#4833=DIRECTION('center_axis',(1.,0.,0.));
#4834=DIRECTION('ref_axis',(0.,0.,1.));
#4835=DIRECTION('',(1.,0.,3.67904026873884E-16));
#4836=DIRECTION('center_axis',(-1.,0.,0.));
#4837=DIRECTION('ref_axis',(0.,-1.,0.));
#4838=DIRECTION('',(-1.,0.,-3.67904026873884E-16));
#4839=DIRECTION('center_axis',(1.,-1.77635683940025E-14,0.));
#4840=DIRECTION('ref_axis',(0.,0.,1.));
#4841=DIRECTION('center_axis',(-1.,0.,-3.67904026873884E-16));
#4842=DIRECTION('ref_axis',(0.,-0.707106781186555,0.70710678118654));
#4843=DIRECTION('',(-1.,0.,-3.67904026873884E-16));
#4844=DIRECTION('',(1.,0.,3.67904026873884E-16));
#4845=DIRECTION('center_axis',(-3.67904026873884E-16,0.,1.));
#4846=DIRECTION('ref_axis',(1.,5.33365602424362E-17,3.67904026873884E-16));
#4847=DIRECTION('center_axis',(0.329438655577432,5.85200608997795E-15,-0.944176981403028));
#4848=DIRECTION('ref_axis',(0.944176981403028,0.,0.329438655577432));
#4849=DIRECTION('center_axis',(1.,0.,3.67904026873884E-16));
#4850=DIRECTION('ref_axis',(0.,0.707106781186555,0.70710678118654));
#4851=DIRECTION('',(1.,0.,3.67904026873884E-16));
#4852=DIRECTION('center_axis',(0.,-1.,0.));
#4853=DIRECTION('ref_axis',(0.,0.,-1.));
#4854=DIRECTION('center_axis',(0.,-1.,0.));
#4855=DIRECTION('ref_axis',(-5.88507020893302E-11,0.,-1.));
#4856=DIRECTION('center_axis',(-0.639656557390013,0.,-0.768660841065783));
#4857=DIRECTION('ref_axis',(-0.768660841065783,0.,0.639656557390013));
#4858=DIRECTION('center_axis',(0.,1.,0.));
#4859=DIRECTION('ref_axis',(-5.88507020893302E-11,0.,-1.));
#4860=DIRECTION('center_axis',(-0.639656557299523,0.,0.768660841141086));
#4861=DIRECTION('ref_axis',(0.768660841141086,0.,0.639656557299523));
#4862=DIRECTION('center_axis',(0.,-1.,0.));
#4863=DIRECTION('ref_axis',(-5.88507020893302E-11,0.,-1.));
#4864=DIRECTION('center_axis',(0.,-1.,0.));
#4865=DIRECTION('ref_axis',(0.,0.,-1.));
#4866=DIRECTION('',(-0.639656557299507,0.,0.768660841141099));
#4867=DIRECTION('center_axis',(0.,-1.,0.));
#4868=DIRECTION('ref_axis',(0.940388441321216,0.,0.340102307298044));
#4869=DIRECTION('',(0.,0.,1.));
#4870=DIRECTION('center_axis',(0.,-1.,0.));
#4871=DIRECTION('ref_axis',(0.940388441301198,0.,-0.340102307353396));
#4872=DIRECTION('',(0.639656557390009,0.,0.768660841065787));
#4873=DIRECTION('center_axis',(0.,-1.,0.));
#4874=DIRECTION('ref_axis',(0.,0.,-1.));
#4875=DIRECTION('center_axis',(0.,-1.,0.));
#4876=DIRECTION('ref_axis',(5.88595282558728E-11,0.,-1.));
#4877=DIRECTION('',(0.63965655739,0.,-0.768660841065794));
#4878=DIRECTION('center_axis',(0.,-1.,0.));
#4879=DIRECTION('ref_axis',(-0.940388441301196,0.,-0.340102307353399));
#4880=DIRECTION('',(0.,0.,-1.));
#4881=DIRECTION('center_axis',(0.,-1.,0.));
#4882=DIRECTION('ref_axis',(-0.940388441321216,0.,0.340102307298046));
#4883=DIRECTION('',(-0.639656557299509,0.,-0.768660841141098));
#4884=DIRECTION('center_axis',(0.,-1.,0.));
#4885=DIRECTION('ref_axis',(-5.88595282558729E-11,0.,1.));
#4886=DIRECTION('center_axis',(0.,-1.,0.));
#4887=DIRECTION('ref_axis',(0.,0.,-1.));
#4888=DIRECTION('',(0.639656557299521,0.,-0.768660841141087));
#4889=DIRECTION('center_axis',(0.,-1.,0.));
#4890=DIRECTION('ref_axis',(-0.940388441321216,0.,-0.340102307298044));
#4891=DIRECTION('',(0.,0.,-1.));
#4892=DIRECTION('center_axis',(0.,-1.,0.));
#4893=DIRECTION('ref_axis',(-0.940388441301198,0.,0.340102307353396));
#4894=DIRECTION('',(-0.639656557390003,0.,-0.768660841065791));
#4895=DIRECTION('center_axis',(0.,-1.,0.));
#4896=DIRECTION('ref_axis',(-5.88595282558729E-11,0.,1.));
#4897=DIRECTION('',(-0.639656557389999,0.,0.768660841065794));
#4898=DIRECTION('center_axis',(0.,-1.,0.));
#4899=DIRECTION('ref_axis',(0.940388441301197,0.,0.340102307353398));
#4900=DIRECTION('',(0.,0.,1.));
#4901=DIRECTION('center_axis',(0.,-1.,0.));
#4902=DIRECTION('ref_axis',(0.940388441321217,0.,-0.340102307298043));
#4903=DIRECTION('',(0.639656557299509,0.,0.768660841141098));
#4904=DIRECTION('center_axis',(0.,-1.,0.));
#4905=DIRECTION('ref_axis',(5.88595282558728E-11,0.,-1.));
#4906=DIRECTION('center_axis',(-1.,0.,0.));
#4907=DIRECTION('ref_axis',(0.,0.,-1.));
#4908=DIRECTION('center_axis',(3.625189037848E-11,-0.78786401581598,-0.61584924501238));
#4909=DIRECTION('ref_axis',(-4.63700189357038E-11,-0.615849245012382,0.787864015815978));
#4910=DIRECTION('center_axis',(-0.639656557389999,0.,0.768660841065795));
#4911=DIRECTION('ref_axis',(0.768660841065795,0.,0.639656557389999));
#4912=DIRECTION('center_axis',(0.,-1.,0.));
#4913=DIRECTION('ref_axis',(-0.768660841141096,0.,0.639656557299512));
#4914=DIRECTION('center_axis',(0.639656557299512,0.,0.768660841141096));
#4915=DIRECTION('ref_axis',(0.,-1.,0.));
#4916=DIRECTION('center_axis',(-8.88178419593789E-15,-1.,-7.39115510863943E-15));
#4917=DIRECTION('ref_axis',(-5.88613602303667E-11,-7.105427357601E-15,1.));
#4918=DIRECTION('center_axis',(0.639656557299503,-1.13625830042619E-14,
0.768660841141103));
#4919=DIRECTION('ref_axis',(0.768660841141103,0.,-0.639656557299503));
#4920=DIRECTION('center_axis',(0.,1.,0.));
#4921=DIRECTION('ref_axis',(0.768660841065795,0.,0.639656557389999));
#4922=DIRECTION('center_axis',(-0.639656557389999,0.,0.768660841065795));
#4923=DIRECTION('ref_axis',(0.,1.,0.));
#4924=DIRECTION('center_axis',(0.,0.,1.));
#4925=DIRECTION('ref_axis',(1.,0.,0.));
#4926=DIRECTION('center_axis',(-0.639656557299517,-2.50167424276634E-14,
-0.768660841141091));
#4927=DIRECTION('ref_axis',(-0.768660841141091,0.,0.639656557299517));
#4928=DIRECTION('center_axis',(0.,-1.,0.));
#4929=DIRECTION('ref_axis',(-1.,0.,0.));
#4930=DIRECTION('center_axis',(-1.77635683940026E-14,0.,1.));
#4931=DIRECTION('ref_axis',(0.,-1.,0.));
#4932=DIRECTION('center_axis',(0.,0.,1.));
#4933=DIRECTION('ref_axis',(1.,0.,0.));
#4934=DIRECTION('center_axis',(0.,1.77635683940025E-14,1.));
#4935=DIRECTION('ref_axis',(1.,0.,0.));
#4936=DIRECTION('center_axis',(0.,-1.,0.));
#4937=DIRECTION('ref_axis',(0.768660841065799,0.,0.639656557389993));
#4938=DIRECTION('center_axis',(0.639656557389974,0.,-0.768660841065815));
#4939=DIRECTION('ref_axis',(0.,-1.,0.));
#4940=DIRECTION('center_axis',(0.,-1.,0.));
#4941=DIRECTION('ref_axis',(0.,0.,-1.));
#4942=DIRECTION('center_axis',(0.,0.,1.));
#4943=DIRECTION('ref_axis',(1.,0.,0.));
#4944=DIRECTION('center_axis',(0.,1.,0.));
#4945=DIRECTION('ref_axis',(-0.768660841141098,0.,0.639656557299508));
#4946=DIRECTION('center_axis',(-0.639656557299512,0.,-0.768660841141096));
#4947=DIRECTION('ref_axis',(0.,1.,0.));
#4948=DIRECTION('center_axis',(0.,-1.,0.));
#4949=DIRECTION('ref_axis',(0.,0.,-1.));
#4950=DIRECTION('center_axis',(0.639656557389999,0.,-0.768660841065795));
#4951=DIRECTION('ref_axis',(-0.768660841065795,0.,-0.639656557389999));
#4952=DIRECTION('center_axis',(0.,1.,0.));
#4953=DIRECTION('ref_axis',(1.,0.,0.));
#4954=DIRECTION('center_axis',(0.,0.,1.));
#4955=DIRECTION('ref_axis',(0.,1.,0.));
#4956=DIRECTION('center_axis',(0.63965655739,0.,-0.768660841065794));
#4957=DIRECTION('ref_axis',(-0.543525293150182,0.707106781186544,-0.452305489360913));
#4958=DIRECTION('',(0.639656557389999,0.,-0.768660841065794));
#4959=DIRECTION('center_axis',(0.,-1.,0.));
#4960=DIRECTION('ref_axis',(0.9403884413012,0.,0.340102307353391));
#4961=DIRECTION('',(0.,1.,0.));
#4962=DIRECTION('',(0.,-1.,0.));
#4963=DIRECTION('center_axis',(0.,0.,1.));
#4964=DIRECTION('ref_axis',(1.,0.,0.));
#4965=DIRECTION('center_axis',(0.,2.66453525910037E-14,-1.));
#4966=DIRECTION('ref_axis',(-1.,0.,0.));
#4967=DIRECTION('center_axis',(0.,-1.,0.));
#4968=DIRECTION('ref_axis',(-0.768660841065795,0.,-0.639656557389999));
#4969=DIRECTION('center_axis',(-0.639656557389974,0.,0.768660841065815));
#4970=DIRECTION('ref_axis',(0.,-1.,0.));
#4971=DIRECTION('center_axis',(0.,0.,1.));
#4972=DIRECTION('ref_axis',(1.,0.,0.));
#4973=DIRECTION('center_axis',(0.639656557299512,0.,0.768660841141096));
#4974=DIRECTION('ref_axis',(0.768660841141096,0.,-0.639656557299512));
#4975=DIRECTION('center_axis',(0.,-1.,0.));
#4976=DIRECTION('ref_axis',(1.,0.,0.));
#4977=DIRECTION('center_axis',(-8.88178419700128E-15,0.,-1.));
#4978=DIRECTION('ref_axis',(0.,-1.,0.));
#4979=DIRECTION('center_axis',(0.,-1.,0.));
#4980=DIRECTION('ref_axis',(0.,0.,-1.));
#4981=DIRECTION('center_axis',(-0.639656557390001,0.,0.768660841065793));
#4982=DIRECTION('ref_axis',(0.768660841065793,0.,0.639656557390001));
#4983=DIRECTION('center_axis',(0.,1.,0.));
#4984=DIRECTION('ref_axis',(-1.,0.,0.));
#4985=DIRECTION('center_axis',(0.,0.,-1.));
#4986=DIRECTION('ref_axis',(0.,1.,0.));
#4987=DIRECTION('center_axis',(0.,1.,0.));
#4988=DIRECTION('ref_axis',(0.,0.,1.));
#4989=DIRECTION('center_axis',(0.,1.,0.));
#4990=DIRECTION('ref_axis',(0.7686608411411,0.,-0.639656557299506));
#4991=DIRECTION('center_axis',(0.639656557299506,0.,0.7686608411411));
#4992=DIRECTION('ref_axis',(0.,1.,0.));
#4993=DIRECTION('center_axis',(0.,0.,-1.));
#4994=DIRECTION('ref_axis',(-1.,0.,0.));
#4995=DIRECTION('center_axis',(-3.62376795237649E-11,-0.787864015815978,
0.615849245012381));
#4996=DIRECTION('ref_axis',(4.63558080809886E-11,-0.615849245012382,-0.787864015815978));
#4997=DIRECTION('center_axis',(0.639656557389999,-2.16032025724172E-14,
-0.768660841065795));
#4998=DIRECTION('ref_axis',(-0.768660841065795,0.,-0.639656557389999));
#4999=DIRECTION('center_axis',(0.,-1.,0.));
#5000=DIRECTION('ref_axis',(0.768660841141098,0.,-0.639656557299509));
#5001=DIRECTION('center_axis',(-0.639656557299498,0.,-0.768660841141107));
#5002=DIRECTION('ref_axis',(0.,-1.,0.));
#5003=DIRECTION('center_axis',(0.,-1.,0.));
#5004=DIRECTION('ref_axis',(0.,0.,-1.));
#5005=DIRECTION('center_axis',(-0.639656557299506,0.,-0.7686608411411));
#5006=DIRECTION('ref_axis',(-0.7686608411411,0.,0.639656557299506));
#5007=DIRECTION('center_axis',(0.,1.,0.));
#5008=DIRECTION('ref_axis',(-0.768660841065793,0.,-0.639656557390001));
#5009=DIRECTION('center_axis',(0.639656557390001,0.,-0.768660841065793));
#5010=DIRECTION('ref_axis',(0.,1.,0.));
#5011=DIRECTION('center_axis',(-0.639656557299509,0.,-0.768660841141098));
#5012=DIRECTION('ref_axis',(-0.543525293203421,0.707106781186553,0.452305489296921));
#5013=DIRECTION('',(-0.639656557299509,0.,-0.768660841141098));
#5014=DIRECTION('center_axis',(0.,-1.,0.));
#5015=DIRECTION('ref_axis',(5.8845643016841E-11,0.,-1.));
#5016=DIRECTION('',(0.,1.,0.));
#5017=DIRECTION('',(0.,-1.,0.));
#5018=DIRECTION('center_axis',(-0.63965655739,0.,0.768660841065794));
#5019=DIRECTION('ref_axis',(0.543525293150182,0.707106781186544,0.452305489360913));
#5020=DIRECTION('',(-0.63965655739,0.,0.768660841065794));
#5021=DIRECTION('center_axis',(0.639656557299509,0.,0.768660841141098));
#5022=DIRECTION('ref_axis',(0.543525293203418,-0.70710678118655,-0.452305489296931));
#5023=DIRECTION('',(-0.639656557299509,0.,-0.768660841141098));
#5024=DIRECTION('',(0.639656557299509,0.,0.768660841141098));
#5025=DIRECTION('center_axis',(0.63965655739,0.,-0.768660841065794));
#5026=DIRECTION('ref_axis',(-0.543525293150181,-0.707106781186544,-0.452305489360912));
#5027=DIRECTION('',(-0.63965655739,0.,0.768660841065794));
#5028=DIRECTION('',(0.63965655739,0.,-0.768660841065794));
#5029=DIRECTION('center_axis',(0.,0.,-1.));
#5030=DIRECTION('ref_axis',(-0.70710678118654,0.707106781186555,0.));
#5031=DIRECTION('',(0.,0.,-1.));
#5032=DIRECTION('center_axis',(0.,-1.,0.));
#5033=DIRECTION('ref_axis',(0.940388441321219,0.,-0.340102307298036));
#5034=DIRECTION('',(0.,1.,0.));
#5035=DIRECTION('',(0.,-1.,0.));
#5036=DIRECTION('center_axis',(0.,-1.,0.));
#5037=DIRECTION('ref_axis',(-0.940388441301197,0.,-0.340102307353399));
#5038=DIRECTION('',(0.,1.,0.));
#5039=DIRECTION('',(0.,-1.,0.));
#5040=DIRECTION('center_axis',(0.,0.,1.));
#5041=DIRECTION('ref_axis',(0.70710678118654,0.707106781186555,0.));
#5042=DIRECTION('',(0.,0.,1.));
#5043=DIRECTION('center_axis',(0.,0.,1.));
#5044=DIRECTION('ref_axis',(0.70710678118654,-0.707106781186555,0.));
#5045=DIRECTION('',(0.,0.,-1.));
#5046=DIRECTION('',(0.,0.,1.));
#5047=DIRECTION('center_axis',(0.,0.,-1.));
#5048=DIRECTION('ref_axis',(-0.70710678118654,-0.707106781186555,0.));
#5049=DIRECTION('',(0.,0.,1.));
#5050=DIRECTION('',(0.,0.,-1.));
#5051=DIRECTION('center_axis',(0.,-1.,0.));
#5052=DIRECTION('ref_axis',(-0.940388441321215,0.,0.340102307298047));
#5053=DIRECTION('',(0.,1.,0.));
#5054=DIRECTION('',(0.,-1.,0.));
#5055=DIRECTION('center_axis',(0.639656557299509,0.,0.768660841141098));
#5056=DIRECTION('ref_axis',(0.543525293203436,0.707106781186539,-0.452305489296925));
#5057=DIRECTION('',(0.639656557299509,0.,0.768660841141098));
#5058=DIRECTION('center_axis',(-0.63965655739,0.,0.768660841065794));
#5059=DIRECTION('ref_axis',(0.543525293150181,-0.707106781186544,0.452305489360912));
#5060=DIRECTION('',(0.639656557389999,0.,-0.768660841065794));
#5061=DIRECTION('',(-0.639656557389999,0.,0.768660841065794));
#5062=DIRECTION('center_axis',(-0.639656557299509,0.,-0.768660841141098));
#5063=DIRECTION('ref_axis',(-0.543525293203426,-0.707106781186545,0.452305489296928));
#5064=DIRECTION('',(0.639656557299509,0.,0.768660841141098));
#5065=DIRECTION('',(-0.639656557299509,0.,-0.768660841141098));
#5066=DIRECTION('center_axis',(0.,-1.,0.));
#5067=DIRECTION('ref_axis',(-5.8845643016841E-11,0.,1.));
#5068=DIRECTION('',(0.,1.,0.));
#5069=DIRECTION('',(0.,-1.,0.));
#5070=DIRECTION('center_axis',(0.768660841065794,0.,0.63965655739));
#5071=DIRECTION('ref_axis',(-0.639656557389999,0.,0.768660841065794));
#5072=DIRECTION('center_axis',(1.,0.,0.));
#5073=DIRECTION('ref_axis',(0.,0.,1.));
#5074=DIRECTION('center_axis',(0.768660841141098,0.,-0.639656557299509));
#5075=DIRECTION('ref_axis',(0.639656557299509,0.,0.768660841141098));
#5076=DIRECTION('center_axis',(-0.768660841065794,0.,-0.63965655739));
#5077=DIRECTION('ref_axis',(0.63965655739,0.,-0.768660841065794));
#5078=DIRECTION('center_axis',(0.,-1.,0.));
#5079=DIRECTION('ref_axis',(0.,0.,-1.));
#5080=DIRECTION('center_axis',(-1.,0.,0.));
#5081=DIRECTION('ref_axis',(0.,0.,-1.));
#5082=DIRECTION('center_axis',(-0.768660841141098,0.,0.639656557299509));
#5083=DIRECTION('ref_axis',(-0.639656557299509,0.,-0.768660841141098));
#5084=DIRECTION('center_axis',(0.639656557299507,0.,-0.768660841141099));
#5085=DIRECTION('ref_axis',(-0.543525293203421,0.707106781186553,-0.452305489296921));
#5086=DIRECTION('center_axis',(1.,0.,-5.88695425492456E-11));
#5087=DIRECTION('ref_axis',(-5.88695425492456E-11,0.,-1.));
#5088=DIRECTION('',(0.639656557299507,0.,-0.768660841141099));
#5089=DIRECTION('center_axis',(0.639656557299501,0.,-0.768660841141104));
#5090=DIRECTION('ref_axis',(-0.768660841141104,0.,-0.639656557299501));
#5091=DIRECTION('center_axis',(0.,-1.,0.));
#5092=DIRECTION('ref_axis',(0.,0.,-1.));
#5093=DIRECTION('center_axis',(0.,0.,-1.));
#5094=DIRECTION('ref_axis',(-1.,0.,0.));
#5095=DIRECTION('center_axis',(0.,1.,0.));
#5096=DIRECTION('ref_axis',(0.940388441321216,0.,0.340102307298044));
#5097=DIRECTION('center_axis',(0.,0.,-1.));
#5098=DIRECTION('ref_axis',(-0.707106781186553,0.707106781186542,0.));
#5099=DIRECTION('center_axis',(0.,0.,-1.));
#5100=DIRECTION('ref_axis',(-1.,0.,0.));
#5101=DIRECTION('',(0.,0.,-1.));
#5102=DIRECTION('center_axis',(0.,-1.,0.));
#5103=DIRECTION('ref_axis',(0.,0.,-1.));
#5104=DIRECTION('center_axis',(-0.639656557390007,0.,-0.768660841065788));
#5105=DIRECTION('ref_axis',(-0.768660841065788,0.,0.639656557390007));
#5106=DIRECTION('center_axis',(0.,1.,0.));
#5107=DIRECTION('ref_axis',(0.940388441301198,0.,-0.340102307353396));
#5108=DIRECTION('center_axis',(-0.639656557390009,0.,-0.768660841065787));
#5109=DIRECTION('ref_axis',(-0.543525293150164,0.707106781186553,0.452305489360919));
#5110=DIRECTION('',(-0.639656557390009,0.,-0.768660841065787));
#5111=DIRECTION('center_axis',(-0.639656557299522,0.,0.768660841141087));
#5112=DIRECTION('ref_axis',(0.543525293203415,0.707106781186545,0.452305489296941));
#5113=DIRECTION('center_axis',(-0.639656557299526,0.,0.768660841141084));
#5114=DIRECTION('ref_axis',(0.768660841141084,0.,0.639656557299526));
#5115=DIRECTION('',(-0.639656557299521,0.,0.768660841141087));
#5116=DIRECTION('center_axis',(0.,-1.,0.));
#5117=DIRECTION('ref_axis',(0.,0.,-1.));
#5118=DIRECTION('center_axis',(0.,0.,1.));
#5119=DIRECTION('ref_axis',(1.,0.,0.));
#5120=DIRECTION('center_axis',(0.,1.,0.));
#5121=DIRECTION('ref_axis',(-0.940388441321216,0.,-0.340102307298044));
#5122=DIRECTION('center_axis',(0.,0.,1.));
#5123=DIRECTION('ref_axis',(0.707106781186553,0.707106781186542,0.));
#5124=DIRECTION('center_axis',(0.,0.,1.));
#5125=DIRECTION('ref_axis',(1.,0.,0.));
#5126=DIRECTION('',(0.,0.,1.));
#5127=DIRECTION('center_axis',(0.,-1.,0.));
#5128=DIRECTION('ref_axis',(0.,0.,-1.));
#5129=DIRECTION('center_axis',(0.639656557389999,0.,0.768660841065795));
#5130=DIRECTION('ref_axis',(0.768660841065795,0.,-0.639656557389999));
#5131=DIRECTION('center_axis',(0.,1.,0.));
#5132=DIRECTION('ref_axis',(-0.940388441301198,0.,0.340102307353396));
#5133=DIRECTION('center_axis',(0.639656557390003,0.,0.768660841065791));
#5134=DIRECTION('ref_axis',(0.543525293150185,0.707106781186548,-0.452305489360903));
#5135=DIRECTION('',(0.639656557390003,0.,0.768660841065791));
#5136=DIRECTION('center_axis',(0.,-1.,0.));
#5137=DIRECTION('ref_axis',(-5.88734134949043E-11,0.,-1.));
#5138=DIRECTION('',(0.,-1.,0.));
#5139=DIRECTION('center_axis',(0.,1.,0.));
#5140=DIRECTION('ref_axis',(0.768660841065786,0.,-0.63965655739001));
#5141=DIRECTION('',(0.,1.,0.));
#5142=DIRECTION('center_axis',(0.768660841065787,0.,-0.639656557390009));
#5143=DIRECTION('ref_axis',(0.639656557390009,0.,0.768660841065787));
#5144=DIRECTION('',(0.,1.,0.));
#5145=DIRECTION('',(0.639656557390009,0.,0.768660841065787));
#5146=DIRECTION('center_axis',(0.,-1.,0.));
#5147=DIRECTION('ref_axis',(0.940388441301197,0.,-0.340102307353399));
#5148=DIRECTION('',(0.,-1.,0.));
#5149=DIRECTION('center_axis',(0.,1.,0.));
#5150=DIRECTION('ref_axis',(1.,0.,0.));
#5151=DIRECTION('center_axis',(1.,0.,0.));
#5152=DIRECTION('ref_axis',(0.,0.,1.));
#5153=DIRECTION('',(0.,1.,0.));
#5154=DIRECTION('',(0.,0.,1.));
#5155=DIRECTION('center_axis',(0.,-1.,0.));
#5156=DIRECTION('ref_axis',(0.940388441321216,0.,0.340102307298045));
#5157=DIRECTION('',(0.,-1.,0.));
#5158=DIRECTION('center_axis',(0.,1.,0.));
#5159=DIRECTION('ref_axis',(0.768660841141096,0.,0.639656557299512));
#5160=DIRECTION('center_axis',(0.768660841141099,0.,0.639656557299507));
#5161=DIRECTION('ref_axis',(-0.639656557299507,0.,0.768660841141099));
#5162=DIRECTION('',(0.,-1.,0.));
#5163=DIRECTION('',(-0.639656557299507,0.,0.768660841141099));
#5164=DIRECTION('center_axis',(3.62518903784803E-11,-0.787864015815981,
0.615849245012378));
#5165=DIRECTION('ref_axis',(-4.63842297904195E-11,-0.615849245012381,-0.787864015815979));
#5166=DIRECTION('center_axis',(-0.639656557390009,0.,-0.768660841065787));
#5167=DIRECTION('ref_axis',(0.543525293150181,-0.707106781186542,-0.452305489360917));
#5168=DIRECTION('center_axis',(0.639656557299522,0.,-0.768660841141087));
#5169=DIRECTION('ref_axis',(-0.543525293203419,-0.70710678118655,-0.452305489296929));
#5170=DIRECTION('center_axis',(0.639656557390009,0.,0.768660841065787));
#5171=DIRECTION('ref_axis',(0.543525293150181,-0.707106781186544,-0.452305489360912));
#5172=DIRECTION('center_axis',(0.639656557390009,0.,0.768660841065787));
#5173=DIRECTION('ref_axis',(0.543525293150182,-0.707106781186543,-0.452305489360913));
#5174=DIRECTION('',(-0.639656557390009,0.,-0.768660841065787));
#5175=DIRECTION('center_axis',(0.,-1.,0.));
#5176=DIRECTION('ref_axis',(-0.940388441321216,0.,-0.340102307298045));
#5177=DIRECTION('',(0.,-1.,0.));
#5178=DIRECTION('center_axis',(0.,1.,0.));
#5179=DIRECTION('ref_axis',(-0.768660841141084,0.,-0.639656557299526));
#5180=DIRECTION('',(0.,1.,0.));
#5181=DIRECTION('center_axis',(0.,0.,1.));
#5182=DIRECTION('ref_axis',(1.,0.,0.));
#5183=DIRECTION('center_axis',(-0.639656557299522,0.,0.768660841141087));
#5184=DIRECTION('ref_axis',(-0.543525293203419,-0.70710678118655,-0.452305489296929));
#5185=DIRECTION('center_axis',(0.,0.,-1.));
#5186=DIRECTION('ref_axis',(-0.70710678118655,-0.707106781186545,0.));
#5187=DIRECTION('center_axis',(0.639656557299522,0.,-0.768660841141087));
#5188=DIRECTION('ref_axis',(-0.543525293203418,-0.70710678118655,-0.452305489296931));
#5189=DIRECTION('',(-0.639656557299521,0.,0.768660841141087));
#5190=DIRECTION('',(0.639656557299521,0.,-0.768660841141087));
#5191=DIRECTION('center_axis',(-0.768660841141087,0.,-0.639656557299522));
#5192=DIRECTION('ref_axis',(0.639656557299521,0.,-0.768660841141087));
#5193=DIRECTION('center_axis',(0.,-1.,0.));
#5194=DIRECTION('ref_axis',(-0.9403884413012,0.,0.340102307353391));
#5195=DIRECTION('',(0.,-1.,0.));
#5196=DIRECTION('center_axis',(0.,1.,0.));
#5197=DIRECTION('ref_axis',(-1.,0.,0.));
#5198=DIRECTION('',(0.,1.,0.));
#5199=DIRECTION('center_axis',(0.,0.,1.));
#5200=DIRECTION('ref_axis',(1.,0.,0.));
#5201=DIRECTION('center_axis',(0.,0.,1.));
#5202=DIRECTION('ref_axis',(-0.70710678118655,-0.707106781186545,0.));
#5203=DIRECTION('center_axis',(-0.639656557390003,0.,-0.768660841065791));
#5204=DIRECTION('ref_axis',(-0.543525293150167,-0.707106781186558,0.452305489360907));
#5205=DIRECTION('center_axis',(0.,0.,-1.));
#5206=DIRECTION('ref_axis',(-0.707106781186552,-0.707106781186543,0.));
#5207=DIRECTION('',(0.,0.,1.));
#5208=DIRECTION('',(0.,0.,-1.));
#5209=DIRECTION('center_axis',(-1.,0.,0.));
#5210=DIRECTION('ref_axis',(0.,0.,-1.));
#5211=DIRECTION('center_axis',(0.,0.,1.));
#5212=DIRECTION('ref_axis',(1.,0.,0.));
#5213=DIRECTION('center_axis',(0.639656557299507,0.,-0.768660841141099));
#5214=DIRECTION('ref_axis',(0.543525293203421,-0.707106781186553,0.452305489296922));
#5215=DIRECTION('center_axis',(0.,0.,1.));
#5216=DIRECTION('ref_axis',(0.70710678118655,-0.707106781186545,0.));
#5217=DIRECTION('center_axis',(-0.639656557299507,0.,0.768660841141099));
#5218=DIRECTION('ref_axis',(0.543525293203418,-0.70710678118655,0.452305489296931));
#5219=DIRECTION('center_axis',(-1.,0.,5.88695425492456E-11));
#5220=DIRECTION('ref_axis',(5.88695425492456E-11,0.,1.));
#5221=DIRECTION('',(0.639656557299507,0.,-0.768660841141099));
#5222=DIRECTION('center_axis',(0.,0.,1.));
#5223=DIRECTION('ref_axis',(1.,0.,0.));
#5224=DIRECTION('center_axis',(0.,0.,-1.));
#5225=DIRECTION('ref_axis',(0.70710678118655,-0.707106781186545,0.));
#5226=DIRECTION('center_axis',(0.,0.,1.));
#5227=DIRECTION('ref_axis',(0.707106781186552,-0.707106781186543,0.));
#5228=DIRECTION('',(0.,0.,-1.));
#5229=DIRECTION('center_axis',(-0.639656557390003,0.,-0.768660841065791));
#5230=DIRECTION('ref_axis',(-0.543525293150163,-0.707106781186554,0.452305489360918));
#5231=DIRECTION('',(0.639656557390003,0.,0.768660841065791));
#5232=DIRECTION('',(-0.639656557390003,0.,-0.768660841065791));
#5233=DIRECTION('center_axis',(-0.768660841065791,0.,0.639656557390003));
#5234=DIRECTION('ref_axis',(-0.639656557390003,0.,-0.768660841065791));
#5235=DIRECTION('center_axis',(0.,-1.,0.));
#5236=DIRECTION('ref_axis',(0.,0.,-1.));
#5237=DIRECTION('center_axis',(-3.67904026873884E-16,0.,1.));
#5238=DIRECTION('ref_axis',(-1.,0.,-3.67904026873884E-16));
#5239=CARTESIAN_POINT('',(0.,0.,0.));
#5240=CARTESIAN_POINT('Ctrl Pts',(241.689489592153,-0.25,0.499999999999998));
#5241=CARTESIAN_POINT('Ctrl Pts',(241.689489592153,-0.25,0.350400349829043));
#5242=CARTESIAN_POINT('Ctrl Pts',(241.563860572687,-0.312814509733101,0.0914773414862487));
#5243=CARTESIAN_POINT('Ctrl Pts',(241.301689329782,-0.443900131185897,-1.93510487233954E-15));
#5244=CARTESIAN_POINT('Ctrl Pts',(241.189489592153,-0.5,-1.94289029309402E-15));
#5245=CARTESIAN_POINT('Ctrl Pts',(241.689489592153,-0.184550153050207,0.499999999999998));
#5246=CARTESIAN_POINT('Ctrl Pts',(241.689489592153,-0.184550153050207,0.330629586304739));
#5247=CARTESIAN_POINT('Ctrl Pts',(241.531961726074,-0.282819855106083,0.0678251973577278));
#5248=CARTESIAN_POINT('Ctrl Pts',(241.292339351646,-0.434550153050213,-1.93510487233954E-15));
#5249=CARTESIAN_POINT('Ctrl Pts',(241.189489592153,-0.5,-1.94289029309402E-15));
#5250=CARTESIAN_POINT('Ctrl Pts',(241.635106202857,-0.0543833892962488,
0.499999999999998));
#5251=CARTESIAN_POINT('Ctrl Pts',(241.635106202857,-0.0543833892962488,
0.308170489921137));
#5252=CARTESIAN_POINT('Ctrl Pts',(241.467133655375,-0.222355936778348,0.0437910843961528));
#5253=CARTESIAN_POINT('Ctrl Pts',(241.273639395375,-0.415850196778846,-1.93510487233954E-15));
#5254=CARTESIAN_POINT('Ctrl Pts',(241.189489592153,-0.5,-1.94289029309402E-15));
#5255=CARTESIAN_POINT('Ctrl Pts',(241.504939439103,2.12983966377166E-14,
0.499999999999998));
#5256=CARTESIAN_POINT('Ctrl Pts',(241.504939439103,2.13537149672868E-14,
0.330629586304744));
#5257=CARTESIAN_POINT('Ctrl Pts',(241.406669737047,-0.157527866078998,0.0678251973577184));
#5258=CARTESIAN_POINT('Ctrl Pts',(241.254939439103,-0.39715024050748,-1.93510487233954E-15));
#5259=CARTESIAN_POINT('Ctrl Pts',(241.189489592153,-0.5,-1.94289029309402E-15));
#5260=CARTESIAN_POINT('Ctrl Pts',(241.439489592153,2.13024042849952E-14,
0.499999999999998));
#5261=CARTESIAN_POINT('Ctrl Pts',(241.439489592153,2.13465216692706E-14,
0.350400349829049));
#5262=CARTESIAN_POINT('Ctrl Pts',(241.37667508242,-0.125629019466219,0.0914773414862352));
#5263=CARTESIAN_POINT('Ctrl Pts',(241.245589460968,-0.387800262371796,-1.93510487233954E-15));
#5264=CARTESIAN_POINT('Ctrl Pts',(241.189489592153,-0.5,-1.94289029309402E-15));
#5265=CARTESIAN_POINT('',(241.689489592153,-0.25,0.499999999999998));
#5266=CARTESIAN_POINT('',(241.189489592153,-0.5,-1.80411241501588E-15));
#5267=CARTESIAN_POINT('Origin',(241.189489592153,-0.5,0.499999999999998));
#5268=CARTESIAN_POINT('',(241.439489592153,0.,0.499999999999998));
#5269=CARTESIAN_POINT('Origin',(241.189489592153,-0.5,0.499999999999998));
#5270=CARTESIAN_POINT('Origin',(241.439489592153,-0.25,0.499999999999998));
#5271=CARTESIAN_POINT('Origin',(28.6717921941151,-0.5,0.499999999999998));
#5272=CARTESIAN_POINT('',(31.6894895921535,-0.5,-1.94289029309402E-15));
#5273=CARTESIAN_POINT('',(28.6717921941151,-0.5,-1.94289029309402E-15));
#5274=CARTESIAN_POINT('',(32.1894895921535,0.,0.499999999999998));
#5275=CARTESIAN_POINT('Origin',(32.1894895921535,-0.5,0.499999999999998));
#5276=CARTESIAN_POINT('',(28.6717921941151,0.,0.499999999999998));
#5277=CARTESIAN_POINT('Origin',(32.1894895921535,-0.5,22.565625));
#5278=CARTESIAN_POINT('',(31.6894895921535,-0.5,8.88129999999999));
#5279=CARTESIAN_POINT('',(31.6894895921535,-0.5,22.565625));
#5280=CARTESIAN_POINT('',(32.1894895921535,0.,8.88129999999999));
#5281=CARTESIAN_POINT('Origin',(32.1894895921535,-0.5,8.88129999999999));
#5282=CARTESIAN_POINT('',(32.1894895921535,0.,22.565625));
#5283=CARTESIAN_POINT('Ctrl Pts',(241.189489592153,-0.5,30.0875));
#5284=CARTESIAN_POINT('Ctrl Pts',(241.301689329782,-0.443900131185897,30.0875));
#5285=CARTESIAN_POINT('Ctrl Pts',(241.563855855314,-0.312816868419672,29.9960169983313));
#5286=CARTESIAN_POINT('Ctrl Pts',(241.689489592153,-0.25,29.737099650171));
#5287=CARTESIAN_POINT('Ctrl Pts',(241.689489592153,-0.25,29.5875));
#5288=CARTESIAN_POINT('Ctrl Pts',(241.189489592153,-0.5,30.0875));
#5289=CARTESIAN_POINT('Ctrl Pts',(241.292339351646,-0.434550153050214,30.0875));
#5290=CARTESIAN_POINT('Ctrl Pts',(241.531956804722,-0.282821713277313,30.0196631011666));
#5291=CARTESIAN_POINT('Ctrl Pts',(241.689489592153,-0.184550153050207,29.7568704136953));
#5292=CARTESIAN_POINT('Ctrl Pts',(241.689489592153,-0.184550153050207,29.5875));
#5293=CARTESIAN_POINT('Ctrl Pts',(241.189489592153,-0.5,30.0875));
#5294=CARTESIAN_POINT('Ctrl Pts',(241.273639395375,-0.415850196778847,30.0875));
#5295=CARTESIAN_POINT('Ctrl Pts',(241.467134406981,-0.222355185172728,30.04368483596));
#5296=CARTESIAN_POINT('Ctrl Pts',(241.635103374143,-0.0543862180103345,
29.7793295100789));
#5297=CARTESIAN_POINT('Ctrl Pts',(241.635103374143,-0.0543862180103345,
29.5875));
#5298=CARTESIAN_POINT('Ctrl Pts',(241.189489592153,-0.5,30.0875));
#5299=CARTESIAN_POINT('Ctrl Pts',(241.254939439103,-0.397150240507481,30.0875));
#5300=CARTESIAN_POINT('Ctrl Pts',(241.406667878876,-0.157532787431115,30.0196631011666));
#5301=CARTESIAN_POINT('Ctrl Pts',(241.504939439103,2.12448597368311E-14,
29.7568704136953));
#5302=CARTESIAN_POINT('Ctrl Pts',(241.504939439103,2.12344574932057E-14,
29.5875));
#5303=CARTESIAN_POINT('Ctrl Pts',(241.189489592153,-0.5,30.0875));
#5304=CARTESIAN_POINT('Ctrl Pts',(241.245589460968,-0.387800262371798,30.0875));
#5305=CARTESIAN_POINT('Ctrl Pts',(241.376672723734,-0.125633736839356,29.9960169983313));
#5306=CARTESIAN_POINT('Ctrl Pts',(241.439489592153,2.12433959069621E-14,
29.737099650171));
#5307=CARTESIAN_POINT('Ctrl Pts',(241.439489592153,2.12330153459561E-14,
29.5875));
#5308=CARTESIAN_POINT('',(241.689489592153,-0.25,29.5875));
#5309=CARTESIAN_POINT('',(241.439489592153,0.,29.5875));
#5310=CARTESIAN_POINT('Origin',(241.439489592153,-0.25,29.5875));
#5311=CARTESIAN_POINT('',(241.189489592153,-0.5,30.0875));
#5312=CARTESIAN_POINT('Origin',(241.189489592153,-0.5,29.5875));
#5313=CARTESIAN_POINT('Origin',(241.189489592153,-0.5,29.5875));
#5314=CARTESIAN_POINT('Origin',(241.189489592153,-3.5,0.499999999999998));
#5315=CARTESIAN_POINT('',(241.189489592153,-3.5,-1.94289029309402E-15));
#5316=CARTESIAN_POINT('',(241.189489592153,-4.,0.499999999999998));
#5317=CARTESIAN_POINT('Origin',(241.189489592153,-3.5,0.499999999999998));
#5318=CARTESIAN_POINT('',(241.689489592153,-3.5,0.499999999999998));
#5319=CARTESIAN_POINT('Origin',(241.189489592153,-3.5,0.499999999999998));
#5320=CARTESIAN_POINT('Origin',(241.189489592153,-3.5,0.499999999999998));
#5321=CARTESIAN_POINT('Origin',(241.189489592153,0.,0.499999999999998));
#5322=CARTESIAN_POINT('',(241.689489592153,0.,0.499999999999998));
#5323=CARTESIAN_POINT('',(241.189489592153,0.,-1.94289029309402E-15));
#5324=CARTESIAN_POINT('Origin',(84.1894895921534,-3.5,0.499999999999998));
#5325=CARTESIAN_POINT('',(31.6894895921535,-3.5,-1.94289029309402E-15));
#5326=CARTESIAN_POINT('',(84.1894895921534,-3.5,-1.94289029309402E-15));
#5327=CARTESIAN_POINT('',(32.1894895921535,-4.,0.499999999999998));
#5328=CARTESIAN_POINT('',(84.1894895921534,-4.,0.499999999999998));
#5329=CARTESIAN_POINT('Origin',(32.1894895921535,-3.5,0.499999999999998));
#5330=CARTESIAN_POINT('Origin',(32.1894895921535,-0.5,29.5875));
#5331=CARTESIAN_POINT('',(32.1894895921535,-0.5,30.0875));
#5332=CARTESIAN_POINT('',(31.6894895921535,-0.5,29.5875));
#5333=CARTESIAN_POINT('Origin',(32.1894895921535,-0.5,29.5875));
#5334=CARTESIAN_POINT('',(32.1894895921535,0.,29.5875));
#5335=CARTESIAN_POINT('Origin',(32.1894895921535,-0.5,29.5875));
#5336=CARTESIAN_POINT('Origin',(32.1894895921535,-0.5,29.5875));
#5337=CARTESIAN_POINT('Origin',(133.671792194115,-0.5,29.5875));
#5338=CARTESIAN_POINT('',(133.671792194115,0.,29.5875));
#5339=CARTESIAN_POINT('',(133.671792194115,-0.5,30.0875));
#5340=CARTESIAN_POINT('Origin',(32.1894895921535,-0.5,22.565625));
#5341=CARTESIAN_POINT('',(32.1894895921535,0.,21.2062));
#5342=CARTESIAN_POINT('',(31.6894895921535,-0.5,21.2062));
#5343=CARTESIAN_POINT('Origin',(32.1894895921535,-0.5,21.2062));
#5344=CARTESIAN_POINT('',(31.6894895921535,-0.5,22.565625));
#5345=CARTESIAN_POINT('',(32.1894895921535,0.,22.565625));
#5346=CARTESIAN_POINT('Origin',(32.1894895921535,-3.5,29.5875));
#5347=CARTESIAN_POINT('',(32.1894895921535,-3.5,30.0875));
#5348=CARTESIAN_POINT('',(32.1894895921535,-4.,29.5875));
#5349=CARTESIAN_POINT('Origin',(32.1894895921535,-3.5,29.5875));
#5350=CARTESIAN_POINT('',(31.6894895921535,-3.5,29.5875));
#5351=CARTESIAN_POINT('Origin',(32.1894895921535,-3.5,29.5875));
#5352=CARTESIAN_POINT('Origin',(32.1894895921535,-3.5,29.5875));
#5353=CARTESIAN_POINT('Origin',(32.1894895921535,0.,29.5875));
#5354=CARTESIAN_POINT('',(32.1894895921535,0.,30.0875));
#5355=CARTESIAN_POINT('',(31.6894895921535,0.,29.5875));
#5356=CARTESIAN_POINT('Origin',(32.1894895921535,-3.5,22.565625));
#5357=CARTESIAN_POINT('',(32.1894895921535,-4.,22.565625));
#5358=CARTESIAN_POINT('',(31.6894895921535,-3.5,22.565625));
#5359=CARTESIAN_POINT('Origin',(241.189489592153,-3.5,29.5875));
#5360=CARTESIAN_POINT('',(241.689489592153,-3.5,29.5875));
#5361=CARTESIAN_POINT('',(241.189489592153,-4.,29.5875));
#5362=CARTESIAN_POINT('Origin',(241.189489592153,-3.5,29.5875));
#5363=CARTESIAN_POINT('',(241.189489592153,-3.5,30.0875));
#5364=CARTESIAN_POINT('Origin',(241.189489592153,-3.5,29.5875));
#5365=CARTESIAN_POINT('Origin',(241.189489592153,-3.5,29.5875));
#5366=CARTESIAN_POINT('Origin',(241.189489592153,0.,29.5875));
#5367=CARTESIAN_POINT('',(241.189489592153,0.,30.0875));
#5368=CARTESIAN_POINT('',(241.689489592153,0.,29.5875));
#5369=CARTESIAN_POINT('Origin',(189.189489592154,-3.5,29.5875));
#5370=CARTESIAN_POINT('',(189.189489592154,-4.,29.5875));
#5371=CARTESIAN_POINT('',(189.189489592154,-3.5,30.0875));
#5372=CARTESIAN_POINT('Origin',(241.189489592153,-3.5,7.521875));
#5373=CARTESIAN_POINT('',(241.189489592153,-4.,7.521875));
#5374=CARTESIAN_POINT('',(241.689489592153,-3.5,7.521875));
#5375=CARTESIAN_POINT('Origin',(31.4394895921535,-0.5,21.2062));
#5376=CARTESIAN_POINT('',(31.2446025808837,-0.25,20.9562));
#5377=CARTESIAN_POINT('',(31.4394895921535,-0.5,20.9562));
#5378=CARTESIAN_POINT('Ctrl Pts',(31.2446025808837,-0.25,20.9562));
#5379=CARTESIAN_POINT('Ctrl Pts',(31.3180622556784,-0.328225917226382,20.9562));
#5380=CARTESIAN_POINT('Ctrl Pts',(31.3822395633269,-0.419036232787241,20.9562));
#5381=CARTESIAN_POINT('Ctrl Pts',(31.4394895921535,-0.5,20.9562));
#5382=CARTESIAN_POINT('Origin',(31.4394895921535,-0.5,21.2062));
#5383=CARTESIAN_POINT('',(30.8804725977785,0.,20.7062));
#5384=CARTESIAN_POINT('Origin',(31.4394895921535,0.,21.2062));
#5385=CARTESIAN_POINT('Ctrl Pts',(30.8804725977785,0.,20.7062));
#5386=CARTESIAN_POINT('Ctrl Pts',(30.8813654667923,9.30242850079313E-18,
20.7070902522019));
#5387=CARTESIAN_POINT('Ctrl Pts',(30.8822583393522,-4.75529389734565E-6,
20.7079804954527));
#5388=CARTESIAN_POINT('Ctrl Pts',(30.9194251730147,-0.000400631636349061,
20.7450358545344));
#5389=CARTESIAN_POINT('Ctrl Pts',(30.9555037984193,-0.00863299928724306,
20.7809338543414));
#5390=CARTESIAN_POINT('Ctrl Pts',(31.0272897029491,-0.0403705220078658,
20.8473417307185));
#5391=CARTESIAN_POINT('Ctrl Pts',(31.0624136863927,-0.0637837147519763,
20.8773471740672));
#5392=CARTESIAN_POINT('Ctrl Pts',(31.1260619853762,-0.118955894712326,20.9215512062719));
#5393=CARTESIAN_POINT('Ctrl Pts',(31.1537760162109,-0.148093948056693,20.9368617240125));
#5394=CARTESIAN_POINT('Ctrl Pts',(31.2028210520206,-0.20322589070938,20.9529979606369));
#5395=CARTESIAN_POINT('Ctrl Pts',(31.2229334738715,-0.226924948602847,20.9562));
#5396=CARTESIAN_POINT('Ctrl Pts',(31.2446025808837,-0.25,20.9562));
#5397=CARTESIAN_POINT('Origin',(31.4394895921535,-0.5,8.88129999999999));
#5398=CARTESIAN_POINT('',(31.2446025808837,-0.25,9.13129999999999));
#5399=CARTESIAN_POINT('',(30.8804725977785,0.,9.38129999999999));
#5400=CARTESIAN_POINT('Ctrl Pts',(31.2446025808837,-0.250000000000001,9.13129999999999));
#5401=CARTESIAN_POINT('Ctrl Pts',(31.2229334738715,-0.226924948602853,9.13129999999999));
#5402=CARTESIAN_POINT('Ctrl Pts',(31.2028210520206,-0.203225890709391,9.13450203936307));
#5403=CARTESIAN_POINT('Ctrl Pts',(31.1537760162109,-0.148093948056689,9.15063827598753));
#5404=CARTESIAN_POINT('Ctrl Pts',(31.1260619853762,-0.11895589471232,9.16594879372813));
#5405=CARTESIAN_POINT('Ctrl Pts',(31.0624136863927,-0.0637837147519789,
9.21015282593278));
#5406=CARTESIAN_POINT('Ctrl Pts',(31.0272897029491,-0.0403705220078675,
9.24015826928152));
#5407=CARTESIAN_POINT('Ctrl Pts',(30.9555037984193,-0.00863299928724214,
9.30656614565856));
#5408=CARTESIAN_POINT('Ctrl Pts',(30.9194251730147,-0.000400631636349086,
9.34246414546558));
#5409=CARTESIAN_POINT('Ctrl Pts',(30.8822583393522,-4.75529389737539E-6,
9.37951950454734));
#5410=CARTESIAN_POINT('Ctrl Pts',(30.8813654667923,7.70919285802842E-20,
9.3804097477981));
#5411=CARTESIAN_POINT('Ctrl Pts',(30.8804725977785,0.,9.38129999999999));
#5412=CARTESIAN_POINT('Origin',(31.4394895921535,0.,8.88129999999999));
#5413=CARTESIAN_POINT('',(31.4394895921535,-0.5,9.13129999999999));
#5414=CARTESIAN_POINT('Origin',(31.4394895921535,-0.5,8.88129999999999));
#5415=CARTESIAN_POINT('Ctrl Pts',(31.4394895921535,-0.5,9.13129999999999));
#5416=CARTESIAN_POINT('Ctrl Pts',(31.3822395633269,-0.419036232787241,9.13129999999999));
#5417=CARTESIAN_POINT('Ctrl Pts',(31.3180622556784,-0.328225917226382,9.13129999999999));
#5418=CARTESIAN_POINT('Ctrl Pts',(31.2446025808837,-0.25,9.13129999999999));
#5419=CARTESIAN_POINT('Origin',(22.6363973980384,-0.25,9.38129999999999));
#5420=CARTESIAN_POINT('',(19.8687,-0.25,9.13129999999999));
#5421=CARTESIAN_POINT('',(22.6363973980384,-0.25,9.13129999999999));
#5422=CARTESIAN_POINT('',(19.8687,0.,9.38129999999999));
#5423=CARTESIAN_POINT('Origin',(19.8687,-0.25,9.38129999999999));
#5424=CARTESIAN_POINT('',(22.6363973980384,0.,9.38129999999999));
#5425=CARTESIAN_POINT('Origin',(19.6187,0.,9.13129999999999));
#5426=CARTESIAN_POINT('',(31.4394895921535,-1.75,9.13129999999999));
#5427=CARTESIAN_POINT('',(31.4394895921535,0.,9.13129999999999));
#5428=CARTESIAN_POINT('',(24.4792598815929,-1.75,9.13129999999999));
#5429=CARTESIAN_POINT('',(22.6363973980384,-1.75,9.13129999999999));
#5430=CARTESIAN_POINT('',(24.0581401152968,-1.75,9.13129999999999));
#5431=CARTESIAN_POINT('Ctrl Pts',(24.0581401152968,-1.75,9.13129999999999));
#5432=CARTESIAN_POINT('Ctrl Pts',(24.1283317203971,-1.75,9.13129999999999));
#5433=CARTESIAN_POINT('Ctrl Pts',(24.2686976521667,-1.7541841668886,9.13129999999999));
#5434=CARTESIAN_POINT('Ctrl Pts',(24.4090682764927,-1.75,9.13129999999999));
#5435=CARTESIAN_POINT('Ctrl Pts',(24.4792598815929,-1.75,9.13129999999999));
#5436=CARTESIAN_POINT('',(21.3792598847031,-1.75,9.13129999999999));
#5437=CARTESIAN_POINT('',(22.6363973980384,-1.75,9.13129999999999));
#5438=CARTESIAN_POINT('',(20.9581401184071,-1.75,9.13129999999999));
#5439=CARTESIAN_POINT('Ctrl Pts',(20.9581401184071,-1.75,9.13129999999999));
#5440=CARTESIAN_POINT('Ctrl Pts',(21.0283317235073,-1.75,9.13129999999999));
#5441=CARTESIAN_POINT('Ctrl Pts',(21.1686976552778,-1.75418419183529,9.1313));
#5442=CARTESIAN_POINT('Ctrl Pts',(21.3090682796029,-1.75,9.13129999999999));
#5443=CARTESIAN_POINT('Ctrl Pts',(21.3792598847031,-1.75,9.13129999999999));
#5444=CARTESIAN_POINT('',(19.8687,-1.75,9.13129999999999));
#5445=CARTESIAN_POINT('',(22.6363973980384,-1.75,9.13129999999999));
#5446=CARTESIAN_POINT('',(19.8687,0.,9.13129999999999));
#5447=CARTESIAN_POINT('Origin',(31.4394895921535,0.,8.88129999999999));
#5448=CARTESIAN_POINT('',(31.6894895921535,-1.75,8.88129999999999));
#5449=CARTESIAN_POINT('',(31.6894895921535,0.,8.88129999999999));
#5450=CARTESIAN_POINT('Origin',(31.4394895921535,-1.75,8.88129999999999));
#5451=CARTESIAN_POINT('Origin',(25.6540947960767,0.,15.04375));
#5452=CARTESIAN_POINT('',(19.8687,0.,20.7062));
#5453=CARTESIAN_POINT('',(19.8687,0.,17.999975));
#5454=CARTESIAN_POINT('',(28.6717921941151,0.,20.7062));
#5455=CARTESIAN_POINT('',(241.439489592153,0.,21.2061999999999));
#5456=CARTESIAN_POINT('',(241.439489592153,0.,7.521875));
#5457=CARTESIAN_POINT('',(241.939489592153,0.,20.7061999999999));
#5458=CARTESIAN_POINT('Origin',(241.939489592153,0.,21.2061999999999));
#5459=CARTESIAN_POINT('',(253.510279184307,0.,20.7061999999999));
#5460=CARTESIAN_POINT('',(139.707186990192,0.,20.7061999999999));
#5461=CARTESIAN_POINT('',(253.510279184307,0.,9.38129999999993));
#5462=CARTESIAN_POINT('',(253.510279184307,0.,12.087525));
#5463=CARTESIAN_POINT('',(241.939489592153,0.,9.38129999999993));
#5464=CARTESIAN_POINT('',(133.671792194115,0.,9.38129999999989));
#5465=CARTESIAN_POINT('',(241.439489592153,0.,8.88129999999993));
#5466=CARTESIAN_POINT('Origin',(241.939489592153,0.,8.88129999999993));
#5467=CARTESIAN_POINT('',(241.439489592153,0.,7.521875));
#5468=CARTESIAN_POINT('Origin',(31.6894895921535,0.,-1.94289029309402E-15));
#5469=CARTESIAN_POINT('',(31.6894895921535,0.,-1.94289029309402E-15));
#5470=CARTESIAN_POINT('Origin',(31.6894895921535,0.,30.0875));
#5471=CARTESIAN_POINT('',(31.6894895921535,-1.75,21.2062));
#5472=CARTESIAN_POINT('',(31.6894895921535,0.,21.2062));
#5473=CARTESIAN_POINT('',(31.6894895921535,-2.25,20.7062));
#5474=CARTESIAN_POINT('Origin',(31.6894895921535,-1.75,20.7062));
#5475=CARTESIAN_POINT('',(31.6894895921535,-2.25,9.38129999999999));
#5476=CARTESIAN_POINT('',(31.6894895921535,-2.25,22.565625));
#5477=CARTESIAN_POINT('Origin',(31.6894895921535,-1.75,9.38129999999999));
#5478=CARTESIAN_POINT('Origin',(136.689489592153,-4.,15.04375));
#5479=CARTESIAN_POINT('Origin',(241.689489592154,0.,30.0875));
#5480=CARTESIAN_POINT('Origin',(133.671792194115,-0.25,9.38129999999989));
#5481=CARTESIAN_POINT('',(253.510279184307,-0.25,9.13129999999993));
#5482=CARTESIAN_POINT('Origin',(253.510279184307,-0.25,9.38129999999993));
#5483=CARTESIAN_POINT('',(241.939489592153,-0.25,9.13129999999993));
#5484=CARTESIAN_POINT('',(133.671792194115,-0.25,9.13129999999989));
#5485=CARTESIAN_POINT('Origin',(241.939489592153,-0.25,9.38129999999993));
#5486=CARTESIAN_POINT('Origin',(241.939489592153,-0.25,8.88129999999993));
#5487=CARTESIAN_POINT('',(241.689489592153,-0.25,8.88129999999993));
#5488=CARTESIAN_POINT('Origin',(241.439489592153,-0.25,8.88129999999993));
#5489=CARTESIAN_POINT('Origin',(241.939489592153,-0.25,8.88129999999993));
#5490=CARTESIAN_POINT('Origin',(241.439489592153,-0.25,7.521875));
#5491=CARTESIAN_POINT('',(241.689489592153,-0.25,7.521875));
#5492=CARTESIAN_POINT('Origin',(253.510279184307,-0.25,12.087525));
#5493=CARTESIAN_POINT('',(253.760279184307,-0.25,20.7061999999999));
#5494=CARTESIAN_POINT('Origin',(253.510279184307,-0.25,20.7061999999999));
#5495=CARTESIAN_POINT('',(253.760279184307,-0.25,9.38129999999993));
#5496=CARTESIAN_POINT('',(253.760279184307,-0.25,12.087525));
#5497=CARTESIAN_POINT('Origin',(253.510279184307,-0.25,9.38129999999993));
#5498=CARTESIAN_POINT('Origin',(241.439489592153,-0.25,7.521875));
#5499=CARTESIAN_POINT('',(241.689489592153,-0.25,21.2061999999999));
#5500=CARTESIAN_POINT('',(241.689489592153,-0.25,7.521875));
#5501=CARTESIAN_POINT('Origin',(241.439489592153,-0.25,21.2061999999999));
#5502=CARTESIAN_POINT('Origin',(241.939489592153,-0.25,21.2061999999999));
#5503=CARTESIAN_POINT('',(241.939489592153,-0.25,20.9561999999999));
#5504=CARTESIAN_POINT('Origin',(241.939489592153,-0.25,20.7061999999999));
#5505=CARTESIAN_POINT('Origin',(241.939489592153,-0.25,21.2061999999999));
#5506=CARTESIAN_POINT('Origin',(139.707186990192,-0.25,20.7061999999999));
#5507=CARTESIAN_POINT('',(253.510279184307,-0.25,20.9561999999999));
#5508=CARTESIAN_POINT('Origin',(253.510279184307,-0.25,20.7061999999999));
#5509=CARTESIAN_POINT('',(139.707186990192,-0.25,20.9561999999999));
#5510=CARTESIAN_POINT('Origin',(253.510279184307,-0.25,20.7061999999999));
#5511=CARTESIAN_POINT('Origin',(253.510279184307,-0.25,20.7061999999999));
#5512=CARTESIAN_POINT('Origin',(253.510279184307,-0.25,9.38129999999993));
#5513=CARTESIAN_POINT('Origin',(253.510279184307,-0.25,9.38129999999993));
#5514=CARTESIAN_POINT('Origin',(241.939489592153,0.,8.88129999999993));
#5515=CARTESIAN_POINT('',(241.939489592153,-1.75,9.13129999999993));
#5516=CARTESIAN_POINT('',(241.939489592153,0.,9.13129999999993));
#5517=CARTESIAN_POINT('',(241.689489592153,-1.75,8.88129999999993));
#5518=CARTESIAN_POINT('Origin',(241.939489592153,-1.75,8.88129999999993));
#5519=CARTESIAN_POINT('',(241.689489592153,0.,8.88129999999993));
#5520=CARTESIAN_POINT('Origin',(241.689489592154,0.,9.13129999999993));
#5521=CARTESIAN_POINT('',(253.510279184307,-1.75,9.13129999999993));
#5522=CARTESIAN_POINT('',(253.510279184307,0.,9.13129999999993));
#5523=CARTESIAN_POINT('',(252.420839067376,-1.75,9.13129999999993));
#5524=CARTESIAN_POINT('',(244.707186990192,-1.75,9.13129999999993));
#5525=CARTESIAN_POINT('',(251.999719301202,-1.75,9.13129999999993));
#5526=CARTESIAN_POINT('Ctrl Pts',(251.999719301202,-1.75,9.13129999999993));
#5527=CARTESIAN_POINT('Ctrl Pts',(252.069910906282,-1.75,9.13129999999993));
#5528=CARTESIAN_POINT('Ctrl Pts',(252.210276837998,-1.75418393885437,9.13129999999993));
#5529=CARTESIAN_POINT('Ctrl Pts',(252.350647462296,-1.75,9.13129999999993));
#5530=CARTESIAN_POINT('Ctrl Pts',(252.420839067376,-1.75,9.13129999999993));
#5531=CARTESIAN_POINT('',(249.32083906757,-1.75,9.13129999999993));
#5532=CARTESIAN_POINT('',(244.707186990192,-1.75,9.13129999999993));
#5533=CARTESIAN_POINT('',(248.899719301034,-1.75,9.13129999999993));
#5534=CARTESIAN_POINT('Ctrl Pts',(248.899719301034,-1.75,9.13129999999993));
#5535=CARTESIAN_POINT('Ctrl Pts',(248.969910906174,-1.75,9.13129999999993));
#5536=CARTESIAN_POINT('Ctrl Pts',(249.110276838011,-1.75418393929658,9.13129999999994));
#5537=CARTESIAN_POINT('Ctrl Pts',(249.25064746243,-1.75,9.13129999999993));
#5538=CARTESIAN_POINT('Ctrl Pts',(249.32083906757,-1.75,9.13129999999993));
#5539=CARTESIAN_POINT('',(244.707186990192,-1.75,9.13129999999993));
#5540=CARTESIAN_POINT('Origin',(253.510279184307,0.,9.38129999999993));
#5541=CARTESIAN_POINT('',(253.760279184307,-1.75,9.38129999999993));
#5542=CARTESIAN_POINT('',(253.760279184307,0.,9.38129999999993));
#5543=CARTESIAN_POINT('Origin',(253.510279184307,-1.75,9.38129999999993));
#5544=CARTESIAN_POINT('Origin',(253.760279184307,0.,9.13129999999993));
#5545=CARTESIAN_POINT('',(253.760279184307,-1.75,20.7061999999999));
#5546=CARTESIAN_POINT('',(253.760279184307,0.,20.7061999999999));
#5547=CARTESIAN_POINT('',(253.760279184307,-1.75,12.0875249999999));
#5548=CARTESIAN_POINT('Origin',(253.510279184307,0.,20.7061999999999));
#5549=CARTESIAN_POINT('',(253.510279184307,-1.75,20.9561999999999));
#5550=CARTESIAN_POINT('',(253.510279184307,0.,20.9561999999999));
#5551=CARTESIAN_POINT('Origin',(253.510279184307,-1.75,20.7061999999999));
#5552=CARTESIAN_POINT('Origin',(253.760279184307,0.,20.9561999999999));
#5553=CARTESIAN_POINT('',(241.939489592153,-1.75,20.9561999999999));
#5554=CARTESIAN_POINT('',(241.939489592153,0.,20.9561999999999));
#5555=CARTESIAN_POINT('',(248.899719302714,-1.74999999999999,20.9561999999999));
#5556=CARTESIAN_POINT('',(250.742581786269,-1.75,20.9561999999999));
#5557=CARTESIAN_POINT('',(249.32083906901,-1.75,20.9561999999999));
#5558=CARTESIAN_POINT('Ctrl Pts',(249.32083906901,-1.74999999999999,20.9561999999999));
#5559=CARTESIAN_POINT('Ctrl Pts',(249.25064746391,-1.74999999999998,20.9561999999999));
#5560=CARTESIAN_POINT('Ctrl Pts',(249.110281532152,-1.75418393776057,20.9561999999999));
#5561=CARTESIAN_POINT('Ctrl Pts',(248.969910907814,-1.74999999999998,20.9561999999999));
#5562=CARTESIAN_POINT('Ctrl Pts',(248.899719302714,-1.74999999999999,20.9561999999999));
#5563=CARTESIAN_POINT('',(251.999719299604,-1.75,20.9561999999999));
#5564=CARTESIAN_POINT('',(250.742581786269,-1.75,20.9561999999999));
#5565=CARTESIAN_POINT('',(252.4208390659,-1.75,20.9561999999999));
#5566=CARTESIAN_POINT('Ctrl Pts',(252.4208390659,-1.75,20.9561999999999));
#5567=CARTESIAN_POINT('Ctrl Pts',(252.350647406138,-1.75,20.9561999999999));
#5568=CARTESIAN_POINT('Ctrl Pts',(252.210281401456,-1.75418393443829,20.9561999999999));
#5569=CARTESIAN_POINT('Ctrl Pts',(252.069910959366,-1.75,20.9561999999999));
#5570=CARTESIAN_POINT('Ctrl Pts',(251.999719299604,-1.75,20.9561999999999));
#5571=CARTESIAN_POINT('',(250.742581786269,-1.75,20.9561999999999));
#5572=CARTESIAN_POINT('Origin',(241.939489592153,0.,21.2061999999999));
#5573=CARTESIAN_POINT('',(241.689489592153,-1.75,21.2061999999999));
#5574=CARTESIAN_POINT('',(241.689489592153,0.,21.2061999999999));
#5575=CARTESIAN_POINT('Origin',(241.939489592153,-1.75,21.2061999999999));
#5576=CARTESIAN_POINT('Origin',(241.689489592153,0.,0.));
#5577=CARTESIAN_POINT('',(241.689489592153,-2.25,9.38129999999993));
#5578=CARTESIAN_POINT('Origin',(241.689489592153,-1.75,9.38129999999993));
#5579=CARTESIAN_POINT('',(241.689489592153,-2.25,20.7061999999999));
#5580=CARTESIAN_POINT('',(241.689489592153,-2.25,7.52187499999997));
#5581=CARTESIAN_POINT('Origin',(241.689489592153,-1.75,20.7061999999999));
#5582=CARTESIAN_POINT('Origin',(253.510279184307,-1.75,20.7061999999999));
#5583=CARTESIAN_POINT('',(253.510279184307,-2.,20.7061999999999));
#5584=CARTESIAN_POINT('Origin',(253.510279184307,-1.75,20.7061999999999));
#5585=CARTESIAN_POINT('Origin',(253.510279184307,-1.75,20.7061999999999));
#5586=CARTESIAN_POINT('Origin',(253.510279184307,-1.75,9.38129999999993));
#5587=CARTESIAN_POINT('',(253.510279184307,-2.,9.38129999999993));
#5588=CARTESIAN_POINT('Origin',(253.510279184307,-1.75,9.38129999999993));
#5589=CARTESIAN_POINT('Origin',(253.510279184307,-1.75,9.38129999999993));
#5590=CARTESIAN_POINT('Origin',(253.510279184307,-1.75,12.0875249999999));
#5591=CARTESIAN_POINT('',(253.510279184307,-2.,12.0875249999999));
#5592=CARTESIAN_POINT('Origin',(241.939489592153,-1.75,20.7061999999999));
#5593=CARTESIAN_POINT('',(241.939489592153,-2.,20.7061999999999));
#5594=CARTESIAN_POINT('Origin',(241.939489592153,-1.75,20.7061999999999));
#5595=CARTESIAN_POINT('Origin',(241.939489592153,-2.25,20.7061999999999));
#5596=CARTESIAN_POINT('Origin',(241.939489592153,-1.75,9.38129999999993));
#5597=CARTESIAN_POINT('',(241.939489592153,-2.,9.38129999999993));
#5598=CARTESIAN_POINT('Origin',(241.939489592153,-1.75,9.38129999999993));
#5599=CARTESIAN_POINT('Origin',(241.939489592153,-2.25,9.38129999999993));
#5600=CARTESIAN_POINT('Origin',(244.707186990192,-1.75,9.38129999999993));
#5601=CARTESIAN_POINT('',(248.899719301034,-2.,9.38129999999993));
#5602=CARTESIAN_POINT('Origin',(248.899719301034,-1.75,9.38129999999993));
#5603=CARTESIAN_POINT('',(244.707186990192,-2.,9.38129999999993));
#5604=CARTESIAN_POINT('Ctrl Pts',(248.899719301034,-1.75,9.13129999999993));
#5605=CARTESIAN_POINT('Ctrl Pts',(248.969910906174,-1.75,9.13129999999993));
#5606=CARTESIAN_POINT('Ctrl Pts',(249.110276838011,-1.75418393929658,9.13129999999994));
#5607=CARTESIAN_POINT('Ctrl Pts',(249.25064746243,-1.75,9.13129999999993));
#5608=CARTESIAN_POINT('Ctrl Pts',(249.32083906757,-1.75,9.13129999999993));
#5609=CARTESIAN_POINT('Ctrl Pts',(248.899719301034,-1.81544984694979,9.13129999999993));
#5610=CARTESIAN_POINT('Ctrl Pts',(248.968278817999,-1.813195801697,9.13137295153426));
#5611=CARTESIAN_POINT('Ctrl Pts',(249.110276793151,-1.81410638323243,9.13145752885797));
#5612=CARTESIAN_POINT('Ctrl Pts',(249.252279550605,-1.81319580169699,9.13137295153427));
#5613=CARTESIAN_POINT('Ctrl Pts',(249.32083906757,-1.81544984694979,9.13129999999993));
#5614=CARTESIAN_POINT('Ctrl Pts',(248.899719301034,-1.9456147833881,9.18568521661183));
#5615=CARTESIAN_POINT('Ctrl Pts',(248.965041994569,-1.93904785412308,9.1817655154324));
#5616=CARTESIAN_POINT('Ctrl Pts',(249.110276704012,-1.93361814137157,9.17651137534198));
#5617=CARTESIAN_POINT('Ctrl Pts',(249.255516374035,-1.93904785412307,9.1817655154324));
#5618=CARTESIAN_POINT('Ctrl Pts',(249.32083906757,-1.9456147833881,9.18568521661183));
#5619=CARTESIAN_POINT('Ctrl Pts',(248.899719301034,-2.,9.31585015305015));
#5620=CARTESIAN_POINT('Ctrl Pts',(248.963673950927,-1.99641186747049,9.30467108427841));
#5621=CARTESIAN_POINT('Ctrl Pts',(249.110276660726,-1.99401577531999,9.28894107222767));
#5622=CARTESIAN_POINT('Ctrl Pts',(249.256884417677,-1.99641186747048,9.3046710842784));
#5623=CARTESIAN_POINT('Ctrl Pts',(249.32083906757,-2.,9.31585015305014));
#5624=CARTESIAN_POINT('Ctrl Pts',(248.899719301034,-2.,9.38129999999994));
#5625=CARTESIAN_POINT('Ctrl Pts',(248.963686951347,-2.,9.3678948861944));
#5626=CARTESIAN_POINT('Ctrl Pts',(249.110276656834,-2.00209196964829,9.34837349278012));
#5627=CARTESIAN_POINT('Ctrl Pts',(249.256871417257,-2.,9.36789488619438));
#5628=CARTESIAN_POINT('Ctrl Pts',(249.32083906757,-2.,9.38129999999993));
#5629=CARTESIAN_POINT('',(249.32083906757,-2.,9.38129999999993));
#5630=CARTESIAN_POINT('Origin',(249.32083906757,-1.75,9.38129999999993));
#5631=CARTESIAN_POINT('Ctrl Pts',(249.32083906757,-2.,9.38129999999993));
#5632=CARTESIAN_POINT('Ctrl Pts',(249.256871417257,-2.,9.36789488619438));
#5633=CARTESIAN_POINT('Ctrl Pts',(249.110276656834,-2.00209196964829,9.34837349278012));
#5634=CARTESIAN_POINT('Ctrl Pts',(248.963686951347,-2.,9.3678948861944));
#5635=CARTESIAN_POINT('Ctrl Pts',(248.899719301034,-2.,9.38129999999994));
#5636=CARTESIAN_POINT('Origin',(244.707186990192,-1.75,9.38129999999993));
#5637=CARTESIAN_POINT('',(251.999719301202,-2.,9.38129999999993));
#5638=CARTESIAN_POINT('Origin',(251.999719301202,-1.75,9.38129999999993));
#5639=CARTESIAN_POINT('',(244.707186990192,-2.,9.38129999999993));
#5640=CARTESIAN_POINT('Ctrl Pts',(251.999719301202,-1.75,9.13129999999993));
#5641=CARTESIAN_POINT('Ctrl Pts',(252.069910906282,-1.75,9.13129999999993));
#5642=CARTESIAN_POINT('Ctrl Pts',(252.210276837998,-1.75418393885437,9.13129999999993));
#5643=CARTESIAN_POINT('Ctrl Pts',(252.350647462296,-1.75,9.13129999999993));
#5644=CARTESIAN_POINT('Ctrl Pts',(252.420839067376,-1.75,9.13129999999993));
#5645=CARTESIAN_POINT('Ctrl Pts',(251.999719301202,-1.81544984694979,9.13129999999993));
#5646=CARTESIAN_POINT('Ctrl Pts',(252.068278818111,-1.81319580170045,9.13137295153415));
#5647=CARTESIAN_POINT('Ctrl Pts',(252.210276793138,-1.81410638279947,9.13145752928904));
#5648=CARTESIAN_POINT('Ctrl Pts',(252.352279550467,-1.81319580170045,9.13137295153416));
#5649=CARTESIAN_POINT('Ctrl Pts',(252.420839067376,-1.81544984694979,9.13129999999993));
#5650=CARTESIAN_POINT('Ctrl Pts',(251.999719301202,-1.94561449664513,9.18568550335481));
#5651=CARTESIAN_POINT('Ctrl Pts',(252.065041994689,-1.93904756739017,9.18176580218138));
#5652=CARTESIAN_POINT('Ctrl Pts',(252.210276703998,-1.93361785461258,9.17651166217801));
#5653=CARTESIAN_POINT('Ctrl Pts',(252.355516373889,-1.93904756739017,9.18176580218138));
#5654=CARTESIAN_POINT('Ctrl Pts',(252.420839067376,-1.94561449664513,9.18568550335481));
#5655=CARTESIAN_POINT('Ctrl Pts',(251.999719301202,-2.,9.31585015305014));
#5656=CARTESIAN_POINT('Ctrl Pts',(252.063673951051,-1.99641186747599,9.30467108429554));
#5657=CARTESIAN_POINT('Ctrl Pts',(252.210276660713,-1.99401577474749,9.28894107263193));
#5658=CARTESIAN_POINT('Ctrl Pts',(252.356884417527,-1.99641186747599,9.30467108429555));
#5659=CARTESIAN_POINT('Ctrl Pts',(252.420839067376,-2.,9.31585015305015));
#5660=CARTESIAN_POINT('Ctrl Pts',(251.999719301202,-2.,9.38129999999993));
#5661=CARTESIAN_POINT('Ctrl Pts',(252.06368695147,-2.,9.36789488621493));
#5662=CARTESIAN_POINT('Ctrl Pts',(252.210276656821,-2.00209196942718,9.34837349333663));
#5663=CARTESIAN_POINT('Ctrl Pts',(252.356871417108,-2.,9.36789488621494));
#5664=CARTESIAN_POINT('Ctrl Pts',(252.420839067376,-2.,9.38129999999993));
#5665=CARTESIAN_POINT('',(252.420839067376,-2.,9.38129999999993));
#5666=CARTESIAN_POINT('Origin',(252.420839067376,-1.75,9.38129999999993));
#5667=CARTESIAN_POINT('Ctrl Pts',(252.420839067376,-2.,9.38129999999993));
#5668=CARTESIAN_POINT('Ctrl Pts',(252.356871417108,-2.,9.36789488621494));
#5669=CARTESIAN_POINT('Ctrl Pts',(252.210276656821,-2.00209196942718,9.34837349333663));
#5670=CARTESIAN_POINT('Ctrl Pts',(252.06368695147,-2.,9.36789488621493));
#5671=CARTESIAN_POINT('Ctrl Pts',(251.999719301202,-2.,9.38129999999993));
#5672=CARTESIAN_POINT('Origin',(244.707186990192,-1.75,9.38129999999993));
#5673=CARTESIAN_POINT('',(244.707186990192,-2.,9.38129999999993));
#5674=CARTESIAN_POINT('Origin',(241.939489592153,-2.25,7.52187499999997));
#5675=CARTESIAN_POINT('',(241.939489592153,-2.,7.52187499999997));
#5676=CARTESIAN_POINT('Origin',(250.742581786269,-1.75,20.7061999999999));
#5677=CARTESIAN_POINT('',(252.4208390659,-2.,20.7061999999999));
#5678=CARTESIAN_POINT('Origin',(252.4208390659,-1.75,20.7061999999999));
#5679=CARTESIAN_POINT('',(250.742581786269,-2.,20.7061999999999));
#5680=CARTESIAN_POINT('Ctrl Pts',(252.4208390659,-1.75,20.9561999999999));
#5681=CARTESIAN_POINT('Ctrl Pts',(252.350647406138,-1.75,20.9561999999999));
#5682=CARTESIAN_POINT('Ctrl Pts',(252.210281401456,-1.75418393443829,20.9561999999999));
#5683=CARTESIAN_POINT('Ctrl Pts',(252.069910959366,-1.75,20.9561999999999));
#5684=CARTESIAN_POINT('Ctrl Pts',(251.999719299604,-1.75,20.9561999999999));
#5685=CARTESIAN_POINT('Ctrl Pts',(252.4208390659,-1.81544984694979,20.9561999999999));
#5686=CARTESIAN_POINT('Ctrl Pts',(252.352279495581,-1.81319579994395,20.9561270484089));
#5687=CARTESIAN_POINT('Ctrl Pts',(252.210281434043,-1.81410637438657,20.956042469061));
#5688=CARTESIAN_POINT('Ctrl Pts',(252.068278869923,-1.81319579994395,20.9561270484089));
#5689=CARTESIAN_POINT('Ctrl Pts',(251.999719299604,-1.81544984694979,20.9561999999999));
#5690=CARTESIAN_POINT('Ctrl Pts',(252.4208390659,-1.9456134917468,20.9018134917467));
#5691=CARTESIAN_POINT('Ctrl Pts',(252.355516321527,-1.93904655737445,20.9057331959747));
#5692=CARTESIAN_POINT('Ctrl Pts',(252.210281498817,-1.93361683509873,20.9109873398281));
#5693=CARTESIAN_POINT('Ctrl Pts',(252.065042043977,-1.93904655737445,20.9057331959747));
#5694=CARTESIAN_POINT('Ctrl Pts',(251.999719299604,-1.9456134917468,20.9018134917467));
#5695=CARTESIAN_POINT('Ctrl Pts',(252.4208390659,-2.,20.7716498469497));
#5696=CARTESIAN_POINT('Ctrl Pts',(252.356884366231,-1.99641186467987,20.7828289244158));
#5697=CARTESIAN_POINT('Ctrl Pts',(252.210281531027,-1.99401576441262,20.7985589459928));
#5698=CARTESIAN_POINT('Ctrl Pts',(252.063673999273,-1.99641186467987,20.7828289244158));
#5699=CARTESIAN_POINT('Ctrl Pts',(251.999719299604,-2.,20.7716498469497));
#5700=CARTESIAN_POINT('Ctrl Pts',(252.4208390659,-2.,20.7061999999999));
#5701=CARTESIAN_POINT('Ctrl Pts',(252.356871365802,-2.,20.7196051242311));
#5702=CARTESIAN_POINT('Ctrl Pts',(252.210281534436,-2.00209196721914,20.7391265282178));
#5703=CARTESIAN_POINT('Ctrl Pts',(252.063686999702,-2.,20.7196051242311));
#5704=CARTESIAN_POINT('Ctrl Pts',(251.999719299604,-2.,20.7061999999999));
#5705=CARTESIAN_POINT('',(251.999719299604,-2.,20.7061999999999));
#5706=CARTESIAN_POINT('Origin',(251.999719299604,-1.75,20.7061999999999));
#5707=CARTESIAN_POINT('Ctrl Pts',(251.999719299604,-2.,20.7061999999999));
#5708=CARTESIAN_POINT('Ctrl Pts',(252.063686999702,-2.,20.7196051242311));
#5709=CARTESIAN_POINT('Ctrl Pts',(252.210281534436,-2.00209196721914,20.7391265282178));
#5710=CARTESIAN_POINT('Ctrl Pts',(252.356871365802,-2.,20.7196051242311));
#5711=CARTESIAN_POINT('Ctrl Pts',(252.4208390659,-2.,20.7061999999999));
#5712=CARTESIAN_POINT('Origin',(250.742581786269,-1.75,20.7061999999999));
#5713=CARTESIAN_POINT('',(249.32083906901,-2.,20.7061999999999));
#5714=CARTESIAN_POINT('Origin',(249.32083906901,-1.75,20.7061999999999));
#5715=CARTESIAN_POINT('',(250.742581786269,-2.,20.7061999999999));
#5716=CARTESIAN_POINT('Ctrl Pts',(249.32083906901,-1.74999999999999,20.9561999999999));
#5717=CARTESIAN_POINT('Ctrl Pts',(249.25064746391,-1.74999999999998,20.9561999999999));
#5718=CARTESIAN_POINT('Ctrl Pts',(249.110281532152,-1.75418393776057,20.9561999999999));
#5719=CARTESIAN_POINT('Ctrl Pts',(248.969910907814,-1.74999999999998,20.9561999999999));
#5720=CARTESIAN_POINT('Ctrl Pts',(248.899719302714,-1.74999999999999,20.9561999999999));
#5721=CARTESIAN_POINT('Ctrl Pts',(249.32083906901,-1.81544984694978,20.9561999999999));
#5722=CARTESIAN_POINT('Ctrl Pts',(249.252279552082,-1.81319580169927,20.9561270484657));
#5723=CARTESIAN_POINT('Ctrl Pts',(249.110281577012,-1.81410638169872,20.9560424696006));
#5724=CARTESIAN_POINT('Ctrl Pts',(248.968278819642,-1.81319580169927,20.9561270484657));
#5725=CARTESIAN_POINT('Ctrl Pts',(248.899719302714,-1.81544984694978,20.9561999999999));
#5726=CARTESIAN_POINT('Ctrl Pts',(249.32083906901,-1.94561375652893,20.9018137565289));
#5727=CARTESIAN_POINT('Ctrl Pts',(249.255516375507,-1.93904682727058,20.9057334577043));
#5728=CARTESIAN_POINT('Ctrl Pts',(249.110281666151,-1.93361711440684,20.9109875975135));
#5729=CARTESIAN_POINT('Ctrl Pts',(248.965041996217,-1.93904682727058,20.9057334577043));
#5730=CARTESIAN_POINT('Ctrl Pts',(248.899719302714,-1.94561375652895,20.9018137565289));
#5731=CARTESIAN_POINT('Ctrl Pts',(249.32083906901,-1.99999999999999,20.7716498469497));
#5732=CARTESIAN_POINT('Ctrl Pts',(249.256884419146,-1.99641186747412,20.7828289157101));
#5733=CARTESIAN_POINT('Ctrl Pts',(249.110281709437,-1.99401577325496,20.7985589264747));
#5734=CARTESIAN_POINT('Ctrl Pts',(248.963673952578,-1.99641186747412,20.7828289157101));
#5735=CARTESIAN_POINT('Ctrl Pts',(248.899719302714,-2.,20.7716498469497));
#5736=CARTESIAN_POINT('Ctrl Pts',(249.32083906901,-1.99999999999998,20.7061999999999));
#5737=CARTESIAN_POINT('Ctrl Pts',(249.256871418727,-1.99999999999998,20.7196051137919));
#5738=CARTESIAN_POINT('Ctrl Pts',(249.110281713329,-2.00209196888027,20.7391265054144));
#5739=CARTESIAN_POINT('Ctrl Pts',(248.963686952997,-1.99999999999998,20.7196051137918));
#5740=CARTESIAN_POINT('Ctrl Pts',(248.899719302714,-1.99999999999998,20.7061999999999));
#5741=CARTESIAN_POINT('',(248.899719302714,-1.99999999999999,20.7061999999999));
#5742=CARTESIAN_POINT('Origin',(248.899719302714,-1.74999999999999,20.7061999999999));
#5743=CARTESIAN_POINT('Ctrl Pts',(248.899719302714,-1.99999999999998,20.7061999999999));
#5744=CARTESIAN_POINT('Ctrl Pts',(248.963686952997,-1.99999999999998,20.7196051137918));
#5745=CARTESIAN_POINT('Ctrl Pts',(249.110281713329,-2.00209196888027,20.7391265054144));
#5746=CARTESIAN_POINT('Ctrl Pts',(249.256871418727,-1.99999999999998,20.7196051137919));
#5747=CARTESIAN_POINT('Ctrl Pts',(249.32083906901,-1.99999999999998,20.7061999999999));
#5748=CARTESIAN_POINT('Origin',(250.742581786269,-1.75,20.7061999999999));
#5749=CARTESIAN_POINT('',(250.742581786269,-2.,20.7061999999999));
#5750=CARTESIAN_POINT('Origin',(252.210279182752,-2.25,20.2526974800414));
#5751=CARTESIAN_POINT('',(251.825948762181,-2.,20.5725257586912));
#5752=CARTESIAN_POINT('Origin',(252.210279182752,-2.,20.2526974800414));
#5753=CARTESIAN_POINT('',(252.018113972467,-2.25,20.4126116193663));
#5754=CARTESIAN_POINT('Origin',(251.825948762181,-2.25,20.5725257586912));
#5755=CARTESIAN_POINT('',(252.402444393018,-2.25,20.4126116193889));
#5756=CARTESIAN_POINT('Origin',(252.210279182752,-2.25,20.2526974800414));
#5757=CARTESIAN_POINT('',(252.594609603285,-2.,20.5725257587365));
#5758=CARTESIAN_POINT('Origin',(252.594609603285,-2.25,20.5725257587365));
#5759=CARTESIAN_POINT('Origin',(252.210279182752,-2.,20.2526974800414));
#5760=CARTESIAN_POINT('Origin',(249.110279185862,-2.25,20.2526974800414));
#5761=CARTESIAN_POINT('',(248.725948765329,-2.,20.5725257587365));
#5762=CARTESIAN_POINT('Origin',(249.110279185862,-2.,20.2526974800414));
#5763=CARTESIAN_POINT('',(248.918113975596,-2.25,20.412611619389));
#5764=CARTESIAN_POINT('Origin',(248.725948765329,-2.25,20.5725257587365));
#5765=CARTESIAN_POINT('',(249.302444396147,-2.25,20.4126116193664));
#5766=CARTESIAN_POINT('Origin',(249.110279185862,-2.25,20.2526974800414));
#5767=CARTESIAN_POINT('',(249.494609606433,-2.,20.5725257586912));
#5768=CARTESIAN_POINT('Origin',(249.494609606433,-2.25,20.5725257586912));
#5769=CARTESIAN_POINT('Origin',(249.110279185862,-2.,20.2526974800414));
#5770=CARTESIAN_POINT('Origin',(247.72488438823,-2.,15.0437499999999));
#5771=CARTESIAN_POINT('',(248.725948763731,-2.,9.51497424125293));
#5772=CARTESIAN_POINT('Origin',(249.110279184302,-2.,9.83480251990271));
#5773=CARTESIAN_POINT('',(248.400948764739,-2.,9.90551940137939));
#5774=CARTESIAN_POINT('',(246.97054204085,-2.,11.6244068621755));
#5775=CARTESIAN_POINT('',(248.28527918531,-2.,10.2253476800291));
#5776=CARTESIAN_POINT('Origin',(248.785279185309,-2.,10.2253476800291));
#5777=CARTESIAN_POINT('',(248.28527918531,-2.,19.8621523181338));
#5778=CARTESIAN_POINT('',(248.28527918531,-2.,17.4981588483068));
#5779=CARTESIAN_POINT('',(248.400948764777,-2.,20.1819805968288));
#5780=CARTESIAN_POINT('Origin',(248.785279185309,-2.,19.8621523181338));
#5781=CARTESIAN_POINT('',(247.258042041505,-2.,18.808575395209));
#5782=CARTESIAN_POINT('Origin',(247.72488438823,-2.,15.0437499999999));
#5783=CARTESIAN_POINT('',(249.819609605369,-2.,20.1819805986326));
#5784=CARTESIAN_POINT('',(250.683167485845,-2.,19.1442625932343));
#5785=CARTESIAN_POINT('',(249.935279184798,-2.,19.8621523199828));
#5786=CARTESIAN_POINT('Origin',(249.435279184798,-2.,19.8621523199828));
#5787=CARTESIAN_POINT('',(249.935279184798,-2.,10.2253476817426));
#5788=CARTESIAN_POINT('',(249.935279184798,-2.,12.5893411516313));
#5789=CARTESIAN_POINT('',(249.819609605331,-2.,9.90551940304763));
#5790=CARTESIAN_POINT('Origin',(249.435279184798,-2.,10.2253476817426));
#5791=CARTESIAN_POINT('',(249.494609604835,-2.,9.5149742412077));
#5792=CARTESIAN_POINT('',(250.395667485085,-2.,10.5977551493068));
#5793=CARTESIAN_POINT('Origin',(249.110279184302,-2.,9.83480251990271));
#5794=CARTESIAN_POINT('',(251.825948763756,-2.,9.51497424129163));
#5795=CARTESIAN_POINT('Origin',(252.210279184289,-2.,9.83480251998664));
#5796=CARTESIAN_POINT('',(251.500948762772,-2.,9.90551940371832));
#5797=CARTESIAN_POINT('',(249.436343247068,-2.,12.3865092315174));
#5798=CARTESIAN_POINT('',(251.385279183305,-2.,10.2253476824133));
#5799=CARTESIAN_POINT('Origin',(251.885279183305,-2.,10.2253476824133));
#5800=CARTESIAN_POINT('',(251.385279183305,-2.,19.8621523193684));
#5801=CARTESIAN_POINT('',(251.385279183305,-2.,17.4981588489158));
#5802=CARTESIAN_POINT('',(251.500948762734,-2.,20.1819805980182));
#5803=CARTESIAN_POINT('Origin',(251.885279183305,-2.,19.8621523193684));
#5804=CARTESIAN_POINT('',(249.723843246607,-2.,18.0464730272213));
#5805=CARTESIAN_POINT('Origin',(252.535279183816,-3.75,19.8621523175195));
#5806=CARTESIAN_POINT('',(252.785279183816,-3.75,19.8621523175195));
#5807=CARTESIAN_POINT('',(252.535279183816,-4.,19.8621523175195));
#5808=CARTESIAN_POINT('Origin',(252.535279183816,-3.75,19.8621523175195));
#5809=CARTESIAN_POINT('',(252.727444394082,-3.75,20.022066456867));
#5810=CARTESIAN_POINT('Origin',(252.535279183816,-3.75,19.8621523175195));
#5811=CARTESIAN_POINT('Origin',(252.535279183816,-3.75,19.8621523175195));
#5812=CARTESIAN_POINT('Origin',(252.535279183816,-3.75,10.2253476807549));
#5813=CARTESIAN_POINT('',(252.727444394101,-3.75,10.06543354143));
#5814=CARTESIAN_POINT('',(252.535279183816,-4.,10.2253476807549));
#5815=CARTESIAN_POINT('Origin',(252.535279183816,-3.75,10.2253476807549));
#5816=CARTESIAN_POINT('',(252.785279183816,-3.75,10.2253476807549));
#5817=CARTESIAN_POINT('Origin',(252.535279183816,-3.75,10.2253476807549));
#5818=CARTESIAN_POINT('Origin',(252.535279183816,-3.75,10.2253476807549));
#5819=CARTESIAN_POINT('Origin',(252.210279182752,-3.75,20.2526974800414));
#5820=CARTESIAN_POINT('',(252.402444393018,-3.75,20.412611619389));
#5821=CARTESIAN_POINT('',(252.210279182752,-4.,20.2526974800414));
#5822=CARTESIAN_POINT('Origin',(252.210279182752,-3.75,20.2526974800414));
#5823=CARTESIAN_POINT('',(252.018113972467,-3.75,20.4126116193663));
#5824=CARTESIAN_POINT('Origin',(252.210279182752,-3.75,20.2526974800414));
#5825=CARTESIAN_POINT('Origin',(252.210279182752,-3.75,20.2526974800415));
#5826=CARTESIAN_POINT('Origin',(252.535279183816,-2.24999999999999,19.8621523175195));
#5827=CARTESIAN_POINT('',(253.035279183816,-2.,19.8621523175195));
#5828=CARTESIAN_POINT('',(252.919609604349,-2.,20.1819805962145));
#5829=CARTESIAN_POINT('Origin',(252.535279183816,-2.,19.8621523175195));
#5830=CARTESIAN_POINT('',(252.727444394082,-2.25,20.022066456867));
#5831=CARTESIAN_POINT('Origin',(252.919609604349,-2.25,20.1819805962145));
#5832=CARTESIAN_POINT('',(252.785279183816,-2.25,19.8621523175195));
#5833=CARTESIAN_POINT('Origin',(252.535279183816,-2.25,19.8621523175195));
#5834=CARTESIAN_POINT('Origin',(253.035279183816,-2.25,19.8621523175195));
#5835=CARTESIAN_POINT('Origin',(252.210279184289,-3.75,9.83480251998663));
#5836=CARTESIAN_POINT('',(252.018113974023,-3.75,9.67488838063914));
#5837=CARTESIAN_POINT('',(252.210279184289,-4.,9.83480251998665));
#5838=CARTESIAN_POINT('Origin',(252.210279184289,-3.75,9.83480251998665));
#5839=CARTESIAN_POINT('',(252.402444394574,-3.75,9.67488838066174));
#5840=CARTESIAN_POINT('Origin',(252.210279184289,-3.75,9.83480251998663));
#5841=CARTESIAN_POINT('Origin',(252.210279184289,-3.75,9.83480251998663));
#5842=CARTESIAN_POINT('Origin',(252.535279183816,-2.25,10.2253476807549));
#5843=CARTESIAN_POINT('',(252.919609604386,-2.,9.90551940210516));
#5844=CARTESIAN_POINT('',(253.035279183816,-2.,10.2253476807549));
#5845=CARTESIAN_POINT('Origin',(252.535279183816,-2.,10.2253476807549));
#5846=CARTESIAN_POINT('',(252.785279183816,-2.25,10.2253476807549));
#5847=CARTESIAN_POINT('Origin',(253.035279183816,-2.25,10.2253476807549));
#5848=CARTESIAN_POINT('',(252.727444394101,-2.25,10.06543354143));
#5849=CARTESIAN_POINT('Origin',(252.535279183816,-2.25,10.2253476807549));
#5850=CARTESIAN_POINT('Origin',(252.919609604386,-2.25,9.90551940210516));
#5851=CARTESIAN_POINT('Origin',(253.035279183816,-2.25,12.5893411511458));
#5852=CARTESIAN_POINT('',(253.035279183816,-2.,12.5893411511458));
#5853=CARTESIAN_POINT('',(252.785279183816,-2.25,12.5893411511458));
#5854=CARTESIAN_POINT('Origin',(252.535279183816,0.,10.2253476807549));
#5855=CARTESIAN_POINT('',(252.727444394101,0.,10.06543354143));
#5856=CARTESIAN_POINT('',(252.785279183816,0.,10.2253476807549));
#5857=CARTESIAN_POINT('Origin',(251.885279183305,-3.75,19.8621523193684));
#5858=CARTESIAN_POINT('',(251.693113973019,-3.75,20.0220664586933));
#5859=CARTESIAN_POINT('',(251.885279183305,-4.,19.8621523193684));
#5860=CARTESIAN_POINT('Origin',(251.885279183305,-3.75,19.8621523193684));
#5861=CARTESIAN_POINT('',(251.635279183305,-3.75,19.8621523193684));
#5862=CARTESIAN_POINT('Origin',(251.885279183305,-3.75,19.8621523193684));
#5863=CARTESIAN_POINT('Origin',(251.885279183305,-3.75,19.8621523193684));
#5864=CARTESIAN_POINT('Origin',(251.885279183305,-3.75,10.2253476824133));
#5865=CARTESIAN_POINT('',(251.635279183305,-3.75,10.2253476824133));
#5866=CARTESIAN_POINT('',(251.885279183305,-4.,10.2253476824133));
#5867=CARTESIAN_POINT('Origin',(251.885279183305,-3.75,10.2253476824133));
#5868=CARTESIAN_POINT('',(251.693113973038,-3.75,10.0654335430658));
#5869=CARTESIAN_POINT('Origin',(251.885279183305,-3.75,10.2253476824133));
#5870=CARTESIAN_POINT('Origin',(251.885279183305,-3.75,10.2253476824133));
#5871=CARTESIAN_POINT('Origin',(252.210279184289,-2.25,9.83480251998664));
#5872=CARTESIAN_POINT('',(252.59460960486,-2.,9.51497424133685));
#5873=CARTESIAN_POINT('Origin',(252.210279184289,-2.,9.83480251998664));
#5874=CARTESIAN_POINT('',(252.402444394574,-2.25,9.67488838066174));
#5875=CARTESIAN_POINT('Origin',(252.59460960486,-2.25,9.51497424133685));
#5876=CARTESIAN_POINT('',(252.018113974023,-2.25,9.67488838063914));
#5877=CARTESIAN_POINT('Origin',(252.210279184289,-2.25,9.83480251998663));
#5878=CARTESIAN_POINT('Origin',(251.825948763756,-2.25,9.51497424129163));
#5879=CARTESIAN_POINT('Origin',(252.861468692621,-2.25,9.83565278128767));
#5880=CARTESIAN_POINT('',(252.861468692621,-2.,9.83565278128767));
#5881=CARTESIAN_POINT('',(252.669303482336,-2.25,9.99556692061256));
#5882=CARTESIAN_POINT('Origin',(252.210279184289,0.,9.83480251998663));
#5883=CARTESIAN_POINT('',(252.018113974023,0.,9.67488838063914));
#5884=CARTESIAN_POINT('',(252.402444394574,0.,9.67488838066174));
#5885=CARTESIAN_POINT('Origin',(251.885279183305,-2.25,19.8621523193684));
#5886=CARTESIAN_POINT('',(251.693113973019,-2.25,20.0220664586933));
#5887=CARTESIAN_POINT('',(251.635279183305,-2.25,19.8621523193684));
#5888=CARTESIAN_POINT('Origin',(251.885279183305,-2.25,19.8621523193684));
#5889=CARTESIAN_POINT('Origin',(251.500948762734,-2.25,20.1819805980182));
#5890=CARTESIAN_POINT('Origin',(251.385279183305,-2.25,19.8621523193684));
#5891=CARTESIAN_POINT('Origin',(249.723843246607,-2.25,18.0464730272213));
#5892=CARTESIAN_POINT('',(249.916008456892,-2.25,17.8865588878964));
#5893=CARTESIAN_POINT('Origin',(251.885279183305,-2.25,10.2253476824133));
#5894=CARTESIAN_POINT('',(251.693113973038,-2.25,10.0654335430658));
#5895=CARTESIAN_POINT('Origin',(251.500948762772,-2.25,9.90551940371832));
#5896=CARTESIAN_POINT('',(251.635279183305,-2.25,10.2253476824133));
#5897=CARTESIAN_POINT('Origin',(251.885279183305,-2.25,10.2253476824133));
#5898=CARTESIAN_POINT('Origin',(251.385279183305,-2.25,10.2253476824133));
#5899=CARTESIAN_POINT('Origin',(249.436343247068,-2.25,12.3865092315174));
#5900=CARTESIAN_POINT('',(249.628508457335,-2.25,12.5464233708649));
#5901=CARTESIAN_POINT('Origin',(251.885279183305,0.,10.2253476824133));
#5902=CARTESIAN_POINT('',(251.635279183305,0.,10.2253476824133));
#5903=CARTESIAN_POINT('',(251.693113973038,0.,10.0654335430658));
#5904=CARTESIAN_POINT('Origin',(251.385279183305,-2.25,17.4981588489158));
#5905=CARTESIAN_POINT('',(251.635279183305,-2.25,17.4981588489158));
#5906=CARTESIAN_POINT('Origin',(251.885279183305,0.,19.8621523193684));
#5907=CARTESIAN_POINT('',(251.693113973019,0.,20.0220664586933));
#5908=CARTESIAN_POINT('',(251.635279183305,0.,19.8621523193684));
#5909=CARTESIAN_POINT('Origin',(250.738296881769,-3.75,11.6036504144035));
#5910=CARTESIAN_POINT('',(250.738296881769,-4.,11.6036504144035));
#5911=CARTESIAN_POINT('',(250.546131671502,-3.75,11.443736275056));
#5912=CARTESIAN_POINT('Origin',(251.885279183305,-3.75,17.4981588489229));
#5913=CARTESIAN_POINT('',(251.885279183305,-4.,17.4981588489229));
#5914=CARTESIAN_POINT('',(251.635279183305,-3.75,17.4981588489229));
#5915=CARTESIAN_POINT('Origin',(252.210279182752,0.,20.2526974800414));
#5916=CARTESIAN_POINT('',(252.402444393018,0.,20.412611619389));
#5917=CARTESIAN_POINT('',(252.018113972467,0.,20.4126116193663));
#5918=CARTESIAN_POINT('Origin',(253.148968691693,-2.25,19.9063649600614));
#5919=CARTESIAN_POINT('',(253.148968691693,-2.,19.9063649600614));
#5920=CARTESIAN_POINT('',(252.956803481427,-2.25,19.7464508207139));
#5921=CARTESIAN_POINT('Origin',(251.025796881092,-3.75,18.8293318443408));
#5922=CARTESIAN_POINT('',(251.025796881092,-4.,18.8293318443408));
#5923=CARTESIAN_POINT('',(250.833631670807,-3.75,18.9892459836657));
#5924=CARTESIAN_POINT('Origin',(253.394761485965,-3.75,11.2581681557067));
#5925=CARTESIAN_POINT('',(253.394761485965,-4.,11.2581681557067));
#5926=CARTESIAN_POINT('',(253.586926696251,-3.75,11.0982540163818));
#5927=CARTESIAN_POINT('Origin',(252.535279183816,0.,19.8621523175195));
#5928=CARTESIAN_POINT('',(252.785279183816,0.,19.8621523175195));
#5929=CARTESIAN_POINT('',(252.727444394082,0.,20.022066456867));
#5930=CARTESIAN_POINT('Origin',(253.682261485328,-3.75,18.4838495855575));
#5931=CARTESIAN_POINT('',(253.682261485328,-4.,18.4838495855575));
#5932=CARTESIAN_POINT('',(253.874426695595,-3.75,18.643763724905));
#5933=CARTESIAN_POINT('Origin',(252.535279183816,-3.75,12.5893411511529));
#5934=CARTESIAN_POINT('',(252.535279183816,-4.,12.5893411511529));
#5935=CARTESIAN_POINT('',(252.785279183816,-3.75,12.5893411511529));
#5936=CARTESIAN_POINT('Origin',(252.785279183816,0.,10.1349323022917));
#5937=CARTESIAN_POINT('Origin',(252.210279184312,0.,9.44396778667635));
#5938=CARTESIAN_POINT('Origin',(251.635279183305,0.,10.1349323039334));
#5939=CARTESIAN_POINT('Origin',(252.210279182729,0.,20.6435322133517));
#5940=CARTESIAN_POINT('Origin',(247.72488438823,-2.,15.0437499999999));
#5941=CARTESIAN_POINT('Origin',(251.635279183305,0.,19.9525676978317));
#5942=CARTESIAN_POINT('Origin',(252.21027918356,-4.,15.043750000014));
#5943=CARTESIAN_POINT('Origin',(252.785279183816,0.,19.9525676959994));
#5944=CARTESIAN_POINT('Origin',(249.435279184798,-2.25,10.2253476817426));
#5945=CARTESIAN_POINT('',(249.685279184798,-2.25,10.2253476817426));
#5946=CARTESIAN_POINT('Origin',(249.935279184798,-2.25,10.2253476817426));
#5947=CARTESIAN_POINT('',(249.627444395065,-2.25,10.0654335423951));
#5948=CARTESIAN_POINT('Origin',(249.435279184798,-2.25,10.2253476817426));
#5949=CARTESIAN_POINT('Origin',(249.819609605331,-2.25,9.90551940304763));
#5950=CARTESIAN_POINT('Origin',(249.435279184798,-2.24999999999999,19.8621523199828));
#5951=CARTESIAN_POINT('',(249.627444395084,-2.25,20.0220664593077));
#5952=CARTESIAN_POINT('Origin',(249.819609605369,-2.25,20.1819805986326));
#5953=CARTESIAN_POINT('',(249.685279184798,-2.25,19.8621523199828));
#5954=CARTESIAN_POINT('Origin',(249.435279184798,-2.25,19.8621523199828));
#5955=CARTESIAN_POINT('Origin',(249.935279184798,-2.25,19.8621523199828));
#5956=CARTESIAN_POINT('Origin',(249.435279184798,-3.75,10.2253476817426));
#5957=CARTESIAN_POINT('',(249.627444395065,-3.75,10.0654335423951));
#5958=CARTESIAN_POINT('',(249.435279184798,-4.,10.2253476817426));
#5959=CARTESIAN_POINT('Origin',(249.435279184798,-3.75,10.2253476817426));
#5960=CARTESIAN_POINT('',(249.685279184798,-3.75,10.2253476817426));
#5961=CARTESIAN_POINT('Origin',(249.435279184798,-3.75,10.2253476817426));
#5962=CARTESIAN_POINT('Origin',(249.435279184798,-3.75,10.2253476817426));
#5963=CARTESIAN_POINT('Origin',(249.435279184798,0.,10.2253476817426));
#5964=CARTESIAN_POINT('',(249.627444395065,0.,10.0654335423951));
#5965=CARTESIAN_POINT('',(249.685279184798,0.,10.2253476817426));
#5966=CARTESIAN_POINT('Origin',(249.110279184302,-2.25,9.8348025199027));
#5967=CARTESIAN_POINT('',(249.302444394569,-2.25,9.6748883805552));
#5968=CARTESIAN_POINT('Origin',(249.494609604835,-2.25,9.5149742412077));
#5969=CARTESIAN_POINT('',(248.918113974017,-2.25,9.67488838057781));
#5970=CARTESIAN_POINT('Origin',(249.110279184302,-2.25,9.8348025199027));
#5971=CARTESIAN_POINT('Origin',(248.725948763731,-2.25,9.51497424125293));
#5972=CARTESIAN_POINT('Origin',(250.395667485085,-2.25,10.5977551493068));
#5973=CARTESIAN_POINT('',(250.203502274819,-2.25,10.7576692886543));
#5974=CARTESIAN_POINT('Origin',(250.683167485845,-2.25,19.1442625932343));
#5975=CARTESIAN_POINT('',(250.49100227556,-2.25,18.9843484539094));
#5976=CARTESIAN_POINT('Origin',(249.435279184798,-3.75,19.8621523199828));
#5977=CARTESIAN_POINT('',(249.685279184798,-3.75,19.8621523199828));
#5978=CARTESIAN_POINT('',(249.435279184798,-4.,19.8621523199827));
#5979=CARTESIAN_POINT('Origin',(249.435279184798,-3.75,19.8621523199828));
#5980=CARTESIAN_POINT('',(249.627444395084,-3.75,20.0220664593077));
#5981=CARTESIAN_POINT('Origin',(249.435279184798,-3.75,19.8621523199828));
#5982=CARTESIAN_POINT('Origin',(249.435279184798,-3.75,19.8621523199827));
#5983=CARTESIAN_POINT('Origin',(249.435279184798,0.,19.8621523199828));
#5984=CARTESIAN_POINT('',(249.685279184798,0.,19.8621523199828));
#5985=CARTESIAN_POINT('',(249.627444395084,0.,20.0220664593077));
#5986=CARTESIAN_POINT('Origin',(249.110279184302,-3.75,9.8348025199027));
#5987=CARTESIAN_POINT('',(248.918113974017,-3.75,9.67488838057781));
#5988=CARTESIAN_POINT('',(249.110279184302,-4.,9.83480251990269));
#5989=CARTESIAN_POINT('Origin',(249.110279184302,-3.75,9.83480251990267));
#5990=CARTESIAN_POINT('',(249.302444394569,-3.75,9.6748883805552));
#5991=CARTESIAN_POINT('Origin',(249.110279184302,-3.75,9.8348025199027));
#5992=CARTESIAN_POINT('Origin',(249.110279184302,-3.75,9.83480251990268));
#5993=CARTESIAN_POINT('Origin',(249.110279184302,0.,9.8348025199027));
#5994=CARTESIAN_POINT('',(248.918113974017,0.,9.67488838057781));
#5995=CARTESIAN_POINT('',(249.302444394569,0.,9.6748883805552));
#5996=CARTESIAN_POINT('Origin',(250.294761486334,-3.75,11.2581681557091));
#5997=CARTESIAN_POINT('',(250.294761486334,-4.,11.2581681557091));
#5998=CARTESIAN_POINT('',(250.4869266966,-3.75,11.0982540163615));
#5999=CARTESIAN_POINT('Origin',(248.785279185309,-2.25,10.2253476800291));
#6000=CARTESIAN_POINT('',(248.593113975024,-2.25,10.0654335407042));
#6001=CARTESIAN_POINT('Origin',(248.400948764739,-2.25,9.90551940137939));
#6002=CARTESIAN_POINT('',(248.535279185309,-2.25,10.2253476800291));
#6003=CARTESIAN_POINT('Origin',(248.785279185309,-2.25,10.2253476800291));
#6004=CARTESIAN_POINT('Origin',(248.28527918531,-2.25,10.2253476800291));
#6005=CARTESIAN_POINT('Origin',(246.97054204085,-2.25,11.6244068621755));
#6006=CARTESIAN_POINT('',(247.162707251136,-2.25,11.7843210015004));
#6007=CARTESIAN_POINT('Origin',(248.785279185309,-2.25,19.8621523181338));
#6008=CARTESIAN_POINT('',(248.535279185309,-2.25,19.8621523181338));
#6009=CARTESIAN_POINT('Origin',(248.28527918531,-2.25,19.8621523181338));
#6010=CARTESIAN_POINT('',(248.593113975043,-2.25,20.0220664574813));
#6011=CARTESIAN_POINT('Origin',(248.785279185309,-2.25,19.8621523181338));
#6012=CARTESIAN_POINT('Origin',(248.400948764777,-2.25,20.1819805968288));
#6013=CARTESIAN_POINT('Origin',(248.28527918531,-2.25,17.4981588483068));
#6014=CARTESIAN_POINT('',(248.535279185309,-2.25,17.4981588483068));
#6015=CARTESIAN_POINT('Origin',(249.110279185862,-3.75,20.2526974800414));
#6016=CARTESIAN_POINT('',(249.302444396147,-3.75,20.4126116193663));
#6017=CARTESIAN_POINT('',(249.110279185862,-4.,20.2526974800415));
#6018=CARTESIAN_POINT('Origin',(249.110279185862,-3.75,20.2526974800415));
#6019=CARTESIAN_POINT('',(248.918113975596,-3.75,20.412611619389));
#6020=CARTESIAN_POINT('Origin',(249.110279185862,-3.75,20.2526974800414));
#6021=CARTESIAN_POINT('Origin',(249.110279185862,-3.75,20.2526974800414));
#6022=CARTESIAN_POINT('Origin',(249.110279185862,0.,20.2526974800414));
#6023=CARTESIAN_POINT('',(249.302444396147,0.,20.4126116193663));
#6024=CARTESIAN_POINT('',(248.918113975596,0.,20.412611619389));
#6025=CARTESIAN_POINT('Origin',(248.785279185309,-3.75,10.2253476800291));
#6026=CARTESIAN_POINT('',(248.535279185309,-3.75,10.2253476800291));
#6027=CARTESIAN_POINT('',(248.785279185309,-4.,10.2253476800291));
#6028=CARTESIAN_POINT('Origin',(248.785279185309,-3.75,10.2253476800291));
#6029=CARTESIAN_POINT('',(248.593113975024,-3.75,10.0654335407042));
#6030=CARTESIAN_POINT('Origin',(248.785279185309,-3.75,10.2253476800291));
#6031=CARTESIAN_POINT('Origin',(248.785279185309,-3.75,10.2253476800291));
#6032=CARTESIAN_POINT('Origin',(248.785279185309,0.,10.2253476800291));
#6033=CARTESIAN_POINT('',(248.535279185309,0.,10.2253476800291));
#6034=CARTESIAN_POINT('',(248.593113975024,0.,10.0654335407042));
#6035=CARTESIAN_POINT('Origin',(247.638296883135,-3.75,11.6036504131163));
#6036=CARTESIAN_POINT('',(247.638296883135,-4.,11.6036504131163));
#6037=CARTESIAN_POINT('',(247.44613167285,-3.75,11.4437362737915));
#6038=CARTESIAN_POINT('Origin',(248.785279185309,-3.75,19.8621523181338));
#6039=CARTESIAN_POINT('',(248.593113975043,-3.75,20.0220664574813));
#6040=CARTESIAN_POINT('',(248.785279185309,-4.,19.8621523181338));
#6041=CARTESIAN_POINT('Origin',(248.785279185309,-3.75,19.8621523181338));
#6042=CARTESIAN_POINT('',(248.535279185309,-3.75,19.8621523181338));
#6043=CARTESIAN_POINT('Origin',(248.785279185309,-3.75,19.8621523181338));
#6044=CARTESIAN_POINT('Origin',(248.785279185309,-3.75,19.8621523181338));
#6045=CARTESIAN_POINT('Origin',(248.785279185309,0.,19.8621523181338));
#6046=CARTESIAN_POINT('',(248.593113975043,0.,20.0220664574813));
#6047=CARTESIAN_POINT('',(248.535279185309,0.,19.8621523181338));
#6048=CARTESIAN_POINT('Origin',(248.785279185309,-3.75,17.4981588482929));
#6049=CARTESIAN_POINT('',(248.785279185309,-4.,17.4981588482929));
#6050=CARTESIAN_POINT('',(248.535279185309,-3.75,17.4981588482929));
#6051=CARTESIAN_POINT('Origin',(247.925796883819,-3.75,18.8293318442213));
#6052=CARTESIAN_POINT('',(247.925796883819,-4.,18.8293318442213));
#6053=CARTESIAN_POINT('',(247.733631673553,-3.75,18.9892459835688));
#6054=CARTESIAN_POINT('Origin',(250.582261486989,-3.75,18.4838495868756));
#6055=CARTESIAN_POINT('',(250.582261486989,-4.,18.4838495868756));
#6056=CARTESIAN_POINT('',(250.774426697274,-3.75,18.6437637262005));
#6057=CARTESIAN_POINT('Origin',(247.258042041505,-2.25,18.808575395209));
#6058=CARTESIAN_POINT('',(247.450207251771,-2.25,18.6486612558615));
#6059=CARTESIAN_POINT('Origin',(249.435279184798,-3.75,12.5893411516174));
#6060=CARTESIAN_POINT('',(249.435279184798,-4.,12.5893411516174));
#6061=CARTESIAN_POINT('',(249.685279184798,-3.75,12.5893411516174));
#6062=CARTESIAN_POINT('Origin',(249.935279184798,-2.25,12.5893411516313));
#6063=CARTESIAN_POINT('',(249.685279184798,-2.25,12.5893411516313));
#6064=CARTESIAN_POINT('Origin',(249.110279184279,0.,9.4439677865924));
#6065=CARTESIAN_POINT('Origin',(249.685279184798,0.,19.952567698446));
#6066=CARTESIAN_POINT('Origin',(249.685279184798,0.,10.1349323032627));
#6067=CARTESIAN_POINT('Origin',(248.535279185309,0.,10.1349323015659));
#6068=CARTESIAN_POINT('Origin',(249.110279185054,-4.,15.0437499999721));
#6069=CARTESIAN_POINT('Origin',(248.535279185309,0.,19.9525676966137));
#6070=CARTESIAN_POINT('Origin',(249.110279185885,0.,20.6435322133517));
#6071=CARTESIAN_POINT('Origin',(31.4394895921535,-1.75,9.38129999999999));
#6072=CARTESIAN_POINT('',(31.4394895921535,-2.,9.38129999999999));
#6073=CARTESIAN_POINT('Origin',(31.4394895921535,-2.25,9.38129999999999));
#6074=CARTESIAN_POINT('Origin',(31.4394895921535,-1.75,9.38129999999999));
#6075=CARTESIAN_POINT('Origin',(31.4394895921535,-2.25,22.565625));
#6076=CARTESIAN_POINT('',(31.4394895921535,-2.,20.7062));
#6077=CARTESIAN_POINT('Origin',(31.4394895921535,-2.25,20.7062));
#6078=CARTESIAN_POINT('',(31.4394895921535,-2.,22.565625));
#6079=CARTESIAN_POINT('Origin',(31.4394895921535,-1.75,20.7062));
#6080=CARTESIAN_POINT('',(31.4394895921535,-1.75,20.9562));
#6081=CARTESIAN_POINT('Origin',(31.4394895921535,-1.75,21.2062));
#6082=CARTESIAN_POINT('Origin',(31.4394895921535,-1.75,20.7062));
#6083=CARTESIAN_POINT('Origin',(31.4394895921535,0.,21.2062));
#6084=CARTESIAN_POINT('',(31.4394895921535,0.,20.9562));
#6085=CARTESIAN_POINT('Origin',(28.6717921941151,-1.75,20.7062));
#6086=CARTESIAN_POINT('',(24.5417907159061,-1.75,20.9562));
#6087=CARTESIAN_POINT('',(28.6717921941151,-1.75,20.9562));
#6088=CARTESIAN_POINT('',(24.5417907159061,-2.,20.7062));
#6089=CARTESIAN_POINT('Origin',(24.5417907159061,-1.75,20.7062));
#6090=CARTESIAN_POINT('',(28.6717921941151,-2.,20.7062));
#6091=CARTESIAN_POINT('Ctrl Pts',(24.2687000000372,-2.0492271516148,20.8014857780501));
#6092=CARTESIAN_POINT('Ctrl Pts',(24.3470168715462,-2.01753104852843,20.7741597519256));
#6093=CARTESIAN_POINT('Ctrl Pts',(24.4442714644997,-2.,20.7402260477752));
#6094=CARTESIAN_POINT('Ctrl Pts',(24.5417907159061,-2.,20.7062));
#6095=CARTESIAN_POINT('Ctrl Pts',(24.2594181732754,-2.03295209703176,20.8469320556595));
#6096=CARTESIAN_POINT('Ctrl Pts',(24.3425903590029,-2.00258733035275,20.8263952756727));
#6097=CARTESIAN_POINT('Ctrl Pts',(24.4443568708829,-1.99089228404592,20.8000255499559));
#6098=CARTESIAN_POINT('Ctrl Pts',(24.5417907159061,-2.,20.7716498469498));
#6099=CARTESIAN_POINT('Ctrl Pts',(24.2271817144621,-1.97642764982838,20.9262864155957));
#6100=CARTESIAN_POINT('Ctrl Pts',(24.3211291396987,-1.93975544631375,20.9200880068082));
#6101=CARTESIAN_POINT('Ctrl Pts',(24.4353694945434,-1.92903018896629,20.9118482836487));
#6102=CARTESIAN_POINT('Ctrl Pts',(24.5417907159061,-1.94569895076492,20.9018989507649));
#6103=CARTESIAN_POINT('Ctrl Pts',(24.1785498347988,-1.89115494260122,20.9562));
#6104=CARTESIAN_POINT('Ctrl Pts',(24.2839756593199,-1.83671459355296,20.9562661947165));
#6105=CARTESIAN_POINT('Ctrl Pts',(24.4141051507485,-1.8097284295436,20.9560148279509));
#6106=CARTESIAN_POINT('Ctrl Pts',(24.5417907159061,-1.81544984694979,20.9562));
#6107=CARTESIAN_POINT('Ctrl Pts',(24.154197232155,-1.84845430322961,20.9562));
#6108=CARTESIAN_POINT('Ctrl Pts',(24.2653511722224,-1.78506209705686,20.9562));
#6109=CARTESIAN_POINT('Ctrl Pts',(24.4033831312135,-1.75,20.9562));
#6110=CARTESIAN_POINT('Ctrl Pts',(24.5417907159061,-1.75,20.9562));
#6111=CARTESIAN_POINT('',(24.2687000000373,-2.04922715161478,20.8014857780501));
#6112=CARTESIAN_POINT('Origin',(24.5417907159061,-2.25,20.7062));
#6113=CARTESIAN_POINT('',(24.2687000000317,-1.79619822158592,20.9562));
#6114=CARTESIAN_POINT('Origin',(24.5417907159061,-2.25,20.9562));
#6115=CARTESIAN_POINT('Ctrl Pts',(24.2687000000317,-1.79619822158592,20.9562));
#6116=CARTESIAN_POINT('Ctrl Pts',(24.2687000000317,-1.79673107867879,20.9562));
#6117=CARTESIAN_POINT('Ctrl Pts',(24.2687000000314,-1.79726393489797,20.9561984875819));
#6118=CARTESIAN_POINT('Ctrl Pts',(24.2687000000373,-1.83501906306903,20.9559842439644));
#6119=CARTESIAN_POINT('Ctrl Pts',(24.2687000000329,-1.87195264461432,20.9483988227209));
#6120=CARTESIAN_POINT('Ctrl Pts',(24.2687000000343,-1.93830011452048,20.9208533554124));
#6121=CARTESIAN_POINT('Ctrl Pts',(24.268700000035,-1.9678244467567,20.9018919257456));
#6122=CARTESIAN_POINT('Ctrl Pts',(24.2687000000363,-2.01617873869557,20.8562304632931));
#6123=CARTESIAN_POINT('Ctrl Pts',(24.2687000000368,-2.03554952271182,20.8303053623601));
#6124=CARTESIAN_POINT('Ctrl Pts',(24.2687000000373,-2.04922715161491,20.8014857780498));
#6125=CARTESIAN_POINT('Origin',(19.8687,-0.25,20.7062));
#6126=CARTESIAN_POINT('',(19.8687,-0.25,20.9562));
#6127=CARTESIAN_POINT('Origin',(19.8687,-0.25,20.7062));
#6128=CARTESIAN_POINT('',(19.6187,-0.25,20.7062));
#6129=CARTESIAN_POINT('Origin',(19.8687,-0.25,20.7062));
#6130=CARTESIAN_POINT('Origin',(19.8687,-0.25,20.7062));
#6131=CARTESIAN_POINT('Origin',(19.8687,-1.75,20.7062));
#6132=CARTESIAN_POINT('',(19.8687,-1.75,20.9562));
#6133=CARTESIAN_POINT('',(19.8687,-2.,20.7062));
#6134=CARTESIAN_POINT('Origin',(19.8687,-1.75,20.7062));
#6135=CARTESIAN_POINT('',(19.6187,-1.75,20.7062));
#6136=CARTESIAN_POINT('Origin',(19.8687,-1.75,20.7062));
#6137=CARTESIAN_POINT('Origin',(19.8687,-1.75,20.7062));
#6138=CARTESIAN_POINT('Origin',(19.8687,0.,20.7062));
#6139=CARTESIAN_POINT('',(19.8687,0.,20.9562));
#6140=CARTESIAN_POINT('',(19.6187,0.,20.7062));
#6141=CARTESIAN_POINT('Origin',(19.8687,-0.25,9.38129999999999));
#6142=CARTESIAN_POINT('',(19.6187,-0.25,9.38129999999999));
#6143=CARTESIAN_POINT('Origin',(19.8687,-0.25,9.38129999999999));
#6144=CARTESIAN_POINT('Origin',(19.8687,-0.25,9.38129999999999));
#6145=CARTESIAN_POINT('Origin',(19.8687,-0.25,17.999975));
#6146=CARTESIAN_POINT('',(19.6187,-0.25,17.999975));
#6147=CARTESIAN_POINT('Origin',(19.8687,-1.75,9.38129999999999));
#6148=CARTESIAN_POINT('',(19.6187,-1.75,9.38129999999999));
#6149=CARTESIAN_POINT('',(19.8687,-2.,9.38129999999999));
#6150=CARTESIAN_POINT('Origin',(19.8687,-1.75,9.38129999999999));
#6151=CARTESIAN_POINT('Origin',(19.8687,-1.75,9.38129999999999));
#6152=CARTESIAN_POINT('Origin',(19.8687,-1.75,9.38129999999999));
#6153=CARTESIAN_POINT('Origin',(19.8687,0.,9.38129999999999));
#6154=CARTESIAN_POINT('',(19.6187,0.,9.38129999999999));
#6155=CARTESIAN_POINT('Origin',(22.6363973980384,-1.75,9.38129999999999));
#6156=CARTESIAN_POINT('',(20.9581401184071,-2.,9.38129999999999));
#6157=CARTESIAN_POINT('Origin',(20.9581401184071,-1.75,9.38129999999999));
#6158=CARTESIAN_POINT('',(22.6363973980384,-2.,9.38129999999999));
#6159=CARTESIAN_POINT('Ctrl Pts',(20.9581401184071,-1.75,9.13129999999999));
#6160=CARTESIAN_POINT('Ctrl Pts',(21.0283317235073,-1.75,9.13129999999999));
#6161=CARTESIAN_POINT('Ctrl Pts',(21.1686976552778,-1.75418419183529,9.1313));
#6162=CARTESIAN_POINT('Ctrl Pts',(21.3090682796029,-1.75,9.13129999999999));
#6163=CARTESIAN_POINT('Ctrl Pts',(21.3792598847031,-1.75,9.13129999999999));
#6164=CARTESIAN_POINT('Ctrl Pts',(20.9581401184071,-1.81544984694979,9.13129999999999));
#6165=CARTESIAN_POINT('Ctrl Pts',(21.0266996353353,-1.81319580169929,9.13137295153425));
#6166=CARTESIAN_POINT('Ctrl Pts',(21.1686976104378,-1.81410663654895,9.13145727372703));
#6167=CARTESIAN_POINT('Ctrl Pts',(21.310700367775,-1.81319580169929,9.13137295153425));
#6168=CARTESIAN_POINT('Ctrl Pts',(21.3792598847031,-1.81544984694979,9.13129999999999));
#6169=CARTESIAN_POINT('Ctrl Pts',(20.9581401184071,-1.94573008393719,9.1855699160628));
#6170=CARTESIAN_POINT('Ctrl Pts',(21.0234628119102,-1.93916315467885,9.18165021488736));
#6171=CARTESIAN_POINT('Ctrl Pts',(21.1686975213381,-1.93373340192204,9.1763960707233));
#6172=CARTESIAN_POINT('Ctrl Pts',(21.3139371912,-1.93916315467884,9.18165021488736));
#6173=CARTESIAN_POINT('Ctrl Pts',(21.3792598847031,-1.94573008393719,9.1855699160628));
#6174=CARTESIAN_POINT('Ctrl Pts',(20.9581401184071,-2.,9.31585015305021));
#6175=CARTESIAN_POINT('Ctrl Pts',(21.0220947682712,-1.99641186747414,9.30467108428984));
#6176=CARTESIAN_POINT('Ctrl Pts',(21.1686974780723,-1.99401611780606,9.28894086303396));
#6177=CARTESIAN_POINT('Ctrl Pts',(21.315305234839,-1.99641186747414,9.30467108428984));
#6178=CARTESIAN_POINT('Ctrl Pts',(21.3792598847031,-2.,9.31585015305021));
#6179=CARTESIAN_POINT('Ctrl Pts',(20.9581401184071,-2.,9.38129999999999));
#6180=CARTESIAN_POINT('Ctrl Pts',(21.0221077686904,-2.,9.36789488620809));
#6181=CARTESIAN_POINT('Ctrl Pts',(21.1686974741824,-2.00209209591765,9.34837320089645));
#6182=CARTESIAN_POINT('Ctrl Pts',(21.3152922344199,-2.,9.36789488620809));
#6183=CARTESIAN_POINT('Ctrl Pts',(21.3792598847031,-2.,9.38129999999999));
#6184=CARTESIAN_POINT('',(21.3792598847031,-2.,9.38129999999999));
#6185=CARTESIAN_POINT('Origin',(21.3792598847031,-1.75,9.38129999999999));
#6186=CARTESIAN_POINT('Ctrl Pts',(21.3792598847031,-2.,9.38129999999999));
#6187=CARTESIAN_POINT('Ctrl Pts',(21.3152922344199,-2.,9.36789488620809));
#6188=CARTESIAN_POINT('Ctrl Pts',(21.1686974741824,-2.00209209591765,9.34837320089645));
#6189=CARTESIAN_POINT('Ctrl Pts',(21.0221077686904,-2.,9.36789488620809));
#6190=CARTESIAN_POINT('Ctrl Pts',(20.9581401184071,-2.,9.38129999999999));
#6191=CARTESIAN_POINT('Origin',(22.6363973980384,-1.75,9.38129999999999));
#6192=CARTESIAN_POINT('',(24.0581401152968,-2.,9.38129999999999));
#6193=CARTESIAN_POINT('Origin',(24.0581401152968,-1.75,9.38129999999999));
#6194=CARTESIAN_POINT('',(22.6363973980384,-2.,9.38129999999999));
#6195=CARTESIAN_POINT('Ctrl Pts',(24.0581401152968,-1.75,9.13129999999999));
#6196=CARTESIAN_POINT('Ctrl Pts',(24.1283317203971,-1.75,9.13129999999999));
#6197=CARTESIAN_POINT('Ctrl Pts',(24.2686976521667,-1.7541841668886,9.13129999999999));
#6198=CARTESIAN_POINT('Ctrl Pts',(24.4090682764927,-1.75,9.13129999999999));
#6199=CARTESIAN_POINT('Ctrl Pts',(24.4792598815929,-1.75,9.13129999999999));
#6200=CARTESIAN_POINT('Ctrl Pts',(24.0581401152968,-1.81544984694979,9.13129999999999));
#6201=CARTESIAN_POINT('Ctrl Pts',(24.126699632225,-1.81319580169929,9.13137295153425));
#6202=CARTESIAN_POINT('Ctrl Pts',(24.2686976073246,-1.8141066115261,9.13145729892877));
#6203=CARTESIAN_POINT('Ctrl Pts',(24.4107003646647,-1.81319580169929,9.13137295153425));
#6204=CARTESIAN_POINT('Ctrl Pts',(24.4792598815929,-1.81544984694979,9.13129999999999));
#6205=CARTESIAN_POINT('Ctrl Pts',(24.0581401152968,-1.94572208246491,9.18557791753508));
#6206=CARTESIAN_POINT('Ctrl Pts',(24.1234628088,-1.93915515320657,9.18165821635964));
#6207=CARTESIAN_POINT('Ctrl Pts',(24.268697518221,-1.93372540807128,9.17640407003877));
#6208=CARTESIAN_POINT('Ctrl Pts',(24.4139371880898,-1.93915515320657,9.18165821635964));
#6209=CARTESIAN_POINT('Ctrl Pts',(24.4792598815929,-1.94572208246491,9.18557791753508));
#6210=CARTESIAN_POINT('Ctrl Pts',(24.0581401152968,-2.,9.31585015305021));
#6211=CARTESIAN_POINT('Ctrl Pts',(24.122094765161,-1.99641186747414,9.30467108428984));
#6212=CARTESIAN_POINT('Ctrl Pts',(24.2686974749532,-1.99401608397579,9.28894088370129));
#6213=CARTESIAN_POINT('Ctrl Pts',(24.4153052317288,-1.99641186747414,9.30467108428984));
#6214=CARTESIAN_POINT('Ctrl Pts',(24.4792598815929,-2.,9.31585015305021));
#6215=CARTESIAN_POINT('Ctrl Pts',(24.0581401152968,-2.,9.38129999999999));
#6216=CARTESIAN_POINT('Ctrl Pts',(24.1221077655801,-2.,9.36789488620809));
#6217=CARTESIAN_POINT('Ctrl Pts',(24.2686974710632,-2.0020920834443,9.34837322973267));
#6218=CARTESIAN_POINT('Ctrl Pts',(24.4152922313096,-2.,9.36789488620809));
#6219=CARTESIAN_POINT('Ctrl Pts',(24.4792598815929,-2.,9.38129999999999));
#6220=CARTESIAN_POINT('',(24.4792598815929,-2.,9.38129999999999));
#6221=CARTESIAN_POINT('Origin',(24.4792598815929,-1.75,9.38129999999999));
#6222=CARTESIAN_POINT('Ctrl Pts',(24.4792598815929,-2.,9.38129999999999));
#6223=CARTESIAN_POINT('Ctrl Pts',(24.4152922313096,-2.,9.36789488620809));
#6224=CARTESIAN_POINT('Ctrl Pts',(24.2686974710632,-2.0020920834443,9.34837322973267));
#6225=CARTESIAN_POINT('Ctrl Pts',(24.1221077655801,-2.,9.36789488620809));
#6226=CARTESIAN_POINT('Ctrl Pts',(24.0581401152968,-2.,9.38129999999999));
#6227=CARTESIAN_POINT('Origin',(22.6363973980384,-1.75,9.38129999999999));
#6228=CARTESIAN_POINT('',(22.6363973980384,-2.,9.38129999999999));
#6229=CARTESIAN_POINT('Origin',(19.8687,-1.75,17.999975));
#6230=CARTESIAN_POINT('',(19.8687,-2.,17.999975));
#6231=CARTESIAN_POINT('',(19.6187,-1.75,17.999975));
#6232=CARTESIAN_POINT('Origin',(28.6717921941151,-1.75,20.7062));
#6233=CARTESIAN_POINT('',(21.3792598831052,-1.75,20.9562));
#6234=CARTESIAN_POINT('',(21.3792598831052,-2.,20.7062));
#6235=CARTESIAN_POINT('Origin',(21.3792598831052,-1.75,20.7062));
#6236=CARTESIAN_POINT('',(23.9956092841305,-2.,20.7062));
#6237=CARTESIAN_POINT('',(28.6717921941151,-2.,20.7062));
#6238=CARTESIAN_POINT('',(23.9956092841305,-1.75,20.9562));
#6239=CARTESIAN_POINT('Origin',(23.9956092841305,-1.75,20.7062));
#6240=CARTESIAN_POINT('',(28.6717921941151,-1.75,20.9562));
#6241=CARTESIAN_POINT('Ctrl Pts',(21.3792598831052,-1.75,20.9562));
#6242=CARTESIAN_POINT('Ctrl Pts',(21.3090682233634,-1.75,20.9562));
#6243=CARTESIAN_POINT('Ctrl Pts',(21.1687022188197,-1.75418411425659,20.9562));
#6244=CARTESIAN_POINT('Ctrl Pts',(21.0283317766725,-1.75,20.9562));
#6245=CARTESIAN_POINT('Ctrl Pts',(20.9581401169307,-1.75,20.9562));
#6246=CARTESIAN_POINT('Ctrl Pts',(21.3792598831052,-1.81544984694979,20.9562));
#6247=CARTESIAN_POINT('Ctrl Pts',(21.310700312805,-1.81319579994511,20.956127048409));
#6248=CARTESIAN_POINT('Ctrl Pts',(21.1687022514017,-1.81410655475976,20.9560426507191));
#6249=CARTESIAN_POINT('Ctrl Pts',(21.0266996872308,-1.8131957999451,20.956127048409));
#6250=CARTESIAN_POINT('Ctrl Pts',(20.9581401169307,-1.81544984694978,20.9562));
#6251=CARTESIAN_POINT('Ctrl Pts',(21.3792598831052,-1.94570447718524,20.9019044771853));
#6252=CARTESIAN_POINT('Ctrl Pts',(21.313937138748,-1.93913754281627,20.9058241814112));
#6253=CARTESIAN_POINT('Ctrl Pts',(21.1687023161655,-1.93370780169602,20.9110783348795));
#6254=CARTESIAN_POINT('Ctrl Pts',(21.0234628612879,-1.93913754281627,20.9058241814111));
#6255=CARTESIAN_POINT('Ctrl Pts',(20.9581401169307,-1.94570447718524,20.9019044771853));
#6256=CARTESIAN_POINT('Ctrl Pts',(21.3792598831052,-2.,20.7716498469498));
#6257=CARTESIAN_POINT('Ctrl Pts',(21.3153051834511,-1.99641186468172,20.7828289244101));
#6258=CARTESIAN_POINT('Ctrl Pts',(21.1687023483689,-1.9940160082748,20.7985590949369));
#6259=CARTESIAN_POINT('Ctrl Pts',(21.0220948165847,-1.99641186468172,20.7828289244101));
#6260=CARTESIAN_POINT('Ctrl Pts',(20.9581401169307,-1.99999999999999,20.7716498469498));
#6261=CARTESIAN_POINT('Ctrl Pts',(21.3792598831052,-2.,20.7062));
#6262=CARTESIAN_POINT('Ctrl Pts',(21.3152921830219,-2.,20.7196051242243));
#6263=CARTESIAN_POINT('Ctrl Pts',(21.1687023517772,-2.0020920571283,20.7391267360385));
#6264=CARTESIAN_POINT('Ctrl Pts',(21.022107817014,-1.99999999999999,20.7196051242243));
#6265=CARTESIAN_POINT('Ctrl Pts',(20.9581401169307,-1.99999999999999,20.7062));
#6266=CARTESIAN_POINT('',(20.9581401169307,-1.75,20.9562));
#6267=CARTESIAN_POINT('',(20.9581401169307,-2.,20.7062));
#6268=CARTESIAN_POINT('Origin',(20.9581401169307,-1.75,20.7062));
#6269=CARTESIAN_POINT('Ctrl Pts',(20.9581401169307,-1.99999999999999,20.7062));
#6270=CARTESIAN_POINT('Ctrl Pts',(21.022107817014,-1.99999999999999,20.7196051242243));
#6271=CARTESIAN_POINT('Ctrl Pts',(21.1687023517772,-2.0020920571283,20.7391267360385));
#6272=CARTESIAN_POINT('Ctrl Pts',(21.3152921830219,-2.,20.7196051242243));
#6273=CARTESIAN_POINT('Ctrl Pts',(21.3792598831052,-2.,20.7062));
#6274=CARTESIAN_POINT('Ctrl Pts',(21.3792598831052,-1.75,20.9562));
#6275=CARTESIAN_POINT('Ctrl Pts',(21.3090682233634,-1.75,20.9562));
#6276=CARTESIAN_POINT('Ctrl Pts',(21.1687022188197,-1.75418411425659,20.9562));
#6277=CARTESIAN_POINT('Ctrl Pts',(21.0283317766725,-1.75,20.9562));
#6278=CARTESIAN_POINT('Ctrl Pts',(20.9581401169307,-1.75,20.9562));
#6279=CARTESIAN_POINT('Origin',(28.6717921941151,-1.75,20.7062));
#6280=CARTESIAN_POINT('',(28.6717921941151,-1.75,20.9562));
#6281=CARTESIAN_POINT('',(28.6717921941151,-2.,20.7062));
#6282=CARTESIAN_POINT('Ctrl Pts',(23.9956092841305,-2.,20.7062));
#6283=CARTESIAN_POINT('Ctrl Pts',(24.0931285355507,-2.,20.7402260477787));
#6284=CARTESIAN_POINT('Ctrl Pts',(24.190383128518,-2.01753104852703,20.7741597519326));
#6285=CARTESIAN_POINT('Ctrl Pts',(24.2687000000395,-2.04922715161112,20.8014857780604));
#6286=CARTESIAN_POINT('Ctrl Pts',(23.9956092841305,-2.,20.7716498469498));
#6287=CARTESIAN_POINT('Ctrl Pts',(24.0930431291675,-1.99089228404499,20.8000255499588));
#6288=CARTESIAN_POINT('Ctrl Pts',(24.1948096410611,-2.00258733034995,20.8263952756782));
#6289=CARTESIAN_POINT('Ctrl Pts',(24.2779818268009,-2.03295209702633,20.8469320556673));
#6290=CARTESIAN_POINT('Ctrl Pts',(23.9956092841305,-1.94569919575495,20.901899195755));
#6291=CARTESIAN_POINT('Ctrl Pts',(24.1020305055058,-1.92903043395461,20.9118485286397));
#6292=CARTESIAN_POINT('Ctrl Pts',(24.2162708287224,-1.9397555017886,20.9200881022218));
#6293=CARTESIAN_POINT('Ctrl Pts',(24.3102182539703,-1.9764277052999,20.9262865110099));
#6294=CARTESIAN_POINT('Ctrl Pts',(23.9956092841305,-1.81544984694979,20.9562));
#6295=CARTESIAN_POINT('Ctrl Pts',(24.1232948492977,-1.80972842954301,20.9560148279508));
#6296=CARTESIAN_POINT('Ctrl Pts',(24.2534243407359,-1.8367145935497,20.9562661947165));
#6297=CARTESIAN_POINT('Ctrl Pts',(24.3588501652665,-1.8911549425938,20.9562));
#6298=CARTESIAN_POINT('Ctrl Pts',(23.9956092841305,-1.75,20.9562));
#6299=CARTESIAN_POINT('Ctrl Pts',(24.1340168688313,-1.75,20.9562));
#6300=CARTESIAN_POINT('Ctrl Pts',(24.2720488278306,-1.78506209705406,20.9562));
#6301=CARTESIAN_POINT('Ctrl Pts',(24.3832027679066,-1.84845430322223,20.9562));
#6302=CARTESIAN_POINT('Origin',(23.9956092841305,-2.25,20.9562));
#6303=CARTESIAN_POINT('Origin',(23.9956092841305,-2.25,20.7062));
#6304=CARTESIAN_POINT('Origin',(28.6717921941151,-0.25,20.7062));
#6305=CARTESIAN_POINT('',(28.6717921941151,-0.25,20.9562));
#6306=CARTESIAN_POINT('Origin',(24.2686999984449,-2.25,9.83480251995846));
#6307=CARTESIAN_POINT('',(24.6530304189778,-2.,9.51497424126346));
#6308=CARTESIAN_POINT('Origin',(24.2686999984449,-2.,9.83480251995846));
#6309=CARTESIAN_POINT('',(24.4608652087113,-2.25,9.67488838061096));
#6310=CARTESIAN_POINT('Origin',(24.6530304189778,-2.25,9.51497424126346));
#6311=CARTESIAN_POINT('',(24.0765347881596,-2.25,9.67488838063358));
#6312=CARTESIAN_POINT('Origin',(24.2686999984449,-2.25,9.83480251995846));
#6313=CARTESIAN_POINT('',(23.8843695778743,-2.,9.5149742413087));
#6314=CARTESIAN_POINT('Origin',(23.8843695778743,-2.25,9.5149742413087));
#6315=CARTESIAN_POINT('Origin',(24.2686999984449,-2.,9.83480251995846));
#6316=CARTESIAN_POINT('Origin',(25.6540947960767,-2.,15.04375));
#6317=CARTESIAN_POINT('',(24.9780304195681,-2.,20.1819805986206));
#6318=CARTESIAN_POINT('',(26.4084371434567,-2.,18.4630931378245));
#6319=CARTESIAN_POINT('',(25.0936999989975,-2.,19.8621523199708));
#6320=CARTESIAN_POINT('Origin',(24.5936999989975,-2.,19.8621523199708));
#6321=CARTESIAN_POINT('',(25.0936999989975,-2.,10.2253476818661));
#6322=CARTESIAN_POINT('',(25.0936999989975,-2.,12.5893411516931));
#6323=CARTESIAN_POINT('',(24.9780304195304,-2.,9.90551940317112));
#6324=CARTESIAN_POINT('Origin',(24.5936999989975,-2.,10.2253476818661));
#6325=CARTESIAN_POINT('',(26.120937142802,-2.,11.2789246047909));
#6326=CARTESIAN_POINT('Origin',(25.6540947960767,-2.,15.04375));
#6327=CARTESIAN_POINT('',(20.7843695810222,-2.,9.51497424126348));
#6328=CARTESIAN_POINT('Origin',(21.1687000015551,-2.,9.83480251995848));
#6329=CARTESIAN_POINT('',(20.4593695799584,-2.,9.90551940378544));
#6330=CARTESIAN_POINT('',(20.2300104926136,-2.,10.1811350399385));
#6331=CARTESIAN_POINT('',(20.3437000004913,-2.,10.2253476824804));
#6332=CARTESIAN_POINT('Origin',(20.8437000004913,-2.,10.2253476824804));
#6333=CARTESIAN_POINT('',(20.3437000004913,-2.,19.862152319245));
#6334=CARTESIAN_POINT('',(20.3437000004913,-2.,17.4981588488541));
#6335=CARTESIAN_POINT('',(20.4593695799207,-2.,20.1819805978948));
#6336=CARTESIAN_POINT('Origin',(20.8437000004913,-2.,19.862152319245));
#6337=CARTESIAN_POINT('',(20.7843695794474,-2.,20.5725257586631));
#6338=CARTESIAN_POINT('',(20.517510491686,-2.,20.2518472187122));
#6339=CARTESIAN_POINT('Origin',(21.1687000000179,-2.,20.2526974800133));
#6340=CARTESIAN_POINT('Origin',(25.6540947960767,-2.,15.04375));
#6341=CARTESIAN_POINT('',(23.5593695789382,-2.,9.90551940136739));
#6342=CARTESIAN_POINT('',(22.6958116984621,-2.,10.9432374067656));
#6343=CARTESIAN_POINT('',(23.4436999995087,-2.,10.2253476800172));
#6344=CARTESIAN_POINT('Origin',(23.9436999995087,-2.,10.2253476800172));
#6345=CARTESIAN_POINT('',(23.4436999995087,-2.,19.8621523182573));
#6346=CARTESIAN_POINT('',(23.4436999995087,-2.,17.4981588483686));
#6347=CARTESIAN_POINT('',(23.5593695789758,-2.,20.1819805969523));
#6348=CARTESIAN_POINT('Origin',(23.9436999995087,-2.,19.8621523182573));
#6349=CARTESIAN_POINT('',(22.9833116992216,-2.,19.4897448506932));
#6350=CARTESIAN_POINT('',(21.5530304205508,-2.,20.5725257587083));
#6351=CARTESIAN_POINT('Origin',(21.1687000000179,-2.,20.2526974800133));
#6352=CARTESIAN_POINT('',(21.8780304215354,-2.,20.1819805962816));
#6353=CARTESIAN_POINT('',(23.9426359372387,-2.,17.7009907684825));
#6354=CARTESIAN_POINT('',(21.9937000010025,-2.,19.8621523175866));
#6355=CARTESIAN_POINT('Origin',(21.4937000010025,-2.,19.8621523175866));
#6356=CARTESIAN_POINT('',(21.9937000010025,-2.,10.2253476806315));
#6357=CARTESIAN_POINT('',(21.9937000010025,-2.,12.5893411510841));
#6358=CARTESIAN_POINT('',(21.878030421573,-2.,9.90551940198174));
#6359=CARTESIAN_POINT('Origin',(21.4937000010025,-2.,10.2253476806315));
#6360=CARTESIAN_POINT('',(21.5530304221257,-2.,9.51497424130873));
#6361=CARTESIAN_POINT('',(23.6551359377005,-2.,12.0410269727786));
#6362=CARTESIAN_POINT('Origin',(21.1687000015551,-2.,9.83480251995848));
#6363=CARTESIAN_POINT('Origin',(19.6187,0.,20.9562));
#6364=CARTESIAN_POINT('Origin',(21.1687000000179,-3.75,20.2526974800133));
#6365=CARTESIAN_POINT('',(21.3608652102844,-3.75,20.4126116193608));
#6366=CARTESIAN_POINT('',(21.1687000000179,-4.,20.2526974800133));
#6367=CARTESIAN_POINT('Origin',(21.1687000000179,-3.75,20.2526974800133));
#6368=CARTESIAN_POINT('',(20.9765347897327,-3.75,20.4126116193382));
#6369=CARTESIAN_POINT('Origin',(21.1687000000179,-3.75,20.2526974800133));
#6370=CARTESIAN_POINT('Origin',(21.1687000000179,-3.75,20.2526974800133));
#6371=CARTESIAN_POINT('Origin',(21.1687000000179,-2.24999999999999,20.2526974800133));
#6372=CARTESIAN_POINT('',(20.9765347897327,-2.25,20.4126116193382));
#6373=CARTESIAN_POINT('Origin',(20.7843695794474,-2.25,20.5725257586631));
#6374=CARTESIAN_POINT('',(21.3608652102844,-2.25,20.4126116193608));
#6375=CARTESIAN_POINT('Origin',(21.1687000000179,-2.25,20.2526974800133));
#6376=CARTESIAN_POINT('Origin',(21.5530304205508,-2.25,20.5725257587083));
#6377=CARTESIAN_POINT('Origin',(20.8437000004913,-3.75,19.862152319245));
#6378=CARTESIAN_POINT('',(20.651534790206,-3.75,20.0220664585699));
#6379=CARTESIAN_POINT('',(20.8437000004913,-4.,19.862152319245));
#6380=CARTESIAN_POINT('Origin',(20.8437000004913,-3.75,19.862152319245));
#6381=CARTESIAN_POINT('',(20.5937000004913,-3.75,19.862152319245));
#6382=CARTESIAN_POINT('Origin',(20.8437000004913,-3.75,19.862152319245));
#6383=CARTESIAN_POINT('Origin',(20.8437000004913,-3.75,19.862152319245));
#6384=CARTESIAN_POINT('Origin',(21.4937000010025,-3.75,19.8621523175866));
#6385=CARTESIAN_POINT('',(21.7437000010025,-3.75,19.8621523175866));
#6386=CARTESIAN_POINT('',(21.4937000010025,-4.,19.8621523175866));
#6387=CARTESIAN_POINT('Origin',(21.4937000010025,-3.75,19.8621523175866));
#6388=CARTESIAN_POINT('',(21.6858652112689,-3.75,20.0220664569341));
#6389=CARTESIAN_POINT('Origin',(21.4937000010025,-3.75,19.8621523175866));
#6390=CARTESIAN_POINT('Origin',(21.4937000010025,-3.75,19.8621523175866));
#6391=CARTESIAN_POINT('Origin',(20.8437000004913,-2.25,19.862152319245));
#6392=CARTESIAN_POINT('',(20.5937000004913,-2.25,19.862152319245));
#6393=CARTESIAN_POINT('Origin',(20.3437000004913,-2.25,19.862152319245));
#6394=CARTESIAN_POINT('',(20.651534790206,-2.25,20.0220664585699));
#6395=CARTESIAN_POINT('Origin',(20.8437000004913,-2.25,19.862152319245));
#6396=CARTESIAN_POINT('Origin',(20.4593695799207,-2.25,20.1819805978948));
#6397=CARTESIAN_POINT('Origin',(21.4937000010025,-2.25,19.8621523175866));
#6398=CARTESIAN_POINT('',(21.6858652112689,-2.25,20.0220664569341));
#6399=CARTESIAN_POINT('Origin',(21.8780304215354,-2.25,20.1819805962816));
#6400=CARTESIAN_POINT('',(21.7437000010025,-2.25,19.8621523175866));
#6401=CARTESIAN_POINT('Origin',(21.4937000010025,-2.25,19.8621523175866));
#6402=CARTESIAN_POINT('Origin',(21.9937000010025,-2.25,19.8621523175866));
#6403=CARTESIAN_POINT('Origin',(23.9426359372387,-2.25,17.7009907684825));
#6404=CARTESIAN_POINT('',(23.7504707269722,-2.25,17.541076629135));
#6405=CARTESIAN_POINT('Origin',(21.4937000010025,0.,19.8621523175866));
#6406=CARTESIAN_POINT('',(21.7437000010025,0.,19.8621523175866));
#6407=CARTESIAN_POINT('',(21.6858652112689,0.,20.0220664569341));
#6408=CARTESIAN_POINT('Origin',(20.8437000004913,-3.75,10.2253476824804));
#6409=CARTESIAN_POINT('',(20.5937000004913,-3.75,10.2253476824804));
#6410=CARTESIAN_POINT('',(20.8437000004913,-4.,10.2253476824804));
#6411=CARTESIAN_POINT('Origin',(20.8437000004913,-3.75,10.2253476824804));
#6412=CARTESIAN_POINT('',(20.6515347902248,-3.75,10.0654335431329));
#6413=CARTESIAN_POINT('Origin',(20.8437000004913,-3.75,10.2253476824804));
#6414=CARTESIAN_POINT('Origin',(20.8437000004913,-3.75,10.2253476824804));
#6415=CARTESIAN_POINT('Origin',(21.4937000010025,-3.75,10.2253476806315));
#6416=CARTESIAN_POINT('',(21.6858652112878,-3.75,10.0654335413066));
#6417=CARTESIAN_POINT('',(21.4937000010025,-4.,10.2253476806315));
#6418=CARTESIAN_POINT('Origin',(21.4937000010025,-3.75,10.2253476806315));
#6419=CARTESIAN_POINT('',(21.7437000010025,-3.75,10.2253476806315));
#6420=CARTESIAN_POINT('Origin',(21.4937000010025,-3.75,10.2253476806315));
#6421=CARTESIAN_POINT('Origin',(21.4937000010025,-3.75,10.2253476806315));
#6422=CARTESIAN_POINT('Origin',(20.8437000004913,-2.25,10.2253476824804));
#6423=CARTESIAN_POINT('',(20.6515347902248,-2.25,10.0654335431329));
#6424=CARTESIAN_POINT('Origin',(20.4593695799584,-2.25,9.90551940378544));
#6425=CARTESIAN_POINT('',(20.5937000004913,-2.25,10.2253476824804));
#6426=CARTESIAN_POINT('Origin',(20.8437000004913,-2.25,10.2253476824804));
#6427=CARTESIAN_POINT('Origin',(20.3437000004913,-2.25,10.2253476824804));
#6428=CARTESIAN_POINT('Origin',(21.4937000010025,-2.25,10.2253476806315));
#6429=CARTESIAN_POINT('',(21.6858652112878,-2.25,10.0654335413066));
#6430=CARTESIAN_POINT('',(21.7437000010025,-2.25,10.2253476806315));
#6431=CARTESIAN_POINT('Origin',(21.4937000010025,-2.25,10.2253476806315));
#6432=CARTESIAN_POINT('Origin',(21.878030421573,-2.25,9.90551940198174));
#6433=CARTESIAN_POINT('Origin',(21.9937000010025,-2.25,10.2253476806315));
#6434=CARTESIAN_POINT('Origin',(21.1687000015551,-3.75,9.83480251995848));
#6435=CARTESIAN_POINT('',(20.9765347912887,-3.75,9.67488838061098));
#6436=CARTESIAN_POINT('',(21.1687000015551,-4.,9.83480251995848));
#6437=CARTESIAN_POINT('Origin',(21.1687000015551,-3.75,9.83480251995848));
#6438=CARTESIAN_POINT('',(21.3608652118404,-3.75,9.6748883806336));
#6439=CARTESIAN_POINT('Origin',(21.1687000015551,-3.75,9.83480251995848));
#6440=CARTESIAN_POINT('Origin',(21.1687000015551,-3.75,9.83480251995848));
#6441=CARTESIAN_POINT('Origin',(21.1687000015551,-2.25,9.83480251995848));
#6442=CARTESIAN_POINT('',(21.3608652118404,-2.25,9.6748883806336));
#6443=CARTESIAN_POINT('Origin',(21.5530304221257,-2.25,9.51497424130873));
#6444=CARTESIAN_POINT('',(20.9765347912887,-2.25,9.67488838061098));
#6445=CARTESIAN_POINT('Origin',(21.1687000015551,-2.25,9.83480251995848));
#6446=CARTESIAN_POINT('Origin',(20.7843695810222,-2.25,9.51497424126348));
#6447=CARTESIAN_POINT('Origin',(23.6551359377005,-2.25,12.0410269727786));
#6448=CARTESIAN_POINT('',(23.4629707274152,-2.25,12.2009411121035));
#6449=CARTESIAN_POINT('Origin',(21.1687000015551,0.,9.83480251995848));
#6450=CARTESIAN_POINT('',(20.9765347912887,0.,9.67488838061098));
#6451=CARTESIAN_POINT('',(21.3608652118404,0.,9.6748883806336));
#6452=CARTESIAN_POINT('Origin',(20.2300104926136,-2.25,10.1811350399385));
#6453=CARTESIAN_POINT('',(20.42217570288,-2.25,10.341049179286));
#6454=CARTESIAN_POINT('Origin',(22.3531823032151,-3.75,11.2581681556591));
#6455=CARTESIAN_POINT('',(22.3531823032151,-4.,11.2581681556591));
#6456=CARTESIAN_POINT('',(22.5453475135003,-3.75,11.0982540163342));
#6457=CARTESIAN_POINT('Origin',(19.6967176989789,-3.75,11.6036504144425));
#6458=CARTESIAN_POINT('',(19.6967176989789,-4.,11.6036504144425));
#6459=CARTESIAN_POINT('',(19.5045524887125,-3.75,11.443736275095));
#6460=CARTESIAN_POINT('Origin',(21.9937000010025,-2.25,12.5893411510841));
#6461=CARTESIAN_POINT('',(21.7437000010025,-2.25,12.5893411510841));
#6462=CARTESIAN_POINT('Origin',(21.4937000010025,0.,10.2253476806315));
#6463=CARTESIAN_POINT('',(21.6858652112878,0.,10.0654335413066));
#6464=CARTESIAN_POINT('',(21.7437000010025,0.,10.2253476806315));
#6465=CARTESIAN_POINT('Origin',(20.8437000004913,0.,10.2253476824804));
#6466=CARTESIAN_POINT('',(20.5937000004913,0.,10.2253476824804));
#6467=CARTESIAN_POINT('',(20.6515347902248,0.,10.0654335431329));
#6468=CARTESIAN_POINT('Origin',(20.3437000004913,-2.25,17.4981588488541));
#6469=CARTESIAN_POINT('',(20.5937000004913,-2.25,17.4981588488541));
#6470=CARTESIAN_POINT('Origin',(21.4937000010025,-3.75,12.5893411510771));
#6471=CARTESIAN_POINT('',(21.4937000010025,-4.,12.5893411510771));
#6472=CARTESIAN_POINT('',(21.7437000010025,-3.75,12.5893411510771));
#6473=CARTESIAN_POINT('Origin',(20.8437000004913,-3.75,17.4981588488471));
#6474=CARTESIAN_POINT('',(20.8437000004913,-4.,17.4981588488471));
#6475=CARTESIAN_POINT('',(20.5937000004913,-3.75,17.4981588488471));
#6476=CARTESIAN_POINT('Origin',(20.8437000004913,0.,19.862152319245));
#6477=CARTESIAN_POINT('',(20.651534790206,0.,20.0220664585699));
#6478=CARTESIAN_POINT('',(20.5937000004913,0.,19.862152319245));
#6479=CARTESIAN_POINT('Origin',(20.517510491686,-2.25,20.2518472187122));
#6480=CARTESIAN_POINT('',(20.7096757019713,-2.25,20.0919330793874));
#6481=CARTESIAN_POINT('Origin',(22.6406823025383,-3.75,18.4838495855964));
#6482=CARTESIAN_POINT('',(22.6406823025383,-4.,18.4838495855964));
#6483=CARTESIAN_POINT('',(22.8328475128047,-3.75,18.643763724944));
#6484=CARTESIAN_POINT('Origin',(19.9842176983418,-3.75,18.8293318442932));
#6485=CARTESIAN_POINT('',(19.9842176983418,-4.,18.8293318442932));
#6486=CARTESIAN_POINT('',(19.7920524880565,-3.75,18.9892459836181));
#6487=CARTESIAN_POINT('Origin',(21.1687000000179,0.,20.2526974800133));
#6488=CARTESIAN_POINT('',(21.3608652102844,0.,20.4126116193608));
#6489=CARTESIAN_POINT('',(20.9765347897327,0.,20.4126116193382));
#6490=CARTESIAN_POINT('Origin',(21.7437000010025,0.,19.9525676960665));
#6491=CARTESIAN_POINT('Origin',(21.7437000010025,0.,10.1349323021683));
#6492=CARTESIAN_POINT('Origin',(21.1687000015781,0.,9.44396778664821));
#6493=CARTESIAN_POINT('Origin',(20.5937000004913,0.,10.1349323040006));
#6494=CARTESIAN_POINT('Origin',(21.1687000007469,-4.,15.0437499999859));
#6495=CARTESIAN_POINT('Origin',(20.5937000004913,0.,19.9525676977083));
#6496=CARTESIAN_POINT('Origin',(21.1686999999949,0.,20.6435322133236));
#6497=CARTESIAN_POINT('Origin',(26.4084371434567,-2.25,18.4630931378245));
#6498=CARTESIAN_POINT('',(24.268700000028,-2.25,20.6435322134075));
#6499=CARTESIAN_POINT('Origin',(24.268700000051,-2.25,21.0343669467178));
#6500=CARTESIAN_POINT('',(24.7858652092828,-2.25,20.0220664592957));
#6501=CARTESIAN_POINT('',(26.2162719331715,-2.25,18.3031789984996));
#6502=CARTESIAN_POINT('Origin',(24.9780304195681,-2.25,20.1819805986206));
#6503=CARTESIAN_POINT('Origin',(24.5936999989975,-2.25,19.8621523199708));
#6504=CARTESIAN_POINT('',(24.8436999989975,-2.25,19.8621523199708));
#6505=CARTESIAN_POINT('Origin',(25.0936999989975,-2.25,19.8621523199708));
#6506=CARTESIAN_POINT('Origin',(24.5936999989975,-2.25,19.8621523199708));
#6507=CARTESIAN_POINT('Origin',(25.0936999989975,-2.25,12.5893411516931));
#6508=CARTESIAN_POINT('',(24.8436999989975,-2.25,10.2253476818661));
#6509=CARTESIAN_POINT('Origin',(25.0936999989975,-2.25,10.2253476818661));
#6510=CARTESIAN_POINT('',(24.8436999989975,-2.25,12.5893411516931));
#6511=CARTESIAN_POINT('Origin',(24.5936999989975,-2.25,10.2253476818661));
#6512=CARTESIAN_POINT('',(24.785865209264,-2.25,10.0654335425186));
#6513=CARTESIAN_POINT('Origin',(24.9780304195304,-2.25,9.90551940317112));
#6514=CARTESIAN_POINT('Origin',(24.5936999989975,-2.25,10.2253476818661));
#6515=CARTESIAN_POINT('Origin',(26.120937142802,-2.25,11.2789246047909));
#6516=CARTESIAN_POINT('',(25.9287719325355,-2.25,11.4388387441384));
#6517=CARTESIAN_POINT('Origin',(22.6958116984621,-2.25,10.9432374067656));
#6518=CARTESIAN_POINT('',(23.7515347892234,-2.25,10.0654335406923));
#6519=CARTESIAN_POINT('Origin',(23.5593695789382,-2.25,9.90551940136739));
#6520=CARTESIAN_POINT('',(22.8879769087473,-2.25,11.1031515460905));
#6521=CARTESIAN_POINT('Origin',(23.9436999995087,-2.25,10.2253476800172));
#6522=CARTESIAN_POINT('',(23.6936999995087,-2.25,10.2253476800172));
#6523=CARTESIAN_POINT('Origin',(23.4436999995087,-2.25,10.2253476800172));
#6524=CARTESIAN_POINT('Origin',(23.9436999995087,-2.25,10.2253476800172));
#6525=CARTESIAN_POINT('Origin',(23.4436999995087,-2.25,17.4981588483686));
#6526=CARTESIAN_POINT('',(23.6936999995087,-2.25,19.8621523182573));
#6527=CARTESIAN_POINT('Origin',(23.4436999995087,-2.25,19.8621523182573));
#6528=CARTESIAN_POINT('',(23.6936999995087,-2.25,17.4981588483686));
#6529=CARTESIAN_POINT('Origin',(23.9436999995087,-2.25,19.8621523182573));
#6530=CARTESIAN_POINT('',(23.7515347892423,-2.25,20.0220664576048));
#6531=CARTESIAN_POINT('Origin',(23.5593695789758,-2.25,20.1819805969523));
#6532=CARTESIAN_POINT('Origin',(23.9436999995087,-2.25,19.8621523182573));
#6533=CARTESIAN_POINT('Origin',(22.9833116992216,-2.25,19.4897448506932));
#6534=CARTESIAN_POINT('',(23.1754769094881,-2.25,19.3298307113457));
#6535=CARTESIAN_POINT('Origin',(24.2686999984449,0.,9.83480251995846));
#6536=CARTESIAN_POINT('',(24.4608652087113,-3.75,9.67488838061096));
#6537=CARTESIAN_POINT('',(24.4608652087113,0.,9.67488838061096));
#6538=CARTESIAN_POINT('',(24.0765347881596,-3.75,9.67488838063358));
#6539=CARTESIAN_POINT('Origin',(24.2686999984449,-3.75,9.83480251995846));
#6540=CARTESIAN_POINT('',(24.0765347881596,0.,9.67488838063358));
#6541=CARTESIAN_POINT('Origin',(24.2686999984219,0.,9.44396778664821));
#6542=CARTESIAN_POINT('',(24.785865209264,-3.75,10.0654335425186));
#6543=CARTESIAN_POINT('',(24.785865209264,0.,10.0654335425186));
#6544=CARTESIAN_POINT('',(25.6453475107544,-3.75,11.0982540164312));
#6545=CARTESIAN_POINT('Origin',(24.5936999989975,0.,10.2253476818661));
#6546=CARTESIAN_POINT('',(24.8436999989975,-3.75,10.2253476818661));
#6547=CARTESIAN_POINT('',(24.8436999989975,0.,10.2253476818661));
#6548=CARTESIAN_POINT('Origin',(24.5936999989975,-3.75,10.2253476818661));
#6549=CARTESIAN_POINT('Origin',(24.8436999989975,0.,10.1349323033862));
#6550=CARTESIAN_POINT('',(24.8436999989975,-3.75,19.8621523199708));
#6551=CARTESIAN_POINT('',(24.8436999989975,0.,19.8621523199708));
#6552=CARTESIAN_POINT('',(24.8436999989975,-3.75,12.5893411517071));
#6553=CARTESIAN_POINT('Origin',(24.5936999989975,0.,19.8621523199708));
#6554=CARTESIAN_POINT('',(24.7858652092828,-3.75,20.0220664592957));
#6555=CARTESIAN_POINT('',(24.7858652092828,0.,20.0220664592957));
#6556=CARTESIAN_POINT('Origin',(24.5936999989975,-3.75,19.8621523199708));
#6557=CARTESIAN_POINT('Origin',(24.8436999989975,0.,19.9525676984341));
#6558=CARTESIAN_POINT('',(24.268700000028,-3.75,20.6435322134075));
#6559=CARTESIAN_POINT('',(24.268700000028,0.,20.6435322134075));
#6560=CARTESIAN_POINT('',(25.9328475114568,-3.75,18.6437637262085));
#6561=CARTESIAN_POINT('Origin',(24.2686999984449,-3.75,9.83480251995846));
#6562=CARTESIAN_POINT('',(24.2686999984449,-4.,9.83480251995846));
#6563=CARTESIAN_POINT('Origin',(24.2686999984449,-3.75,9.83480251995846));
#6564=CARTESIAN_POINT('Origin',(24.2686999984449,-3.75,9.83480251995846));
#6565=CARTESIAN_POINT('Origin',(25.453182300488,-3.75,11.2581681557787));
#6566=CARTESIAN_POINT('',(24.5936999989975,-4.,10.2253476818661));
#6567=CARTESIAN_POINT('Origin',(24.5936999989975,-3.75,10.2253476818661));
#6568=CARTESIAN_POINT('',(25.453182300488,-4.,11.2581681557787));
#6569=CARTESIAN_POINT('Origin',(23.9436999995087,0.,10.2253476800172));
#6570=CARTESIAN_POINT('',(23.7515347892234,-3.75,10.0654335406923));
#6571=CARTESIAN_POINT('',(23.7515347892234,0.,10.0654335406923));
#6572=CARTESIAN_POINT('',(23.6936999995087,-3.75,10.2253476800172));
#6573=CARTESIAN_POINT('Origin',(23.9436999995087,-3.75,10.2253476800172));
#6574=CARTESIAN_POINT('',(23.6936999995087,0.,10.2253476800172));
#6575=CARTESIAN_POINT('Origin',(23.9436999995087,-3.75,10.2253476800171));
#6576=CARTESIAN_POINT('',(23.9436999995087,-4.,10.2253476800171));
#6577=CARTESIAN_POINT('Origin',(23.9436999995087,-3.75,10.2253476800171));
#6578=CARTESIAN_POINT('Origin',(23.9436999995087,-3.75,10.2253476800171));
#6579=CARTESIAN_POINT('Origin',(22.796717697318,-3.75,11.6036504131243));
#6580=CARTESIAN_POINT('',(22.796717697318,-4.,11.6036504131243));
#6581=CARTESIAN_POINT('',(22.6045524870327,-3.75,11.4437362737994));
#6582=CARTESIAN_POINT('Origin',(23.6936999995087,0.,10.1349323015539));
#6583=CARTESIAN_POINT('Origin',(23.9436999995087,0.,19.8621523182573));
#6584=CARTESIAN_POINT('',(23.6936999995087,-3.75,19.8621523182573));
#6585=CARTESIAN_POINT('',(23.6936999995087,0.,19.8621523182573));
#6586=CARTESIAN_POINT('',(23.7515347892423,-3.75,20.0220664576048));
#6587=CARTESIAN_POINT('Origin',(23.9436999995087,-3.75,19.8621523182573));
#6588=CARTESIAN_POINT('',(23.7515347892423,0.,20.0220664576048));
#6589=CARTESIAN_POINT('Origin',(23.9436999995087,-3.75,19.8621523182573));
#6590=CARTESIAN_POINT('',(23.9436999995087,-4.,19.8621523182573));
#6591=CARTESIAN_POINT('Origin',(23.9436999995087,-3.75,19.8621523182573));
#6592=CARTESIAN_POINT('Origin',(23.9436999995087,-3.75,19.8621523182573));
#6593=CARTESIAN_POINT('Origin',(23.9436999995087,-3.75,17.4981588483825));
#6594=CARTESIAN_POINT('',(23.9436999995087,-4.,17.4981588483825));
#6595=CARTESIAN_POINT('',(23.6936999995087,-3.75,17.4981588483825));
#6596=CARTESIAN_POINT('Origin',(23.6936999995087,0.,19.9525676967372));
#6597=CARTESIAN_POINT('Origin',(24.5936999989975,-3.75,19.8621523199708));
#6598=CARTESIAN_POINT('',(24.5936999989975,-4.,19.8621523199708));
#6599=CARTESIAN_POINT('Origin',(24.5936999989975,-3.75,19.8621523199708));
#6600=CARTESIAN_POINT('Origin',(24.5936999989975,-3.75,19.8621523199708));
#6601=CARTESIAN_POINT('Origin',(25.7406823011716,-3.75,18.4838495868837));
#6602=CARTESIAN_POINT('',(24.268700000005,-4.,20.2526974800973));
#6603=CARTESIAN_POINT('Origin',(24.268700000005,-3.75,20.2526974800973));
#6604=CARTESIAN_POINT('',(25.7406823011716,-4.,18.4838495868837));
#6605=CARTESIAN_POINT('Origin',(24.5936999989975,-3.75,10.2253476818661));
#6606=CARTESIAN_POINT('Origin',(24.5936999989975,-3.75,10.2253476818661));
#6607=CARTESIAN_POINT('Origin',(24.5936999989975,-3.75,12.5893411517071));
#6608=CARTESIAN_POINT('',(24.5936999989975,-4.,12.5893411517071));
#6609=CARTESIAN_POINT('Origin',(23.0842176979734,-3.75,18.8293318442909));
#6610=CARTESIAN_POINT('',(23.0842176979734,-4.,18.8293318442909));
#6611=CARTESIAN_POINT('',(22.892052487707,-3.75,18.9892459836384));
#6612=CARTESIAN_POINT('Origin',(24.268700000028,0.,20.6435322134075));
#6613=CARTESIAN_POINT('Origin',(24.2686999992531,-4.,15.0437500000279));
#6614=CARTESIAN_POINT('Origin',(31.6894895921535,0.,20.9562));
#6615=UNCERTAINTY_MEASURE_WITH_UNIT(LENGTH_MEASURE(0.01),#6619,
'DISTANCE_ACCURACY_VALUE',
'Maximum model space distance between geometric entities at asserted c
onnectivities');
#6616=UNCERTAINTY_MEASURE_WITH_UNIT(LENGTH_MEASURE(0.01),#6619,
'DISTANCE_ACCURACY_VALUE',
'Maximum model space distance between geometric entities at asserted c
onnectivities');
#6617=(
GEOMETRIC_REPRESENTATION_CONTEXT(3)
GLOBAL_UNCERTAINTY_ASSIGNED_CONTEXT((#6615))
GLOBAL_UNIT_ASSIGNED_CONTEXT((#6619,#6621,#6622))
REPRESENTATION_CONTEXT('','3D')
);
#6618=(
GEOMETRIC_REPRESENTATION_CONTEXT(3)
GLOBAL_UNCERTAINTY_ASSIGNED_CONTEXT((#6616))
GLOBAL_UNIT_ASSIGNED_CONTEXT((#6619,#6621,#6622))
REPRESENTATION_CONTEXT('','3D')
);
#6619=(
LENGTH_UNIT()
NAMED_UNIT(*)
SI_UNIT(.MILLI.,.METRE.)
);
#6620=(
LENGTH_UNIT()
NAMED_UNIT(*)
SI_UNIT($,.METRE.)
);
#6621=(
NAMED_UNIT(*)
PLANE_ANGLE_UNIT()
SI_UNIT($,.RADIAN.)
);
#6622=(
NAMED_UNIT(*)
SI_UNIT($,.STERADIAN.)
SOLID_ANGLE_UNIT()
);
#6623=SHAPE_DEFINITION_REPRESENTATION(#6624,#6625);
#6624=PRODUCT_DEFINITION_SHAPE('',$,#6627);
#6625=SHAPE_REPRESENTATION('',(#3536),#6617);
#6626=PRODUCT_DEFINITION_CONTEXT('part definition',#6631,'design');
#6627=PRODUCT_DEFINITION('2026-09-08-14-48-48-776','FusionComponent',#6628,
#6626);
#6628=PRODUCT_DEFINITION_FORMATION('',$,#6633);
#6629=PRODUCT_RELATED_PRODUCT_CATEGORY('FusionComponent',
'FusionComponent',(#6633));
#6630=APPLICATION_PROTOCOL_DEFINITION('international standard',
'automotive_design',2009,#6631);
#6631=APPLICATION_CONTEXT(
'Core Data for Automotive Mechanical Design Process');
#6632=PRODUCT_CONTEXT('part definition',#6631,'mechanical');
#6633=PRODUCT('2026-09-08-14-48-48-776','FusionComponent',$,(#6632));
#6634=PRESENTATION_STYLE_ASSIGNMENT((#6635));
#6635=SURFACE_STYLE_USAGE(.BOTH.,#6636);
#6636=SURFACE_SIDE_STYLE('',(#6637));
#6637=SURFACE_STYLE_FILL_AREA(#6638);
#6638=FILL_AREA_STYLE('Steel - Satin',(#6639));
#6639=FILL_AREA_STYLE_COLOUR('Steel - Satin',#6640);
#6640=COLOUR_RGB('Steel - Satin',0.627450980392157,0.627450980392157,0.627450980392157);
ENDSEC;
END-ISO-10303-21;
