ISO-10303-21;
HEADER;
/* Generated by software containing ST-Developer
 * from STEP Tools, Inc. (www.steptools.com) 
 */

FILE_DESCRIPTION(
/* description */ (''),
/* implementation_level */ '2;1');

FILE_NAME(
/* name */ '2x_faceplate_connector.step',
/* time_stamp */ '2026-09-08T14:46:09-04:00',
/* author */ (''),
/* organization */ (''),
/* preprocessor_version */ 'ST-DEVELOPER v20.1',
/* originating_system */ 'Autodesk Translation Framework v14.24.0.0',
/* authorisation */ '');

FILE_SCHEMA (('AUTOMOTIVE_DESIGN { 1 0 10303 214 3 1 1 }'));
ENDSEC;

DATA;
#10=MECHANICAL_DESIGN_GEOMETRIC_PRESENTATION_REPRESENTATION('',(#13),#2449);
#11=SHAPE_REPRESENTATION_RELATIONSHIP('SRR','None',#2456,#12);
#12=ADVANCED_BREP_SHAPE_REPRESENTATION('',(#14),#2448);
#13=STYLED_ITEM('',(#2465),#14);
#14=MANIFOLD_SOLID_BREP('Body1',#1289);
#15=B_SPLINE_CURVE_WITH_KNOTS('',3,(#2049,#2050,#2051,#2052,#2053,#2054,
#2055,#2056,#2057,#2058),.UNSPECIFIED.,.F.,.F.,(4,2,2,2,4),(-0.0376407702735327,
-0.0374794144731247,-0.0169661428311359,-0.00690450057278121,0.),
 .UNSPECIFIED.);
#16=B_SPLINE_CURVE_WITH_KNOTS('',3,(#2126,#2127,#2128,#2129,#2130,#2131,
#2132,#2133,#2134,#2135),.UNSPECIFIED.,.F.,.F.,(4,2,2,2,4),(-0.0376407702734795,
-0.0374794144731286,-0.0169661428311386,-0.00690450057278222,0.),
 .UNSPECIFIED.);
#17=B_SPLINE_CURVE_WITH_KNOTS('',3,(#2238,#2239,#2240,#2241,#2242,#2243,
#2244,#2245,#2246,#2247),.UNSPECIFIED.,.F.,.F.,(4,2,2,2,4),(-0.0376407702736873,
-0.0374794144731159,-0.0169661428311308,-0.00690450057278091,0.),
 .UNSPECIFIED.);
#18=B_SPLINE_CURVE_WITH_KNOTS('',3,(#2307,#2308,#2309,#2310,#2311,#2312,
#2313,#2314,#2315,#2316),.UNSPECIFIED.,.F.,.F.,(4,2,2,2,4),(-0.0376407702737461,
-0.0374794144732129,-0.0169661428311616,-0.00690450057278678,0.),
 .UNSPECIFIED.);
#19=B_SPLINE_SURFACE_WITH_KNOTS('',3,3,((#2025,#2026,#2027,#2028),(#2029,
#2030,#2031,#2032),(#2033,#2034,#2035,#2036),(#2037,#2038,#2039,#2040),
(#2041,#2042,#2043,#2044)),.UNSPECIFIED.,.F.,.F.,.F.,(4,1,4),(4,4),(0.,
0.5,1.),(-1.5707963267949,-0.673458236693772),.UNSPECIFIED.);
#20=B_SPLINE_SURFACE_WITH_KNOTS('',3,3,((#2068,#2069,#2070,#2071),(#2072,
#2073,#2074,#2075),(#2076,#2077,#2078,#2079),(#2080,#2081,#2082,#2083),
(#2084,#2085,#2086,#2087)),.UNSPECIFIED.,.F.,.F.,.F.,(4,1,4),(4,4),(0.,
0.5,1.),(0.673458236693857,1.5707963267949),.UNSPECIFIED.);
#21=B_SPLINE_SURFACE_WITH_KNOTS('',3,3,((#2102,#2103,#2104,#2105),(#2106,
#2107,#2108,#2109),(#2110,#2111,#2112,#2113),(#2114,#2115,#2116,#2117),
(#2118,#2119,#2120,#2121)),.UNSPECIFIED.,.F.,.F.,.F.,(4,1,4),(4,4),(0.,
0.5,1.),(-1.57079632679491,-0.673458236693796),.UNSPECIFIED.);
#22=B_SPLINE_SURFACE_WITH_KNOTS('',3,3,((#2142,#2143,#2144,#2145),(#2146,
#2147,#2148,#2149),(#2150,#2151,#2152,#2153),(#2154,#2155,#2156,#2157),
(#2158,#2159,#2160,#2161)),.UNSPECIFIED.,.F.,.F.,.F.,(4,1,4),(4,4),(0.,
0.5,1.),(0.673458236693816,1.5707963267949),.UNSPECIFIED.);
#23=B_SPLINE_SURFACE_WITH_KNOTS('',3,3,((#2216,#2217,#2218,#2219),(#2220,
#2221,#2222,#2223),(#2224,#2225,#2226,#2227),(#2228,#2229,#2230,#2231),
(#2232,#2233,#2234,#2235)),.UNSPECIFIED.,.F.,.F.,.F.,(4,1,4),(4,4),(0.,
0.5,1.),(-1.57079632679491,-0.673458236691988),.UNSPECIFIED.);
#24=B_SPLINE_SURFACE_WITH_KNOTS('',3,3,((#2254,#2255,#2256,#2257),(#2258,
#2259,#2260,#2261),(#2262,#2263,#2264,#2265),(#2266,#2267,#2268,#2269),
(#2270,#2271,#2272,#2273)),.UNSPECIFIED.,.F.,.F.,.F.,(4,1,4),(4,4),(0.,
0.5,1.),(0.673458236689584,1.5707963267949),.UNSPECIFIED.);
#25=B_SPLINE_SURFACE_WITH_KNOTS('',3,3,((#2283,#2284,#2285,#2286),(#2287,
#2288,#2289,#2290),(#2291,#2292,#2293,#2294),(#2295,#2296,#2297,#2298),
(#2299,#2300,#2301,#2302)),.UNSPECIFIED.,.F.,.F.,.F.,(4,1,4),(4,4),(0.,
0.5,1.),(-1.57079632679491,-0.673458236691969),.UNSPECIFIED.);
#26=B_SPLINE_SURFACE_WITH_KNOTS('',3,3,((#2323,#2324,#2325,#2326),(#2327,
#2328,#2329,#2330),(#2331,#2332,#2333,#2334),(#2335,#2336,#2337,#2338),
(#2339,#2340,#2341,#2342)),.UNSPECIFIED.,.F.,.F.,.F.,(4,1,4),(4,4),(0.,
0.5,1.),(0.673458236689563,1.5707963267949),.UNSPECIFIED.);
#27=ELLIPSE('',#1357,0.265847589163711,0.25);
#28=ELLIPSE('',#1358,0.265847589163707,0.25);
#29=ELLIPSE('',#1361,0.650481946344804,0.5);
#30=ELLIPSE('',#1362,0.485414011458804,0.25);
#31=ELLIPSE('',#1365,0.265847589163702,0.25);
#32=ELLIPSE('',#1366,0.485414011458804,0.25);
#33=ELLIPSE('',#1367,0.650481946344804,0.5);
#34=ELLIPSE('',#1369,0.26584758916371,0.25);
#35=ELLIPSE('',#1372,0.650481946344802,0.5);
#36=ELLIPSE('',#1373,0.485414011458798,0.25);
#37=ELLIPSE('',#1376,0.485414011458798,0.25);
#38=ELLIPSE('',#1377,0.650481946344802,0.5);
#39=ELLIPSE('',#1379,0.48541401145881,0.25);
#40=ELLIPSE('',#1380,0.485414011458802,0.25);
#41=ELLIPSE('',#1388,0.265847589163708,0.25);
#42=ELLIPSE('',#1389,0.2658475891637,0.25);
#43=ELLIPSE('',#1392,0.650481946344805,0.5);
#44=ELLIPSE('',#1395,0.265847589163707,0.25);
#45=ELLIPSE('',#1396,0.650481946344812,0.5);
#46=ELLIPSE('',#1398,0.265847589163696,0.25);
#47=ELLIPSE('',#1401,0.650481946344799,0.5);
#48=ELLIPSE('',#1402,0.485414011458796,0.25);
#49=ELLIPSE('',#1405,0.485414011458807,0.25);
#50=ELLIPSE('',#1406,0.650481946344808,0.5);
#51=TOROIDAL_SURFACE('',#1344,0.5,0.25);
#52=TOROIDAL_SURFACE('',#1349,0.5,0.25);
#53=TOROIDAL_SURFACE('',#1420,0.75,0.5);
#54=TOROIDAL_SURFACE('',#1424,0.75,0.5);
#55=FACE_BOUND('',#182,.T.);
#56=FACE_BOUND('',#183,.T.);
#57=FACE_BOUND('',#251,.T.);
#58=FACE_BOUND('',#252,.T.);
#59=FACE_BOUND('',#253,.T.);
#60=FACE_BOUND('',#254,.T.);
#61=PLANE('',#1328);
#62=PLANE('',#1337);
#63=PLANE('',#1355);
#64=PLANE('',#1383);
#65=PLANE('',#1384);
#66=PLANE('',#1385);
#67=PLANE('',#1386);
#68=PLANE('',#1410);
#69=PLANE('',#1411);
#70=PLANE('',#1412);
#71=PLANE('',#1417);
#72=PLANE('',#1427);
#73=PLANE('',#1428);
#74=PLANE('',#1438);
#75=PLANE('',#1439);
#76=PLANE('',#1440);
#77=PLANE('',#1441);
#78=PLANE('',#1442);
#79=PLANE('',#1443);
#80=PLANE('',#1444);
#81=PLANE('',#1445);
#82=PLANE('',#1448);
#83=PLANE('',#1451);
#84=PLANE('',#1452);
#85=SPHERICAL_SURFACE('',#1319,0.25);
#86=SPHERICAL_SURFACE('',#1324,0.25);
#87=SPHERICAL_SURFACE('',#1429,0.250000000000004);
#88=SPHERICAL_SURFACE('',#1433,0.249999999999999);
#89=(
BOUNDED_SURFACE()
B_SPLINE_SURFACE(2,2,((#1871,#1872,#1873),(#1874,#1875,#1876),(#1877,#1878,
#1879)),.UNSPECIFIED.,.F.,.F.,.F.)
B_SPLINE_SURFACE_WITH_KNOTS((3,3),(3,3),(-1.5707963267949,0.),(-1.5707963267949,
0.),.UNSPECIFIED.)
GEOMETRIC_REPRESENTATION_ITEM()
RATIONAL_B_SPLINE_SURFACE(((1.,0.707106781186548,1.),(0.707106781186546,
0.499999999999999,0.707106781186546),(1.,0.707106781186548,1.)))
REPRESENTATION_ITEM('')
SURFACE()
);
#90=(
BOUNDED_SURFACE()
B_SPLINE_SURFACE(2,2,((#1891,#1892,#1893),(#1894,#1895,#1896),(#1897,#1898,
#1899)),.UNSPECIFIED.,.F.,.F.,.F.)
B_SPLINE_SURFACE_WITH_KNOTS((3,3),(3,3),(-1.5707963267949,0.),(-3.14159265358979,
-1.5707963267949),.UNSPECIFIED.)
GEOMETRIC_REPRESENTATION_ITEM()
RATIONAL_B_SPLINE_SURFACE(((1.,0.707106781186548,1.),(0.707106781186513,
0.499999999999976,0.707106781186513),(1.,0.707106781186548,1.)))
REPRESENTATION_ITEM('')
SURFACE()
);
#91=(
BOUNDED_SURFACE()
B_SPLINE_SURFACE(2,2,((#1964,#1965,#1966),(#1967,#1968,#1969),(#1970,#1971,
#1972)),.UNSPECIFIED.,.F.,.F.,.F.)
B_SPLINE_SURFACE_WITH_KNOTS((3,3),(3,3),(-1.5707963267949,0.),(0.,1.5707963267949),
 .UNSPECIFIED.)
GEOMETRIC_REPRESENTATION_ITEM()
RATIONAL_B_SPLINE_SURFACE(((1.,0.707106781186548,1.),(0.707106781186513,
0.499999999999976,0.707106781186513),(1.,0.707106781186548,1.)))
REPRESENTATION_ITEM('')
SURFACE()
);
#92=(
BOUNDED_SURFACE()
B_SPLINE_SURFACE(2,2,((#1996,#1997,#1998),(#1999,#2000,#2001),(#2002,#2003,
#2004)),.UNSPECIFIED.,.F.,.F.,.F.)
B_SPLINE_SURFACE_WITH_KNOTS((3,3),(3,3),(-1.5707963267949,0.),(1.5707963267949,
3.14159265358979),.UNSPECIFIED.)
GEOMETRIC_REPRESENTATION_ITEM()
RATIONAL_B_SPLINE_SURFACE(((1.,0.707106781186548,1.),(0.707106781186545,
0.499999999999998,0.707106781186545),(1.,0.707106781186548,1.)))
REPRESENTATION_ITEM('')
SURFACE()
);
#93=FACE_OUTER_BOUND('',#171,.T.);
#94=FACE_OUTER_BOUND('',#172,.T.);
#95=FACE_OUTER_BOUND('',#173,.T.);
#96=FACE_OUTER_BOUND('',#174,.T.);
#97=FACE_OUTER_BOUND('',#175,.T.);
#98=FACE_OUTER_BOUND('',#176,.T.);
#99=FACE_OUTER_BOUND('',#177,.T.);
#100=FACE_OUTER_BOUND('',#178,.T.);
#101=FACE_OUTER_BOUND('',#179,.T.);
#102=FACE_OUTER_BOUND('',#180,.T.);
#103=FACE_OUTER_BOUND('',#181,.T.);
#104=FACE_OUTER_BOUND('',#184,.T.);
#105=FACE_OUTER_BOUND('',#185,.T.);
#106=FACE_OUTER_BOUND('',#186,.T.);
#107=FACE_OUTER_BOUND('',#187,.T.);
#108=FACE_OUTER_BOUND('',#188,.T.);
#109=FACE_OUTER_BOUND('',#189,.T.);
#110=FACE_OUTER_BOUND('',#190,.T.);
#111=FACE_OUTER_BOUND('',#191,.T.);
#112=FACE_OUTER_BOUND('',#192,.T.);
#113=FACE_OUTER_BOUND('',#193,.T.);
#114=FACE_OUTER_BOUND('',#194,.T.);
#115=FACE_OUTER_BOUND('',#195,.T.);
#116=FACE_OUTER_BOUND('',#196,.T.);
#117=FACE_OUTER_BOUND('',#197,.T.);
#118=FACE_OUTER_BOUND('',#198,.T.);
#119=FACE_OUTER_BOUND('',#199,.T.);
#120=FACE_OUTER_BOUND('',#200,.T.);
#121=FACE_OUTER_BOUND('',#201,.T.);
#122=FACE_OUTER_BOUND('',#202,.T.);
#123=FACE_OUTER_BOUND('',#203,.T.);
#124=FACE_OUTER_BOUND('',#204,.T.);
#125=FACE_OUTER_BOUND('',#205,.T.);
#126=FACE_OUTER_BOUND('',#206,.T.);
#127=FACE_OUTER_BOUND('',#207,.T.);
#128=FACE_OUTER_BOUND('',#208,.T.);
#129=FACE_OUTER_BOUND('',#209,.T.);
#130=FACE_OUTER_BOUND('',#210,.T.);
#131=FACE_OUTER_BOUND('',#211,.T.);
#132=FACE_OUTER_BOUND('',#212,.T.);
#133=FACE_OUTER_BOUND('',#213,.T.);
#134=FACE_OUTER_BOUND('',#214,.T.);
#135=FACE_OUTER_BOUND('',#215,.T.);
#136=FACE_OUTER_BOUND('',#216,.T.);
#137=FACE_OUTER_BOUND('',#217,.T.);
#138=FACE_OUTER_BOUND('',#218,.T.);
#139=FACE_OUTER_BOUND('',#219,.T.);
#140=FACE_OUTER_BOUND('',#220,.T.);
#141=FACE_OUTER_BOUND('',#221,.T.);
#142=FACE_OUTER_BOUND('',#222,.T.);
#143=FACE_OUTER_BOUND('',#223,.T.);
#144=FACE_OUTER_BOUND('',#224,.T.);
#145=FACE_OUTER_BOUND('',#225,.T.);
#146=FACE_OUTER_BOUND('',#226,.T.);
#147=FACE_OUTER_BOUND('',#227,.T.);
#148=FACE_OUTER_BOUND('',#228,.T.);
#149=FACE_OUTER_BOUND('',#229,.T.);
#150=FACE_OUTER_BOUND('',#230,.T.);
#151=FACE_OUTER_BOUND('',#231,.T.);
#152=FACE_OUTER_BOUND('',#232,.T.);
#153=FACE_OUTER_BOUND('',#233,.T.);
#154=FACE_OUTER_BOUND('',#234,.T.);
#155=FACE_OUTER_BOUND('',#235,.T.);
#156=FACE_OUTER_BOUND('',#236,.T.);
#157=FACE_OUTER_BOUND('',#237,.T.);
#158=FACE_OUTER_BOUND('',#238,.T.);
#159=FACE_OUTER_BOUND('',#239,.T.);
#160=FACE_OUTER_BOUND('',#240,.T.);
#161=FACE_OUTER_BOUND('',#241,.T.);
#162=FACE_OUTER_BOUND('',#242,.T.);
#163=FACE_OUTER_BOUND('',#243,.T.);
#164=FACE_OUTER_BOUND('',#244,.T.);
#165=FACE_OUTER_BOUND('',#245,.T.);
#166=FACE_OUTER_BOUND('',#246,.T.);
#167=FACE_OUTER_BOUND('',#247,.T.);
#168=FACE_OUTER_BOUND('',#248,.T.);
#169=FACE_OUTER_BOUND('',#249,.T.);
#170=FACE_OUTER_BOUND('',#250,.T.);
#171=EDGE_LOOP('',(#805,#806,#807,#808));
#172=EDGE_LOOP('',(#809,#810,#811,#812));
#173=EDGE_LOOP('',(#813,#814,#815,#816));
#174=EDGE_LOOP('',(#817,#818,#819,#820));
#175=EDGE_LOOP('',(#821,#822,#823,#824));
#176=EDGE_LOOP('',(#825,#826,#827,#828));
#177=EDGE_LOOP('',(#829,#830,#831));
#178=EDGE_LOOP('',(#832,#833,#834,#835));
#179=EDGE_LOOP('',(#836,#837,#838));
#180=EDGE_LOOP('',(#839,#840,#841,#842));
#181=EDGE_LOOP('',(#843,#844,#845,#846,#847,#848,#849,#850,#851,#852,#853,
#854,#855,#856));
#182=EDGE_LOOP('',(#857));
#183=EDGE_LOOP('',(#858));
#184=EDGE_LOOP('',(#859,#860,#861,#862));
#185=EDGE_LOOP('',(#863,#864,#865,#866,#867,#868,#869,#870,#871,#872));
#186=EDGE_LOOP('',(#873,#874,#875,#876));
#187=EDGE_LOOP('',(#877,#878,#879,#880));
#188=EDGE_LOOP('',(#881,#882,#883,#884));
#189=EDGE_LOOP('',(#885,#886,#887,#888));
#190=EDGE_LOOP('',(#889,#890,#891,#892));
#191=EDGE_LOOP('',(#893,#894,#895,#896));
#192=EDGE_LOOP('',(#897,#898,#899,#900));
#193=EDGE_LOOP('',(#901,#902,#903,#904));
#194=EDGE_LOOP('',(#905,#906,#907,#908));
#195=EDGE_LOOP('',(#909,#910,#911,#912));
#196=EDGE_LOOP('',(#913,#914,#915,#916));
#197=EDGE_LOOP('',(#917,#918,#919,#920));
#198=EDGE_LOOP('',(#921,#922,#923,#924));
#199=EDGE_LOOP('',(#925,#926,#927,#928));
#200=EDGE_LOOP('',(#929,#930,#931,#932));
#201=EDGE_LOOP('',(#933,#934,#935,#936));
#202=EDGE_LOOP('',(#937,#938,#939,#940));
#203=EDGE_LOOP('',(#941,#942,#943,#944));
#204=EDGE_LOOP('',(#945,#946,#947,#948,#949,#950,#951,#952,#953,#954));
#205=EDGE_LOOP('',(#955,#956,#957,#958,#959,#960,#961,#962));
#206=EDGE_LOOP('',(#963,#964,#965,#966));
#207=EDGE_LOOP('',(#967,#968,#969,#970,#971));
#208=EDGE_LOOP('',(#972,#973,#974,#975,#976));
#209=EDGE_LOOP('',(#977,#978,#979,#980));
#210=EDGE_LOOP('',(#981,#982,#983,#984));
#211=EDGE_LOOP('',(#985,#986,#987,#988));
#212=EDGE_LOOP('',(#989,#990,#991,#992));
#213=EDGE_LOOP('',(#993,#994,#995,#996));
#214=EDGE_LOOP('',(#997,#998,#999,#1000));
#215=EDGE_LOOP('',(#1001,#1002,#1003,#1004));
#216=EDGE_LOOP('',(#1005,#1006,#1007,#1008));
#217=EDGE_LOOP('',(#1009,#1010,#1011,#1012));
#218=EDGE_LOOP('',(#1013,#1014,#1015,#1016));
#219=EDGE_LOOP('',(#1017,#1018,#1019,#1020,#1021,#1022,#1023,#1024,#1025,
#1026));
#220=EDGE_LOOP('',(#1027,#1028,#1029,#1030));
#221=EDGE_LOOP('',(#1031,#1032,#1033,#1034,#1035));
#222=EDGE_LOOP('',(#1036,#1037,#1038,#1039,#1040));
#223=EDGE_LOOP('',(#1041,#1042,#1043,#1044));
#224=EDGE_LOOP('',(#1045,#1046,#1047,#1048));
#225=EDGE_LOOP('',(#1049,#1050,#1051,#1052));
#226=EDGE_LOOP('',(#1053,#1054,#1055,#1056));
#227=EDGE_LOOP('',(#1057,#1058,#1059,#1060));
#228=EDGE_LOOP('',(#1061,#1062,#1063,#1064));
#229=EDGE_LOOP('',(#1065,#1066,#1067,#1068));
#230=EDGE_LOOP('',(#1069,#1070,#1071,#1072));
#231=EDGE_LOOP('',(#1073,#1074,#1075,#1076,#1077,#1078));
#232=EDGE_LOOP('',(#1079,#1080,#1081,#1082));
#233=EDGE_LOOP('',(#1083,#1084,#1085));
#234=EDGE_LOOP('',(#1086,#1087,#1088,#1089));
#235=EDGE_LOOP('',(#1090,#1091,#1092));
#236=EDGE_LOOP('',(#1093,#1094,#1095,#1096));
#237=EDGE_LOOP('',(#1097,#1098,#1099,#1100));
#238=EDGE_LOOP('',(#1101,#1102,#1103,#1104));
#239=EDGE_LOOP('',(#1105,#1106,#1107,#1108));
#240=EDGE_LOOP('',(#1109,#1110,#1111,#1112,#1113,#1114));
#241=EDGE_LOOP('',(#1115,#1116,#1117,#1118));
#242=EDGE_LOOP('',(#1119,#1120,#1121,#1122,#1123));
#243=EDGE_LOOP('',(#1124,#1125,#1126,#1127,#1128));
#244=EDGE_LOOP('',(#1129,#1130,#1131,#1132,#1133));
#245=EDGE_LOOP('',(#1134,#1135,#1136,#1137,#1138));
#246=EDGE_LOOP('',(#1139,#1140,#1141,#1142));
#247=EDGE_LOOP('',(#1143,#1144,#1145,#1146));
#248=EDGE_LOOP('',(#1147,#1148,#1149,#1150));
#249=EDGE_LOOP('',(#1151,#1152,#1153,#1154));
#250=EDGE_LOOP('',(#1155,#1156,#1157,#1158,#1159,#1160,#1161,#1162));
#251=EDGE_LOOP('',(#1163));
#252=EDGE_LOOP('',(#1164,#1165,#1166,#1167,#1168,#1169));
#253=EDGE_LOOP('',(#1170));
#254=EDGE_LOOP('',(#1171,#1172,#1173,#1174,#1175,#1176));
#255=LINE('',#1859,#353);
#256=LINE('',#1862,#354);
#257=LINE('',#1867,#355);
#258=LINE('',#1870,#356);
#259=LINE('',#1889,#357);
#260=LINE('',#1890,#358);
#261=LINE('',#1909,#359);
#262=LINE('',#1910,#360);
#263=LINE('',#1918,#361);
#264=LINE('',#1920,#362);
#265=LINE('',#1925,#363);
#266=LINE('',#1928,#364);
#267=LINE('',#1931,#365);
#268=LINE('',#1935,#366);
#269=LINE('',#1939,#367);
#270=LINE('',#1943,#368);
#271=LINE('',#1951,#369);
#272=LINE('',#1955,#370);
#273=LINE('',#1959,#371);
#274=LINE('',#1962,#372);
#275=LINE('',#1963,#373);
#276=LINE('',#1979,#374);
#277=LINE('',#1987,#375);
#278=LINE('',#1995,#376);
#279=LINE('',#2008,#377);
#280=LINE('',#2009,#378);
#281=LINE('',#2013,#379);
#282=LINE('',#2017,#380);
#283=LINE('',#2021,#381);
#284=LINE('',#2024,#382);
#285=LINE('',#2062,#383);
#286=LINE('',#2066,#384);
#287=LINE('',#2092,#385);
#288=LINE('',#2094,#386);
#289=LINE('',#2098,#387);
#290=LINE('',#2101,#388);
#291=LINE('',#2138,#389);
#292=LINE('',#2141,#390);
#293=LINE('',#2166,#391);
#294=LINE('',#2172,#392);
#295=LINE('',#2176,#393);
#296=LINE('',#2179,#394);
#297=LINE('',#2182,#395);
#298=LINE('',#2184,#396);
#299=LINE('',#2186,#397);
#300=LINE('',#2187,#398);
#301=LINE('',#2190,#399);
#302=LINE('',#2192,#400);
#303=LINE('',#2193,#401);
#304=LINE('',#2196,#402);
#305=LINE('',#2197,#403);
#306=LINE('',#2200,#404);
#307=LINE('',#2201,#405);
#308=LINE('',#2205,#406);
#309=LINE('',#2209,#407);
#310=LINE('',#2212,#408);
#311=LINE('',#2215,#409);
#312=LINE('',#2251,#410);
#313=LINE('',#2277,#411);
#314=LINE('',#2282,#412);
#315=LINE('',#2319,#413);
#316=LINE('',#2322,#414);
#317=LINE('',#2347,#415);
#318=LINE('',#2351,#416);
#319=LINE('',#2354,#417);
#320=LINE('',#2357,#418);
#321=LINE('',#2359,#419);
#322=LINE('',#2360,#420);
#323=LINE('',#2363,#421);
#324=LINE('',#2364,#422);
#325=LINE('',#2367,#423);
#326=LINE('',#2368,#424);
#327=LINE('',#2372,#425);
#328=LINE('',#2375,#426);
#329=LINE('',#2378,#427);
#330=LINE('',#2380,#428);
#331=LINE('',#2382,#429);
#332=LINE('',#2388,#430);
#333=LINE('',#2392,#431);
#334=LINE('',#2395,#432);
#335=LINE('',#2401,#433);
#336=LINE('',#2402,#434);
#337=LINE('',#2408,#435);
#338=LINE('',#2410,#436);
#339=LINE('',#2411,#437);
#340=LINE('',#2417,#438);
#341=LINE('',#2418,#439);
#342=LINE('',#2421,#440);
#343=LINE('',#2423,#441);
#344=LINE('',#2424,#442);
#345=LINE('',#2426,#443);
#346=LINE('',#2429,#444);
#347=LINE('',#2430,#445);
#348=LINE('',#2432,#446);
#349=LINE('',#2436,#447);
#350=LINE('',#2438,#448);
#351=LINE('',#2442,#449);
#352=LINE('',#2444,#450);
#353=VECTOR('',#1459,10.);
#354=VECTOR('',#1462,10.);
#355=VECTOR('',#1467,10.);
#356=VECTOR('',#1470,10.);
#357=VECTOR('',#1481,10.);
#358=VECTOR('',#1482,10.);
#359=VECTOR('',#1493,10.);
#360=VECTOR('',#1494,10.);
#361=VECTOR('',#1503,10.);
#362=VECTOR('',#1506,10.);
#363=VECTOR('',#1513,10.);
#364=VECTOR('',#1516,10.);
#365=VECTOR('',#1519,10.);
#366=VECTOR('',#1522,10.);
#367=VECTOR('',#1525,10.);
#368=VECTOR('',#1528,10.);
#369=VECTOR('',#1537,10.);
#370=VECTOR('',#1542,10.);
#371=VECTOR('',#1545,10.);
#372=VECTOR('',#1548,10.);
#373=VECTOR('',#1549,10.);
#374=VECTOR('',#1558,10.);
#375=VECTOR('',#1569,10.);
#376=VECTOR('',#1580,10.);
#377=VECTOR('',#1585,10.);
#378=VECTOR('',#1586,10.);
#379=VECTOR('',#1589,10.);
#380=VECTOR('',#1592,10.);
#381=VECTOR('',#1597,10.);
#382=VECTOR('',#1600,10.);
#383=VECTOR('',#1607,10.);
#384=VECTOR('',#1610,10.);
#385=VECTOR('',#1619,10.);
#386=VECTOR('',#1620,10.);
#387=VECTOR('',#1625,10.);
#388=VECTOR('',#1628,10.);
#389=VECTOR('',#1635,10.);
#390=VECTOR('',#1638,10.);
#391=VECTOR('',#1645,10.);
#392=VECTOR('',#1650,10.);
#393=VECTOR('',#1653,10.);
#394=VECTOR('',#1656,10.);
#395=VECTOR('',#1659,10.);
#396=VECTOR('',#1660,10.);
#397=VECTOR('',#1661,10.);
#398=VECTOR('',#1662,10.);
#399=VECTOR('',#1665,10.);
#400=VECTOR('',#1666,10.);
#401=VECTOR('',#1667,10.);
#402=VECTOR('',#1670,10.);
#403=VECTOR('',#1671,10.);
#404=VECTOR('',#1674,10.);
#405=VECTOR('',#1675,10.);
#406=VECTOR('',#1678,10.);
#407=VECTOR('',#1681,10.);
#408=VECTOR('',#1686,10.);
#409=VECTOR('',#1689,10.);
#410=VECTOR('',#1694,10.);
#411=VECTOR('',#1703,10.);
#412=VECTOR('',#1710,10.);
#413=VECTOR('',#1717,10.);
#414=VECTOR('',#1720,10.);
#415=VECTOR('',#1727,10.);
#416=VECTOR('',#1730,10.);
#417=VECTOR('',#1733,10.);
#418=VECTOR('',#1736,10.);
#419=VECTOR('',#1737,10.);
#420=VECTOR('',#1738,10.);
#421=VECTOR('',#1741,10.);
#422=VECTOR('',#1742,10.);
#423=VECTOR('',#1745,10.);
#424=VECTOR('',#1746,10.);
#425=VECTOR('',#1751,10.);
#426=VECTOR('',#1754,10.);
#427=VECTOR('',#1757,10.);
#428=VECTOR('',#1760,10.);
#429=VECTOR('',#1763,10.);
#430=VECTOR('',#1774,10.);
#431=VECTOR('',#1781,10.);
#432=VECTOR('',#1786,10.);
#433=VECTOR('',#1795,10.);
#434=VECTOR('',#1796,10.);
#435=VECTOR('',#1805,10.);
#436=VECTOR('',#1808,10.);
#437=VECTOR('',#1809,10.);
#438=VECTOR('',#1818,10.);
#439=VECTOR('',#1819,10.);
#440=VECTOR('',#1822,10.);
#441=VECTOR('',#1823,10.);
#442=VECTOR('',#1824,10.);
#443=VECTOR('',#1827,10.);
#444=VECTOR('',#1830,10.);
#445=VECTOR('',#1831,10.);
#446=VECTOR('',#1834,10.);
#447=VECTOR('',#1839,3.1);
#448=VECTOR('',#1842,10.);
#449=VECTOR('',#1847,3.1);
#450=VECTOR('',#1850,10.);
#451=CIRCLE('',#1304,0.25);
#452=CIRCLE('',#1305,0.25);
#453=CIRCLE('',#1307,0.25);
#454=CIRCLE('',#1308,0.249999999999999);
#455=CIRCLE('',#1309,0.249999999999999);
#456=CIRCLE('',#1310,0.25);
#457=CIRCLE('',#1311,0.5);
#458=CIRCLE('',#1313,0.249999999999999);
#459=CIRCLE('',#1314,0.249999999999995);
#460=CIRCLE('',#1315,0.25);
#461=CIRCLE('',#1316,0.5);
#462=CIRCLE('',#1318,0.250000000000004);
#463=CIRCLE('',#1320,0.250000000000001);
#464=CIRCLE('',#1322,0.25);
#465=CIRCLE('',#1323,0.250000000000004);
#466=CIRCLE('',#1325,0.250000000000001);
#467=CIRCLE('',#1327,0.249999999999999);
#468=CIRCLE('',#1329,0.25);
#469=CIRCLE('',#1330,0.5);
#470=CIRCLE('',#1331,0.5);
#471=CIRCLE('',#1332,0.25);
#472=CIRCLE('',#1333,3.1);
#473=CIRCLE('',#1334,3.1);
#474=CIRCLE('',#1336,0.249999999999999);
#475=CIRCLE('',#1338,0.75);
#476=CIRCLE('',#1339,0.75);
#477=CIRCLE('',#1340,0.249999999999995);
#478=CIRCLE('',#1341,0.5);
#479=CIRCLE('',#1343,0.250000000000004);
#480=CIRCLE('',#1345,0.250000000000001);
#481=CIRCLE('',#1346,0.25);
#482=CIRCLE('',#1348,0.249999999999999);
#483=CIRCLE('',#1350,0.250000000000005);
#484=CIRCLE('',#1351,0.25);
#485=CIRCLE('',#1353,0.25);
#486=CIRCLE('',#1354,0.5);
#487=CIRCLE('',#1360,0.25);
#488=CIRCLE('',#1364,0.250000000000003);
#489=CIRCLE('',#1371,0.25);
#490=CIRCLE('',#1375,0.249999999999999);
#491=CIRCLE('',#1381,0.25);
#492=CIRCLE('',#1382,0.25);
#493=CIRCLE('',#1391,0.25);
#494=CIRCLE('',#1394,0.249999999999999);
#495=CIRCLE('',#1400,0.25);
#496=CIRCLE('',#1404,0.250000000000007);
#497=CIRCLE('',#1408,0.25);
#498=CIRCLE('',#1409,0.25);
#499=CIRCLE('',#1414,0.5);
#500=CIRCLE('',#1416,0.5);
#501=CIRCLE('',#1419,0.5);
#502=CIRCLE('',#1421,0.5);
#503=CIRCLE('',#1423,0.5);
#504=CIRCLE('',#1425,0.499999999999989);
#505=CIRCLE('',#1430,0.249999999999997);
#506=CIRCLE('',#1431,0.250000000000004);
#507=CIRCLE('',#1434,0.249999999999999);
#508=CIRCLE('',#1435,0.25);
#509=CIRCLE('',#1447,3.1);
#510=CIRCLE('',#1450,3.1);
#511=VERTEX_POINT('',#1855);
#512=VERTEX_POINT('',#1856);
#513=VERTEX_POINT('',#1858);
#514=VERTEX_POINT('',#1860);
#515=VERTEX_POINT('',#1864);
#516=VERTEX_POINT('',#1866);
#517=VERTEX_POINT('',#1868);
#518=VERTEX_POINT('',#1880);
#519=VERTEX_POINT('',#1881);
#520=VERTEX_POINT('',#1886);
#521=VERTEX_POINT('',#1887);
#522=VERTEX_POINT('',#1900);
#523=VERTEX_POINT('',#1901);
#524=VERTEX_POINT('',#1906);
#525=VERTEX_POINT('',#1907);
#526=VERTEX_POINT('',#1914);
#527=VERTEX_POINT('',#1915);
#528=VERTEX_POINT('',#1917);
#529=VERTEX_POINT('',#1924);
#530=VERTEX_POINT('',#1926);
#531=VERTEX_POINT('',#1930);
#532=VERTEX_POINT('',#1932);
#533=VERTEX_POINT('',#1934);
#534=VERTEX_POINT('',#1936);
#535=VERTEX_POINT('',#1938);
#536=VERTEX_POINT('',#1940);
#537=VERTEX_POINT('',#1942);
#538=VERTEX_POINT('',#1945);
#539=VERTEX_POINT('',#1947);
#540=VERTEX_POINT('',#1950);
#541=VERTEX_POINT('',#1954);
#542=VERTEX_POINT('',#1956);
#543=VERTEX_POINT('',#1958);
#544=VERTEX_POINT('',#1960);
#545=VERTEX_POINT('',#1973);
#546=VERTEX_POINT('',#1977);
#547=VERTEX_POINT('',#1981);
#548=VERTEX_POINT('',#1985);
#549=VERTEX_POINT('',#1989);
#550=VERTEX_POINT('',#1993);
#551=VERTEX_POINT('',#2007);
#552=VERTEX_POINT('',#2011);
#553=VERTEX_POINT('',#2012);
#554=VERTEX_POINT('',#2014);
#555=VERTEX_POINT('',#2016);
#556=VERTEX_POINT('',#2020);
#557=VERTEX_POINT('',#2022);
#558=VERTEX_POINT('',#2045);
#559=VERTEX_POINT('',#2047);
#560=VERTEX_POINT('',#2060);
#561=VERTEX_POINT('',#2061);
#562=VERTEX_POINT('',#2063);
#563=VERTEX_POINT('',#2065);
#564=VERTEX_POINT('',#2091);
#565=VERTEX_POINT('',#2093);
#566=VERTEX_POINT('',#2097);
#567=VERTEX_POINT('',#2099);
#568=VERTEX_POINT('',#2122);
#569=VERTEX_POINT('',#2124);
#570=VERTEX_POINT('',#2137);
#571=VERTEX_POINT('',#2139);
#572=VERTEX_POINT('',#2165);
#573=VERTEX_POINT('',#2167);
#574=VERTEX_POINT('',#2169);
#575=VERTEX_POINT('',#2171);
#576=VERTEX_POINT('',#2173);
#577=VERTEX_POINT('',#2175);
#578=VERTEX_POINT('',#2177);
#579=VERTEX_POINT('',#2181);
#580=VERTEX_POINT('',#2183);
#581=VERTEX_POINT('',#2185);
#582=VERTEX_POINT('',#2189);
#583=VERTEX_POINT('',#2191);
#584=VERTEX_POINT('',#2195);
#585=VERTEX_POINT('',#2199);
#586=VERTEX_POINT('',#2203);
#587=VERTEX_POINT('',#2204);
#588=VERTEX_POINT('',#2206);
#589=VERTEX_POINT('',#2208);
#590=VERTEX_POINT('',#2213);
#591=VERTEX_POINT('',#2236);
#592=VERTEX_POINT('',#2249);
#593=VERTEX_POINT('',#2250);
#594=VERTEX_POINT('',#2276);
#595=VERTEX_POINT('',#2280);
#596=VERTEX_POINT('',#2303);
#597=VERTEX_POINT('',#2305);
#598=VERTEX_POINT('',#2318);
#599=VERTEX_POINT('',#2320);
#600=VERTEX_POINT('',#2346);
#601=VERTEX_POINT('',#2348);
#602=VERTEX_POINT('',#2350);
#603=VERTEX_POINT('',#2352);
#604=VERTEX_POINT('',#2356);
#605=VERTEX_POINT('',#2358);
#606=VERTEX_POINT('',#2362);
#607=VERTEX_POINT('',#2366);
#608=VERTEX_POINT('',#2370);
#609=VERTEX_POINT('',#2374);
#610=VERTEX_POINT('',#2376);
#611=VERTEX_POINT('',#2397);
#612=VERTEX_POINT('',#2404);
#613=VERTEX_POINT('',#2416);
#614=VERTEX_POINT('',#2420);
#615=VERTEX_POINT('',#2422);
#616=VERTEX_POINT('',#2428);
#617=VERTEX_POINT('',#2434);
#618=VERTEX_POINT('',#2440);
#619=EDGE_CURVE('',#511,#512,#451,.T.);
#620=EDGE_CURVE('',#512,#513,#255,.T.);
#621=EDGE_CURVE('',#513,#514,#452,.T.);
#622=EDGE_CURVE('',#514,#511,#256,.T.);
#623=EDGE_CURVE('',#515,#513,#453,.T.);
#624=EDGE_CURVE('',#513,#516,#257,.T.);
#625=EDGE_CURVE('',#516,#517,#454,.T.);
#626=EDGE_CURVE('',#517,#515,#258,.T.);
#627=EDGE_CURVE('',#518,#519,#455,.T.);
#628=EDGE_CURVE('',#519,#517,#456,.T.);
#629=EDGE_CURVE('',#516,#518,#457,.T.);
#630=EDGE_CURVE('',#520,#521,#458,.T.);
#631=EDGE_CURVE('',#521,#519,#259,.T.);
#632=EDGE_CURVE('',#518,#520,#260,.T.);
#633=EDGE_CURVE('',#522,#523,#459,.T.);
#634=EDGE_CURVE('',#523,#521,#460,.T.);
#635=EDGE_CURVE('',#520,#522,#461,.T.);
#636=EDGE_CURVE('',#524,#525,#462,.T.);
#637=EDGE_CURVE('',#525,#523,#261,.T.);
#638=EDGE_CURVE('',#522,#524,#262,.T.);
#639=EDGE_CURVE('',#515,#514,#463,.T.);
#640=EDGE_CURVE('',#526,#527,#464,.T.);
#641=EDGE_CURVE('',#527,#528,#263,.T.);
#642=EDGE_CURVE('',#528,#524,#465,.T.);
#643=EDGE_CURVE('',#524,#526,#264,.T.);
#644=EDGE_CURVE('',#528,#525,#466,.T.);
#645=EDGE_CURVE('',#515,#529,#265,.T.);
#646=EDGE_CURVE('',#530,#529,#467,.T.);
#647=EDGE_CURVE('',#530,#514,#266,.T.);
#648=EDGE_CURVE('',#531,#525,#267,.T.);
#649=EDGE_CURVE('',#532,#531,#468,.T.);
#650=EDGE_CURVE('',#533,#532,#268,.T.);
#651=EDGE_CURVE('',#534,#533,#469,.T.);
#652=EDGE_CURVE('',#535,#534,#269,.T.);
#653=EDGE_CURVE('',#536,#535,#470,.T.);
#654=EDGE_CURVE('',#537,#536,#270,.T.);
#655=EDGE_CURVE('',#529,#537,#471,.T.);
#656=EDGE_CURVE('',#538,#538,#472,.T.);
#657=EDGE_CURVE('',#539,#539,#473,.T.);
#658=EDGE_CURVE('',#528,#540,#271,.T.);
#659=EDGE_CURVE('',#540,#531,#474,.T.);
#660=EDGE_CURVE('',#541,#530,#272,.T.);
#661=EDGE_CURVE('',#542,#541,#475,.T.);
#662=EDGE_CURVE('',#543,#542,#273,.T.);
#663=EDGE_CURVE('',#544,#543,#476,.T.);
#664=EDGE_CURVE('',#540,#544,#274,.T.);
#665=EDGE_CURVE('',#511,#527,#275,.T.);
#666=EDGE_CURVE('',#545,#532,#477,.T.);
#667=EDGE_CURVE('',#540,#545,#478,.T.);
#668=EDGE_CURVE('',#546,#533,#479,.T.);
#669=EDGE_CURVE('',#545,#546,#276,.T.);
#670=EDGE_CURVE('',#547,#534,#480,.T.);
#671=EDGE_CURVE('',#546,#547,#481,.T.);
#672=EDGE_CURVE('',#548,#535,#482,.T.);
#673=EDGE_CURVE('',#547,#548,#277,.T.);
#674=EDGE_CURVE('',#549,#536,#483,.T.);
#675=EDGE_CURVE('',#548,#549,#484,.T.);
#676=EDGE_CURVE('',#550,#537,#485,.T.);
#677=EDGE_CURVE('',#549,#550,#278,.T.);
#678=EDGE_CURVE('',#550,#530,#486,.T.);
#679=EDGE_CURVE('',#551,#512,#279,.T.);
#680=EDGE_CURVE('',#516,#551,#280,.T.);
#681=EDGE_CURVE('',#552,#553,#281,.T.);
#682=EDGE_CURVE('',#553,#554,#27,.T.);
#683=EDGE_CURVE('',#554,#555,#282,.T.);
#684=EDGE_CURVE('',#552,#555,#28,.T.);
#685=EDGE_CURVE('',#553,#556,#283,.T.);
#686=EDGE_CURVE('',#556,#557,#487,.T.);
#687=EDGE_CURVE('',#557,#554,#284,.T.);
#688=EDGE_CURVE('',#558,#557,#29,.T.);
#689=EDGE_CURVE('',#556,#559,#30,.T.);
#690=EDGE_CURVE('',#559,#558,#15,.T.);
#691=EDGE_CURVE('',#560,#561,#285,.T.);
#692=EDGE_CURVE('',#561,#562,#488,.T.);
#693=EDGE_CURVE('',#562,#563,#286,.T.);
#694=EDGE_CURVE('',#563,#560,#31,.T.);
#695=EDGE_CURVE('',#559,#562,#32,.T.);
#696=EDGE_CURVE('',#561,#558,#33,.T.);
#697=EDGE_CURVE('',#564,#560,#287,.T.);
#698=EDGE_CURVE('',#563,#565,#288,.T.);
#699=EDGE_CURVE('',#565,#564,#34,.T.);
#700=EDGE_CURVE('',#565,#566,#289,.T.);
#701=EDGE_CURVE('',#566,#567,#489,.T.);
#702=EDGE_CURVE('',#567,#564,#290,.T.);
#703=EDGE_CURVE('',#568,#567,#35,.T.);
#704=EDGE_CURVE('',#566,#569,#36,.T.);
#705=EDGE_CURVE('',#569,#568,#16,.T.);
#706=EDGE_CURVE('',#555,#570,#291,.T.);
#707=EDGE_CURVE('',#570,#571,#490,.T.);
#708=EDGE_CURVE('',#571,#552,#292,.T.);
#709=EDGE_CURVE('',#569,#571,#37,.T.);
#710=EDGE_CURVE('',#570,#568,#38,.T.);
#711=EDGE_CURVE('',#566,#572,#293,.T.);
#712=EDGE_CURVE('',#573,#572,#39,.T.);
#713=EDGE_CURVE('',#574,#573,#40,.T.);
#714=EDGE_CURVE('',#574,#575,#294,.T.);
#715=EDGE_CURVE('',#576,#575,#491,.T.);
#716=EDGE_CURVE('',#576,#577,#295,.T.);
#717=EDGE_CURVE('',#577,#578,#492,.F.);
#718=EDGE_CURVE('',#578,#571,#296,.T.);
#719=EDGE_CURVE('',#579,#562,#297,.T.);
#720=EDGE_CURVE('',#580,#579,#298,.T.);
#721=EDGE_CURVE('',#581,#580,#299,.T.);
#722=EDGE_CURVE('',#572,#581,#300,.T.);
#723=EDGE_CURVE('',#554,#582,#301,.T.);
#724=EDGE_CURVE('',#583,#582,#302,.T.);
#725=EDGE_CURVE('',#555,#583,#303,.T.);
#726=EDGE_CURVE('',#558,#584,#304,.T.);
#727=EDGE_CURVE('',#582,#584,#305,.T.);
#728=EDGE_CURVE('',#560,#585,#306,.T.);
#729=EDGE_CURVE('',#584,#585,#307,.T.);
#730=EDGE_CURVE('',#586,#587,#308,.T.);
#731=EDGE_CURVE('',#587,#588,#41,.T.);
#732=EDGE_CURVE('',#588,#589,#309,.T.);
#733=EDGE_CURVE('',#586,#589,#42,.T.);
#734=EDGE_CURVE('',#587,#574,#310,.T.);
#735=EDGE_CURVE('',#574,#590,#493,.T.);
#736=EDGE_CURVE('',#590,#588,#311,.T.);
#737=EDGE_CURVE('',#591,#590,#43,.T.);
#738=EDGE_CURVE('',#573,#591,#17,.T.);
#739=EDGE_CURVE('',#592,#593,#312,.T.);
#740=EDGE_CURVE('',#593,#572,#494,.T.);
#741=EDGE_CURVE('',#581,#592,#44,.T.);
#742=EDGE_CURVE('',#593,#591,#45,.T.);
#743=EDGE_CURVE('',#594,#592,#313,.T.);
#744=EDGE_CURVE('',#580,#594,#46,.T.);
#745=EDGE_CURVE('',#579,#595,#495,.T.);
#746=EDGE_CURVE('',#595,#594,#314,.T.);
#747=EDGE_CURVE('',#596,#595,#47,.T.);
#748=EDGE_CURVE('',#579,#597,#48,.T.);
#749=EDGE_CURVE('',#597,#596,#18,.T.);
#750=EDGE_CURVE('',#589,#598,#315,.T.);
#751=EDGE_CURVE('',#598,#599,#496,.T.);
#752=EDGE_CURVE('',#599,#586,#316,.T.);
#753=EDGE_CURVE('',#597,#599,#49,.T.);
#754=EDGE_CURVE('',#598,#596,#50,.T.);
#755=EDGE_CURVE('',#556,#600,#317,.T.);
#756=EDGE_CURVE('',#600,#601,#497,.F.);
#757=EDGE_CURVE('',#601,#602,#318,.T.);
#758=EDGE_CURVE('',#603,#602,#498,.T.);
#759=EDGE_CURVE('',#603,#599,#319,.T.);
#760=EDGE_CURVE('',#588,#604,#320,.T.);
#761=EDGE_CURVE('',#605,#604,#321,.T.);
#762=EDGE_CURVE('',#589,#605,#322,.T.);
#763=EDGE_CURVE('',#591,#606,#323,.T.);
#764=EDGE_CURVE('',#604,#606,#324,.T.);
#765=EDGE_CURVE('',#592,#607,#325,.T.);
#766=EDGE_CURVE('',#606,#607,#326,.T.);
#767=EDGE_CURVE('',#551,#608,#499,.T.);
#768=EDGE_CURVE('',#608,#518,#327,.T.);
#769=EDGE_CURVE('',#520,#609,#328,.T.);
#770=EDGE_CURVE('',#609,#610,#500,.T.);
#771=EDGE_CURVE('',#610,#522,#329,.T.);
#772=EDGE_CURVE('',#526,#610,#330,.T.);
#773=EDGE_CURVE('',#550,#576,#331,.T.);
#774=EDGE_CURVE('',#576,#541,#501,.T.);
#775=EDGE_CURVE('',#575,#542,#502,.T.);
#776=EDGE_CURVE('',#603,#543,#503,.T.);
#777=EDGE_CURVE('',#575,#603,#332,.T.);
#778=EDGE_CURVE('',#602,#544,#504,.T.);
#779=EDGE_CURVE('',#602,#545,#333,.T.);
#780=EDGE_CURVE('',#577,#549,#334,.T.);
#781=EDGE_CURVE('',#611,#600,#505,.F.);
#782=EDGE_CURVE('',#601,#611,#506,.F.);
#783=EDGE_CURVE('',#546,#601,#335,.T.);
#784=EDGE_CURVE('',#611,#547,#336,.T.);
#785=EDGE_CURVE('',#612,#577,#507,.F.);
#786=EDGE_CURVE('',#578,#612,#508,.F.);
#787=EDGE_CURVE('',#548,#612,#337,.T.);
#788=EDGE_CURVE('',#612,#611,#338,.T.);
#789=EDGE_CURVE('',#600,#578,#339,.T.);
#790=EDGE_CURVE('',#594,#613,#340,.T.);
#791=EDGE_CURVE('',#607,#613,#341,.T.);
#792=EDGE_CURVE('',#568,#614,#342,.T.);
#793=EDGE_CURVE('',#615,#614,#343,.T.);
#794=EDGE_CURVE('',#564,#615,#344,.T.);
#795=EDGE_CURVE('',#614,#583,#345,.T.);
#796=EDGE_CURVE('',#596,#616,#346,.T.);
#797=EDGE_CURVE('',#613,#616,#347,.T.);
#798=EDGE_CURVE('',#616,#605,#348,.T.);
#799=EDGE_CURVE('',#617,#617,#509,.T.);
#800=EDGE_CURVE('',#617,#539,#349,.T.);
#801=EDGE_CURVE('',#585,#615,#350,.T.);
#802=EDGE_CURVE('',#618,#618,#510,.T.);
#803=EDGE_CURVE('',#618,#538,#351,.T.);
#804=EDGE_CURVE('',#609,#608,#352,.T.);
#805=ORIENTED_EDGE('',*,*,#619,.T.);
#806=ORIENTED_EDGE('',*,*,#620,.T.);
#807=ORIENTED_EDGE('',*,*,#621,.T.);
#808=ORIENTED_EDGE('',*,*,#622,.T.);
#809=ORIENTED_EDGE('',*,*,#623,.T.);
#810=ORIENTED_EDGE('',*,*,#624,.T.);
#811=ORIENTED_EDGE('',*,*,#625,.T.);
#812=ORIENTED_EDGE('',*,*,#626,.T.);
#813=ORIENTED_EDGE('',*,*,#627,.T.);
#814=ORIENTED_EDGE('',*,*,#628,.T.);
#815=ORIENTED_EDGE('',*,*,#625,.F.);
#816=ORIENTED_EDGE('',*,*,#629,.T.);
#817=ORIENTED_EDGE('',*,*,#630,.T.);
#818=ORIENTED_EDGE('',*,*,#631,.T.);
#819=ORIENTED_EDGE('',*,*,#627,.F.);
#820=ORIENTED_EDGE('',*,*,#632,.T.);
#821=ORIENTED_EDGE('',*,*,#633,.T.);
#822=ORIENTED_EDGE('',*,*,#634,.T.);
#823=ORIENTED_EDGE('',*,*,#630,.F.);
#824=ORIENTED_EDGE('',*,*,#635,.T.);
#825=ORIENTED_EDGE('',*,*,#636,.T.);
#826=ORIENTED_EDGE('',*,*,#637,.T.);
#827=ORIENTED_EDGE('',*,*,#633,.F.);
#828=ORIENTED_EDGE('',*,*,#638,.T.);
#829=ORIENTED_EDGE('',*,*,#623,.F.);
#830=ORIENTED_EDGE('',*,*,#639,.T.);
#831=ORIENTED_EDGE('',*,*,#621,.F.);
#832=ORIENTED_EDGE('',*,*,#640,.T.);
#833=ORIENTED_EDGE('',*,*,#641,.T.);
#834=ORIENTED_EDGE('',*,*,#642,.T.);
#835=ORIENTED_EDGE('',*,*,#643,.T.);
#836=ORIENTED_EDGE('',*,*,#642,.F.);
#837=ORIENTED_EDGE('',*,*,#644,.T.);
#838=ORIENTED_EDGE('',*,*,#636,.F.);
#839=ORIENTED_EDGE('',*,*,#639,.F.);
#840=ORIENTED_EDGE('',*,*,#645,.T.);
#841=ORIENTED_EDGE('',*,*,#646,.F.);
#842=ORIENTED_EDGE('',*,*,#647,.T.);
#843=ORIENTED_EDGE('',*,*,#626,.F.);
#844=ORIENTED_EDGE('',*,*,#628,.F.);
#845=ORIENTED_EDGE('',*,*,#631,.F.);
#846=ORIENTED_EDGE('',*,*,#634,.F.);
#847=ORIENTED_EDGE('',*,*,#637,.F.);
#848=ORIENTED_EDGE('',*,*,#648,.F.);
#849=ORIENTED_EDGE('',*,*,#649,.F.);
#850=ORIENTED_EDGE('',*,*,#650,.F.);
#851=ORIENTED_EDGE('',*,*,#651,.F.);
#852=ORIENTED_EDGE('',*,*,#652,.F.);
#853=ORIENTED_EDGE('',*,*,#653,.F.);
#854=ORIENTED_EDGE('',*,*,#654,.F.);
#855=ORIENTED_EDGE('',*,*,#655,.F.);
#856=ORIENTED_EDGE('',*,*,#645,.F.);
#857=ORIENTED_EDGE('',*,*,#656,.T.);
#858=ORIENTED_EDGE('',*,*,#657,.T.);
#859=ORIENTED_EDGE('',*,*,#644,.F.);
#860=ORIENTED_EDGE('',*,*,#658,.T.);
#861=ORIENTED_EDGE('',*,*,#659,.T.);
#862=ORIENTED_EDGE('',*,*,#648,.T.);
#863=ORIENTED_EDGE('',*,*,#622,.F.);
#864=ORIENTED_EDGE('',*,*,#647,.F.);
#865=ORIENTED_EDGE('',*,*,#660,.F.);
#866=ORIENTED_EDGE('',*,*,#661,.F.);
#867=ORIENTED_EDGE('',*,*,#662,.F.);
#868=ORIENTED_EDGE('',*,*,#663,.F.);
#869=ORIENTED_EDGE('',*,*,#664,.F.);
#870=ORIENTED_EDGE('',*,*,#658,.F.);
#871=ORIENTED_EDGE('',*,*,#641,.F.);
#872=ORIENTED_EDGE('',*,*,#665,.F.);
#873=ORIENTED_EDGE('',*,*,#666,.T.);
#874=ORIENTED_EDGE('',*,*,#649,.T.);
#875=ORIENTED_EDGE('',*,*,#659,.F.);
#876=ORIENTED_EDGE('',*,*,#667,.T.);
#877=ORIENTED_EDGE('',*,*,#668,.T.);
#878=ORIENTED_EDGE('',*,*,#650,.T.);
#879=ORIENTED_EDGE('',*,*,#666,.F.);
#880=ORIENTED_EDGE('',*,*,#669,.T.);
#881=ORIENTED_EDGE('',*,*,#670,.T.);
#882=ORIENTED_EDGE('',*,*,#651,.T.);
#883=ORIENTED_EDGE('',*,*,#668,.F.);
#884=ORIENTED_EDGE('',*,*,#671,.T.);
#885=ORIENTED_EDGE('',*,*,#672,.T.);
#886=ORIENTED_EDGE('',*,*,#652,.T.);
#887=ORIENTED_EDGE('',*,*,#670,.F.);
#888=ORIENTED_EDGE('',*,*,#673,.T.);
#889=ORIENTED_EDGE('',*,*,#674,.T.);
#890=ORIENTED_EDGE('',*,*,#653,.T.);
#891=ORIENTED_EDGE('',*,*,#672,.F.);
#892=ORIENTED_EDGE('',*,*,#675,.T.);
#893=ORIENTED_EDGE('',*,*,#676,.T.);
#894=ORIENTED_EDGE('',*,*,#654,.T.);
#895=ORIENTED_EDGE('',*,*,#674,.F.);
#896=ORIENTED_EDGE('',*,*,#677,.T.);
#897=ORIENTED_EDGE('',*,*,#646,.T.);
#898=ORIENTED_EDGE('',*,*,#655,.T.);
#899=ORIENTED_EDGE('',*,*,#676,.F.);
#900=ORIENTED_EDGE('',*,*,#678,.T.);
#901=ORIENTED_EDGE('',*,*,#620,.F.);
#902=ORIENTED_EDGE('',*,*,#679,.F.);
#903=ORIENTED_EDGE('',*,*,#680,.F.);
#904=ORIENTED_EDGE('',*,*,#624,.F.);
#905=ORIENTED_EDGE('',*,*,#681,.T.);
#906=ORIENTED_EDGE('',*,*,#682,.T.);
#907=ORIENTED_EDGE('',*,*,#683,.T.);
#908=ORIENTED_EDGE('',*,*,#684,.F.);
#909=ORIENTED_EDGE('',*,*,#685,.T.);
#910=ORIENTED_EDGE('',*,*,#686,.T.);
#911=ORIENTED_EDGE('',*,*,#687,.T.);
#912=ORIENTED_EDGE('',*,*,#682,.F.);
#913=ORIENTED_EDGE('',*,*,#688,.T.);
#914=ORIENTED_EDGE('',*,*,#686,.F.);
#915=ORIENTED_EDGE('',*,*,#689,.T.);
#916=ORIENTED_EDGE('',*,*,#690,.T.);
#917=ORIENTED_EDGE('',*,*,#691,.T.);
#918=ORIENTED_EDGE('',*,*,#692,.T.);
#919=ORIENTED_EDGE('',*,*,#693,.T.);
#920=ORIENTED_EDGE('',*,*,#694,.T.);
#921=ORIENTED_EDGE('',*,*,#695,.T.);
#922=ORIENTED_EDGE('',*,*,#692,.F.);
#923=ORIENTED_EDGE('',*,*,#696,.T.);
#924=ORIENTED_EDGE('',*,*,#690,.F.);
#925=ORIENTED_EDGE('',*,*,#697,.T.);
#926=ORIENTED_EDGE('',*,*,#694,.F.);
#927=ORIENTED_EDGE('',*,*,#698,.T.);
#928=ORIENTED_EDGE('',*,*,#699,.T.);
#929=ORIENTED_EDGE('',*,*,#700,.T.);
#930=ORIENTED_EDGE('',*,*,#701,.T.);
#931=ORIENTED_EDGE('',*,*,#702,.T.);
#932=ORIENTED_EDGE('',*,*,#699,.F.);
#933=ORIENTED_EDGE('',*,*,#703,.T.);
#934=ORIENTED_EDGE('',*,*,#701,.F.);
#935=ORIENTED_EDGE('',*,*,#704,.T.);
#936=ORIENTED_EDGE('',*,*,#705,.T.);
#937=ORIENTED_EDGE('',*,*,#706,.T.);
#938=ORIENTED_EDGE('',*,*,#707,.T.);
#939=ORIENTED_EDGE('',*,*,#708,.T.);
#940=ORIENTED_EDGE('',*,*,#684,.T.);
#941=ORIENTED_EDGE('',*,*,#709,.T.);
#942=ORIENTED_EDGE('',*,*,#707,.F.);
#943=ORIENTED_EDGE('',*,*,#710,.T.);
#944=ORIENTED_EDGE('',*,*,#705,.F.);
#945=ORIENTED_EDGE('',*,*,#709,.F.);
#946=ORIENTED_EDGE('',*,*,#704,.F.);
#947=ORIENTED_EDGE('',*,*,#711,.T.);
#948=ORIENTED_EDGE('',*,*,#712,.F.);
#949=ORIENTED_EDGE('',*,*,#713,.F.);
#950=ORIENTED_EDGE('',*,*,#714,.T.);
#951=ORIENTED_EDGE('',*,*,#715,.F.);
#952=ORIENTED_EDGE('',*,*,#716,.T.);
#953=ORIENTED_EDGE('',*,*,#717,.T.);
#954=ORIENTED_EDGE('',*,*,#718,.T.);
#955=ORIENTED_EDGE('',*,*,#700,.F.);
#956=ORIENTED_EDGE('',*,*,#698,.F.);
#957=ORIENTED_EDGE('',*,*,#693,.F.);
#958=ORIENTED_EDGE('',*,*,#719,.F.);
#959=ORIENTED_EDGE('',*,*,#720,.F.);
#960=ORIENTED_EDGE('',*,*,#721,.F.);
#961=ORIENTED_EDGE('',*,*,#722,.F.);
#962=ORIENTED_EDGE('',*,*,#711,.F.);
#963=ORIENTED_EDGE('',*,*,#683,.F.);
#964=ORIENTED_EDGE('',*,*,#723,.T.);
#965=ORIENTED_EDGE('',*,*,#724,.F.);
#966=ORIENTED_EDGE('',*,*,#725,.F.);
#967=ORIENTED_EDGE('',*,*,#687,.F.);
#968=ORIENTED_EDGE('',*,*,#688,.F.);
#969=ORIENTED_EDGE('',*,*,#726,.T.);
#970=ORIENTED_EDGE('',*,*,#727,.F.);
#971=ORIENTED_EDGE('',*,*,#723,.F.);
#972=ORIENTED_EDGE('',*,*,#696,.F.);
#973=ORIENTED_EDGE('',*,*,#691,.F.);
#974=ORIENTED_EDGE('',*,*,#728,.T.);
#975=ORIENTED_EDGE('',*,*,#729,.F.);
#976=ORIENTED_EDGE('',*,*,#726,.F.);
#977=ORIENTED_EDGE('',*,*,#730,.T.);
#978=ORIENTED_EDGE('',*,*,#731,.T.);
#979=ORIENTED_EDGE('',*,*,#732,.T.);
#980=ORIENTED_EDGE('',*,*,#733,.F.);
#981=ORIENTED_EDGE('',*,*,#734,.T.);
#982=ORIENTED_EDGE('',*,*,#735,.T.);
#983=ORIENTED_EDGE('',*,*,#736,.T.);
#984=ORIENTED_EDGE('',*,*,#731,.F.);
#985=ORIENTED_EDGE('',*,*,#737,.T.);
#986=ORIENTED_EDGE('',*,*,#735,.F.);
#987=ORIENTED_EDGE('',*,*,#713,.T.);
#988=ORIENTED_EDGE('',*,*,#738,.T.);
#989=ORIENTED_EDGE('',*,*,#739,.T.);
#990=ORIENTED_EDGE('',*,*,#740,.T.);
#991=ORIENTED_EDGE('',*,*,#722,.T.);
#992=ORIENTED_EDGE('',*,*,#741,.T.);
#993=ORIENTED_EDGE('',*,*,#712,.T.);
#994=ORIENTED_EDGE('',*,*,#740,.F.);
#995=ORIENTED_EDGE('',*,*,#742,.T.);
#996=ORIENTED_EDGE('',*,*,#738,.F.);
#997=ORIENTED_EDGE('',*,*,#743,.T.);
#998=ORIENTED_EDGE('',*,*,#741,.F.);
#999=ORIENTED_EDGE('',*,*,#721,.T.);
#1000=ORIENTED_EDGE('',*,*,#744,.T.);
#1001=ORIENTED_EDGE('',*,*,#720,.T.);
#1002=ORIENTED_EDGE('',*,*,#745,.T.);
#1003=ORIENTED_EDGE('',*,*,#746,.T.);
#1004=ORIENTED_EDGE('',*,*,#744,.F.);
#1005=ORIENTED_EDGE('',*,*,#747,.T.);
#1006=ORIENTED_EDGE('',*,*,#745,.F.);
#1007=ORIENTED_EDGE('',*,*,#748,.T.);
#1008=ORIENTED_EDGE('',*,*,#749,.T.);
#1009=ORIENTED_EDGE('',*,*,#750,.T.);
#1010=ORIENTED_EDGE('',*,*,#751,.T.);
#1011=ORIENTED_EDGE('',*,*,#752,.T.);
#1012=ORIENTED_EDGE('',*,*,#733,.T.);
#1013=ORIENTED_EDGE('',*,*,#753,.T.);
#1014=ORIENTED_EDGE('',*,*,#751,.F.);
#1015=ORIENTED_EDGE('',*,*,#754,.T.);
#1016=ORIENTED_EDGE('',*,*,#749,.F.);
#1017=ORIENTED_EDGE('',*,*,#689,.F.);
#1018=ORIENTED_EDGE('',*,*,#755,.T.);
#1019=ORIENTED_EDGE('',*,*,#756,.T.);
#1020=ORIENTED_EDGE('',*,*,#757,.T.);
#1021=ORIENTED_EDGE('',*,*,#758,.F.);
#1022=ORIENTED_EDGE('',*,*,#759,.T.);
#1023=ORIENTED_EDGE('',*,*,#753,.F.);
#1024=ORIENTED_EDGE('',*,*,#748,.F.);
#1025=ORIENTED_EDGE('',*,*,#719,.T.);
#1026=ORIENTED_EDGE('',*,*,#695,.F.);
#1027=ORIENTED_EDGE('',*,*,#732,.F.);
#1028=ORIENTED_EDGE('',*,*,#760,.T.);
#1029=ORIENTED_EDGE('',*,*,#761,.F.);
#1030=ORIENTED_EDGE('',*,*,#762,.F.);
#1031=ORIENTED_EDGE('',*,*,#736,.F.);
#1032=ORIENTED_EDGE('',*,*,#737,.F.);
#1033=ORIENTED_EDGE('',*,*,#763,.T.);
#1034=ORIENTED_EDGE('',*,*,#764,.F.);
#1035=ORIENTED_EDGE('',*,*,#760,.F.);
#1036=ORIENTED_EDGE('',*,*,#742,.F.);
#1037=ORIENTED_EDGE('',*,*,#739,.F.);
#1038=ORIENTED_EDGE('',*,*,#765,.T.);
#1039=ORIENTED_EDGE('',*,*,#766,.F.);
#1040=ORIENTED_EDGE('',*,*,#763,.F.);
#1041=ORIENTED_EDGE('',*,*,#629,.F.);
#1042=ORIENTED_EDGE('',*,*,#680,.T.);
#1043=ORIENTED_EDGE('',*,*,#767,.T.);
#1044=ORIENTED_EDGE('',*,*,#768,.T.);
#1045=ORIENTED_EDGE('',*,*,#635,.F.);
#1046=ORIENTED_EDGE('',*,*,#769,.T.);
#1047=ORIENTED_EDGE('',*,*,#770,.T.);
#1048=ORIENTED_EDGE('',*,*,#771,.T.);
#1049=ORIENTED_EDGE('',*,*,#638,.F.);
#1050=ORIENTED_EDGE('',*,*,#771,.F.);
#1051=ORIENTED_EDGE('',*,*,#772,.F.);
#1052=ORIENTED_EDGE('',*,*,#643,.F.);
#1053=ORIENTED_EDGE('',*,*,#678,.F.);
#1054=ORIENTED_EDGE('',*,*,#773,.T.);
#1055=ORIENTED_EDGE('',*,*,#774,.T.);
#1056=ORIENTED_EDGE('',*,*,#660,.T.);
#1057=ORIENTED_EDGE('',*,*,#775,.T.);
#1058=ORIENTED_EDGE('',*,*,#661,.T.);
#1059=ORIENTED_EDGE('',*,*,#774,.F.);
#1060=ORIENTED_EDGE('',*,*,#715,.T.);
#1061=ORIENTED_EDGE('',*,*,#776,.T.);
#1062=ORIENTED_EDGE('',*,*,#662,.T.);
#1063=ORIENTED_EDGE('',*,*,#775,.F.);
#1064=ORIENTED_EDGE('',*,*,#777,.T.);
#1065=ORIENTED_EDGE('',*,*,#778,.T.);
#1066=ORIENTED_EDGE('',*,*,#663,.T.);
#1067=ORIENTED_EDGE('',*,*,#776,.F.);
#1068=ORIENTED_EDGE('',*,*,#758,.T.);
#1069=ORIENTED_EDGE('',*,*,#667,.F.);
#1070=ORIENTED_EDGE('',*,*,#664,.T.);
#1071=ORIENTED_EDGE('',*,*,#778,.F.);
#1072=ORIENTED_EDGE('',*,*,#779,.T.);
#1073=ORIENTED_EDGE('',*,*,#752,.F.);
#1074=ORIENTED_EDGE('',*,*,#759,.F.);
#1075=ORIENTED_EDGE('',*,*,#777,.F.);
#1076=ORIENTED_EDGE('',*,*,#714,.F.);
#1077=ORIENTED_EDGE('',*,*,#734,.F.);
#1078=ORIENTED_EDGE('',*,*,#730,.F.);
#1079=ORIENTED_EDGE('',*,*,#677,.F.);
#1080=ORIENTED_EDGE('',*,*,#780,.F.);
#1081=ORIENTED_EDGE('',*,*,#716,.F.);
#1082=ORIENTED_EDGE('',*,*,#773,.F.);
#1083=ORIENTED_EDGE('',*,*,#781,.F.);
#1084=ORIENTED_EDGE('',*,*,#782,.F.);
#1085=ORIENTED_EDGE('',*,*,#756,.F.);
#1086=ORIENTED_EDGE('',*,*,#671,.F.);
#1087=ORIENTED_EDGE('',*,*,#783,.T.);
#1088=ORIENTED_EDGE('',*,*,#782,.T.);
#1089=ORIENTED_EDGE('',*,*,#784,.T.);
#1090=ORIENTED_EDGE('',*,*,#717,.F.);
#1091=ORIENTED_EDGE('',*,*,#785,.F.);
#1092=ORIENTED_EDGE('',*,*,#786,.F.);
#1093=ORIENTED_EDGE('',*,*,#675,.F.);
#1094=ORIENTED_EDGE('',*,*,#787,.T.);
#1095=ORIENTED_EDGE('',*,*,#785,.T.);
#1096=ORIENTED_EDGE('',*,*,#780,.T.);
#1097=ORIENTED_EDGE('',*,*,#786,.T.);
#1098=ORIENTED_EDGE('',*,*,#788,.T.);
#1099=ORIENTED_EDGE('',*,*,#781,.T.);
#1100=ORIENTED_EDGE('',*,*,#789,.T.);
#1101=ORIENTED_EDGE('',*,*,#669,.F.);
#1102=ORIENTED_EDGE('',*,*,#779,.F.);
#1103=ORIENTED_EDGE('',*,*,#757,.F.);
#1104=ORIENTED_EDGE('',*,*,#783,.F.);
#1105=ORIENTED_EDGE('',*,*,#673,.F.);
#1106=ORIENTED_EDGE('',*,*,#784,.F.);
#1107=ORIENTED_EDGE('',*,*,#788,.F.);
#1108=ORIENTED_EDGE('',*,*,#787,.F.);
#1109=ORIENTED_EDGE('',*,*,#708,.F.);
#1110=ORIENTED_EDGE('',*,*,#718,.F.);
#1111=ORIENTED_EDGE('',*,*,#789,.F.);
#1112=ORIENTED_EDGE('',*,*,#755,.F.);
#1113=ORIENTED_EDGE('',*,*,#685,.F.);
#1114=ORIENTED_EDGE('',*,*,#681,.F.);
#1115=ORIENTED_EDGE('',*,*,#743,.F.);
#1116=ORIENTED_EDGE('',*,*,#790,.T.);
#1117=ORIENTED_EDGE('',*,*,#791,.F.);
#1118=ORIENTED_EDGE('',*,*,#765,.F.);
#1119=ORIENTED_EDGE('',*,*,#703,.F.);
#1120=ORIENTED_EDGE('',*,*,#792,.T.);
#1121=ORIENTED_EDGE('',*,*,#793,.F.);
#1122=ORIENTED_EDGE('',*,*,#794,.F.);
#1123=ORIENTED_EDGE('',*,*,#702,.F.);
#1124=ORIENTED_EDGE('',*,*,#706,.F.);
#1125=ORIENTED_EDGE('',*,*,#725,.T.);
#1126=ORIENTED_EDGE('',*,*,#795,.F.);
#1127=ORIENTED_EDGE('',*,*,#792,.F.);
#1128=ORIENTED_EDGE('',*,*,#710,.F.);
#1129=ORIENTED_EDGE('',*,*,#747,.F.);
#1130=ORIENTED_EDGE('',*,*,#796,.T.);
#1131=ORIENTED_EDGE('',*,*,#797,.F.);
#1132=ORIENTED_EDGE('',*,*,#790,.F.);
#1133=ORIENTED_EDGE('',*,*,#746,.F.);
#1134=ORIENTED_EDGE('',*,*,#750,.F.);
#1135=ORIENTED_EDGE('',*,*,#762,.T.);
#1136=ORIENTED_EDGE('',*,*,#798,.F.);
#1137=ORIENTED_EDGE('',*,*,#796,.F.);
#1138=ORIENTED_EDGE('',*,*,#754,.F.);
#1139=ORIENTED_EDGE('',*,*,#799,.F.);
#1140=ORIENTED_EDGE('',*,*,#800,.T.);
#1141=ORIENTED_EDGE('',*,*,#657,.F.);
#1142=ORIENTED_EDGE('',*,*,#800,.F.);
#1143=ORIENTED_EDGE('',*,*,#697,.F.);
#1144=ORIENTED_EDGE('',*,*,#794,.T.);
#1145=ORIENTED_EDGE('',*,*,#801,.F.);
#1146=ORIENTED_EDGE('',*,*,#728,.F.);
#1147=ORIENTED_EDGE('',*,*,#802,.F.);
#1148=ORIENTED_EDGE('',*,*,#803,.T.);
#1149=ORIENTED_EDGE('',*,*,#656,.F.);
#1150=ORIENTED_EDGE('',*,*,#803,.F.);
#1151=ORIENTED_EDGE('',*,*,#632,.F.);
#1152=ORIENTED_EDGE('',*,*,#768,.F.);
#1153=ORIENTED_EDGE('',*,*,#804,.F.);
#1154=ORIENTED_EDGE('',*,*,#769,.F.);
#1155=ORIENTED_EDGE('',*,*,#619,.F.);
#1156=ORIENTED_EDGE('',*,*,#665,.T.);
#1157=ORIENTED_EDGE('',*,*,#640,.F.);
#1158=ORIENTED_EDGE('',*,*,#772,.T.);
#1159=ORIENTED_EDGE('',*,*,#770,.F.);
#1160=ORIENTED_EDGE('',*,*,#804,.T.);
#1161=ORIENTED_EDGE('',*,*,#767,.F.);
#1162=ORIENTED_EDGE('',*,*,#679,.T.);
#1163=ORIENTED_EDGE('',*,*,#802,.T.);
#1164=ORIENTED_EDGE('',*,*,#729,.T.);
#1165=ORIENTED_EDGE('',*,*,#801,.T.);
#1166=ORIENTED_EDGE('',*,*,#793,.T.);
#1167=ORIENTED_EDGE('',*,*,#795,.T.);
#1168=ORIENTED_EDGE('',*,*,#724,.T.);
#1169=ORIENTED_EDGE('',*,*,#727,.T.);
#1170=ORIENTED_EDGE('',*,*,#799,.T.);
#1171=ORIENTED_EDGE('',*,*,#798,.T.);
#1172=ORIENTED_EDGE('',*,*,#761,.T.);
#1173=ORIENTED_EDGE('',*,*,#764,.T.);
#1174=ORIENTED_EDGE('',*,*,#766,.T.);
#1175=ORIENTED_EDGE('',*,*,#791,.T.);
#1176=ORIENTED_EDGE('',*,*,#797,.T.);
#1177=CYLINDRICAL_SURFACE('',#1303,0.25);
#1178=CYLINDRICAL_SURFACE('',#1306,0.25);
#1179=CYLINDRICAL_SURFACE('',#1312,0.25);
#1180=CYLINDRICAL_SURFACE('',#1317,0.25);
#1181=CYLINDRICAL_SURFACE('',#1321,0.25);
#1182=CYLINDRICAL_SURFACE('',#1326,0.25);
#1183=CYLINDRICAL_SURFACE('',#1335,0.25);
#1184=CYLINDRICAL_SURFACE('',#1342,0.25);
#1185=CYLINDRICAL_SURFACE('',#1347,0.25);
#1186=CYLINDRICAL_SURFACE('',#1352,0.25);
#1187=CYLINDRICAL_SURFACE('',#1356,0.25);
#1188=CYLINDRICAL_SURFACE('',#1359,0.25);
#1189=CYLINDRICAL_SURFACE('',#1363,0.25);
#1190=CYLINDRICAL_SURFACE('',#1368,0.25);
#1191=CYLINDRICAL_SURFACE('',#1370,0.25);
#1192=CYLINDRICAL_SURFACE('',#1374,0.25);
#1193=CYLINDRICAL_SURFACE('',#1378,0.25);
#1194=CYLINDRICAL_SURFACE('',#1387,0.25);
#1195=CYLINDRICAL_SURFACE('',#1390,0.25);
#1196=CYLINDRICAL_SURFACE('',#1393,0.25);
#1197=CYLINDRICAL_SURFACE('',#1397,0.25);
#1198=CYLINDRICAL_SURFACE('',#1399,0.25);
#1199=CYLINDRICAL_SURFACE('',#1403,0.25);
#1200=CYLINDRICAL_SURFACE('',#1407,0.25);
#1201=CYLINDRICAL_SURFACE('',#1413,0.5);
#1202=CYLINDRICAL_SURFACE('',#1415,0.5);
#1203=CYLINDRICAL_SURFACE('',#1418,0.5);
#1204=CYLINDRICAL_SURFACE('',#1422,0.5);
#1205=CYLINDRICAL_SURFACE('',#1426,0.5);
#1206=CYLINDRICAL_SURFACE('',#1432,0.25);
#1207=CYLINDRICAL_SURFACE('',#1436,0.25);
#1208=CYLINDRICAL_SURFACE('',#1437,0.25);
#1209=CYLINDRICAL_SURFACE('',#1446,3.1);
#1210=CYLINDRICAL_SURFACE('',#1449,3.1);
#1211=ADVANCED_FACE('',(#93),#1177,.T.);
#1212=ADVANCED_FACE('',(#94),#1178,.T.);
#1213=ADVANCED_FACE('',(#95),#89,.F.);
#1214=ADVANCED_FACE('',(#96),#1179,.T.);
#1215=ADVANCED_FACE('',(#97),#90,.F.);
#1216=ADVANCED_FACE('',(#98),#1180,.T.);
#1217=ADVANCED_FACE('',(#99),#85,.T.);
#1218=ADVANCED_FACE('',(#100),#1181,.T.);
#1219=ADVANCED_FACE('',(#101),#86,.T.);
#1220=ADVANCED_FACE('',(#102),#1182,.T.);
#1221=ADVANCED_FACE('',(#103,#55,#56),#61,.T.);
#1222=ADVANCED_FACE('',(#104),#1183,.T.);
#1223=ADVANCED_FACE('',(#105),#62,.T.);
#1224=ADVANCED_FACE('',(#106),#91,.F.);
#1225=ADVANCED_FACE('',(#107),#1184,.T.);
#1226=ADVANCED_FACE('',(#108),#51,.T.);
#1227=ADVANCED_FACE('',(#109),#1185,.T.);
#1228=ADVANCED_FACE('',(#110),#52,.T.);
#1229=ADVANCED_FACE('',(#111),#1186,.T.);
#1230=ADVANCED_FACE('',(#112),#92,.F.);
#1231=ADVANCED_FACE('',(#113),#63,.T.);
#1232=ADVANCED_FACE('',(#114),#1187,.T.);
#1233=ADVANCED_FACE('',(#115),#1188,.T.);
#1234=ADVANCED_FACE('',(#116),#19,.F.);
#1235=ADVANCED_FACE('',(#117),#1189,.T.);
#1236=ADVANCED_FACE('',(#118),#20,.F.);
#1237=ADVANCED_FACE('',(#119),#1190,.T.);
#1238=ADVANCED_FACE('',(#120),#1191,.T.);
#1239=ADVANCED_FACE('',(#121),#21,.F.);
#1240=ADVANCED_FACE('',(#122),#1192,.T.);
#1241=ADVANCED_FACE('',(#123),#22,.F.);
#1242=ADVANCED_FACE('',(#124),#1193,.F.);
#1243=ADVANCED_FACE('',(#125),#64,.F.);
#1244=ADVANCED_FACE('',(#126),#65,.T.);
#1245=ADVANCED_FACE('',(#127),#66,.T.);
#1246=ADVANCED_FACE('',(#128),#67,.T.);
#1247=ADVANCED_FACE('',(#129),#1194,.T.);
#1248=ADVANCED_FACE('',(#130),#1195,.T.);
#1249=ADVANCED_FACE('',(#131),#23,.F.);
#1250=ADVANCED_FACE('',(#132),#1196,.T.);
#1251=ADVANCED_FACE('',(#133),#24,.F.);
#1252=ADVANCED_FACE('',(#134),#1197,.T.);
#1253=ADVANCED_FACE('',(#135),#1198,.T.);
#1254=ADVANCED_FACE('',(#136),#25,.F.);
#1255=ADVANCED_FACE('',(#137),#1199,.T.);
#1256=ADVANCED_FACE('',(#138),#26,.F.);
#1257=ADVANCED_FACE('',(#139),#1200,.F.);
#1258=ADVANCED_FACE('',(#140),#68,.T.);
#1259=ADVANCED_FACE('',(#141),#69,.T.);
#1260=ADVANCED_FACE('',(#142),#70,.T.);
#1261=ADVANCED_FACE('',(#143),#1201,.T.);
#1262=ADVANCED_FACE('',(#144),#1202,.T.);
#1263=ADVANCED_FACE('',(#145),#71,.T.);
#1264=ADVANCED_FACE('',(#146),#1203,.T.);
#1265=ADVANCED_FACE('',(#147),#53,.T.);
#1266=ADVANCED_FACE('',(#148),#1204,.T.);
#1267=ADVANCED_FACE('',(#149),#54,.T.);
#1268=ADVANCED_FACE('',(#150),#1205,.T.);
#1269=ADVANCED_FACE('',(#151),#72,.F.);
#1270=ADVANCED_FACE('',(#152),#73,.F.);
#1271=ADVANCED_FACE('',(#153),#87,.F.);
#1272=ADVANCED_FACE('',(#154),#1206,.F.);
#1273=ADVANCED_FACE('',(#155),#88,.F.);
#1274=ADVANCED_FACE('',(#156),#1207,.F.);
#1275=ADVANCED_FACE('',(#157),#1208,.F.);
#1276=ADVANCED_FACE('',(#158),#74,.F.);
#1277=ADVANCED_FACE('',(#159),#75,.F.);
#1278=ADVANCED_FACE('',(#160),#76,.F.);
#1279=ADVANCED_FACE('',(#161),#77,.T.);
#1280=ADVANCED_FACE('',(#162),#78,.T.);
#1281=ADVANCED_FACE('',(#163),#79,.T.);
#1282=ADVANCED_FACE('',(#164),#80,.T.);
#1283=ADVANCED_FACE('',(#165),#81,.T.);
#1284=ADVANCED_FACE('',(#166),#1209,.F.);
#1285=ADVANCED_FACE('',(#167),#82,.T.);
#1286=ADVANCED_FACE('',(#168),#1210,.F.);
#1287=ADVANCED_FACE('',(#169),#83,.T.);
#1288=ADVANCED_FACE('',(#170,#57,#58,#59,#60),#84,.F.);
#1289=CLOSED_SHELL('',(#1211,#1212,#1213,#1214,#1215,#1216,#1217,#1218,
#1219,#1220,#1221,#1222,#1223,#1224,#1225,#1226,#1227,#1228,#1229,#1230,
#1231,#1232,#1233,#1234,#1235,#1236,#1237,#1238,#1239,#1240,#1241,#1242,
#1243,#1244,#1245,#1246,#1247,#1248,#1249,#1250,#1251,#1252,#1253,#1254,
#1255,#1256,#1257,#1258,#1259,#1260,#1261,#1262,#1263,#1264,#1265,#1266,
#1267,#1268,#1269,#1270,#1271,#1272,#1273,#1274,#1275,#1276,#1277,#1278,
#1279,#1280,#1281,#1282,#1283,#1284,#1285,#1286,#1287,#1288));
#1290=DERIVED_UNIT_ELEMENT(#1292,1.);
#1291=DERIVED_UNIT_ELEMENT(#2451,-3.);
#1292=(
MASS_UNIT()
NAMED_UNIT(*)
SI_UNIT(.KILO.,.GRAM.)
);
#1293=DERIVED_UNIT((#1290,#1291));
#1294=MEASURE_REPRESENTATION_ITEM('density measure',
POSITIVE_RATIO_MEASURE(7850.),#1293);
#1295=PROPERTY_DEFINITION_REPRESENTATION(#1300,#1297);
#1296=PROPERTY_DEFINITION_REPRESENTATION(#1301,#1298);
#1297=REPRESENTATION('material name',(#1299),#2448);
#1298=REPRESENTATION('density',(#1294),#2448);
#1299=DESCRIPTIVE_REPRESENTATION_ITEM('Steel','Steel');
#1300=PROPERTY_DEFINITION('material property','material name',#2458);
#1301=PROPERTY_DEFINITION('material property','density of part',#2458);
#1302=AXIS2_PLACEMENT_3D('',#1853,#1453,#1454);
#1303=AXIS2_PLACEMENT_3D('',#1854,#1455,#1456);
#1304=AXIS2_PLACEMENT_3D('',#1857,#1457,#1458);
#1305=AXIS2_PLACEMENT_3D('',#1861,#1460,#1461);
#1306=AXIS2_PLACEMENT_3D('',#1863,#1463,#1464);
#1307=AXIS2_PLACEMENT_3D('',#1865,#1465,#1466);
#1308=AXIS2_PLACEMENT_3D('',#1869,#1468,#1469);
#1309=AXIS2_PLACEMENT_3D('',#1882,#1471,#1472);
#1310=AXIS2_PLACEMENT_3D('',#1883,#1473,#1474);
#1311=AXIS2_PLACEMENT_3D('',#1884,#1475,#1476);
#1312=AXIS2_PLACEMENT_3D('',#1885,#1477,#1478);
#1313=AXIS2_PLACEMENT_3D('',#1888,#1479,#1480);
#1314=AXIS2_PLACEMENT_3D('',#1902,#1483,#1484);
#1315=AXIS2_PLACEMENT_3D('',#1903,#1485,#1486);
#1316=AXIS2_PLACEMENT_3D('',#1904,#1487,#1488);
#1317=AXIS2_PLACEMENT_3D('',#1905,#1489,#1490);
#1318=AXIS2_PLACEMENT_3D('',#1908,#1491,#1492);
#1319=AXIS2_PLACEMENT_3D('',#1911,#1495,#1496);
#1320=AXIS2_PLACEMENT_3D('',#1912,#1497,#1498);
#1321=AXIS2_PLACEMENT_3D('',#1913,#1499,#1500);
#1322=AXIS2_PLACEMENT_3D('',#1916,#1501,#1502);
#1323=AXIS2_PLACEMENT_3D('',#1919,#1504,#1505);
#1324=AXIS2_PLACEMENT_3D('',#1921,#1507,#1508);
#1325=AXIS2_PLACEMENT_3D('',#1922,#1509,#1510);
#1326=AXIS2_PLACEMENT_3D('',#1923,#1511,#1512);
#1327=AXIS2_PLACEMENT_3D('',#1927,#1514,#1515);
#1328=AXIS2_PLACEMENT_3D('',#1929,#1517,#1518);
#1329=AXIS2_PLACEMENT_3D('',#1933,#1520,#1521);
#1330=AXIS2_PLACEMENT_3D('',#1937,#1523,#1524);
#1331=AXIS2_PLACEMENT_3D('',#1941,#1526,#1527);
#1332=AXIS2_PLACEMENT_3D('',#1944,#1529,#1530);
#1333=AXIS2_PLACEMENT_3D('',#1946,#1531,#1532);
#1334=AXIS2_PLACEMENT_3D('',#1948,#1533,#1534);
#1335=AXIS2_PLACEMENT_3D('',#1949,#1535,#1536);
#1336=AXIS2_PLACEMENT_3D('',#1952,#1538,#1539);
#1337=AXIS2_PLACEMENT_3D('',#1953,#1540,#1541);
#1338=AXIS2_PLACEMENT_3D('',#1957,#1543,#1544);
#1339=AXIS2_PLACEMENT_3D('',#1961,#1546,#1547);
#1340=AXIS2_PLACEMENT_3D('',#1974,#1550,#1551);
#1341=AXIS2_PLACEMENT_3D('',#1975,#1552,#1553);
#1342=AXIS2_PLACEMENT_3D('',#1976,#1554,#1555);
#1343=AXIS2_PLACEMENT_3D('',#1978,#1556,#1557);
#1344=AXIS2_PLACEMENT_3D('',#1980,#1559,#1560);
#1345=AXIS2_PLACEMENT_3D('',#1982,#1561,#1562);
#1346=AXIS2_PLACEMENT_3D('',#1983,#1563,#1564);
#1347=AXIS2_PLACEMENT_3D('',#1984,#1565,#1566);
#1348=AXIS2_PLACEMENT_3D('',#1986,#1567,#1568);
#1349=AXIS2_PLACEMENT_3D('',#1988,#1570,#1571);
#1350=AXIS2_PLACEMENT_3D('',#1990,#1572,#1573);
#1351=AXIS2_PLACEMENT_3D('',#1991,#1574,#1575);
#1352=AXIS2_PLACEMENT_3D('',#1992,#1576,#1577);
#1353=AXIS2_PLACEMENT_3D('',#1994,#1578,#1579);
#1354=AXIS2_PLACEMENT_3D('',#2005,#1581,#1582);
#1355=AXIS2_PLACEMENT_3D('',#2006,#1583,#1584);
#1356=AXIS2_PLACEMENT_3D('',#2010,#1587,#1588);
#1357=AXIS2_PLACEMENT_3D('',#2015,#1590,#1591);
#1358=AXIS2_PLACEMENT_3D('',#2018,#1593,#1594);
#1359=AXIS2_PLACEMENT_3D('',#2019,#1595,#1596);
#1360=AXIS2_PLACEMENT_3D('',#2023,#1598,#1599);
#1361=AXIS2_PLACEMENT_3D('',#2046,#1601,#1602);
#1362=AXIS2_PLACEMENT_3D('',#2048,#1603,#1604);
#1363=AXIS2_PLACEMENT_3D('',#2059,#1605,#1606);
#1364=AXIS2_PLACEMENT_3D('',#2064,#1608,#1609);
#1365=AXIS2_PLACEMENT_3D('',#2067,#1611,#1612);
#1366=AXIS2_PLACEMENT_3D('',#2088,#1613,#1614);
#1367=AXIS2_PLACEMENT_3D('',#2089,#1615,#1616);
#1368=AXIS2_PLACEMENT_3D('',#2090,#1617,#1618);
#1369=AXIS2_PLACEMENT_3D('',#2095,#1621,#1622);
#1370=AXIS2_PLACEMENT_3D('',#2096,#1623,#1624);
#1371=AXIS2_PLACEMENT_3D('',#2100,#1626,#1627);
#1372=AXIS2_PLACEMENT_3D('',#2123,#1629,#1630);
#1373=AXIS2_PLACEMENT_3D('',#2125,#1631,#1632);
#1374=AXIS2_PLACEMENT_3D('',#2136,#1633,#1634);
#1375=AXIS2_PLACEMENT_3D('',#2140,#1636,#1637);
#1376=AXIS2_PLACEMENT_3D('',#2162,#1639,#1640);
#1377=AXIS2_PLACEMENT_3D('',#2163,#1641,#1642);
#1378=AXIS2_PLACEMENT_3D('',#2164,#1643,#1644);
#1379=AXIS2_PLACEMENT_3D('',#2168,#1646,#1647);
#1380=AXIS2_PLACEMENT_3D('',#2170,#1648,#1649);
#1381=AXIS2_PLACEMENT_3D('',#2174,#1651,#1652);
#1382=AXIS2_PLACEMENT_3D('',#2178,#1654,#1655);
#1383=AXIS2_PLACEMENT_3D('',#2180,#1657,#1658);
#1384=AXIS2_PLACEMENT_3D('',#2188,#1663,#1664);
#1385=AXIS2_PLACEMENT_3D('',#2194,#1668,#1669);
#1386=AXIS2_PLACEMENT_3D('',#2198,#1672,#1673);
#1387=AXIS2_PLACEMENT_3D('',#2202,#1676,#1677);
#1388=AXIS2_PLACEMENT_3D('',#2207,#1679,#1680);
#1389=AXIS2_PLACEMENT_3D('',#2210,#1682,#1683);
#1390=AXIS2_PLACEMENT_3D('',#2211,#1684,#1685);
#1391=AXIS2_PLACEMENT_3D('',#2214,#1687,#1688);
#1392=AXIS2_PLACEMENT_3D('',#2237,#1690,#1691);
#1393=AXIS2_PLACEMENT_3D('',#2248,#1692,#1693);
#1394=AXIS2_PLACEMENT_3D('',#2252,#1695,#1696);
#1395=AXIS2_PLACEMENT_3D('',#2253,#1697,#1698);
#1396=AXIS2_PLACEMENT_3D('',#2274,#1699,#1700);
#1397=AXIS2_PLACEMENT_3D('',#2275,#1701,#1702);
#1398=AXIS2_PLACEMENT_3D('',#2278,#1704,#1705);
#1399=AXIS2_PLACEMENT_3D('',#2279,#1706,#1707);
#1400=AXIS2_PLACEMENT_3D('',#2281,#1708,#1709);
#1401=AXIS2_PLACEMENT_3D('',#2304,#1711,#1712);
#1402=AXIS2_PLACEMENT_3D('',#2306,#1713,#1714);
#1403=AXIS2_PLACEMENT_3D('',#2317,#1715,#1716);
#1404=AXIS2_PLACEMENT_3D('',#2321,#1718,#1719);
#1405=AXIS2_PLACEMENT_3D('',#2343,#1721,#1722);
#1406=AXIS2_PLACEMENT_3D('',#2344,#1723,#1724);
#1407=AXIS2_PLACEMENT_3D('',#2345,#1725,#1726);
#1408=AXIS2_PLACEMENT_3D('',#2349,#1728,#1729);
#1409=AXIS2_PLACEMENT_3D('',#2353,#1731,#1732);
#1410=AXIS2_PLACEMENT_3D('',#2355,#1734,#1735);
#1411=AXIS2_PLACEMENT_3D('',#2361,#1739,#1740);
#1412=AXIS2_PLACEMENT_3D('',#2365,#1743,#1744);
#1413=AXIS2_PLACEMENT_3D('',#2369,#1747,#1748);
#1414=AXIS2_PLACEMENT_3D('',#2371,#1749,#1750);
#1415=AXIS2_PLACEMENT_3D('',#2373,#1752,#1753);
#1416=AXIS2_PLACEMENT_3D('',#2377,#1755,#1756);
#1417=AXIS2_PLACEMENT_3D('',#2379,#1758,#1759);
#1418=AXIS2_PLACEMENT_3D('',#2381,#1761,#1762);
#1419=AXIS2_PLACEMENT_3D('',#2383,#1764,#1765);
#1420=AXIS2_PLACEMENT_3D('',#2384,#1766,#1767);
#1421=AXIS2_PLACEMENT_3D('',#2385,#1768,#1769);
#1422=AXIS2_PLACEMENT_3D('',#2386,#1770,#1771);
#1423=AXIS2_PLACEMENT_3D('',#2387,#1772,#1773);
#1424=AXIS2_PLACEMENT_3D('',#2389,#1775,#1776);
#1425=AXIS2_PLACEMENT_3D('',#2390,#1777,#1778);
#1426=AXIS2_PLACEMENT_3D('',#2391,#1779,#1780);
#1427=AXIS2_PLACEMENT_3D('',#2393,#1782,#1783);
#1428=AXIS2_PLACEMENT_3D('',#2394,#1784,#1785);
#1429=AXIS2_PLACEMENT_3D('',#2396,#1787,#1788);
#1430=AXIS2_PLACEMENT_3D('',#2398,#1789,#1790);
#1431=AXIS2_PLACEMENT_3D('',#2399,#1791,#1792);
#1432=AXIS2_PLACEMENT_3D('',#2400,#1793,#1794);
#1433=AXIS2_PLACEMENT_3D('',#2403,#1797,#1798);
#1434=AXIS2_PLACEMENT_3D('',#2405,#1799,#1800);
#1435=AXIS2_PLACEMENT_3D('',#2406,#1801,#1802);
#1436=AXIS2_PLACEMENT_3D('',#2407,#1803,#1804);
#1437=AXIS2_PLACEMENT_3D('',#2409,#1806,#1807);
#1438=AXIS2_PLACEMENT_3D('',#2412,#1810,#1811);
#1439=AXIS2_PLACEMENT_3D('',#2413,#1812,#1813);
#1440=AXIS2_PLACEMENT_3D('',#2414,#1814,#1815);
#1441=AXIS2_PLACEMENT_3D('',#2415,#1816,#1817);
#1442=AXIS2_PLACEMENT_3D('',#2419,#1820,#1821);
#1443=AXIS2_PLACEMENT_3D('',#2425,#1825,#1826);
#1444=AXIS2_PLACEMENT_3D('',#2427,#1828,#1829);
#1445=AXIS2_PLACEMENT_3D('',#2431,#1832,#1833);
#1446=AXIS2_PLACEMENT_3D('',#2433,#1835,#1836);
#1447=AXIS2_PLACEMENT_3D('',#2435,#1837,#1838);
#1448=AXIS2_PLACEMENT_3D('',#2437,#1840,#1841);
#1449=AXIS2_PLACEMENT_3D('',#2439,#1843,#1844);
#1450=AXIS2_PLACEMENT_3D('',#2441,#1845,#1846);
#1451=AXIS2_PLACEMENT_3D('',#2443,#1848,#1849);
#1452=AXIS2_PLACEMENT_3D('',#2445,#1851,#1852);
#1453=DIRECTION('axis',(0.,0.,1.));
#1454=DIRECTION('refdir',(1.,0.,0.));
#1455=DIRECTION('center_axis',(0.,-1.,0.));
#1456=DIRECTION('ref_axis',(0.70710678118654,0.,-0.707106781186555));
#1457=DIRECTION('center_axis',(0.,1.,0.));
#1458=DIRECTION('ref_axis',(0.70710678118654,0.,-0.707106781186555));
#1459=DIRECTION('',(0.,1.,0.));
#1460=DIRECTION('center_axis',(0.,-1.,0.));
#1461=DIRECTION('ref_axis',(0.,0.,-1.));
#1462=DIRECTION('',(0.,-1.,0.));
#1463=DIRECTION('center_axis',(-1.,0.,0.));
#1464=DIRECTION('ref_axis',(0.,0.707106781186549,-0.707106781186546));
#1465=DIRECTION('center_axis',(-1.,0.,0.));
#1466=DIRECTION('ref_axis',(0.,1.,0.));
#1467=DIRECTION('',(-1.,0.,0.));
#1468=DIRECTION('center_axis',(1.,0.,0.));
#1469=DIRECTION('ref_axis',(0.,0.,-1.));
#1470=DIRECTION('',(1.,0.,0.));
#1471=DIRECTION('center_axis',(0.,0.,-1.));
#1472=DIRECTION('ref_axis',(-1.,0.,0.));
#1473=DIRECTION('center_axis',(0.,-1.,0.));
#1474=DIRECTION('ref_axis',(-0.707106781186547,0.,-0.707106781186548));
#1475=DIRECTION('center_axis',(0.,1.,0.));
#1476=DIRECTION('ref_axis',(-0.707106781186547,0.,-0.707106781186548));
#1477=DIRECTION('center_axis',(0.,0.,1.));
#1478=DIRECTION('ref_axis',(-0.707106781186546,0.707106781186549,0.));
#1479=DIRECTION('center_axis',(0.,0.,-1.));
#1480=DIRECTION('ref_axis',(-1.,0.,0.));
#1481=DIRECTION('',(0.,0.,-1.));
#1482=DIRECTION('',(0.,0.,1.));
#1483=DIRECTION('center_axis',(-1.,0.,0.));
#1484=DIRECTION('ref_axis',(0.,0.,1.));
#1485=DIRECTION('center_axis',(0.,-1.,0.));
#1486=DIRECTION('ref_axis',(-0.70710678118655,0.,0.707106781186545));
#1487=DIRECTION('center_axis',(0.,1.,0.));
#1488=DIRECTION('ref_axis',(-0.70710678118655,0.,0.707106781186545));
#1489=DIRECTION('center_axis',(1.,0.,0.));
#1490=DIRECTION('ref_axis',(0.,0.707106781186543,0.707106781186553));
#1491=DIRECTION('center_axis',(-1.,0.,0.));
#1492=DIRECTION('ref_axis',(0.,0.,1.));
#1493=DIRECTION('',(-1.,0.,0.));
#1494=DIRECTION('',(1.,0.,0.));
#1495=DIRECTION('center_axis',(-0.816496580927729,0.408248290463861,-0.40824829046386));
#1496=DIRECTION('ref_axis',(0.577350269189623,0.577350269189628,-0.577350269189626));
#1497=DIRECTION('center_axis',(0.,0.,-1.));
#1498=DIRECTION('ref_axis',(0.707106781186543,0.707106781186552,0.));
#1499=DIRECTION('center_axis',(0.,-1.,0.));
#1500=DIRECTION('ref_axis',(0.707106781186548,0.,0.707106781186548));
#1501=DIRECTION('center_axis',(0.,1.,0.));
#1502=DIRECTION('ref_axis',(0.707106781186548,0.,0.707106781186548));
#1503=DIRECTION('',(0.,1.,0.));
#1504=DIRECTION('center_axis',(0.,-1.,0.));
#1505=DIRECTION('ref_axis',(1.,0.,0.));
#1506=DIRECTION('',(0.,-1.,0.));
#1507=DIRECTION('center_axis',(0.40824829046386,-0.816496580927729,0.40824829046386));
#1508=DIRECTION('ref_axis',(0.577350269189625,0.577350269189627,0.577350269189625));
#1509=DIRECTION('center_axis',(0.,0.,1.));
#1510=DIRECTION('ref_axis',(0.707106781186543,0.707106781186552,0.));
#1511=DIRECTION('center_axis',(0.,0.,-1.));
#1512=DIRECTION('ref_axis',(0.70710678118654,0.707106781186555,0.));
#1513=DIRECTION('',(0.,0.,1.));
#1514=DIRECTION('center_axis',(0.,0.,1.));
#1515=DIRECTION('ref_axis',(1.,0.,0.));
#1516=DIRECTION('',(0.,0.,-1.));
#1517=DIRECTION('center_axis',(0.,1.,0.));
#1518=DIRECTION('ref_axis',(1.,0.,0.));
#1519=DIRECTION('',(0.,0.,1.));
#1520=DIRECTION('center_axis',(0.,-1.,0.));
#1521=DIRECTION('ref_axis',(0.707106781186548,0.,-0.707106781186548));
#1522=DIRECTION('',(1.,0.,0.));
#1523=DIRECTION('center_axis',(0.,1.,0.));
#1524=DIRECTION('ref_axis',(-0.707106781186548,0.,0.707106781186548));
#1525=DIRECTION('',(0.,0.,1.));
#1526=DIRECTION('center_axis',(0.,1.,0.));
#1527=DIRECTION('ref_axis',(-0.707106781186548,0.,-0.707106781186548));
#1528=DIRECTION('',(-1.,0.,8.78945971218447E-17));
#1529=DIRECTION('center_axis',(0.,-1.,0.));
#1530=DIRECTION('ref_axis',(0.707106781186553,0.,0.707106781186542));
#1531=DIRECTION('center_axis',(0.,-1.,0.));
#1532=DIRECTION('ref_axis',(1.,0.,0.));
#1533=DIRECTION('center_axis',(0.,-1.,0.));
#1534=DIRECTION('ref_axis',(1.,0.,0.));
#1535=DIRECTION('center_axis',(0.,0.,-1.));
#1536=DIRECTION('ref_axis',(0.70710678118654,0.707106781186555,0.));
#1537=DIRECTION('',(0.,0.,-1.));
#1538=DIRECTION('center_axis',(0.,0.,1.));
#1539=DIRECTION('ref_axis',(1.,0.,0.));
#1540=DIRECTION('center_axis',(1.,0.,0.));
#1541=DIRECTION('ref_axis',(0.,0.,1.));
#1542=DIRECTION('',(0.,1.,0.));
#1543=DIRECTION('center_axis',(1.,0.,0.));
#1544=DIRECTION('ref_axis',(0.,-0.707106781186549,-0.707106781186546));
#1545=DIRECTION('',(0.,0.,-1.));
#1546=DIRECTION('center_axis',(1.,0.,0.));
#1547=DIRECTION('ref_axis',(0.,-0.707106781186548,0.707106781186547));
#1548=DIRECTION('',(0.,-1.,0.));
#1549=DIRECTION('',(0.,0.,1.));
#1550=DIRECTION('center_axis',(1.,0.,0.));
#1551=DIRECTION('ref_axis',(0.,0.,-1.));
#1552=DIRECTION('center_axis',(0.,1.,0.));
#1553=DIRECTION('ref_axis',(0.707106781186548,0.,-0.707106781186548));
#1554=DIRECTION('center_axis',(-1.,0.,0.));
#1555=DIRECTION('ref_axis',(0.,0.707106781186543,-0.707106781186553));
#1556=DIRECTION('center_axis',(1.,0.,0.));
#1557=DIRECTION('ref_axis',(0.,0.,-1.));
#1558=DIRECTION('',(-1.,0.,0.));
#1559=DIRECTION('center_axis',(0.,1.,0.));
#1560=DIRECTION('ref_axis',(0.,0.,1.));
#1561=DIRECTION('center_axis',(0.,0.,1.));
#1562=DIRECTION('ref_axis',(1.,0.,0.));
#1563=DIRECTION('center_axis',(0.,-1.,0.));
#1564=DIRECTION('ref_axis',(-0.707106781186548,0.,0.707106781186548));
#1565=DIRECTION('center_axis',(0.,0.,-1.));
#1566=DIRECTION('ref_axis',(0.707106781186546,0.707106781186549,0.));
#1567=DIRECTION('center_axis',(0.,0.,1.));
#1568=DIRECTION('ref_axis',(1.,0.,0.));
#1569=DIRECTION('',(0.,0.,-1.));
#1570=DIRECTION('center_axis',(0.,1.,0.));
#1571=DIRECTION('ref_axis',(0.,0.,1.));
#1572=DIRECTION('center_axis',(-1.,0.,0.));
#1573=DIRECTION('ref_axis',(0.,0.,1.));
#1574=DIRECTION('center_axis',(0.,-1.,0.));
#1575=DIRECTION('ref_axis',(-0.707106781186548,0.,-0.707106781186548));
#1576=DIRECTION('center_axis',(1.,0.,-8.78945971218447E-17));
#1577=DIRECTION('ref_axis',(0.,0.707106781186549,0.707106781186546));
#1578=DIRECTION('center_axis',(-1.,0.,0.));
#1579=DIRECTION('ref_axis',(0.,0.,1.));
#1580=DIRECTION('',(1.,0.,-8.78945971218447E-17));
#1581=DIRECTION('center_axis',(0.,1.,0.));
#1582=DIRECTION('ref_axis',(0.707106781186553,0.,0.707106781186542));
#1583=DIRECTION('center_axis',(0.,0.,-1.));
#1584=DIRECTION('ref_axis',(1.,0.,0.));
#1585=DIRECTION('',(1.,0.,0.));
#1586=DIRECTION('',(0.,-1.,0.));
#1587=DIRECTION('center_axis',(-7.37659960807314E-16,0.,1.));
#1588=DIRECTION('ref_axis',(0.70710678118654,0.707106781186555,0.));
#1589=DIRECTION('',(-7.37659960807314E-16,0.,1.));
#1590=DIRECTION('center_axis',(-0.340102307325767,0.,-0.94038844131119));
#1591=DIRECTION('ref_axis',(0.94038844131119,0.,-0.340102307325767));
#1592=DIRECTION('',(7.37659960807314E-16,0.,-1.));
#1593=DIRECTION('center_axis',(0.340102307325714,-4.17616359854027E-15,
-0.940388441311209));
#1594=DIRECTION('ref_axis',(0.940388441311209,1.15471606410793E-14,0.340102307325714));
#1595=DIRECTION('center_axis',(0.639656557344762,0.,0.76866084110344));
#1596=DIRECTION('ref_axis',(0.543525293176805,0.707106781186538,-0.452305489328928));
#1597=DIRECTION('',(0.639656557344762,0.,0.76866084110344));
#1598=DIRECTION('center_axis',(-0.63965655734477,0.,-0.768660841103433));
#1599=DIRECTION('ref_axis',(0.,1.,0.));
#1600=DIRECTION('',(-0.639656557344762,0.,-0.76866084110344));
#1601=DIRECTION('center_axis',(0.76866084110344,0.,-0.639656557344762));
#1602=DIRECTION('ref_axis',(0.639656557344762,-5.33365602450486E-17,0.76866084110344));
#1603=DIRECTION('center_axis',(-0.515024276387664,0.,0.857175591539658));
#1604=DIRECTION('ref_axis',(0.857175591539658,0.,0.515024276387664));
#1605=DIRECTION('center_axis',(0.639656557344762,0.,-0.76866084110344));
#1606=DIRECTION('ref_axis',(-0.543525293176787,0.707106781186548,-0.452305489328935));
#1607=DIRECTION('',(-0.639656557344762,0.,0.76866084110344));
#1608=DIRECTION('center_axis',(0.63965655734477,0.,-0.768660841103433));
#1609=DIRECTION('ref_axis',(-0.768660841103433,0.,-0.63965655734477));
#1610=DIRECTION('',(0.639656557344762,0.,-0.76866084110344));
#1611=DIRECTION('center_axis',(-0.340102307325767,0.,0.94038844131119));
#1612=DIRECTION('ref_axis',(-0.94038844131119,0.,-0.340102307325767));
#1613=DIRECTION('center_axis',(0.515024276387664,0.,0.857175591539658));
#1614=DIRECTION('ref_axis',(-0.857175591539658,0.,0.515024276387664));
#1615=DIRECTION('center_axis',(-0.76866084110344,0.,-0.639656557344762));
#1616=DIRECTION('ref_axis',(-0.639656557344762,-5.33365602450486E-17,0.76866084110344));
#1617=DIRECTION('center_axis',(3.76260392354768E-16,0.,-1.));
#1618=DIRECTION('ref_axis',(-0.70710678118654,0.707106781186555,0.));
#1619=DIRECTION('',(-3.76260392354768E-16,0.,1.));
#1620=DIRECTION('',(3.76260392354768E-16,0.,-1.));
#1621=DIRECTION('center_axis',(0.340102307325752,0.,0.940388441311195));
#1622=DIRECTION('ref_axis',(-0.940388441311195,0.,0.340102307325752));
#1623=DIRECTION('center_axis',(-0.639656557344758,0.,-0.768660841103443));
#1624=DIRECTION('ref_axis',(-0.543525293176791,0.707106781186552,0.452305489328925));
#1625=DIRECTION('',(-0.639656557344758,0.,-0.768660841103443));
#1626=DIRECTION('center_axis',(0.63965655734476,3.41353985568312E-15,0.768660841103442));
#1627=DIRECTION('ref_axis',(0.,1.,-4.44089209850063E-15));
#1628=DIRECTION('',(0.639656557344758,0.,0.768660841103443));
#1629=DIRECTION('center_axis',(-0.768660841103443,0.,0.639656557344758));
#1630=DIRECTION('ref_axis',(-0.639656557344758,-1.06673120490098E-16,-0.768660841103443));
#1631=DIRECTION('center_axis',(0.515024276387663,0.,-0.857175591539659));
#1632=DIRECTION('ref_axis',(-0.857175591539659,0.,-0.515024276387663));
#1633=DIRECTION('center_axis',(-0.639656557344758,0.,0.768660841103443));
#1634=DIRECTION('ref_axis',(0.543525293176802,0.707106781186551,0.452305489328912));
#1635=DIRECTION('',(0.639656557344758,0.,-0.768660841103443));
#1636=DIRECTION('center_axis',(-0.639656557344754,0.,0.768660841103446));
#1637=DIRECTION('ref_axis',(0.768660841103446,0.,0.639656557344754));
#1638=DIRECTION('',(-0.639656557344758,0.,0.768660841103443));
#1639=DIRECTION('center_axis',(-0.515024276387663,0.,-0.857175591539659));
#1640=DIRECTION('ref_axis',(0.857175591539659,0.,-0.515024276387663));
#1641=DIRECTION('center_axis',(0.768660841103443,0.,0.639656557344758));
#1642=DIRECTION('ref_axis',(0.639656557344758,0.,-0.768660841103443));
#1643=DIRECTION('center_axis',(1.,0.,-8.78945971218447E-17));
#1644=DIRECTION('ref_axis',(0.,-0.707106781186549,-0.707106781186546));
#1645=DIRECTION('',(1.,0.,-8.78945971218447E-17));
#1646=DIRECTION('center_axis',(-0.515024276387651,0.,-0.857175591539666));
#1647=DIRECTION('ref_axis',(0.857175591539666,0.,-0.515024276387651));
#1648=DIRECTION('center_axis',(0.515024276387659,0.,-0.857175591539661));
#1649=DIRECTION('ref_axis',(-0.857175591539661,0.,-0.515024276387659));
#1650=DIRECTION('',(1.,0.,-8.78945971218447E-17));
#1651=DIRECTION('center_axis',(-1.,0.,0.));
#1652=DIRECTION('ref_axis',(0.,-0.707106781186549,-0.707106781186546));
#1653=DIRECTION('',(-1.,0.,8.78945971218447E-17));
#1654=DIRECTION('center_axis',(1.,-8.88178419700125E-15,0.));
#1655=DIRECTION('ref_axis',(0.,0.,-1.));
#1656=DIRECTION('',(1.,0.,-8.78945971218447E-17));
#1657=DIRECTION('center_axis',(0.,-1.,0.));
#1658=DIRECTION('ref_axis',(0.,0.,-1.));
#1659=DIRECTION('',(-1.,0.,0.));
#1660=DIRECTION('',(0.639656557344753,0.,0.768660841103447));
#1661=DIRECTION('',(1.222846275153E-15,0.,1.));
#1662=DIRECTION('',(-0.639656557344772,0.,0.768660841103431));
#1663=DIRECTION('center_axis',(1.,0.,7.37659960807314E-16));
#1664=DIRECTION('ref_axis',(-7.37659960807314E-16,0.,1.));
#1665=DIRECTION('',(0.,-1.,0.));
#1666=DIRECTION('',(-7.37659960807314E-16,0.,1.));
#1667=DIRECTION('',(0.,-1.,0.));
#1668=DIRECTION('center_axis',(0.76866084110344,0.,-0.639656557344762));
#1669=DIRECTION('ref_axis',(0.639656557344762,0.,0.76866084110344));
#1670=DIRECTION('',(0.,-1.,0.));
#1671=DIRECTION('',(0.639656557344762,0.,0.76866084110344));
#1672=DIRECTION('center_axis',(-0.76866084110344,0.,-0.639656557344762));
#1673=DIRECTION('ref_axis',(0.639656557344762,0.,-0.76866084110344));
#1674=DIRECTION('',(0.,-1.,0.));
#1675=DIRECTION('',(0.639656557344762,0.,-0.76866084110344));
#1676=DIRECTION('center_axis',(-7.37659960807314E-16,0.,-1.));
#1677=DIRECTION('ref_axis',(-0.707106781186552,0.707106781186543,0.));
#1678=DIRECTION('',(-7.37659960807314E-16,0.,-1.));
#1679=DIRECTION('center_axis',(0.34010230732574,-4.17616359854023E-15,0.9403884413112));
#1680=DIRECTION('ref_axis',(-0.9403884413112,1.15471606410787E-14,0.34010230732574));
#1681=DIRECTION('',(7.37659960807314E-16,0.,1.));
#1682=DIRECTION('center_axis',(-0.340102307325797,0.,0.940388441311179));
#1683=DIRECTION('ref_axis',(-0.940388441311179,0.,-0.340102307325797));
#1684=DIRECTION('center_axis',(-0.639656557344763,0.,-0.768660841103439));
#1685=DIRECTION('ref_axis',(-0.543525293176808,0.707106781186542,0.452305489328918));
#1686=DIRECTION('',(-0.639656557344763,0.,-0.768660841103439));
#1687=DIRECTION('center_axis',(0.639656557344756,-3.41353985568313E-15,
0.768660841103445));
#1688=DIRECTION('ref_axis',(0.,1.,4.44089209850063E-15));
#1689=DIRECTION('',(0.639656557344763,0.,0.768660841103439));
#1690=DIRECTION('center_axis',(-0.768660841103439,0.,0.639656557344763));
#1691=DIRECTION('ref_axis',(-0.639656557344763,0.,-0.768660841103439));
#1692=DIRECTION('center_axis',(-0.639656557344772,0.,0.768660841103431));
#1693=DIRECTION('ref_axis',(0.543525293176791,0.707106781186552,0.452305489328925));
#1694=DIRECTION('',(0.639656557344772,0.,-0.768660841103431));
#1695=DIRECTION('center_axis',(-0.639656557344774,0.,0.76866084110343));
#1696=DIRECTION('ref_axis',(0.76866084110343,0.,0.639656557344774));
#1697=DIRECTION('center_axis',(0.340102307325732,0.,-0.940388441311203));
#1698=DIRECTION('ref_axis',(0.940388441311203,0.,0.340102307325732));
#1699=DIRECTION('center_axis',(0.768660841103431,0.,0.639656557344772));
#1700=DIRECTION('ref_axis',(0.639656557344772,0.,-0.768660841103431));
#1701=DIRECTION('center_axis',(1.222846275153E-15,0.,1.));
#1702=DIRECTION('ref_axis',(0.707106781186552,0.707106781186543,0.));
#1703=DIRECTION('',(-1.222846275153E-15,0.,-1.));
#1704=DIRECTION('center_axis',(-0.340102307325617,0.,-0.940388441311244));
#1705=DIRECTION('ref_axis',(0.940388441311244,0.,-0.340102307325617));
#1706=DIRECTION('center_axis',(0.639656557344753,0.,0.768660841103447));
#1707=DIRECTION('ref_axis',(0.543525293176796,0.707106781186543,-0.452305489328932));
#1708=DIRECTION('center_axis',(-0.639656557344749,0.,-0.76866084110345));
#1709=DIRECTION('ref_axis',(0.,1.,0.));
#1710=DIRECTION('',(-0.639656557344753,0.,-0.768660841103447));
#1711=DIRECTION('center_axis',(0.768660841103447,0.,-0.639656557344753));
#1712=DIRECTION('ref_axis',(0.639656557344753,5.33365602450491E-17,0.768660841103447));
#1713=DIRECTION('center_axis',(-0.515024276387672,0.,0.857175591539654));
#1714=DIRECTION('ref_axis',(0.857175591539653,0.,0.515024276387672));
#1715=DIRECTION('center_axis',(0.639656557344766,0.,-0.768660841103436));
#1716=DIRECTION('ref_axis',(-0.543525293176805,0.707106781186538,-0.452305489328928));
#1717=DIRECTION('',(-0.639656557344766,0.,0.768660841103436));
#1718=DIRECTION('center_axis',(0.639656557344761,0.,-0.76866084110344));
#1719=DIRECTION('ref_axis',(-0.76866084110344,0.,-0.639656557344761));
#1720=DIRECTION('',(0.639656557344766,0.,-0.768660841103436));
#1721=DIRECTION('center_axis',(0.51502427638766,0.,0.857175591539661));
#1722=DIRECTION('ref_axis',(-0.857175591539661,0.,0.51502427638766));
#1723=DIRECTION('center_axis',(-0.768660841103436,0.,-0.639656557344766));
#1724=DIRECTION('ref_axis',(-0.639656557344766,5.33365602450484E-17,0.768660841103436));
#1725=DIRECTION('center_axis',(-1.,0.,0.));
#1726=DIRECTION('ref_axis',(0.,-0.707106781186543,0.707106781186552));
#1727=DIRECTION('',(-1.,0.,0.));
#1728=DIRECTION('center_axis',(1.,0.,0.));
#1729=DIRECTION('ref_axis',(0.,-1.,0.));
#1730=DIRECTION('',(1.,0.,0.));
#1731=DIRECTION('center_axis',(-1.,0.,0.));
#1732=DIRECTION('ref_axis',(0.,-0.707106781186548,0.707106781186547));
#1733=DIRECTION('',(-1.,0.,0.));
#1734=DIRECTION('center_axis',(-1.,0.,7.37659960807314E-16));
#1735=DIRECTION('ref_axis',(-7.37659960807314E-16,0.,-1.));
#1736=DIRECTION('',(0.,-1.,0.));
#1737=DIRECTION('',(-7.37659960807314E-16,0.,-1.));
#1738=DIRECTION('',(0.,-1.,0.));
#1739=DIRECTION('center_axis',(-0.768660841103439,0.,0.639656557344763));
#1740=DIRECTION('ref_axis',(-0.639656557344763,0.,-0.768660841103439));
#1741=DIRECTION('',(0.,-1.,0.));
#1742=DIRECTION('',(-0.639656557344763,0.,-0.768660841103439));
#1743=DIRECTION('center_axis',(0.768660841103431,0.,0.639656557344772));
#1744=DIRECTION('ref_axis',(-0.639656557344772,0.,0.768660841103431));
#1745=DIRECTION('',(0.,-1.,0.));
#1746=DIRECTION('',(-0.639656557344772,0.,0.768660841103431));
#1747=DIRECTION('center_axis',(0.,-1.,0.));
#1748=DIRECTION('ref_axis',(-0.707106781186548,0.,-0.707106781186548));
#1749=DIRECTION('center_axis',(0.,1.,0.));
#1750=DIRECTION('ref_axis',(-0.707106781186548,0.,-0.707106781186548));
#1751=DIRECTION('',(0.,1.,0.));
#1752=DIRECTION('center_axis',(0.,-1.,0.));
#1753=DIRECTION('ref_axis',(-0.707106781186544,0.,0.707106781186551));
#1754=DIRECTION('',(0.,-1.,0.));
#1755=DIRECTION('center_axis',(0.,1.,0.));
#1756=DIRECTION('ref_axis',(-0.707106781186544,0.,0.707106781186551));
#1757=DIRECTION('',(0.,1.,0.));
#1758=DIRECTION('center_axis',(0.,0.,1.));
#1759=DIRECTION('ref_axis',(-1.,0.,0.));
#1760=DIRECTION('',(-1.,0.,0.));
#1761=DIRECTION('center_axis',(0.,-1.,0.));
#1762=DIRECTION('ref_axis',(0.707106781186546,0.,0.707106781186549));
#1763=DIRECTION('',(0.,-1.,0.));
#1764=DIRECTION('center_axis',(0.,1.,0.));
#1765=DIRECTION('ref_axis',(0.,0.,1.));
#1766=DIRECTION('center_axis',(1.,0.,0.));
#1767=DIRECTION('ref_axis',(0.,0.,-1.));
#1768=DIRECTION('center_axis',(0.,0.,-1.));
#1769=DIRECTION('ref_axis',(0.,1.,0.));
#1770=DIRECTION('center_axis',(0.,0.,1.));
#1771=DIRECTION('ref_axis',(0.707106781186546,0.707106781186549,0.));
#1772=DIRECTION('center_axis',(0.,0.,-1.));
#1773=DIRECTION('ref_axis',(0.,1.,0.));
#1774=DIRECTION('',(0.,0.,1.));
#1775=DIRECTION('center_axis',(1.,0.,0.));
#1776=DIRECTION('ref_axis',(0.,0.,-1.));
#1777=DIRECTION('center_axis',(0.,-1.,0.));
#1778=DIRECTION('ref_axis',(0.,0.,-1.));
#1779=DIRECTION('center_axis',(0.,1.,0.));
#1780=DIRECTION('ref_axis',(0.707106781186554,0.,-0.707106781186541));
#1781=DIRECTION('',(0.,1.,0.));
#1782=DIRECTION('center_axis',(0.,-1.,0.));
#1783=DIRECTION('ref_axis',(0.,0.,-1.));
#1784=DIRECTION('center_axis',(-8.78945971218447E-17,0.,-1.));
#1785=DIRECTION('ref_axis',(1.,0.,-8.78945971218447E-17));
#1786=DIRECTION('',(0.,1.,0.));
#1787=DIRECTION('center_axis',(0.408248290463852,-0.816496580927723,-0.40824829046388));
#1788=DIRECTION('ref_axis',(-0.577350269189613,-0.577350269189623,0.577350269189641));
#1789=DIRECTION('center_axis',(0.,0.,-1.));
#1790=DIRECTION('ref_axis',(-1.,0.,0.));
#1791=DIRECTION('center_axis',(0.,1.,0.));
#1792=DIRECTION('ref_axis',(0.,0.,1.));
#1793=DIRECTION('center_axis',(0.,-1.,0.));
#1794=DIRECTION('ref_axis',(-0.707106781186535,0.,0.70710678118656));
#1795=DIRECTION('',(0.,-1.,0.));
#1796=DIRECTION('',(0.,1.,0.));
#1797=DIRECTION('center_axis',(0.40824829046386,0.408248290463851,-0.816496580927734));
#1798=DIRECTION('ref_axis',(-0.577350269189638,-0.577350269189631,-0.577350269189609));
#1799=DIRECTION('center_axis',(0.,1.,0.));
#1800=DIRECTION('ref_axis',(-1.,0.,0.));
#1801=DIRECTION('center_axis',(-1.77635683940027E-14,0.,1.));
#1802=DIRECTION('ref_axis',(0.,-1.,0.));
#1803=DIRECTION('center_axis',(0.,-1.,0.));
#1804=DIRECTION('ref_axis',(-0.707106781186554,0.,-0.707106781186541));
#1805=DIRECTION('',(0.,-1.,0.));
#1806=DIRECTION('center_axis',(0.,0.,-1.));
#1807=DIRECTION('ref_axis',(-0.70710678118654,-0.707106781186555,0.));
#1808=DIRECTION('',(0.,0.,1.));
#1809=DIRECTION('',(0.,0.,-1.));
#1810=DIRECTION('center_axis',(0.,0.,1.));
#1811=DIRECTION('ref_axis',(-1.,0.,0.));
#1812=DIRECTION('center_axis',(-1.,0.,0.));
#1813=DIRECTION('ref_axis',(0.,0.,-1.));
#1814=DIRECTION('center_axis',(0.,-1.,0.));
#1815=DIRECTION('ref_axis',(0.,0.,-1.));
#1816=DIRECTION('center_axis',(1.,0.,-1.222846275153E-15));
#1817=DIRECTION('ref_axis',(1.222846275153E-15,0.,1.));
#1818=DIRECTION('',(0.,-1.,0.));
#1819=DIRECTION('',(1.222846275153E-15,0.,1.));
#1820=DIRECTION('center_axis',(-0.768660841103443,0.,0.639656557344758));
#1821=DIRECTION('ref_axis',(-0.639656557344758,0.,-0.768660841103443));
#1822=DIRECTION('',(0.,-1.,0.));
#1823=DIRECTION('',(-0.639656557344758,0.,-0.768660841103443));
#1824=DIRECTION('',(0.,-1.,0.));
#1825=DIRECTION('center_axis',(0.768660841103443,0.,0.639656557344758));
#1826=DIRECTION('ref_axis',(-0.639656557344758,0.,0.768660841103443));
#1827=DIRECTION('',(-0.639656557344758,0.,0.768660841103443));
#1828=DIRECTION('center_axis',(0.768660841103447,0.,-0.639656557344753));
#1829=DIRECTION('ref_axis',(0.639656557344753,0.,0.768660841103447));
#1830=DIRECTION('',(0.,-1.,0.));
#1831=DIRECTION('',(0.639656557344753,0.,0.768660841103447));
#1832=DIRECTION('center_axis',(-0.768660841103436,0.,-0.639656557344766));
#1833=DIRECTION('ref_axis',(0.639656557344766,0.,-0.768660841103436));
#1834=DIRECTION('',(0.639656557344766,0.,-0.768660841103436));
#1835=DIRECTION('center_axis',(0.,-1.,0.));
#1836=DIRECTION('ref_axis',(1.,0.,0.));
#1837=DIRECTION('center_axis',(0.,1.,0.));
#1838=DIRECTION('ref_axis',(1.,0.,0.));
#1839=DIRECTION('',(0.,1.,0.));
#1840=DIRECTION('center_axis',(-1.,0.,-3.76260392354768E-16));
#1841=DIRECTION('ref_axis',(3.76260392354768E-16,0.,-1.));
#1842=DIRECTION('',(3.76260392354768E-16,0.,-1.));
#1843=DIRECTION('center_axis',(0.,-1.,0.));
#1844=DIRECTION('ref_axis',(1.,0.,0.));
#1845=DIRECTION('center_axis',(0.,1.,0.));
#1846=DIRECTION('ref_axis',(1.,0.,0.));
#1847=DIRECTION('',(0.,1.,0.));
#1848=DIRECTION('center_axis',(-1.,0.,0.));
#1849=DIRECTION('ref_axis',(0.,0.,-1.));
#1850=DIRECTION('',(0.,0.,-1.));
#1851=DIRECTION('center_axis',(0.,1.,0.));
#1852=DIRECTION('ref_axis',(1.,0.,0.));
#1853=CARTESIAN_POINT('',(0.,0.,0.));
#1854=CARTESIAN_POINT('Origin',(31.5,0.,0.25));
#1855=CARTESIAN_POINT('',(31.75,-4.,0.250000000000004));
#1856=CARTESIAN_POINT('',(31.5,-4.,0.));
#1857=CARTESIAN_POINT('Origin',(31.5,-4.,0.25));
#1858=CARTESIAN_POINT('',(31.5,-0.25,0.));
#1859=CARTESIAN_POINT('',(31.5,0.,0.));
#1860=CARTESIAN_POINT('',(31.75,-0.25,0.249999999999999));
#1861=CARTESIAN_POINT('Origin',(31.5,-0.25,0.25));
#1862=CARTESIAN_POINT('',(31.75,0.,0.25));
#1863=CARTESIAN_POINT('Origin',(20.21875,-0.25,0.249999999999999));
#1864=CARTESIAN_POINT('',(31.5,0.,0.249999999999999));
#1865=CARTESIAN_POINT('Origin',(31.5,-0.25,0.249999999999999));
#1866=CARTESIAN_POINT('',(16.875,-0.25,0.));
#1867=CARTESIAN_POINT('',(20.21875,-0.25,0.));
#1868=CARTESIAN_POINT('',(16.875,0.,0.249999999999999));
#1869=CARTESIAN_POINT('Origin',(16.875,-0.25,0.249999999999999));
#1870=CARTESIAN_POINT('',(20.21875,0.,0.249999999999999));
#1871=CARTESIAN_POINT('Ctrl Pts',(16.625,0.,0.499999999999998));
#1872=CARTESIAN_POINT('Ctrl Pts',(16.625,0.,0.249999999999999));
#1873=CARTESIAN_POINT('Ctrl Pts',(16.875,0.,0.249999999999999));
#1874=CARTESIAN_POINT('Ctrl Pts',(16.375,9.71445146547012E-16,0.499999999999998));
#1875=CARTESIAN_POINT('Ctrl Pts',(16.375,9.77668891860157E-16,-1.80411241501588E-15));
#1876=CARTESIAN_POINT('Ctrl Pts',(16.875,9.77668891860157E-16,-1.94289029309402E-15));
#1877=CARTESIAN_POINT('Ctrl Pts',(16.375,-0.25,0.499999999999998));
#1878=CARTESIAN_POINT('Ctrl Pts',(16.375,-0.25,-1.80411241501588E-15));
#1879=CARTESIAN_POINT('Ctrl Pts',(16.875,-0.25,-1.94289029309402E-15));
#1880=CARTESIAN_POINT('',(16.375,-0.25,0.499999999999998));
#1881=CARTESIAN_POINT('',(16.625,0.,0.499999999999998));
#1882=CARTESIAN_POINT('Origin',(16.625,-0.25,0.499999999999998));
#1883=CARTESIAN_POINT('Origin',(16.875,0.,0.499999999999998));
#1884=CARTESIAN_POINT('Origin',(16.875,-0.25,0.499999999999998));
#1885=CARTESIAN_POINT('Origin',(16.625,-0.25,45.20625));
#1886=CARTESIAN_POINT('',(16.375,-0.25,59.775));
#1887=CARTESIAN_POINT('',(16.625,0.,59.775));
#1888=CARTESIAN_POINT('Origin',(16.625,-0.25,59.775));
#1889=CARTESIAN_POINT('',(16.625,0.,45.20625));
#1890=CARTESIAN_POINT('',(16.375,-0.25,45.20625));
#1891=CARTESIAN_POINT('Ctrl Pts',(16.875,0.,60.025));
#1892=CARTESIAN_POINT('Ctrl Pts',(16.625,0.,60.025));
#1893=CARTESIAN_POINT('Ctrl Pts',(16.625,0.,59.775));
#1894=CARTESIAN_POINT('Ctrl Pts',(16.875,9.40935272570187E-16,60.275));
#1895=CARTESIAN_POINT('Ctrl Pts',(16.375,9.40935272570187E-16,60.275));
#1896=CARTESIAN_POINT('Ctrl Pts',(16.375,9.36750677027476E-16,59.775));
#1897=CARTESIAN_POINT('Ctrl Pts',(16.875,-0.25,60.275));
#1898=CARTESIAN_POINT('Ctrl Pts',(16.375,-0.25,60.275));
#1899=CARTESIAN_POINT('Ctrl Pts',(16.375,-0.25,59.775));
#1900=CARTESIAN_POINT('',(16.875,-0.25,60.275));
#1901=CARTESIAN_POINT('',(16.875,0.,60.025));
#1902=CARTESIAN_POINT('Origin',(16.875,-0.25,60.025));
#1903=CARTESIAN_POINT('Origin',(16.875,0.,59.775));
#1904=CARTESIAN_POINT('Origin',(16.875,-0.25,59.775));
#1905=CARTESIAN_POINT('Origin',(27.90625,-0.25,60.025));
#1906=CARTESIAN_POINT('',(31.5,-0.25,60.275));
#1907=CARTESIAN_POINT('',(31.5,0.,60.025));
#1908=CARTESIAN_POINT('Origin',(31.5,-0.25,60.025));
#1909=CARTESIAN_POINT('',(27.90625,0.,60.025));
#1910=CARTESIAN_POINT('',(27.90625,-0.25,60.275));
#1911=CARTESIAN_POINT('Origin',(31.5,-0.25,0.249999999999999));
#1912=CARTESIAN_POINT('Origin',(31.5,-0.25,0.249999999999999));
#1913=CARTESIAN_POINT('Origin',(31.5,0.,60.025));
#1914=CARTESIAN_POINT('',(31.5,-4.,60.275));
#1915=CARTESIAN_POINT('',(31.75,-4.,60.025));
#1916=CARTESIAN_POINT('Origin',(31.5,-4.,60.025));
#1917=CARTESIAN_POINT('',(31.75,-0.25,60.025));
#1918=CARTESIAN_POINT('',(31.75,0.,60.025));
#1919=CARTESIAN_POINT('Origin',(31.5,-0.25,60.025));
#1920=CARTESIAN_POINT('',(31.5,0.,60.275));
#1921=CARTESIAN_POINT('Origin',(31.5,-0.25,60.025));
#1922=CARTESIAN_POINT('Origin',(31.5,-0.25,60.025));
#1923=CARTESIAN_POINT('Origin',(31.5,-0.25,15.06875));
#1924=CARTESIAN_POINT('',(31.5,0.,8.38129999999999));
#1925=CARTESIAN_POINT('',(31.5,0.,15.06875));
#1926=CARTESIAN_POINT('',(31.75,-0.25,8.38129999999999));
#1927=CARTESIAN_POINT('Origin',(31.5,-0.25,8.38129999999999));
#1928=CARTESIAN_POINT('',(31.75,-0.25,15.06875));
#1929=CARTESIAN_POINT('Origin',(24.0625,0.,30.1375));
#1930=CARTESIAN_POINT('',(31.5,0.,51.8937));
#1931=CARTESIAN_POINT('',(31.5,0.,15.06875));
#1932=CARTESIAN_POINT('',(31.25,0.,51.6437));
#1933=CARTESIAN_POINT('Origin',(31.25,0.,51.8937));
#1934=CARTESIAN_POINT('',(19.6187,0.,51.6437));
#1935=CARTESIAN_POINT('',(27.90625,0.,51.6437));
#1936=CARTESIAN_POINT('',(19.1187,0.,51.1437));
#1937=CARTESIAN_POINT('Origin',(19.6187,0.,51.1437));
#1938=CARTESIAN_POINT('',(19.1187,0.,9.13129999999999));
#1939=CARTESIAN_POINT('',(19.1187,0.,40.7656));
#1940=CARTESIAN_POINT('',(19.6187,0.,8.63129999999999));
#1941=CARTESIAN_POINT('Origin',(19.6187,0.,9.13129999999999));
#1942=CARTESIAN_POINT('',(31.25,0.,8.63129999999999));
#1943=CARTESIAN_POINT('',(21.7156,0.,8.63129999999999));
#1944=CARTESIAN_POINT('Origin',(31.25,0.,8.38129999999999));
#1945=CARTESIAN_POINT('',(19.6187,0.,55.2437));
#1946=CARTESIAN_POINT('Origin',(22.7187,0.,55.2437));
#1947=CARTESIAN_POINT('',(19.6187,0.,5.0313));
#1948=CARTESIAN_POINT('Origin',(22.7187,0.,5.0313));
#1949=CARTESIAN_POINT('Origin',(31.5,-0.25,15.06875));
#1950=CARTESIAN_POINT('',(31.75,-0.25,51.8937));
#1951=CARTESIAN_POINT('',(31.75,-0.25,15.06875));
#1952=CARTESIAN_POINT('Origin',(31.5,-0.25,51.8937));
#1953=CARTESIAN_POINT('Origin',(31.75,0.,0.));
#1954=CARTESIAN_POINT('',(31.75,-2.,8.38129999999999));
#1955=CARTESIAN_POINT('',(31.75,0.,8.38129999999999));
#1956=CARTESIAN_POINT('',(31.75,-2.75,9.13129999999999));
#1957=CARTESIAN_POINT('Origin',(31.75,-2.,9.13129999999999));
#1958=CARTESIAN_POINT('',(31.75,-2.75,51.1437));
#1959=CARTESIAN_POINT('',(31.75,-2.75,15.06875));
#1960=CARTESIAN_POINT('',(31.75,-2.,51.8937));
#1961=CARTESIAN_POINT('Origin',(31.75,-2.,51.1437));
#1962=CARTESIAN_POINT('',(31.75,0.,51.8937));
#1963=CARTESIAN_POINT('',(31.75,-4.,60.275));
#1964=CARTESIAN_POINT('Ctrl Pts',(31.25,0.,51.6437));
#1965=CARTESIAN_POINT('Ctrl Pts',(31.5,0.,51.6437));
#1966=CARTESIAN_POINT('Ctrl Pts',(31.5,0.,51.8937));
#1967=CARTESIAN_POINT('Ctrl Pts',(31.25,9.32566081484765E-16,51.3937));
#1968=CARTESIAN_POINT('Ctrl Pts',(31.75,9.32566081484765E-16,51.3937));
#1969=CARTESIAN_POINT('Ctrl Pts',(31.75,9.36750677027476E-16,51.8937));
#1970=CARTESIAN_POINT('Ctrl Pts',(31.25,-0.25,51.3937));
#1971=CARTESIAN_POINT('Ctrl Pts',(31.75,-0.25,51.3937));
#1972=CARTESIAN_POINT('Ctrl Pts',(31.75,-0.25,51.8937));
#1973=CARTESIAN_POINT('',(31.25,-0.25,51.3937));
#1974=CARTESIAN_POINT('Origin',(31.25,-0.25,51.6437));
#1975=CARTESIAN_POINT('Origin',(31.25,-0.25,51.8937));
#1976=CARTESIAN_POINT('Origin',(27.90625,-0.25,51.6437));
#1977=CARTESIAN_POINT('',(19.6187,-0.25,51.3937));
#1978=CARTESIAN_POINT('Origin',(19.6187,-0.25,51.6437));
#1979=CARTESIAN_POINT('',(27.90625,-0.25,51.3937));
#1980=CARTESIAN_POINT('Origin',(19.6187,-0.25,51.1437));
#1981=CARTESIAN_POINT('',(19.3687,-0.25,51.1437));
#1982=CARTESIAN_POINT('Origin',(19.1187,-0.25,51.1437));
#1983=CARTESIAN_POINT('Origin',(19.6187,-0.25,51.1437));
#1984=CARTESIAN_POINT('Origin',(19.1187,-0.25,40.7656));
#1985=CARTESIAN_POINT('',(19.3687,-0.25,9.13129999999999));
#1986=CARTESIAN_POINT('Origin',(19.1187,-0.25,9.13129999999999));
#1987=CARTESIAN_POINT('',(19.3687,-0.25,40.7656));
#1988=CARTESIAN_POINT('Origin',(19.6187,-0.25,9.13129999999999));
#1989=CARTESIAN_POINT('',(19.6187,-0.25,8.88129999999999));
#1990=CARTESIAN_POINT('Origin',(19.6187,-0.25,8.63129999999999));
#1991=CARTESIAN_POINT('Origin',(19.6187,-0.25,9.13129999999999));
#1992=CARTESIAN_POINT('Origin',(21.7156,-0.25,8.63129999999999));
#1993=CARTESIAN_POINT('',(31.25,-0.25,8.88129999999999));
#1994=CARTESIAN_POINT('Origin',(31.25,-0.25,8.63129999999999));
#1995=CARTESIAN_POINT('',(21.7156,-0.25,8.88129999999999));
#1996=CARTESIAN_POINT('Ctrl Pts',(31.5,0.,8.38129999999999));
#1997=CARTESIAN_POINT('Ctrl Pts',(31.5,0.,8.63129999999999));
#1998=CARTESIAN_POINT('Ctrl Pts',(31.25,0.,8.63129999999999));
#1999=CARTESIAN_POINT('Ctrl Pts',(31.75,1.11022302462516E-15,8.38129999999999));
#2000=CARTESIAN_POINT('Ctrl Pts',(31.75,1.11787706711982E-15,8.88129999999999));
#2001=CARTESIAN_POINT('Ctrl Pts',(31.25,1.11787706711982E-15,8.88129999999999));
#2002=CARTESIAN_POINT('Ctrl Pts',(31.75,-0.25,8.38129999999999));
#2003=CARTESIAN_POINT('Ctrl Pts',(31.75,-0.25,8.88129999999999));
#2004=CARTESIAN_POINT('Ctrl Pts',(31.25,-0.25,8.88129999999999));
#2005=CARTESIAN_POINT('Origin',(31.25,-0.25,8.38129999999999));
#2006=CARTESIAN_POINT('Origin',(16.375,0.,0.));
#2007=CARTESIAN_POINT('',(16.875,-4.,0.));
#2008=CARTESIAN_POINT('',(31.75,-4.,0.));
#2009=CARTESIAN_POINT('',(16.875,0.,0.));
#2010=CARTESIAN_POINT('Origin',(20.1437,-2.5,20.10005));
#2011=CARTESIAN_POINT('',(20.1437,-2.25,9.97218462152844));
#2012=CARTESIAN_POINT('',(20.1437,-2.25,50.3028153784716));
#2013=CARTESIAN_POINT('',(20.1437,-2.25,20.10005));
#2014=CARTESIAN_POINT('',(20.3937,-2.5,50.2124));
#2015=CARTESIAN_POINT('Origin',(20.1437,-2.5,50.3028153784716));
#2016=CARTESIAN_POINT('',(20.3937,-2.5,10.0626));
#2017=CARTESIAN_POINT('',(20.3937,-2.5,20.10005));
#2018=CARTESIAN_POINT('Origin',(20.1437,-2.5,9.97218462152844));
#2019=CARTESIAN_POINT('Origin',(16.3231219370232,-2.5,45.7117129913101));
#2020=CARTESIAN_POINT('',(20.8434590268276,-2.25,51.1437));
#2021=CARTESIAN_POINT('',(16.3231219370232,-2.25,45.7117129913101));
#2022=CARTESIAN_POINT('',(21.0356242371034,-2.5,50.9837858606638));
#2023=CARTESIAN_POINT('Origin',(20.8434590268276,-2.5,51.1437));
#2024=CARTESIAN_POINT('',(16.5152871472991,-2.5,45.5517988519739));
#2025=CARTESIAN_POINT('Ctrl Pts',(20.8434590268276,-2.25,51.1437));
#2026=CARTESIAN_POINT('Ctrl Pts',(20.9679153459207,-2.25,51.2184781741751));
#2027=CARTESIAN_POINT('Ctrl Pts',(21.0910774762798,-2.21437504281566,51.2924787496612));
#2028=CARTESIAN_POINT('Ctrl Pts',(21.1687,-2.15592322729335,51.3391173666551));
#2029=CARTESIAN_POINT('Ctrl Pts',(20.8937677612341,-2.25,51.1018345762214));
#2030=CARTESIAN_POINT('Ctrl Pts',(21.0120418013966,-2.26280323401507,51.1816012634633));
#2031=CARTESIAN_POINT('Ctrl Pts',(21.1318266956693,-2.23299113311758,51.2698629314675));
#2032=CARTESIAN_POINT('Ctrl Pts',(21.2074276818029,-2.17163508565636,51.3265808981484));
#2033=CARTESIAN_POINT('Ctrl Pts',(20.9938601593906,-2.30433355711592,51.0185406767569));
#2034=CARTESIAN_POINT('Ctrl Pts',(21.1003050439823,-2.32776578305769,51.1245876967874));
#2035=CARTESIAN_POINT('Ctrl Pts',(21.2131780395569,-2.29436428848735,51.2436584194371));
#2036=CARTESIAN_POINT('Ctrl Pts',(21.284807472276,-2.21763662459632,51.3198411219044));
#2037=CARTESIAN_POINT('Ctrl Pts',(21.0356242371034,-2.43455015305021,50.9837858606638));
#2038=CARTESIAN_POINT('Ctrl Pts',(21.1502392115697,-2.44259307471341,51.1219230352721));
#2039=CARTESIAN_POINT('Ctrl Pts',(21.2675318273776,-2.38390279646331,51.2623804898634));
#2040=CARTESIAN_POINT('Ctrl Pts',(21.3415013693744,-2.28042273786071,51.3513515036108));
#2041=CARTESIAN_POINT('Ctrl Pts',(21.0356242371034,-2.5,50.9837858606638));
#2042=CARTESIAN_POINT('Ctrl Pts',(21.1600805561965,-2.5,51.133342209014));
#2043=CARTESIAN_POINT('Ctrl Pts',(21.2832426865556,-2.42875008563131,51.2813433599862));
#2044=CARTESIAN_POINT('Ctrl Pts',(21.3608652102758,-2.31184645458671,51.3746205939741));
#2045=CARTESIAN_POINT('',(21.1687,-2.47373776294524,51.1437));
#2046=CARTESIAN_POINT('Origin',(21.0356242371034,-2.,50.9837858606638));
#2047=CARTESIAN_POINT('',(21.1687,-2.15592322729337,51.3391173666551));
#2048=CARTESIAN_POINT('Origin',(20.8434590268276,-2.,51.1437));
#2049=CARTESIAN_POINT('Ctrl Pts',(21.1687,-2.15592322729337,51.3391173666551));
#2050=CARTESIAN_POINT('Ctrl Pts',(21.1687,-2.15633600460078,51.3387880122532));
#2051=CARTESIAN_POINT('Ctrl Pts',(21.1686999999995,-2.15674847610295,51.3384582602461));
#2052=CARTESIAN_POINT('Ctrl Pts',(21.1687000000143,-2.20955859777892,51.2961586477016));
#2053=CARTESIAN_POINT('Ctrl Pts',(21.1687,-2.26173671540346,51.2442226244294));
#2054=CARTESIAN_POINT('Ctrl Pts',(21.1687,-2.34481278226038,51.1850327452916));
#2055=CARTESIAN_POINT('Ctrl Pts',(21.1686999999764,-2.3746975344399,51.1672774124343));
#2056=CARTESIAN_POINT('Ctrl Pts',(21.1686999999788,-2.42812558753699,51.148341403072));
#2057=CARTESIAN_POINT('Ctrl Pts',(21.1687,-2.45072276103597,51.1437));
#2058=CARTESIAN_POINT('Ctrl Pts',(21.1687,-2.47373776294524,51.1437));
#2059=CARTESIAN_POINT('Origin',(27.4232586621538,-2.5,44.0185728209699));
#2060=CARTESIAN_POINT('',(21.9437,-2.5,50.2124));
#2061=CARTESIAN_POINT('',(21.3017757628965,-2.5,50.9837858606638));
#2062=CARTESIAN_POINT('',(27.231093451878,-2.5,43.8586586816337));
#2063=CARTESIAN_POINT('',(21.4939409731724,-2.25,51.1437));
#2064=CARTESIAN_POINT('Origin',(21.4939409731724,-2.5,51.1437));
#2065=CARTESIAN_POINT('',(22.1937,-2.25,50.3028153784716));
#2066=CARTESIAN_POINT('',(27.4232586621538,-2.25,44.0185728209699));
#2067=CARTESIAN_POINT('Origin',(22.1937,-2.5,50.3028153784716));
#2068=CARTESIAN_POINT('Ctrl Pts',(21.1687,-2.15592322729337,51.3391173666551));
#2069=CARTESIAN_POINT('Ctrl Pts',(21.2463225237202,-2.21437504281567,51.2924787496612));
#2070=CARTESIAN_POINT('Ctrl Pts',(21.3694846540793,-2.25,51.2184781741751));
#2071=CARTESIAN_POINT('Ctrl Pts',(21.4939409731724,-2.25,51.1437));
#2072=CARTESIAN_POINT('Ctrl Pts',(21.1299723181971,-2.17163508565638,51.3265808981484));
#2073=CARTESIAN_POINT('Ctrl Pts',(21.2055733043306,-2.23299113311759,51.2698629314675));
#2074=CARTESIAN_POINT('Ctrl Pts',(21.3253581986034,-2.26280323401507,51.1816012634633));
#2075=CARTESIAN_POINT('Ctrl Pts',(21.4436322387659,-2.25,51.1018345762214));
#2076=CARTESIAN_POINT('Ctrl Pts',(21.0525925104369,-2.21763661056959,51.319841089939));
#2077=CARTESIAN_POINT('Ctrl Pts',(21.124221943156,-2.2943642744606,51.2436583874717));
#2078=CARTESIAN_POINT('Ctrl Pts',(21.2370948542233,-2.32776565062698,51.1245876120772));
#2079=CARTESIAN_POINT('Ctrl Pts',(21.3435397388151,-2.30433342468522,51.0185405920467));
#2080=CARTESIAN_POINT('Ctrl Pts',(20.9958986306256,-2.28042273786074,51.3513515036108));
#2081=CARTESIAN_POINT('Ctrl Pts',(21.0698681726224,-2.38390279646332,51.2623804898633));
#2082=CARTESIAN_POINT('Ctrl Pts',(21.1871607884303,-2.44259307471341,51.1219230352721));
#2083=CARTESIAN_POINT('Ctrl Pts',(21.3017757628965,-2.43455015305021,50.9837858606638));
#2084=CARTESIAN_POINT('Ctrl Pts',(20.9765347897241,-2.31184645458674,51.374620593974));
#2085=CARTESIAN_POINT('Ctrl Pts',(21.0541573134443,-2.42875008563133,51.2813433599862));
#2086=CARTESIAN_POINT('Ctrl Pts',(21.1773194438034,-2.5,51.133342209014));
#2087=CARTESIAN_POINT('Ctrl Pts',(21.3017757628965,-2.5,50.9837858606638));
#2088=CARTESIAN_POINT('Origin',(21.4939409731724,-2.,51.1437));
#2089=CARTESIAN_POINT('Origin',(21.3017757628965,-2.,50.9837858606638));
#2090=CARTESIAN_POINT('Origin',(22.1937,-2.5,40.17495));
#2091=CARTESIAN_POINT('',(21.9437,-2.5,10.0626));
#2092=CARTESIAN_POINT('',(21.9437,-2.5,40.17495));
#2093=CARTESIAN_POINT('',(22.1937,-2.25,9.97218462152843));
#2094=CARTESIAN_POINT('',(22.1937,-2.25,40.17495));
#2095=CARTESIAN_POINT('Origin',(22.1937,-2.5,9.97218462152843));
#2096=CARTESIAN_POINT('Origin',(27.8107586621538,-2.5,16.7220771790301));
#2097=CARTESIAN_POINT('',(21.4939409731724,-2.25,9.13129999999999));
#2098=CARTESIAN_POINT('',(27.8107586621538,-2.25,16.7220771790301));
#2099=CARTESIAN_POINT('',(21.3017757628965,-2.5,9.29121413933619));
#2100=CARTESIAN_POINT('Origin',(21.4939409731724,-2.5,9.13129999999999));
#2101=CARTESIAN_POINT('',(27.618593451878,-2.5,16.8819913183663));
#2102=CARTESIAN_POINT('Ctrl Pts',(21.4939409731724,-2.25,9.1313));
#2103=CARTESIAN_POINT('Ctrl Pts',(21.3694846540793,-2.25,9.0565218258249));
#2104=CARTESIAN_POINT('Ctrl Pts',(21.2463225237202,-2.21437504281566,8.98252125033881));
#2105=CARTESIAN_POINT('Ctrl Pts',(21.1687,-2.15592322729336,8.93588263334487));
#2106=CARTESIAN_POINT('Ctrl Pts',(21.4436322387659,-2.25,9.17316542377864));
#2107=CARTESIAN_POINT('Ctrl Pts',(21.3253581986034,-2.26280323401507,9.09339873653669));
#2108=CARTESIAN_POINT('Ctrl Pts',(21.2055733043306,-2.23299113311758,9.00513706853251));
#2109=CARTESIAN_POINT('Ctrl Pts',(21.1299723181971,-2.17163508565636,8.94841910185158));
#2110=CARTESIAN_POINT('Ctrl Pts',(21.3434916168456,-2.30427081974041,9.25649945361676));
#2111=CARTESIAN_POINT('Ctrl Pts',(21.2370467322538,-2.32770304568218,9.15045243358625));
#2112=CARTESIAN_POINT('Ctrl Pts',(21.1242137709181,-2.29435764349081,9.03135672376295));
#2113=CARTESIAN_POINT('Ctrl Pts',(21.052584338199,-2.21762997959979,8.95517402129571));
#2114=CARTESIAN_POINT('Ctrl Pts',(21.3017757628965,-2.43455015305021,9.29121413933619));
#2115=CARTESIAN_POINT('Ctrl Pts',(21.1871607884303,-2.44259307471341,9.15307696472793));
#2116=CARTESIAN_POINT('Ctrl Pts',(21.0698681726224,-2.38390279646331,9.01261951013664));
#2117=CARTESIAN_POINT('Ctrl Pts',(20.9958986306256,-2.28042273786071,8.9236484963892));
#2118=CARTESIAN_POINT('Ctrl Pts',(21.3017757628965,-2.5,9.29121413933619));
#2119=CARTESIAN_POINT('Ctrl Pts',(21.1773194438034,-2.5,9.141657790986));
#2120=CARTESIAN_POINT('Ctrl Pts',(21.0541573134443,-2.42875008563132,8.99365664001382));
#2121=CARTESIAN_POINT('Ctrl Pts',(20.9765347897241,-2.31184645458672,8.90037940602593));
#2122=CARTESIAN_POINT('',(21.1687,-2.47373776294525,9.1313));
#2123=CARTESIAN_POINT('Origin',(21.3017757628965,-2.,9.29121413933618));
#2124=CARTESIAN_POINT('',(21.1687,-2.15592322729337,8.93588263334487));
#2125=CARTESIAN_POINT('Origin',(21.4939409731724,-2.,9.13129999999999));
#2126=CARTESIAN_POINT('Ctrl Pts',(21.1687,-2.15592322729338,8.93588263334488));
#2127=CARTESIAN_POINT('Ctrl Pts',(21.1687,-2.15633600460064,8.93621198774671));
#2128=CARTESIAN_POINT('Ctrl Pts',(21.1687,-2.15674847610282,8.93654173975378));
#2129=CARTESIAN_POINT('Ctrl Pts',(21.1687000000015,-2.20955859777877,8.97884135229825));
#2130=CARTESIAN_POINT('Ctrl Pts',(21.1687,-2.26173671540337,9.03077737557051));
#2131=CARTESIAN_POINT('Ctrl Pts',(21.1687,-2.34481278226045,9.08996725470851));
#2132=CARTESIAN_POINT('Ctrl Pts',(21.1687000000236,-2.37469753443993,9.10772258756575));
#2133=CARTESIAN_POINT('Ctrl Pts',(21.1687000000211,-2.42812558753699,9.126658596928));
#2134=CARTESIAN_POINT('Ctrl Pts',(21.1687,-2.45072276103598,9.1313));
#2135=CARTESIAN_POINT('Ctrl Pts',(21.1687,-2.47373776294525,9.1313));
#2136=CARTESIAN_POINT('Origin',(16.7106219370233,-2.5,14.09763700869));
#2137=CARTESIAN_POINT('',(21.0356242371035,-2.5,9.29121413933618));
#2138=CARTESIAN_POINT('',(16.9027871472991,-2.5,14.2575511480262));
#2139=CARTESIAN_POINT('',(20.8434590268276,-2.25,9.13129999999999));
#2140=CARTESIAN_POINT('Origin',(20.8434590268276,-2.5,9.13129999999999));
#2141=CARTESIAN_POINT('',(16.7106219370233,-2.25,14.09763700869));
#2142=CARTESIAN_POINT('Ctrl Pts',(21.1687,-2.15592322729336,8.93588263334487));
#2143=CARTESIAN_POINT('Ctrl Pts',(21.0910774762798,-2.21437504281566,8.98252125033881));
#2144=CARTESIAN_POINT('Ctrl Pts',(20.9679153459207,-2.25,9.0565218258249));
#2145=CARTESIAN_POINT('Ctrl Pts',(20.8434590268276,-2.25,9.13129999999999));
#2146=CARTESIAN_POINT('Ctrl Pts',(21.2074276818029,-2.17163508565637,8.94841910185158));
#2147=CARTESIAN_POINT('Ctrl Pts',(21.1318266956694,-2.23299113311758,9.00513706853251));
#2148=CARTESIAN_POINT('Ctrl Pts',(21.0120418013966,-2.26280323401507,9.09339873653669));
#2149=CARTESIAN_POINT('Ctrl Pts',(20.8937677612341,-2.25,9.17316542377863));
#2150=CARTESIAN_POINT('Ctrl Pts',(21.2848157561241,-2.21762990306581,8.95517419570804));
#2151=CARTESIAN_POINT('Ctrl Pts',(21.213186323405,-2.29435756695683,9.03135689817529));
#2152=CARTESIAN_POINT('Ctrl Pts',(21.1003538231651,-2.32770232310227,9.15045289578922));
#2153=CARTESIAN_POINT('Ctrl Pts',(20.9939089385733,-2.30427009716051,9.25649991581973));
#2154=CARTESIAN_POINT('Ctrl Pts',(21.3415013693744,-2.28042273786072,8.9236484963892));
#2155=CARTESIAN_POINT('Ctrl Pts',(21.2675318273776,-2.38390279646331,9.01261951013665));
#2156=CARTESIAN_POINT('Ctrl Pts',(21.1502392115697,-2.44259307471341,9.15307696472793));
#2157=CARTESIAN_POINT('Ctrl Pts',(21.0356242371035,-2.43455015305021,9.29121413933618));
#2158=CARTESIAN_POINT('Ctrl Pts',(21.3608652102759,-2.31184645458673,8.90037940602594));
#2159=CARTESIAN_POINT('Ctrl Pts',(21.2832426865557,-2.42875008563132,8.99365664001382));
#2160=CARTESIAN_POINT('Ctrl Pts',(21.1600805561966,-2.5,9.141657790986));
#2161=CARTESIAN_POINT('Ctrl Pts',(21.0356242371035,-2.5,9.29121413933618));
#2162=CARTESIAN_POINT('Origin',(20.8434590268276,-2.,9.13129999999999));
#2163=CARTESIAN_POINT('Origin',(21.0356242371035,-2.,9.29121413933618));
#2164=CARTESIAN_POINT('Origin',(22.464025,-2.,9.13129999999999));
#2165=CARTESIAN_POINT('',(23.9434590268276,-2.25,9.13129999999999));
#2166=CARTESIAN_POINT('',(22.464025,-2.25,9.13129999999999));
#2167=CARTESIAN_POINT('',(24.2687000000011,-2.15592322729254,8.93588263334421));
#2168=CARTESIAN_POINT('Origin',(23.9434590268276,-2.,9.13129999999999));
#2169=CARTESIAN_POINT('',(24.5939409731724,-2.25,9.13129999999999));
#2170=CARTESIAN_POINT('Origin',(24.5939409731724,-2.,9.13129999999999));
#2171=CARTESIAN_POINT('',(31.25,-2.25,9.13129999999999));
#2172=CARTESIAN_POINT('',(22.464025,-2.25,9.13129999999999));
#2173=CARTESIAN_POINT('',(31.25,-2.,8.88129999999999));
#2174=CARTESIAN_POINT('Origin',(31.25,-2.,9.13129999999999));
#2175=CARTESIAN_POINT('',(19.6187,-2.,8.88129999999999));
#2176=CARTESIAN_POINT('',(22.464025,-2.,8.88129999999999));
#2177=CARTESIAN_POINT('',(19.6187,-2.25,9.13129999999999));
#2178=CARTESIAN_POINT('Origin',(19.6187,-2.,9.13129999999999));
#2179=CARTESIAN_POINT('',(22.464025,-2.25,9.13129999999999));
#2180=CARTESIAN_POINT('Origin',(25.55935,-2.25,30.1375));
#2181=CARTESIAN_POINT('',(23.9434590268276,-2.25,51.1437));
#2182=CARTESIAN_POINT('',(28.654675,-2.25,51.1437));
#2183=CARTESIAN_POINT('',(23.2437,-2.25,50.3028153784715));
#2184=CARTESIAN_POINT('',(18.7889231444244,-2.25,44.9496106228617));
#2185=CARTESIAN_POINT('',(23.2437,-2.25,9.97218462152844));
#2186=CARTESIAN_POINT('',(23.2437,-2.25,20.10005));
#2187=CARTESIAN_POINT('',(19.1764231444243,-2.25,14.859739377138));
#2188=CARTESIAN_POINT('Origin',(20.3937,0.,10.0626));
#2189=CARTESIAN_POINT('',(20.3937,-4.,50.2124));
#2190=CARTESIAN_POINT('',(20.3937,0.,50.2124));
#2191=CARTESIAN_POINT('',(20.3937,-4.,10.0626));
#2192=CARTESIAN_POINT('',(20.3937,-4.,55.2437));
#2193=CARTESIAN_POINT('',(20.3937,0.,10.0626));
#2194=CARTESIAN_POINT('Origin',(20.3937,0.,50.2124));
#2195=CARTESIAN_POINT('',(21.1687,-4.,51.1437));
#2196=CARTESIAN_POINT('',(21.1687,0.,51.1437));
#2197=CARTESIAN_POINT('',(21.1687,-4.,51.1437));
#2198=CARTESIAN_POINT('Origin',(21.1687,0.,51.1437));
#2199=CARTESIAN_POINT('',(21.9437,-4.,50.2124));
#2200=CARTESIAN_POINT('',(21.9437,0.,50.2124));
#2201=CARTESIAN_POINT('',(21.1687,-4.,51.1437));
#2202=CARTESIAN_POINT('Origin',(25.2937,-2.5,40.17495));
#2203=CARTESIAN_POINT('',(25.2937,-2.25,50.3028153784716));
#2204=CARTESIAN_POINT('',(25.2937,-2.25,9.97218462152844));
#2205=CARTESIAN_POINT('',(25.2937,-2.25,40.17495));
#2206=CARTESIAN_POINT('',(25.0437,-2.5,10.0626));
#2207=CARTESIAN_POINT('Origin',(25.2937,-2.5,9.97218462152844));
#2208=CARTESIAN_POINT('',(25.0437,-2.5,50.2124));
#2209=CARTESIAN_POINT('',(25.0437,-2.5,40.17495));
#2210=CARTESIAN_POINT('Origin',(25.2937,-2.5,50.3028153784716));
#2211=CARTESIAN_POINT('Origin',(30.2765598695549,-2.5,15.9599748105818));
#2212=CARTESIAN_POINT('',(30.2765598695549,-2.25,15.9599748105818));
#2213=CARTESIAN_POINT('',(24.4017757628965,-2.5,9.29121413933619));
#2214=CARTESIAN_POINT('Origin',(24.5939409731724,-2.5,9.13129999999999));
#2215=CARTESIAN_POINT('',(30.0843946592791,-2.5,16.119888949918));
#2216=CARTESIAN_POINT('Ctrl Pts',(24.5939409731724,-2.25,9.1313));
#2217=CARTESIAN_POINT('Ctrl Pts',(24.4694846540791,-2.25,9.05652182582475));
#2218=CARTESIAN_POINT('Ctrl Pts',(24.3463225237197,-2.21437504281551,8.98252125033852));
#2219=CARTESIAN_POINT('Ctrl Pts',(24.2686999999995,-2.15592322729301,8.93588263334459));
#2220=CARTESIAN_POINT('Ctrl Pts',(24.5436322387659,-2.25,9.17316542377864));
#2221=CARTESIAN_POINT('Ctrl Pts',(24.4253581986031,-2.2628032340151,9.09339873653653));
#2222=CARTESIAN_POINT('Ctrl Pts',(24.3055733043301,-2.23299113311745,9.00513706853216));
#2223=CARTESIAN_POINT('Ctrl Pts',(24.2299723181966,-2.17163508565599,8.94841910185123));
#2224=CARTESIAN_POINT('Ctrl Pts',(24.4434976911262,-2.30427872216016,9.25649439878214));
#2225=CARTESIAN_POINT('Ctrl Pts',(24.3370528065342,-2.32771094810198,9.15044737875142));
#2226=CARTESIAN_POINT('Ctrl Pts',(24.2242148024728,-2.29435848049653,9.03135481632019));
#2227=CARTESIAN_POINT('Ctrl Pts',(24.1525853697537,-2.2176308166052,8.95517211385295));
#2228=CARTESIAN_POINT('Ctrl Pts',(24.4017757628965,-2.43455015305021,9.29121413933619));
#2229=CARTESIAN_POINT('Ctrl Pts',(24.2871607884301,-2.44259307471343,9.15307696472765));
#2230=CARTESIAN_POINT('Ctrl Pts',(24.1698681726219,-2.38390279646306,9.01261951013609));
#2231=CARTESIAN_POINT('Ctrl Pts',(24.0958986306251,-2.28042273786009,8.92364849638866));
#2232=CARTESIAN_POINT('Ctrl Pts',(24.4017757628965,-2.5,9.29121413933619));
#2233=CARTESIAN_POINT('Ctrl Pts',(24.2773194438032,-2.5,9.1416577909857));
#2234=CARTESIAN_POINT('Ctrl Pts',(24.1541573134438,-2.42875008563102,8.99365664001323));
#2235=CARTESIAN_POINT('Ctrl Pts',(24.0765347897237,-2.31184645458601,8.90037940602537));
#2236=CARTESIAN_POINT('',(24.2687,-2.47373776294525,9.1313));
#2237=CARTESIAN_POINT('Origin',(24.4017757628965,-2.,9.29121413933618));
#2238=CARTESIAN_POINT('Ctrl Pts',(24.2687000000011,-2.15592322729254,8.93588263334421));
#2239=CARTESIAN_POINT('Ctrl Pts',(24.2687000000011,-2.15633600460037,8.93621198774649));
#2240=CARTESIAN_POINT('Ctrl Pts',(24.2686999999999,-2.15674847610225,8.93654173975333));
#2241=CARTESIAN_POINT('Ctrl Pts',(24.2687000000015,-2.20955859777877,8.97884135229825));
#2242=CARTESIAN_POINT('Ctrl Pts',(24.2687,-2.26173671540337,9.0307773755705));
#2243=CARTESIAN_POINT('Ctrl Pts',(24.2687,-2.34481278226044,9.0899672547085));
#2244=CARTESIAN_POINT('Ctrl Pts',(24.2687000000236,-2.37469753443992,9.10772258756575));
#2245=CARTESIAN_POINT('Ctrl Pts',(24.2687000000211,-2.428125587537,9.126658596928));
#2246=CARTESIAN_POINT('Ctrl Pts',(24.2687,-2.45072276103598,9.1313));
#2247=CARTESIAN_POINT('Ctrl Pts',(24.2687,-2.47373776294525,9.1313));
#2248=CARTESIAN_POINT('Origin',(19.1764231444243,-2.5,14.859739377138));
#2249=CARTESIAN_POINT('',(23.4937,-2.5,10.0626));
#2250=CARTESIAN_POINT('',(24.1356242371034,-2.5,9.29121413933619));
#2251=CARTESIAN_POINT('',(19.3685883547002,-2.5,15.0196535164742));
#2252=CARTESIAN_POINT('Origin',(23.9434590268276,-2.5,9.13129999999999));
#2253=CARTESIAN_POINT('Origin',(23.2437,-2.5,9.97218462152844));
#2254=CARTESIAN_POINT('Ctrl Pts',(24.2687000000011,-2.15592322729254,8.93588263334421));
#2255=CARTESIAN_POINT('Ctrl Pts',(24.1910774762809,-2.21437504281531,8.98252125033813));
#2256=CARTESIAN_POINT('Ctrl Pts',(24.0679153459213,-2.25,9.05652182582455));
#2257=CARTESIAN_POINT('Ctrl Pts',(23.9434590268276,-2.25,9.13129999999999));
#2258=CARTESIAN_POINT('Ctrl Pts',(24.307427681804,-2.1716350856555,8.94841910185078));
#2259=CARTESIAN_POINT('Ctrl Pts',(24.2318266956705,-2.23299113311727,9.0051370685317));
#2260=CARTESIAN_POINT('Ctrl Pts',(24.1120418013972,-2.26280323401513,9.09339873653631));
#2261=CARTESIAN_POINT('Ctrl Pts',(23.9937677612341,-2.25,9.17316542377864));
#2262=CARTESIAN_POINT('Ctrl Pts',(24.3848147142372,-2.21763074845459,8.9551722691585));
#2263=CARTESIAN_POINT('Ctrl Pts',(24.3131852815182,-2.29435841234634,9.03135497162572));
#2264=CARTESIAN_POINT('Ctrl Pts',(24.200347688041,-2.32771030467787,9.15044779032163));
#2265=CARTESIAN_POINT('Ctrl Pts',(24.0939028034488,-2.30427807873599,9.25649481035263));
#2266=CARTESIAN_POINT('Ctrl Pts',(24.4415013693754,-2.28042273785926,8.92364849638795));
#2267=CARTESIAN_POINT('Ctrl Pts',(24.3675318273787,-2.38390279646272,9.01261951013535));
#2268=CARTESIAN_POINT('Ctrl Pts',(24.2502392115702,-2.44259307471345,9.15307696472728));
#2269=CARTESIAN_POINT('Ctrl Pts',(24.1356242371034,-2.43455015305021,9.29121413933619));
#2270=CARTESIAN_POINT('Ctrl Pts',(24.4608652102769,-2.31184645458507,8.90037940602462));
#2271=CARTESIAN_POINT('Ctrl Pts',(24.3832426865568,-2.42875008563061,8.99365664001245));
#2272=CARTESIAN_POINT('Ctrl Pts',(24.2600805561971,-2.5,9.1416577909853));
#2273=CARTESIAN_POINT('Ctrl Pts',(24.1356242371034,-2.5,9.29121413933619));
#2274=CARTESIAN_POINT('Origin',(24.1356242371034,-2.,9.29121413933619));
#2275=CARTESIAN_POINT('Origin',(23.2437,-2.5,20.10005));
#2276=CARTESIAN_POINT('',(23.4937,-2.5,50.2124));
#2277=CARTESIAN_POINT('',(23.4937,-2.5,20.10005));
#2278=CARTESIAN_POINT('Origin',(23.2437,-2.5,50.3028153784715));
#2279=CARTESIAN_POINT('Origin',(18.7889231444244,-2.5,44.9496106228617));
#2280=CARTESIAN_POINT('',(24.1356242371035,-2.5,50.9837858606638));
#2281=CARTESIAN_POINT('Origin',(23.9434590268276,-2.5,51.1437));
#2282=CARTESIAN_POINT('',(18.9810883547002,-2.5,44.7896964835255));
#2283=CARTESIAN_POINT('Ctrl Pts',(23.9434590268276,-2.25,51.1437));
#2284=CARTESIAN_POINT('Ctrl Pts',(24.067915345921,-2.25,51.2184781741752));
#2285=CARTESIAN_POINT('Ctrl Pts',(24.1910774762803,-2.21437504281551,51.2924787496615));
#2286=CARTESIAN_POINT('Ctrl Pts',(24.2687000000005,-2.155923227293,51.3391173666554));
#2287=CARTESIAN_POINT('Ctrl Pts',(23.9937677612341,-2.25,51.1018345762214));
#2288=CARTESIAN_POINT('Ctrl Pts',(24.1120418013969,-2.2628032340151,51.1816012634635));
#2289=CARTESIAN_POINT('Ctrl Pts',(24.2318266956699,-2.23299113311745,51.2698629314678));
#2290=CARTESIAN_POINT('Ctrl Pts',(24.3074276818034,-2.17163508565598,51.3265808981488));
#2291=CARTESIAN_POINT('Ctrl Pts',(24.093858249658,-2.30433604160911,51.0185422659792));
#2292=CARTESIAN_POINT('Ctrl Pts',(24.20030313425,-2.32776826755093,51.12458928601));
#2293=CARTESIAN_POINT('Ctrl Pts',(24.3131777152401,-2.29436455163892,51.2436590191308));
#2294=CARTESIAN_POINT('Ctrl Pts',(24.3848071479592,-2.21763688774758,51.319841721598));
#2295=CARTESIAN_POINT('Ctrl Pts',(24.1356242371035,-2.43455015305021,50.9837858606638));
#2296=CARTESIAN_POINT('Ctrl Pts',(24.2502392115699,-2.44259307471343,51.1219230352724));
#2297=CARTESIAN_POINT('Ctrl Pts',(24.3675318273781,-2.38390279646305,51.2623804898639));
#2298=CARTESIAN_POINT('Ctrl Pts',(24.4415013693749,-2.28042273786008,51.3513515036114));
#2299=CARTESIAN_POINT('Ctrl Pts',(24.1356242371035,-2.5,50.9837858606638));
#2300=CARTESIAN_POINT('Ctrl Pts',(24.2600805561968,-2.5,51.1333422090143));
#2301=CARTESIAN_POINT('Ctrl Pts',(24.3832426865562,-2.42875008563101,51.2813433599868));
#2302=CARTESIAN_POINT('Ctrl Pts',(24.4608652102764,-2.311846454586,51.3746205939746));
#2303=CARTESIAN_POINT('',(24.2687,-2.47373776294525,51.1437));
#2304=CARTESIAN_POINT('Origin',(24.1356242371035,-2.,50.9837858606638));
#2305=CARTESIAN_POINT('',(24.2686999999989,-2.15592322729254,51.3391173666558));
#2306=CARTESIAN_POINT('Origin',(23.9434590268276,-2.,51.1437));
#2307=CARTESIAN_POINT('Ctrl Pts',(24.2686999999989,-2.15592322729253,51.3391173666558));
#2308=CARTESIAN_POINT('Ctrl Pts',(24.2686999999989,-2.15633600460026,51.3387880122536));
#2309=CARTESIAN_POINT('Ctrl Pts',(24.2687000000007,-2.15674847610201,51.3384582602469));
#2310=CARTESIAN_POINT('Ctrl Pts',(24.2686999999793,-2.20955859777854,51.296158647702));
#2311=CARTESIAN_POINT('Ctrl Pts',(24.2687,-2.26173671540324,51.2442226244296));
#2312=CARTESIAN_POINT('Ctrl Pts',(24.2687,-2.34481278226048,51.1850327452915));
#2313=CARTESIAN_POINT('Ctrl Pts',(24.2686999999764,-2.37469753443993,51.1672774124343));
#2314=CARTESIAN_POINT('Ctrl Pts',(24.2686999999789,-2.42812558753695,51.148341403072));
#2315=CARTESIAN_POINT('Ctrl Pts',(24.2687,-2.45072276103596,51.1437));
#2316=CARTESIAN_POINT('Ctrl Pts',(24.2687,-2.47373776294525,51.1437));
#2317=CARTESIAN_POINT('Origin',(29.8890598695549,-2.5,44.7806751894182));
#2318=CARTESIAN_POINT('',(24.4017757628966,-2.5,50.9837858606638));
#2319=CARTESIAN_POINT('',(29.6968946592791,-2.5,44.620761050082));
#2320=CARTESIAN_POINT('',(24.5939409731724,-2.25,51.1437));
#2321=CARTESIAN_POINT('Origin',(24.5939409731724,-2.5,51.1437));
#2322=CARTESIAN_POINT('',(29.8890598695549,-2.25,44.7806751894182));
#2323=CARTESIAN_POINT('Ctrl Pts',(24.2686999999989,-2.15592322729253,51.3391173666558));
#2324=CARTESIAN_POINT('Ctrl Pts',(24.3463225237191,-2.2143750428153,51.2924787496619));
#2325=CARTESIAN_POINT('Ctrl Pts',(24.4694846540787,-2.25,51.2184781741755));
#2326=CARTESIAN_POINT('Ctrl Pts',(24.5939409731724,-2.25,51.1437));
#2327=CARTESIAN_POINT('Ctrl Pts',(24.229972318196,-2.17163508565549,51.3265808981492));
#2328=CARTESIAN_POINT('Ctrl Pts',(24.3055733043295,-2.23299113311727,51.2698629314683));
#2329=CARTESIAN_POINT('Ctrl Pts',(24.4253581986028,-2.26280323401513,51.1816012634637));
#2330=CARTESIAN_POINT('Ctrl Pts',(24.5436322387659,-2.25,51.1018345762214));
#2331=CARTESIAN_POINT('Ctrl Pts',(24.1525928358404,-2.21763687460235,51.3198416916436));
#2332=CARTESIAN_POINT('Ctrl Pts',(24.2242222685595,-2.2943645384941,51.2436589891763));
#2333=CARTESIAN_POINT('Ctrl Pts',(24.3370967703573,-2.32776814344882,51.1245892066275));
#2334=CARTESIAN_POINT('Ctrl Pts',(24.4435416549496,-2.30433591750694,51.0185421865965));
#2335=CARTESIAN_POINT('Ctrl Pts',(24.0958986306246,-2.28042273785925,51.3513515036121));
#2336=CARTESIAN_POINT('Ctrl Pts',(24.1698681726213,-2.38390279646272,51.2623804898647));
#2337=CARTESIAN_POINT('Ctrl Pts',(24.2871607884298,-2.44259307471345,51.1219230352727));
#2338=CARTESIAN_POINT('Ctrl Pts',(24.4017757628966,-2.43455015305021,50.9837858606638));
#2339=CARTESIAN_POINT('Ctrl Pts',(24.0765347897231,-2.31184645458507,51.3746205939754));
#2340=CARTESIAN_POINT('Ctrl Pts',(24.1541573134432,-2.42875008563061,51.2813433599876));
#2341=CARTESIAN_POINT('Ctrl Pts',(24.2773194438029,-2.5,51.1333422090147));
#2342=CARTESIAN_POINT('Ctrl Pts',(24.4017757628966,-2.5,50.9837858606638));
#2343=CARTESIAN_POINT('Origin',(24.5939409731724,-2.,51.1437));
#2344=CARTESIAN_POINT('Origin',(24.4017757628966,-2.,50.9837858606638));
#2345=CARTESIAN_POINT('Origin',(28.654675,-2.,51.1437));
#2346=CARTESIAN_POINT('',(19.6187,-2.25,51.1437));
#2347=CARTESIAN_POINT('',(28.654675,-2.25,51.1437));
#2348=CARTESIAN_POINT('',(19.6187,-2.,51.3937));
#2349=CARTESIAN_POINT('Origin',(19.6187,-2.,51.1437));
#2350=CARTESIAN_POINT('',(31.25,-2.,51.3937));
#2351=CARTESIAN_POINT('',(28.654675,-2.,51.3937));
#2352=CARTESIAN_POINT('',(31.25,-2.25,51.1437));
#2353=CARTESIAN_POINT('Origin',(31.25,-2.,51.1437));
#2354=CARTESIAN_POINT('',(28.654675,-2.25,51.1437));
#2355=CARTESIAN_POINT('Origin',(25.0437,0.,50.2124));
#2356=CARTESIAN_POINT('',(25.0437,-4.,10.0626));
#2357=CARTESIAN_POINT('',(25.0437,0.,10.0626));
#2358=CARTESIAN_POINT('',(25.0437,-4.,50.2124));
#2359=CARTESIAN_POINT('',(25.0437,-4.,55.2437));
#2360=CARTESIAN_POINT('',(25.0437,0.,50.2124));
#2361=CARTESIAN_POINT('Origin',(25.0437,0.,10.0626));
#2362=CARTESIAN_POINT('',(24.2687,-4.,9.1313));
#2363=CARTESIAN_POINT('',(24.2687,0.,9.1313));
#2364=CARTESIAN_POINT('',(25.0437,-4.,10.0626));
#2365=CARTESIAN_POINT('Origin',(24.2687,0.,9.1313));
#2366=CARTESIAN_POINT('',(23.4937,-4.,10.0626));
#2367=CARTESIAN_POINT('',(23.4937,0.,10.0626));
#2368=CARTESIAN_POINT('',(23.4937,-4.,10.0626));
#2369=CARTESIAN_POINT('Origin',(16.875,0.,0.499999999999998));
#2370=CARTESIAN_POINT('',(16.375,-4.,0.499999999999998));
#2371=CARTESIAN_POINT('Origin',(16.875,-4.,0.499999999999998));
#2372=CARTESIAN_POINT('',(16.375,0.,0.499999999999998));
#2373=CARTESIAN_POINT('Origin',(16.875,0.,59.775));
#2374=CARTESIAN_POINT('',(16.375,-4.,59.775));
#2375=CARTESIAN_POINT('',(16.375,0.,59.775));
#2376=CARTESIAN_POINT('',(16.875,-4.,60.275));
#2377=CARTESIAN_POINT('Origin',(16.875,-4.,59.775));
#2378=CARTESIAN_POINT('',(16.875,0.,60.275));
#2379=CARTESIAN_POINT('Origin',(31.75,0.,60.275));
#2380=CARTESIAN_POINT('',(16.375,-4.,60.275));
#2381=CARTESIAN_POINT('Origin',(31.25,0.,8.38129999999999));
#2382=CARTESIAN_POINT('',(31.25,0.,8.88129999999999));
#2383=CARTESIAN_POINT('Origin',(31.25,-2.,8.38129999999999));
#2384=CARTESIAN_POINT('Origin',(31.25,-2.,9.13129999999999));
#2385=CARTESIAN_POINT('Origin',(31.25,-2.75,9.13129999999999));
#2386=CARTESIAN_POINT('Origin',(31.25,-2.75,15.06875));
#2387=CARTESIAN_POINT('Origin',(31.25,-2.75,51.1437));
#2388=CARTESIAN_POINT('',(31.25,-2.25,15.06875));
#2389=CARTESIAN_POINT('Origin',(31.25,-2.,51.1437));
#2390=CARTESIAN_POINT('Origin',(31.25,-2.,51.8937));
#2391=CARTESIAN_POINT('Origin',(31.25,0.,51.8937));
#2392=CARTESIAN_POINT('',(31.25,0.,51.3937));
#2393=CARTESIAN_POINT('Origin',(25.55935,-2.25,30.1375));
#2394=CARTESIAN_POINT('Origin',(19.3687,0.,8.88129999999999));
#2395=CARTESIAN_POINT('',(19.6187,0.,8.88129999999999));
#2396=CARTESIAN_POINT('Origin',(19.6187,-2.,51.1437));
#2397=CARTESIAN_POINT('',(19.3687,-2.,51.1437));
#2398=CARTESIAN_POINT('Origin',(19.6187,-2.,51.1437));
#2399=CARTESIAN_POINT('Origin',(19.6187,-2.,51.1437));
#2400=CARTESIAN_POINT('Origin',(19.6187,0.,51.1437));
#2401=CARTESIAN_POINT('',(19.6187,0.,51.3937));
#2402=CARTESIAN_POINT('',(19.3687,0.,51.1437));
#2403=CARTESIAN_POINT('Origin',(19.6187,-2.,9.13129999999999));
#2404=CARTESIAN_POINT('',(19.3687,-2.,9.13129999999999));
#2405=CARTESIAN_POINT('Origin',(19.6187,-2.,9.13129999999999));
#2406=CARTESIAN_POINT('Origin',(19.6187,-2.,9.13129999999999));
#2407=CARTESIAN_POINT('Origin',(19.6187,0.,9.13129999999999));
#2408=CARTESIAN_POINT('',(19.3687,0.,9.13129999999999));
#2409=CARTESIAN_POINT('Origin',(19.6187,-2.,40.7656));
#2410=CARTESIAN_POINT('',(19.3687,-2.,40.7656));
#2411=CARTESIAN_POINT('',(19.6187,-2.25,40.7656));
#2412=CARTESIAN_POINT('Origin',(31.75,0.,51.3937));
#2413=CARTESIAN_POINT('Origin',(19.3687,0.,51.3937));
#2414=CARTESIAN_POINT('Origin',(25.55935,-2.25,30.1375));
#2415=CARTESIAN_POINT('Origin',(23.4937,0.,10.0626));
#2416=CARTESIAN_POINT('',(23.4937,-4.,50.2124));
#2417=CARTESIAN_POINT('',(23.4937,0.,50.2124));
#2418=CARTESIAN_POINT('',(23.4937,-4.,55.2437));
#2419=CARTESIAN_POINT('Origin',(21.9437,0.,10.0626));
#2420=CARTESIAN_POINT('',(21.1687,-4.,9.13130000000001));
#2421=CARTESIAN_POINT('',(21.1687,0.,9.1313));
#2422=CARTESIAN_POINT('',(21.9437,-4.,10.0626));
#2423=CARTESIAN_POINT('',(21.1687,-4.,9.1313));
#2424=CARTESIAN_POINT('',(21.9437,0.,10.0626));
#2425=CARTESIAN_POINT('Origin',(21.1687,0.,9.1313));
#2426=CARTESIAN_POINT('',(20.3937,-4.,10.0626));
#2427=CARTESIAN_POINT('Origin',(23.4937,0.,50.2124));
#2428=CARTESIAN_POINT('',(24.2687,-4.,51.1437));
#2429=CARTESIAN_POINT('',(24.2687,0.,51.1437));
#2430=CARTESIAN_POINT('',(24.2687,-4.,51.1437));
#2431=CARTESIAN_POINT('Origin',(24.2687,0.,51.1437));
#2432=CARTESIAN_POINT('',(24.2687,-4.,51.1437));
#2433=CARTESIAN_POINT('Origin',(22.7187,0.,5.0313));
#2434=CARTESIAN_POINT('',(19.6187,-4.,5.0313));
#2435=CARTESIAN_POINT('Origin',(22.7187,-4.,5.0313));
#2436=CARTESIAN_POINT('',(19.6187,0.,5.0313));
#2437=CARTESIAN_POINT('Origin',(21.9437,0.,50.2124));
#2438=CARTESIAN_POINT('',(21.9437,-4.,55.2437));
#2439=CARTESIAN_POINT('Origin',(22.7187,0.,55.2437));
#2440=CARTESIAN_POINT('',(19.6187,-4.,55.2437));
#2441=CARTESIAN_POINT('Origin',(22.7187,-4.,55.2437));
#2442=CARTESIAN_POINT('',(19.6187,0.,55.2437));
#2443=CARTESIAN_POINT('Origin',(16.375,0.,60.275));
#2444=CARTESIAN_POINT('',(16.375,-4.,0.));
#2445=CARTESIAN_POINT('Origin',(24.0625,-4.,30.1375));
#2446=UNCERTAINTY_MEASURE_WITH_UNIT(LENGTH_MEASURE(0.01),#2450,
'DISTANCE_ACCURACY_VALUE',
'Maximum model space distance between geometric entities at asserted c
onnectivities');
#2447=UNCERTAINTY_MEASURE_WITH_UNIT(LENGTH_MEASURE(0.01),#2450,
'DISTANCE_ACCURACY_VALUE',
'Maximum model space distance between geometric entities at asserted c
onnectivities');
#2448=(
GEOMETRIC_REPRESENTATION_CONTEXT(3)
GLOBAL_UNCERTAINTY_ASSIGNED_CONTEXT((#2446))
GLOBAL_UNIT_ASSIGNED_CONTEXT((#2450,#2452,#2453))
REPRESENTATION_CONTEXT('','3D')
);
#2449=(
GEOMETRIC_REPRESENTATION_CONTEXT(3)
GLOBAL_UNCERTAINTY_ASSIGNED_CONTEXT((#2447))
GLOBAL_UNIT_ASSIGNED_CONTEXT((#2450,#2452,#2453))
REPRESENTATION_CONTEXT('','3D')
);
#2450=(
LENGTH_UNIT()
NAMED_UNIT(*)
SI_UNIT(.MILLI.,.METRE.)
);
#2451=(
LENGTH_UNIT()
NAMED_UNIT(*)
SI_UNIT($,.METRE.)
);
#2452=(
NAMED_UNIT(*)
PLANE_ANGLE_UNIT()
SI_UNIT($,.RADIAN.)
);
#2453=(
NAMED_UNIT(*)
SI_UNIT($,.STERADIAN.)
SOLID_ANGLE_UNIT()
);
#2454=SHAPE_DEFINITION_REPRESENTATION(#2455,#2456);
#2455=PRODUCT_DEFINITION_SHAPE('',$,#2458);
#2456=SHAPE_REPRESENTATION('',(#1302),#2448);
#2457=PRODUCT_DEFINITION_CONTEXT('part definition',#2462,'design');
#2458=PRODUCT_DEFINITION('2026-09-08-14-46-09-792','FusionComponent',#2459,
#2457);
#2459=PRODUCT_DEFINITION_FORMATION('',$,#2464);
#2460=PRODUCT_RELATED_PRODUCT_CATEGORY('FusionComponent',
'FusionComponent',(#2464));
#2461=APPLICATION_PROTOCOL_DEFINITION('international standard',
'automotive_design',2009,#2462);
#2462=APPLICATION_CONTEXT(
'Core Data for Automotive Mechanical Design Process');
#2463=PRODUCT_CONTEXT('part definition',#2462,'mechanical');
#2464=PRODUCT('2026-09-08-14-46-09-792','FusionComponent',$,(#2463));
#2465=PRESENTATION_STYLE_ASSIGNMENT((#2466));
#2466=SURFACE_STYLE_USAGE(.BOTH.,#2467);
#2467=SURFACE_SIDE_STYLE('',(#2468));
#2468=SURFACE_STYLE_FILL_AREA(#2469);
#2469=FILL_AREA_STYLE('Steel - Satin',(#2470));
#2470=FILL_AREA_STYLE_COLOUR('Steel - Satin',#2471);
#2471=COLOUR_RGB('Steel - Satin',0.627450980392157,0.627450980392157,0.627450980392157);
ENDSEC;
END-ISO-10303-21;
