ISO-10303-21;
HEADER;
/* Generated by software containing ST-Developer
 * from STEP Tools, Inc. (www.steptools.com) 
 */

FILE_DESCRIPTION(
/* description */ (''),
/* implementation_level */ '2;1');

FILE_NAME(
/* name */ '2x_faceplate.step',
/* time_stamp */ '2026-09-08T14:46:23-04:00',
/* author */ (''),
/* organization */ (''),
/* preprocessor_version */ 'ST-DEVELOPER v20.1',
/* originating_system */ 'Autodesk Translation Framework v14.24.0.0',
/* authorisation */ '');

FILE_SCHEMA (('AUTOMOTIVE_DESIGN { 1 0 10303 214 3 1 1 }'));
ENDSEC;

DATA;
#10=MECHANICAL_DESIGN_GEOMETRIC_PRESENTATION_REPRESENTATION('',(#13),#6782);
#11=SHAPE_REPRESENTATION_RELATIONSHIP('SRR','None',#6789,#12);
#12=ADVANCED_BREP_SHAPE_REPRESENTATION('',(#14),#6781);
#13=STYLED_ITEM('',(#6798),#14);
#14=MANIFOLD_SOLID_BREP('Body1',#3527);
#15=PLANE('',#3619);
#16=PLANE('',#3625);
#17=PLANE('',#3626);
#18=PLANE('',#3627);
#19=PLANE('',#3628);
#20=PLANE('',#3629);
#21=PLANE('',#3630);
#22=PLANE('',#3631);
#23=PLANE('',#3708);
#24=PLANE('',#3712);
#25=PLANE('',#3713);
#26=PLANE('',#3714);
#27=PLANE('',#3715);
#28=PLANE('',#3716);
#29=PLANE('',#3717);
#30=PLANE('',#3718);
#31=PLANE('',#3741);
#32=PLANE('',#3745);
#33=PLANE('',#3810);
#34=PLANE('',#3813);
#35=PLANE('',#3816);
#36=PLANE('',#3819);
#37=PLANE('',#3820);
#38=PLANE('',#3821);
#39=PLANE('',#3822);
#40=PLANE('',#3882);
#41=PLANE('',#3885);
#42=PLANE('',#3891);
#43=PLANE('',#3957);
#44=PLANE('',#3958);
#45=PLANE('',#3959);
#46=PLANE('',#3960);
#47=PLANE('',#3961);
#48=PLANE('',#3962);
#49=PLANE('',#3963);
#50=PLANE('',#3964);
#51=PLANE('',#3990);
#52=PLANE('',#3993);
#53=PLANE('',#3996);
#54=PLANE('',#4008);
#55=PLANE('',#4015);
#56=PLANE('',#4025);
#57=PLANE('',#4026);
#58=PLANE('',#4027);
#59=PLANE('',#4028);
#60=PLANE('',#4029);
#61=ELLIPSE('',#3574,0.975722919565013,0.75);
#62=ELLIPSE('',#3575,0.799709457093313,0.5);
#63=ELLIPSE('',#3594,0.975722919469409,0.75);
#64=ELLIPSE('',#3595,0.799709456976666,0.5);
#65=ELLIPSE('',#3603,0.975722919565004,0.75);
#66=ELLIPSE('',#3604,0.799709457093287,0.5);
#67=ELLIPSE('',#3610,0.975722919469419,0.75);
#68=ELLIPSE('',#3611,0.799709456976667,0.5);
#69=ELLIPSE('',#3621,0.799709457093287,0.5);
#70=ELLIPSE('',#3622,0.799709456976667,0.5);
#71=ELLIPSE('',#3679,0.975722919469439,0.75);
#72=ELLIPSE('',#3680,0.799709456976694,0.5);
#73=ELLIPSE('',#3698,0.97572291956499,0.75);
#74=ELLIPSE('',#3699,0.799709457093285,0.5);
#75=ELLIPSE('',#3702,0.975722919565002,0.75);
#76=ELLIPSE('',#3707,0.975722919469406,0.75);
#77=ELLIPSE('',#3740,0.707106781186552,0.5);
#78=ELLIPSE('',#3834,0.485414011416097,0.25);
#79=ELLIPSE('',#3835,0.650481946312937,0.5);
#80=ELLIPSE('',#3867,0.650481946376666,0.5);
#81=ELLIPSE('',#3868,0.485414011501493,0.25);
#82=ELLIPSE('',#3966,0.390834733310256,0.25);
#83=ELLIPSE('',#4020,0.390834733310272,0.25);
#84=B_SPLINE_CURVE_WITH_KNOTS('',3,(#5328,#5329,#5330,#5331,#5332,#5333,
#5334),.UNSPECIFIED.,.F.,.F.,(4,1,1,1,4),(0.,0.025252281236804,0.050504562473608,
0.06313070309201,0.088382984328814),.UNSPECIFIED.);
#85=B_SPLINE_CURVE_WITH_KNOTS('',3,(#5337,#5338,#5339,#5340,#5341,#5342,
#5343),.UNSPECIFIED.,.F.,.F.,(4,1,1,1,4),(-0.088382984328814,-0.06313070309201,
-0.050504562473608,-0.025252281236804,0.),.UNSPECIFIED.);
#86=B_SPLINE_CURVE_WITH_KNOTS('',3,(#5428,#5429,#5430,#5431,#5432,#5433,
#5434),.UNSPECIFIED.,.F.,.F.,(4,1,1,1,4),(6.7994768318169E-16,0.025252281236807,
0.0378784218552102,0.0631307030920166,0.0883829843288229),.UNSPECIFIED.);
#87=B_SPLINE_CURVE_WITH_KNOTS('',3,(#5437,#5438,#5439,#5440,#5441,#5442,
#5443),.UNSPECIFIED.,.F.,.F.,(4,1,1,1,4),(-0.0883829843288229,-0.0631307030920166,
-0.0378784218552102,-0.025252281236807,-6.7994768318169E-16),
 .UNSPECIFIED.);
#88=B_SPLINE_CURVE_WITH_KNOTS('',3,(#5591,#5592,#5593,#5594,#5595,#5596,
#5597),.UNSPECIFIED.,.F.,.F.,(4,1,1,1,4),(-0.0883829843288266,-0.0631307030920219,
-0.0505045624736196,-0.0252522812368149,-1.01802887186747E-14),
 .UNSPECIFIED.);
#89=B_SPLINE_CURVE_WITH_KNOTS('',3,(#5661,#5662,#5663,#5664,#5665,#5666,
#5667),.UNSPECIFIED.,.F.,.F.,(4,1,1,1,4),(1.01802887186747E-14,0.0252522812368149,
0.0505045624736196,0.0631307030920219,0.0883829843288266),.UNSPECIFIED.);
#90=B_SPLINE_CURVE_WITH_KNOTS('',3,(#5759,#5760,#5761,#5762,#5763,#5764,
#5765),.UNSPECIFIED.,.F.,.F.,(4,1,1,1,4),(7.91685611271496E-15,0.0252522812368096,
0.0378784218552104,0.063130703092012,0.0883829843288137),.UNSPECIFIED.);
#91=B_SPLINE_CURVE_WITH_KNOTS('',3,(#5768,#5769,#5770,#5771,#5772,#5773,
#5774),.UNSPECIFIED.,.F.,.F.,(4,1,1,1,4),(-0.0883829843288137,-0.063130703092012,
-0.0378784218552104,-0.0252522812368096,-7.91685611271496E-15),
 .UNSPECIFIED.);
#92=B_SPLINE_CURVE_WITH_KNOTS('',3,(#5995,#5996,#5997,#5998,#5999,#6000),
 .UNSPECIFIED.,.F.,.F.,(4,2,4),(0.252766120019255,0.29099773330059,0.349779142867044),
 .UNSPECIFIED.);
#93=B_SPLINE_CURVE_WITH_KNOTS('',3,(#6152,#6153,#6154,#6155),
 .UNSPECIFIED.,.F.,.F.,(4,4),(0.291589015590123,0.321337003188833),
 .UNSPECIFIED.);
#94=B_SPLINE_CURVE_WITH_KNOTS('',3,(#6157,#6158,#6159,#6160,#6161,#6162,
#6163,#6164,#6165,#6166,#6167,#6168),.UNSPECIFIED.,.F.,.F.,(4,2,2,2,2,4),
(-0.000378251528281461,0.,0.015366526109467,0.0308602101458241,0.0439578845165416,
0.0536521741064511),.UNSPECIFIED.);
#95=B_SPLINE_CURVE_WITH_KNOTS('',3,(#6171,#6172,#6173,#6174,#6175,#6176,
#6177,#6178,#6179,#6180,#6181,#6182),.UNSPECIFIED.,.F.,.F.,(4,2,2,2,2,4),
(0.,0.00949641883473169,0.0223267557492191,0.0375041972251975,0.0525570762027232,
0.0529276072152426),.UNSPECIFIED.);
#96=B_SPLINE_CURVE_WITH_KNOTS('',3,(#6185,#6186,#6187,#6188),
 .UNSPECIFIED.,.F.,.F.,(4,4),(0.,0.0297479875987107),.UNSPECIFIED.);
#97=B_SPLINE_CURVE_WITH_KNOTS('',3,(#6201,#6202,#6203,#6204,#6205),
 .UNSPECIFIED.,.F.,.F.,(4,1,4),(0.,0.0210574815300783,0.0421149630601567),
 .UNSPECIFIED.);
#98=B_SPLINE_CURVE_WITH_KNOTS('',3,(#6209,#6210,#6211,#6212,#6213),
 .UNSPECIFIED.,.F.,.F.,(4,1,4),(1.14396542891639E-18,0.0210574815300748,
0.0421149630601496),.UNSPECIFIED.);
#99=B_SPLINE_CURVE_WITH_KNOTS('',3,(#6277,#6278,#6279,#6280,#6281,#6282,
#6283,#6284,#6285,#6286),.UNSPECIFIED.,.F.,.F.,(4,2,2,2,4),(-0.00015985712817177,
0.,0.0111668636833515,0.0215538476736189,0.0311531444696709),
 .UNSPECIFIED.);
#100=B_SPLINE_CURVE_WITH_KNOTS('',3,(#6348,#6349,#6350,#6351,#6352),
 .UNSPECIFIED.,.F.,.F.,(4,1,4),(-0.0421149630601496,-0.0210574815300748,
-1.14396542891639E-18),.UNSPECIFIED.);
#101=B_SPLINE_CURVE_WITH_KNOTS('',3,(#6384,#6385,#6386,#6387,#6388),
 .UNSPECIFIED.,.F.,.F.,(4,1,4),(-0.0421149630601567,-0.0210574815300783,
0.),.UNSPECIFIED.);
#102=B_SPLINE_CURVE_WITH_KNOTS('',3,(#6431,#6432,#6433,#6434,#6435),
 .UNSPECIFIED.,.F.,.F.,(4,1,4),(-0.0421149958573038,-0.0210574979286519,
0.),.UNSPECIFIED.);
#103=B_SPLINE_CURVE_WITH_KNOTS('',3,(#6436,#6437,#6438,#6439,#6440),
 .UNSPECIFIED.,.F.,.F.,(4,1,4),(0.,0.0210574979286519,0.0421149958573038),
 .UNSPECIFIED.);
#104=B_SPLINE_SURFACE_WITH_KNOTS('',3,3,((#5289,#5290,#5291,#5292,#5293,
#5294,#5295),(#5296,#5297,#5298,#5299,#5300,#5301,#5302),(#5303,#5304,#5305,
#5306,#5307,#5308,#5309),(#5310,#5311,#5312,#5313,#5314,#5315,#5316),(#5317,
#5318,#5319,#5320,#5321,#5322,#5323)),.UNSPECIFIED.,.F.,.F.,.F.,(4,1,4),
(4,1,1,1,4),(0.,0.571428571428571,1.),(0.,0.025252281236804,0.050504562473608,
0.06313070309201,0.088382984328814),.UNSPECIFIED.);
#105=B_SPLINE_SURFACE_WITH_KNOTS('',3,3,((#5353,#5354,#5355,#5356),(#5357,
#5358,#5359,#5360),(#5361,#5362,#5363,#5364),(#5365,#5366,#5367,#5368),
(#5369,#5370,#5371,#5372)),.UNSPECIFIED.,.F.,.F.,.F.,(4,1,4),(4,4),(0.,
0.5,1.),(-1.5707963267949,-1.41506662526809),.UNSPECIFIED.);
#106=B_SPLINE_SURFACE_WITH_KNOTS('',3,3,((#5389,#5390,#5391,#5392,#5393,
#5394,#5395),(#5396,#5397,#5398,#5399,#5400,#5401,#5402),(#5403,#5404,#5405,
#5406,#5407,#5408,#5409),(#5410,#5411,#5412,#5413,#5414,#5415,#5416),(#5417,
#5418,#5419,#5420,#5421,#5422,#5423)),.UNSPECIFIED.,.F.,.F.,.F.,(4,1,4),
(4,1,1,1,4),(0.,0.571428571428571,1.),(6.7994768318169E-16,0.025252281236807,
0.0378784218552102,0.0631307030920166,0.0883829843288229),.UNSPECIFIED.);
#107=B_SPLINE_SURFACE_WITH_KNOTS('',3,3,((#5462,#5463,#5464,#5465),(#5466,
#5467,#5468,#5469),(#5470,#5471,#5472,#5473),(#5474,#5475,#5476,#5477),
(#5478,#5479,#5480,#5481)),.UNSPECIFIED.,.F.,.F.,.F.,(4,1,4),(4,4),(0.,
0.5,1.),(1.4150666253292,1.57079632679491),.UNSPECIFIED.);
#108=B_SPLINE_SURFACE_WITH_KNOTS('',3,3,((#5499,#5500,#5501,#5502),(#5503,
#5504,#5505,#5506),(#5507,#5508,#5509,#5510),(#5511,#5512,#5513,#5514),
(#5515,#5516,#5517,#5518)),.UNSPECIFIED.,.F.,.F.,.F.,(4,1,4),(4,4),(0.,
0.5,1.),(-1.57079632679492,-1.41506662526796),.UNSPECIFIED.);
#109=B_SPLINE_SURFACE_WITH_KNOTS('',3,3,((#5536,#5537,#5538,#5539),(#5540,
#5541,#5542,#5543),(#5544,#5545,#5546,#5547),(#5548,#5549,#5550,#5551),
(#5552,#5553,#5554,#5555)),.UNSPECIFIED.,.F.,.F.,.F.,(4,1,4),(4,4),(0.,
0.5,1.),(-4.86811868185052,-4.71238898038469),.UNSPECIFIED.);
#110=B_SPLINE_SURFACE_WITH_KNOTS('',3,3,((#5623,#5624,#5625,#5626,#5627,
#5628,#5629),(#5630,#5631,#5632,#5633,#5634,#5635,#5636),(#5637,#5638,#5639,
#5640,#5641,#5642,#5643),(#5644,#5645,#5646,#5647,#5648,#5649,#5650),(#5651,
#5652,#5653,#5654,#5655,#5656,#5657)),.UNSPECIFIED.,.F.,.F.,.F.,(4,1,4),
(4,1,1,1,4),(0.,0.571428571428571,1.),(1.01802887186747E-14,0.0252522812368149,
0.0505045624736196,0.0631307030920219,0.0883829843288266),.UNSPECIFIED.);
#111=B_SPLINE_SURFACE_WITH_KNOTS('',3,3,((#5720,#5721,#5722,#5723,#5724,
#5725,#5726),(#5727,#5728,#5729,#5730,#5731,#5732,#5733),(#5734,#5735,#5736,
#5737,#5738,#5739,#5740),(#5741,#5742,#5743,#5744,#5745,#5746,#5747),(#5748,
#5749,#5750,#5751,#5752,#5753,#5754)),.UNSPECIFIED.,.F.,.F.,.F.,(4,1,4),
(4,1,1,1,4),(0.,0.571428571428571,1.),(7.91685611271496E-15,0.0252522812368096,
0.0378784218552104,0.063130703092012,0.0883829843288137),.UNSPECIFIED.);
#112=B_SPLINE_SURFACE_WITH_KNOTS('',3,3,((#5800,#5801,#5802,#5803),(#5804,
#5805,#5806,#5807),(#5808,#5809,#5810,#5811),(#5812,#5813,#5814,#5815),
(#5816,#5817,#5818,#5819)),.UNSPECIFIED.,.F.,.F.,.F.,(4,1,4),(4,4),(0.,
0.5,1.),(-1.57079632679495,-1.41506662532914),.UNSPECIFIED.);
#113=B_SPLINE_SURFACE_WITH_KNOTS('',3,3,((#5863,#5864,#5865,#5866),(#5867,
#5868,#5869,#5870),(#5871,#5872,#5873,#5874),(#5875,#5876,#5877,#5878),
(#5879,#5880,#5881,#5882)),.UNSPECIFIED.,.F.,.F.,.F.,(4,1,4),(4,4),(0.,
0.5,1.),(1.41506662526809,1.57079632679493),.UNSPECIFIED.);
#114=B_SPLINE_SURFACE_WITH_KNOTS('',3,3,((#5890,#5891,#5892,#5893),(#5894,
#5895,#5896,#5897),(#5898,#5899,#5900,#5901),(#5902,#5903,#5904,#5905),
(#5906,#5907,#5908,#5909)),.UNSPECIFIED.,.F.,.F.,.F.,(4,1,4),(4,4),(0.,
0.5,1.),(1.41506662526791,1.5707963267949),.UNSPECIFIED.);
#115=B_SPLINE_SURFACE_WITH_KNOTS('',3,3,((#5922,#5923,#5924,#5925),(#5926,
#5927,#5928,#5929),(#5930,#5931,#5932,#5933),(#5934,#5935,#5936,#5937),
(#5938,#5939,#5940,#5941)),.UNSPECIFIED.,.F.,.F.,.F.,(4,1,4),(4,4),(0.,
0.5,1.),(-1.5707963267949,-1.41506662532895),.UNSPECIFIED.);
#116=B_SPLINE_SURFACE_WITH_KNOTS('',3,3,((#6253,#6254,#6255,#6256),(#6257,
#6258,#6259,#6260),(#6261,#6262,#6263,#6264),(#6265,#6266,#6267,#6268),
(#6269,#6270,#6271,#6272)),.UNSPECIFIED.,.F.,.F.,.F.,(4,1,4),(4,4),(0.,
0.5,1.),(0.932465384099931,1.57079632679495),.UNSPECIFIED.);
#117=B_SPLINE_SURFACE_WITH_KNOTS('',3,3,((#6321,#6322,#6323,#6324,#6325),
(#6326,#6327,#6328,#6329,#6330),(#6331,#6332,#6333,#6334,#6335),(#6336,
#6337,#6338,#6339,#6340),(#6341,#6342,#6343,#6344,#6345)),.UNSPECIFIED.,
 .F.,.F.,.F.,(4,1,4),(4,1,4),(0.,0.5,1.),(1.14396542891639E-18,0.0210574815300748,
0.0421149630601496),.UNSPECIFIED.);
#118=B_SPLINE_SURFACE_WITH_KNOTS('',3,3,((#6357,#6358,#6359,#6360,#6361),
(#6362,#6363,#6364,#6365,#6366),(#6367,#6368,#6369,#6370,#6371),(#6372,
#6373,#6374,#6375,#6376),(#6377,#6378,#6379,#6380,#6381)),.UNSPECIFIED.,
 .F.,.F.,.F.,(4,1,4),(4,1,4),(0.,0.5,1.),(0.,0.0210574815300783,0.0421149630601567),
 .UNSPECIFIED.);
#119=B_SPLINE_SURFACE_WITH_KNOTS('',3,3,((#6403,#6404,#6405,#6406,#6407),
(#6408,#6409,#6410,#6411,#6412),(#6413,#6414,#6415,#6416,#6417),(#6418,
#6419,#6420,#6421,#6422),(#6423,#6424,#6425,#6426,#6427)),.UNSPECIFIED.,
 .F.,.F.,.F.,(4,1,4),(4,1,4),(0.,0.5,1.),(0.,0.0210574979286519,0.0421149958573038),
 .UNSPECIFIED.);
#120=B_SPLINE_SURFACE_WITH_KNOTS('',3,3,((#6444,#6445,#6446,#6447),(#6448,
#6449,#6450,#6451),(#6452,#6453,#6454,#6455),(#6456,#6457,#6458,#6459),
(#6460,#6461,#6462,#6463)),.UNSPECIFIED.,.F.,.F.,.F.,(4,1,4),(4,4),(0.,
0.5,1.),(-1.57079632679505,-0.932465384124652),.UNSPECIFIED.);
#121=LINE('',#5284,#347);
#122=LINE('',#5285,#348);
#123=LINE('',#5287,#349);
#124=LINE('',#5288,#350);
#125=LINE('',#5345,#351);
#126=LINE('',#5346,#352);
#127=LINE('',#5351,#353);
#128=LINE('',#5352,#354);
#129=LINE('',#5445,#355);
#130=LINE('',#5446,#356);
#131=LINE('',#5460,#357);
#132=LINE('',#5461,#358);
#133=LINE('',#5497,#359);
#134=LINE('',#5498,#360);
#135=LINE('',#5522,#361);
#136=LINE('',#5523,#362);
#137=LINE('',#5525,#363);
#138=LINE('',#5526,#364);
#139=LINE('',#5528,#365);
#140=LINE('',#5529,#366);
#141=LINE('',#5534,#367);
#142=LINE('',#5535,#368);
#143=LINE('',#5559,#369);
#144=LINE('',#5560,#370);
#145=LINE('',#5562,#371);
#146=LINE('',#5563,#372);
#147=LINE('',#5565,#373);
#148=LINE('',#5566,#374);
#149=LINE('',#5568,#375);
#150=LINE('',#5569,#376);
#151=LINE('',#5571,#377);
#152=LINE('',#5572,#378);
#153=LINE('',#5574,#379);
#154=LINE('',#5575,#380);
#155=LINE('',#5577,#381);
#156=LINE('',#5578,#382);
#157=LINE('',#5581,#383);
#158=LINE('',#5583,#384);
#159=LINE('',#5584,#385);
#160=LINE('',#5587,#386);
#161=LINE('',#5601,#387);
#162=LINE('',#5605,#388);
#163=LINE('',#5677,#389);
#164=LINE('',#5678,#390);
#165=LINE('',#5696,#391);
#166=LINE('',#5697,#392);
#167=LINE('',#5715,#393);
#168=LINE('',#5716,#394);
#169=LINE('',#5718,#395);
#170=LINE('',#5719,#396);
#171=LINE('',#5783,#397);
#172=LINE('',#5784,#398);
#173=LINE('',#5798,#399);
#174=LINE('',#5799,#400);
#175=LINE('',#5830,#401);
#176=LINE('',#5831,#402);
#177=LINE('',#5833,#403);
#178=LINE('',#5834,#404);
#179=LINE('',#5843,#405);
#180=LINE('',#5844,#406);
#181=LINE('',#5846,#407);
#182=LINE('',#5847,#408);
#183=LINE('',#5849,#409);
#184=LINE('',#5850,#410);
#185=LINE('',#5852,#411);
#186=LINE('',#5853,#412);
#187=LINE('',#5855,#413);
#188=LINE('',#5856,#414);
#189=LINE('',#5861,#415);
#190=LINE('',#5862,#416);
#191=LINE('',#5888,#417);
#192=LINE('',#5889,#418);
#193=LINE('',#5912,#419);
#194=LINE('',#5913,#420);
#195=LINE('',#5915,#421);
#196=LINE('',#5916,#422);
#197=LINE('',#5920,#423);
#198=LINE('',#5921,#424);
#199=LINE('',#5945,#425);
#200=LINE('',#5946,#426);
#201=LINE('',#5951,#427);
#202=LINE('',#5953,#428);
#203=LINE('',#5976,#429);
#204=LINE('',#5977,#430);
#205=LINE('',#5983,#431);
#206=LINE('',#5984,#432);
#207=LINE('',#5988,#433);
#208=LINE('',#6006,#434);
#209=LINE('',#6007,#435);
#210=LINE('',#6009,#436);
#211=LINE('',#6011,#437);
#212=LINE('',#6014,#438);
#213=LINE('',#6017,#439);
#214=LINE('',#6020,#440);
#215=LINE('',#6022,#441);
#216=LINE('',#6024,#442);
#217=LINE('',#6028,#443);
#218=LINE('',#6030,#444);
#219=LINE('',#6032,#445);
#220=LINE('',#6036,#446);
#221=LINE('',#6038,#447);
#222=LINE('',#6040,#448);
#223=LINE('',#6055,#449);
#224=LINE('',#6064,#450);
#225=LINE('',#6065,#451);
#226=LINE('',#6074,#452);
#227=LINE('',#6075,#453);
#228=LINE('',#6103,#454);
#229=LINE('',#6105,#455);
#230=LINE('',#6106,#456);
#231=LINE('',#6112,#457);
#232=LINE('',#6120,#458);
#233=LINE('',#6121,#459);
#234=LINE('',#6123,#460);
#235=LINE('',#6127,#461);
#236=LINE('',#6129,#462);
#237=LINE('',#6130,#463);
#238=LINE('',#6132,#464);
#239=LINE('',#6133,#465);
#240=LINE('',#6135,#466);
#241=LINE('',#6136,#467);
#242=LINE('',#6138,#468);
#243=LINE('',#6139,#469);
#244=LINE('',#6141,#470);
#245=LINE('',#6142,#471);
#246=LINE('',#6144,#472);
#247=LINE('',#6148,#473);
#248=LINE('',#6190,#474);
#249=LINE('',#6193,#475);
#250=LINE('',#6197,#476);
#251=LINE('',#6199,#477);
#252=LINE('',#6207,#478);
#253=LINE('',#6215,#479);
#254=LINE('',#6216,#480);
#255=LINE('',#6219,#481);
#256=LINE('',#6223,#482);
#257=LINE('',#6227,#483);
#258=LINE('',#6240,#484);
#259=LINE('',#6246,#485);
#260=LINE('',#6249,#486);
#261=LINE('',#6252,#487);
#262=LINE('',#6301,#488);
#263=LINE('',#6302,#489);
#264=LINE('',#6308,#490);
#265=LINE('',#6316,#491);
#266=LINE('',#6320,#492);
#267=LINE('',#6356,#493);
#268=LINE('',#6390,#494);
#269=LINE('',#6392,#495);
#270=LINE('',#6393,#496);
#271=LINE('',#6399,#497);
#272=LINE('',#6402,#498);
#273=LINE('',#6442,#499);
#274=LINE('',#6443,#500);
#275=LINE('',#6467,#501);
#276=LINE('',#6490,#502);
#277=LINE('',#6494,#503);
#278=LINE('',#6497,#504);
#279=LINE('',#6500,#505);
#280=LINE('',#6504,#506);
#281=LINE('',#6507,#507);
#282=LINE('',#6511,#508);
#283=LINE('',#6515,#509);
#284=LINE('',#6518,#510);
#285=LINE('',#6565,#511);
#286=LINE('',#6567,#512);
#287=LINE('',#6568,#513);
#288=LINE('',#6606,#514);
#289=LINE('',#6608,#515);
#290=LINE('',#6609,#516);
#291=LINE('',#6611,#517);
#292=LINE('',#6612,#518);
#293=LINE('',#6614,#519);
#294=LINE('',#6615,#520);
#295=LINE('',#6617,#521);
#296=LINE('',#6618,#522);
#297=LINE('',#6620,#523);
#298=LINE('',#6622,#524);
#299=LINE('',#6623,#525);
#300=LINE('',#6625,#526);
#301=LINE('',#6626,#527);
#302=LINE('',#6628,#528);
#303=LINE('',#6629,#529);
#304=LINE('',#6631,#530);
#305=LINE('',#6632,#531);
#306=LINE('',#6634,#532);
#307=LINE('',#6635,#533);
#308=LINE('',#6637,#534);
#309=LINE('',#6638,#535);
#310=LINE('',#6640,#536);
#311=LINE('',#6641,#537);
#312=LINE('',#6643,#538);
#313=LINE('',#6644,#539);
#314=LINE('',#6646,#540);
#315=LINE('',#6647,#541);
#316=LINE('',#6649,#542);
#317=LINE('',#6650,#543);
#318=LINE('',#6663,#544);
#319=LINE('',#6672,#545);
#320=LINE('',#6678,#546);
#321=LINE('',#6682,#547);
#322=LINE('',#6690,#548);
#323=LINE('',#6696,#549);
#324=LINE('',#6699,#550);
#325=LINE('',#6702,#551);
#326=LINE('',#6705,#552);
#327=LINE('',#6706,#553);
#328=LINE('',#6709,#554);
#329=LINE('',#6713,#555);
#330=LINE('',#6714,#556);
#331=LINE('',#6717,#557);
#332=LINE('',#6721,#558);
#333=LINE('',#6722,#559);
#334=LINE('',#6730,#560);
#335=LINE('',#6733,#561);
#336=LINE('',#6736,#562);
#337=LINE('',#6742,#563);
#338=LINE('',#6743,#564);
#339=LINE('',#6747,#565);
#340=LINE('',#6750,#566);
#341=LINE('',#6756,#567);
#342=LINE('',#6757,#568);
#343=LINE('',#6766,#569);
#344=LINE('',#6770,#570);
#345=LINE('',#6772,#571);
#346=LINE('',#6773,#572);
#347=VECTOR('',#4086,10.);
#348=VECTOR('',#4087,10.);
#349=VECTOR('',#4090,10.);
#350=VECTOR('',#4091,10.);
#351=VECTOR('',#4098,10.);
#352=VECTOR('',#4099,10.);
#353=VECTOR('',#4104,10.);
#354=VECTOR('',#4105,10.);
#355=VECTOR('',#4132,10.);
#356=VECTOR('',#4133,10.);
#357=VECTOR('',#4148,10.);
#358=VECTOR('',#4149,10.);
#359=VECTOR('',#4168,10.);
#360=VECTOR('',#4169,10.);
#361=VECTOR('',#4176,10.);
#362=VECTOR('',#4177,10.);
#363=VECTOR('',#4180,10.);
#364=VECTOR('',#4181,10.);
#365=VECTOR('',#4184,10.);
#366=VECTOR('',#4185,10.);
#367=VECTOR('',#4190,10.);
#368=VECTOR('',#4191,10.);
#369=VECTOR('',#4198,10.);
#370=VECTOR('',#4199,10.);
#371=VECTOR('',#4202,10.);
#372=VECTOR('',#4203,10.);
#373=VECTOR('',#4206,10.);
#374=VECTOR('',#4207,10.);
#375=VECTOR('',#4210,10.);
#376=VECTOR('',#4211,10.);
#377=VECTOR('',#4214,10.);
#378=VECTOR('',#4215,10.);
#379=VECTOR('',#4218,10.);
#380=VECTOR('',#4219,10.);
#381=VECTOR('',#4222,10.);
#382=VECTOR('',#4223,10.);
#383=VECTOR('',#4226,10.);
#384=VECTOR('',#4227,10.);
#385=VECTOR('',#4228,10.);
#386=VECTOR('',#4231,10.);
#387=VECTOR('',#4236,10.);
#388=VECTOR('',#4239,10.);
#389=VECTOR('',#4280,10.);
#390=VECTOR('',#4281,10.);
#391=VECTOR('',#4302,10.);
#392=VECTOR('',#4303,10.);
#393=VECTOR('',#4324,10.);
#394=VECTOR('',#4325,10.);
#395=VECTOR('',#4328,10.);
#396=VECTOR('',#4329,10.);
#397=VECTOR('',#4344,10.);
#398=VECTOR('',#4345,10.);
#399=VECTOR('',#4360,10.);
#400=VECTOR('',#4361,10.);
#401=VECTOR('',#4376,10.);
#402=VECTOR('',#4377,10.);
#403=VECTOR('',#4380,10.);
#404=VECTOR('',#4381,10.);
#405=VECTOR('',#4392,10.);
#406=VECTOR('',#4393,10.);
#407=VECTOR('',#4396,10.);
#408=VECTOR('',#4397,10.);
#409=VECTOR('',#4400,10.);
#410=VECTOR('',#4401,10.);
#411=VECTOR('',#4404,10.);
#412=VECTOR('',#4405,10.);
#413=VECTOR('',#4408,10.);
#414=VECTOR('',#4409,10.);
#415=VECTOR('',#4414,10.);
#416=VECTOR('',#4415,10.);
#417=VECTOR('',#4424,10.);
#418=VECTOR('',#4425,10.);
#419=VECTOR('',#4430,10.);
#420=VECTOR('',#4431,10.);
#421=VECTOR('',#4434,10.);
#422=VECTOR('',#4435,10.);
#423=VECTOR('',#4440,10.);
#424=VECTOR('',#4441,10.);
#425=VECTOR('',#4446,10.);
#426=VECTOR('',#4447,10.);
#427=VECTOR('',#4452,10.);
#428=VECTOR('',#4455,10.);
#429=VECTOR('',#4488,10.);
#430=VECTOR('',#4489,10.);
#431=VECTOR('',#4498,10.);
#432=VECTOR('',#4499,10.);
#433=VECTOR('',#4504,10.);
#434=VECTOR('',#4519,10.);
#435=VECTOR('',#4520,10.);
#436=VECTOR('',#4523,10.);
#437=VECTOR('',#4526,10.);
#438=VECTOR('',#4529,10.);
#439=VECTOR('',#4532,10.);
#440=VECTOR('',#4535,10.);
#441=VECTOR('',#4536,10.);
#442=VECTOR('',#4537,10.);
#443=VECTOR('',#4540,10.);
#444=VECTOR('',#4541,10.);
#445=VECTOR('',#4542,10.);
#446=VECTOR('',#4545,10.);
#447=VECTOR('',#4546,10.);
#448=VECTOR('',#4547,10.);
#449=VECTOR('',#4568,10.);
#450=VECTOR('',#4579,10.);
#451=VECTOR('',#4580,10.);
#452=VECTOR('',#4591,10.);
#453=VECTOR('',#4592,10.);
#454=VECTOR('',#4627,10.);
#455=VECTOR('',#4630,10.);
#456=VECTOR('',#4631,10.);
#457=VECTOR('',#4640,10.);
#458=VECTOR('',#4651,10.);
#459=VECTOR('',#4652,10.);
#460=VECTOR('',#4655,10.);
#461=VECTOR('',#4660,10.);
#462=VECTOR('',#4663,10.);
#463=VECTOR('',#4664,10.);
#464=VECTOR('',#4667,10.);
#465=VECTOR('',#4668,10.);
#466=VECTOR('',#4671,10.);
#467=VECTOR('',#4672,10.);
#468=VECTOR('',#4675,10.);
#469=VECTOR('',#4676,10.);
#470=VECTOR('',#4679,10.);
#471=VECTOR('',#4680,10.);
#472=VECTOR('',#4683,10.);
#473=VECTOR('',#4688,10.);
#474=VECTOR('',#4699,10.);
#475=VECTOR('',#4702,10.);
#476=VECTOR('',#4707,10.);
#477=VECTOR('',#4708,10.);
#478=VECTOR('',#4709,10.);
#479=VECTOR('',#4710,10.);
#480=VECTOR('',#4711,10.);
#481=VECTOR('',#4714,10.);
#482=VECTOR('',#4719,10.);
#483=VECTOR('',#4722,10.);
#484=VECTOR('',#4743,10.);
#485=VECTOR('',#4752,10.);
#486=VECTOR('',#4755,10.);
#487=VECTOR('',#4758,10.);
#488=VECTOR('',#4781,10.);
#489=VECTOR('',#4782,10.);
#490=VECTOR('',#4791,10.);
#491=VECTOR('',#4802,10.);
#492=VECTOR('',#4807,10.);
#493=VECTOR('',#4814,10.);
#494=VECTOR('',#4819,10.);
#495=VECTOR('',#4822,10.);
#496=VECTOR('',#4823,10.);
#497=VECTOR('',#4828,10.);
#498=VECTOR('',#4831,10.);
#499=VECTOR('',#4836,10.);
#500=VECTOR('',#4837,10.);
#501=VECTOR('',#4844,10.);
#502=VECTOR('',#4871,10.);
#503=VECTOR('',#4874,10.);
#504=VECTOR('',#4877,10.);
#505=VECTOR('',#4880,10.);
#506=VECTOR('',#4883,10.);
#507=VECTOR('',#4886,10.);
#508=VECTOR('',#4889,10.);
#509=VECTOR('',#4892,10.);
#510=VECTOR('',#4895,10.);
#511=VECTOR('',#4952,10.);
#512=VECTOR('',#4955,10.);
#513=VECTOR('',#4956,10.);
#514=VECTOR('',#5001,10.);
#515=VECTOR('',#5004,10.);
#516=VECTOR('',#5005,10.);
#517=VECTOR('',#5008,10.);
#518=VECTOR('',#5009,10.);
#519=VECTOR('',#5012,10.);
#520=VECTOR('',#5013,10.);
#521=VECTOR('',#5016,10.);
#522=VECTOR('',#5017,10.);
#523=VECTOR('',#5020,10.);
#524=VECTOR('',#5023,10.);
#525=VECTOR('',#5024,10.);
#526=VECTOR('',#5027,10.);
#527=VECTOR('',#5028,10.);
#528=VECTOR('',#5031,10.);
#529=VECTOR('',#5032,10.);
#530=VECTOR('',#5035,10.);
#531=VECTOR('',#5036,10.);
#532=VECTOR('',#5039,10.);
#533=VECTOR('',#5040,10.);
#534=VECTOR('',#5043,10.);
#535=VECTOR('',#5044,10.);
#536=VECTOR('',#5047,10.);
#537=VECTOR('',#5048,10.);
#538=VECTOR('',#5051,10.);
#539=VECTOR('',#5052,10.);
#540=VECTOR('',#5055,10.);
#541=VECTOR('',#5056,10.);
#542=VECTOR('',#5059,10.);
#543=VECTOR('',#5060,10.);
#544=VECTOR('',#5081,10.);
#545=VECTOR('',#5094,10.);
#546=VECTOR('',#5103,10.);
#547=VECTOR('',#5108,10.);
#548=VECTOR('',#5119,10.);
#549=VECTOR('',#5128,10.);
#550=VECTOR('',#5131,10.);
#551=VECTOR('',#5134,10.);
#552=VECTOR('',#5137,10.);
#553=VECTOR('',#5138,10.);
#554=VECTOR('',#5141,10.);
#555=VECTOR('',#5146,10.);
#556=VECTOR('',#5147,10.);
#557=VECTOR('',#5150,10.);
#558=VECTOR('',#5155,10.);
#559=VECTOR('',#5156,10.);
#560=VECTOR('',#5167,10.);
#561=VECTOR('',#5170,10.);
#562=VECTOR('',#5173,10.);
#563=VECTOR('',#5182,10.);
#564=VECTOR('',#5183,10.);
#565=VECTOR('',#5188,10.);
#566=VECTOR('',#5191,10.);
#567=VECTOR('',#5200,10.);
#568=VECTOR('',#5201,10.);
#569=VECTOR('',#5214,10.);
#570=VECTOR('',#5221,10.);
#571=VECTOR('',#5224,10.);
#572=VECTOR('',#5225,10.);
#573=CYLINDRICAL_SURFACE('',#3567,0.25);
#574=CYLINDRICAL_SURFACE('',#3568,0.25);
#575=CYLINDRICAL_SURFACE('',#3571,0.25);
#576=CYLINDRICAL_SURFACE('',#3572,0.25);
#577=CYLINDRICAL_SURFACE('',#3586,0.25);
#578=CYLINDRICAL_SURFACE('',#3592,0.25);
#579=CYLINDRICAL_SURFACE('',#3601,0.25);
#580=CYLINDRICAL_SURFACE('',#3605,0.25);
#581=CYLINDRICAL_SURFACE('',#3606,0.25);
#582=CYLINDRICAL_SURFACE('',#3607,0.25);
#583=CYLINDRICAL_SURFACE('',#3608,0.25);
#584=CYLINDRICAL_SURFACE('',#3612,0.25);
#585=CYLINDRICAL_SURFACE('',#3613,0.25);
#586=CYLINDRICAL_SURFACE('',#3614,0.25);
#587=CYLINDRICAL_SURFACE('',#3615,0.25);
#588=CYLINDRICAL_SURFACE('',#3616,0.25);
#589=CYLINDRICAL_SURFACE('',#3617,0.25);
#590=CYLINDRICAL_SURFACE('',#3618,0.25);
#591=CYLINDRICAL_SURFACE('',#3620,0.5);
#592=CYLINDRICAL_SURFACE('',#3643,0.25);
#593=CYLINDRICAL_SURFACE('',#3653,0.25);
#594=CYLINDRICAL_SURFACE('',#3663,0.25);
#595=CYLINDRICAL_SURFACE('',#3664,0.25);
#596=CYLINDRICAL_SURFACE('',#3671,0.25);
#597=CYLINDRICAL_SURFACE('',#3677,0.25);
#598=CYLINDRICAL_SURFACE('',#3685,0.25);
#599=CYLINDRICAL_SURFACE('',#3686,0.25);
#600=CYLINDRICAL_SURFACE('',#3691,0.25);
#601=CYLINDRICAL_SURFACE('',#3692,0.25);
#602=CYLINDRICAL_SURFACE('',#3693,0.25);
#603=CYLINDRICAL_SURFACE('',#3694,0.25);
#604=CYLINDRICAL_SURFACE('',#3695,0.25);
#605=CYLINDRICAL_SURFACE('',#3696,0.25);
#606=CYLINDRICAL_SURFACE('',#3700,0.25);
#607=CYLINDRICAL_SURFACE('',#3703,0.25);
#608=CYLINDRICAL_SURFACE('',#3704,0.25);
#609=CYLINDRICAL_SURFACE('',#3705,0.25);
#610=CYLINDRICAL_SURFACE('',#3709,0.5);
#611=CYLINDRICAL_SURFACE('',#3727,0.5);
#612=CYLINDRICAL_SURFACE('',#3731,0.5);
#613=CYLINDRICAL_SURFACE('',#3732,0.5);
#614=CYLINDRICAL_SURFACE('',#3739,0.5);
#615=CYLINDRICAL_SURFACE('',#3742,0.5);
#616=CYLINDRICAL_SURFACE('',#3743,0.5);
#617=CYLINDRICAL_SURFACE('',#3757,0.5);
#618=CYLINDRICAL_SURFACE('',#3762,0.5);
#619=CYLINDRICAL_SURFACE('',#3767,0.5);
#620=CYLINDRICAL_SURFACE('',#3784,0.5);
#621=CYLINDRICAL_SURFACE('',#3785,0.5);
#622=CYLINDRICAL_SURFACE('',#3789,0.5);
#623=CYLINDRICAL_SURFACE('',#3794,0.5);
#624=CYLINDRICAL_SURFACE('',#3795,0.5);
#625=CYLINDRICAL_SURFACE('',#3796,0.5);
#626=CYLINDRICAL_SURFACE('',#3798,0.5);
#627=CYLINDRICAL_SURFACE('',#3799,0.5);
#628=CYLINDRICAL_SURFACE('',#3800,0.5);
#629=CYLINDRICAL_SURFACE('',#3801,0.5);
#630=CYLINDRICAL_SURFACE('',#3802,0.5);
#631=CYLINDRICAL_SURFACE('',#3803,0.5);
#632=CYLINDRICAL_SURFACE('',#3804,0.5);
#633=CYLINDRICAL_SURFACE('',#3811,0.25);
#634=CYLINDRICAL_SURFACE('',#3814,0.25);
#635=CYLINDRICAL_SURFACE('',#3826,0.25);
#636=CYLINDRICAL_SURFACE('',#3831,0.25);
#637=CYLINDRICAL_SURFACE('',#3832,0.25);
#638=CYLINDRICAL_SURFACE('',#3844,0.25);
#639=CYLINDRICAL_SURFACE('',#3848,0.25);
#640=CYLINDRICAL_SURFACE('',#3853,0.25);
#641=CYLINDRICAL_SURFACE('',#3854,0.25);
#642=CYLINDRICAL_SURFACE('',#3857,0.25);
#643=CYLINDRICAL_SURFACE('',#3860,0.25);
#644=CYLINDRICAL_SURFACE('',#3861,0.25);
#645=CYLINDRICAL_SURFACE('',#3862,0.25);
#646=CYLINDRICAL_SURFACE('',#3866,0.25);
#647=CYLINDRICAL_SURFACE('',#3869,0.25);
#648=CYLINDRICAL_SURFACE('',#3918,0.25);
#649=CYLINDRICAL_SURFACE('',#3919,0.25);
#650=CYLINDRICAL_SURFACE('',#3941,0.25);
#651=CYLINDRICAL_SURFACE('',#3942,0.25);
#652=CYLINDRICAL_SURFACE('',#3943,0.25);
#653=CYLINDRICAL_SURFACE('',#3944,0.25);
#654=CYLINDRICAL_SURFACE('',#3945,0.25);
#655=CYLINDRICAL_SURFACE('',#3946,0.25);
#656=CYLINDRICAL_SURFACE('',#3947,0.25);
#657=CYLINDRICAL_SURFACE('',#3948,0.25);
#658=CYLINDRICAL_SURFACE('',#3949,0.25);
#659=CYLINDRICAL_SURFACE('',#3950,0.25);
#660=CYLINDRICAL_SURFACE('',#3951,0.25);
#661=CYLINDRICAL_SURFACE('',#3952,0.25);
#662=CYLINDRICAL_SURFACE('',#3953,0.25);
#663=CYLINDRICAL_SURFACE('',#3954,0.25);
#664=CYLINDRICAL_SURFACE('',#3955,0.25);
#665=CYLINDRICAL_SURFACE('',#3956,0.25);
#666=CYLINDRICAL_SURFACE('',#3965,0.25);
#667=CYLINDRICAL_SURFACE('',#3971,0.25);
#668=CYLINDRICAL_SURFACE('',#3976,0.25);
#669=CYLINDRICAL_SURFACE('',#3977,0.25);
#670=CYLINDRICAL_SURFACE('',#3982,0.25);
#671=CYLINDRICAL_SURFACE('',#3987,0.25);
#672=CYLINDRICAL_SURFACE('',#3988,0.25);
#673=CYLINDRICAL_SURFACE('',#3991,0.25);
#674=CYLINDRICAL_SURFACE('',#3994,0.25);
#675=CYLINDRICAL_SURFACE('',#4000,0.25);
#676=CYLINDRICAL_SURFACE('',#4002,0.25);
#677=CYLINDRICAL_SURFACE('',#4007,0.25);
#678=CYLINDRICAL_SURFACE('',#4009,0.25);
#679=CYLINDRICAL_SURFACE('',#4014,0.25);
#680=CYLINDRICAL_SURFACE('',#4019,0.25);
#681=CYLINDRICAL_SURFACE('',#4023,0.25);
#682=CYLINDRICAL_SURFACE('',#4024,0.25);
#683=TOROIDAL_SURFACE('',#3549,0.499999999999972,0.25);
#684=TOROIDAL_SURFACE('',#3562,0.500000000000045,0.25);
#685=TOROIDAL_SURFACE('',#3587,0.499999999999972,0.249999999999986);
#686=TOROIDAL_SURFACE('',#3596,0.499999999999972,0.25);
#687=TOROIDAL_SURFACE('',#3632,0.499999999999936,0.25);
#688=TOROIDAL_SURFACE('',#3644,0.499999999999972,0.249999999999986);
#689=TOROIDAL_SURFACE('',#3654,0.500000000000013,0.25);
#690=TOROIDAL_SURFACE('',#3672,0.499999999999972,0.25);
#691=TOROIDAL_SURFACE('',#3736,1.,0.5);
#692=TOROIDAL_SURFACE('',#3786,0.999999999999996,0.5);
#693=TOROIDAL_SURFACE('',#3790,1.,0.5);
#694=TOROIDAL_SURFACE('',#3806,0.75,0.5);
#695=TOROIDAL_SURFACE('',#3808,0.75,0.5);
#696=TOROIDAL_SURFACE('',#3823,0.5,0.25);
#697=TOROIDAL_SURFACE('',#3828,0.5,0.25);
#698=TOROIDAL_SURFACE('',#3870,0.499999999999995,0.25);
#699=TOROIDAL_SURFACE('',#3876,0.5,0.25);
#700=TOROIDAL_SURFACE('',#3896,0.500000000000007,0.25);
#701=TOROIDAL_SURFACE('',#3909,0.499999999999992,0.25);
#702=TOROIDAL_SURFACE('',#3914,0.499999999999994,0.25);
#703=TOROIDAL_SURFACE('',#3928,0.499999999999998,0.25);
#704=TOROIDAL_SURFACE('',#3933,0.500000000000016,0.250000000000004);
#705=TOROIDAL_SURFACE('',#3968,0.5,0.25);
#706=TOROIDAL_SURFACE('',#3973,0.5,0.25);
#707=TOROIDAL_SURFACE('',#3979,0.5,0.25);
#708=TOROIDAL_SURFACE('',#3984,0.5,0.25);
#709=FACE_OUTER_BOUND('',#947,.T.);
#710=FACE_OUTER_BOUND('',#948,.T.);
#711=FACE_OUTER_BOUND('',#949,.T.);
#712=FACE_OUTER_BOUND('',#950,.T.);
#713=FACE_OUTER_BOUND('',#951,.T.);
#714=FACE_OUTER_BOUND('',#952,.T.);
#715=FACE_OUTER_BOUND('',#953,.T.);
#716=FACE_OUTER_BOUND('',#954,.T.);
#717=FACE_OUTER_BOUND('',#955,.T.);
#718=FACE_OUTER_BOUND('',#956,.T.);
#719=FACE_OUTER_BOUND('',#957,.T.);
#720=FACE_OUTER_BOUND('',#958,.T.);
#721=FACE_OUTER_BOUND('',#959,.T.);
#722=FACE_OUTER_BOUND('',#960,.T.);
#723=FACE_OUTER_BOUND('',#961,.T.);
#724=FACE_OUTER_BOUND('',#962,.T.);
#725=FACE_OUTER_BOUND('',#963,.T.);
#726=FACE_OUTER_BOUND('',#964,.T.);
#727=FACE_OUTER_BOUND('',#965,.T.);
#728=FACE_OUTER_BOUND('',#966,.T.);
#729=FACE_OUTER_BOUND('',#967,.T.);
#730=FACE_OUTER_BOUND('',#968,.T.);
#731=FACE_OUTER_BOUND('',#969,.T.);
#732=FACE_OUTER_BOUND('',#970,.T.);
#733=FACE_OUTER_BOUND('',#971,.T.);
#734=FACE_OUTER_BOUND('',#972,.T.);
#735=FACE_OUTER_BOUND('',#973,.T.);
#736=FACE_OUTER_BOUND('',#974,.T.);
#737=FACE_OUTER_BOUND('',#975,.T.);
#738=FACE_OUTER_BOUND('',#976,.T.);
#739=FACE_OUTER_BOUND('',#977,.T.);
#740=FACE_OUTER_BOUND('',#978,.T.);
#741=FACE_OUTER_BOUND('',#979,.T.);
#742=FACE_OUTER_BOUND('',#980,.T.);
#743=FACE_OUTER_BOUND('',#981,.T.);
#744=FACE_OUTER_BOUND('',#982,.T.);
#745=FACE_OUTER_BOUND('',#983,.T.);
#746=FACE_OUTER_BOUND('',#984,.T.);
#747=FACE_OUTER_BOUND('',#985,.T.);
#748=FACE_OUTER_BOUND('',#986,.T.);
#749=FACE_OUTER_BOUND('',#987,.T.);
#750=FACE_OUTER_BOUND('',#988,.T.);
#751=FACE_OUTER_BOUND('',#989,.T.);
#752=FACE_OUTER_BOUND('',#990,.T.);
#753=FACE_OUTER_BOUND('',#991,.T.);
#754=FACE_OUTER_BOUND('',#992,.T.);
#755=FACE_OUTER_BOUND('',#993,.T.);
#756=FACE_OUTER_BOUND('',#994,.T.);
#757=FACE_OUTER_BOUND('',#995,.T.);
#758=FACE_OUTER_BOUND('',#996,.T.);
#759=FACE_OUTER_BOUND('',#997,.T.);
#760=FACE_OUTER_BOUND('',#998,.T.);
#761=FACE_OUTER_BOUND('',#999,.T.);
#762=FACE_OUTER_BOUND('',#1000,.T.);
#763=FACE_OUTER_BOUND('',#1001,.T.);
#764=FACE_OUTER_BOUND('',#1002,.T.);
#765=FACE_OUTER_BOUND('',#1003,.T.);
#766=FACE_OUTER_BOUND('',#1004,.T.);
#767=FACE_OUTER_BOUND('',#1005,.T.);
#768=FACE_OUTER_BOUND('',#1006,.T.);
#769=FACE_OUTER_BOUND('',#1007,.T.);
#770=FACE_OUTER_BOUND('',#1008,.T.);
#771=FACE_OUTER_BOUND('',#1009,.T.);
#772=FACE_OUTER_BOUND('',#1010,.T.);
#773=FACE_OUTER_BOUND('',#1011,.T.);
#774=FACE_OUTER_BOUND('',#1012,.T.);
#775=FACE_OUTER_BOUND('',#1013,.T.);
#776=FACE_OUTER_BOUND('',#1014,.T.);
#777=FACE_OUTER_BOUND('',#1015,.T.);
#778=FACE_OUTER_BOUND('',#1016,.T.);
#779=FACE_OUTER_BOUND('',#1017,.T.);
#780=FACE_OUTER_BOUND('',#1018,.T.);
#781=FACE_OUTER_BOUND('',#1019,.T.);
#782=FACE_OUTER_BOUND('',#1020,.T.);
#783=FACE_OUTER_BOUND('',#1021,.T.);
#784=FACE_OUTER_BOUND('',#1022,.T.);
#785=FACE_OUTER_BOUND('',#1023,.T.);
#786=FACE_OUTER_BOUND('',#1024,.T.);
#787=FACE_OUTER_BOUND('',#1025,.T.);
#788=FACE_OUTER_BOUND('',#1026,.T.);
#789=FACE_OUTER_BOUND('',#1027,.T.);
#790=FACE_OUTER_BOUND('',#1028,.T.);
#791=FACE_OUTER_BOUND('',#1029,.T.);
#792=FACE_OUTER_BOUND('',#1030,.T.);
#793=FACE_OUTER_BOUND('',#1031,.T.);
#794=FACE_OUTER_BOUND('',#1032,.T.);
#795=FACE_OUTER_BOUND('',#1033,.T.);
#796=FACE_OUTER_BOUND('',#1034,.T.);
#797=FACE_OUTER_BOUND('',#1035,.T.);
#798=FACE_OUTER_BOUND('',#1036,.T.);
#799=FACE_OUTER_BOUND('',#1037,.T.);
#800=FACE_OUTER_BOUND('',#1038,.T.);
#801=FACE_OUTER_BOUND('',#1039,.T.);
#802=FACE_OUTER_BOUND('',#1040,.T.);
#803=FACE_OUTER_BOUND('',#1041,.T.);
#804=FACE_OUTER_BOUND('',#1042,.T.);
#805=FACE_OUTER_BOUND('',#1043,.T.);
#806=FACE_OUTER_BOUND('',#1044,.T.);
#807=FACE_OUTER_BOUND('',#1045,.T.);
#808=FACE_OUTER_BOUND('',#1046,.T.);
#809=FACE_OUTER_BOUND('',#1047,.T.);
#810=FACE_OUTER_BOUND('',#1048,.T.);
#811=FACE_OUTER_BOUND('',#1049,.T.);
#812=FACE_OUTER_BOUND('',#1050,.T.);
#813=FACE_OUTER_BOUND('',#1051,.T.);
#814=FACE_OUTER_BOUND('',#1052,.T.);
#815=FACE_OUTER_BOUND('',#1053,.T.);
#816=FACE_OUTER_BOUND('',#1054,.T.);
#817=FACE_OUTER_BOUND('',#1055,.T.);
#818=FACE_OUTER_BOUND('',#1056,.T.);
#819=FACE_OUTER_BOUND('',#1057,.T.);
#820=FACE_OUTER_BOUND('',#1058,.T.);
#821=FACE_OUTER_BOUND('',#1059,.T.);
#822=FACE_OUTER_BOUND('',#1060,.T.);
#823=FACE_OUTER_BOUND('',#1061,.T.);
#824=FACE_OUTER_BOUND('',#1062,.T.);
#825=FACE_OUTER_BOUND('',#1063,.T.);
#826=FACE_OUTER_BOUND('',#1064,.T.);
#827=FACE_OUTER_BOUND('',#1065,.T.);
#828=FACE_OUTER_BOUND('',#1066,.T.);
#829=FACE_OUTER_BOUND('',#1067,.T.);
#830=FACE_OUTER_BOUND('',#1068,.T.);
#831=FACE_OUTER_BOUND('',#1069,.T.);
#832=FACE_OUTER_BOUND('',#1070,.T.);
#833=FACE_OUTER_BOUND('',#1071,.T.);
#834=FACE_OUTER_BOUND('',#1072,.T.);
#835=FACE_OUTER_BOUND('',#1073,.T.);
#836=FACE_OUTER_BOUND('',#1074,.T.);
#837=FACE_OUTER_BOUND('',#1075,.T.);
#838=FACE_OUTER_BOUND('',#1076,.T.);
#839=FACE_OUTER_BOUND('',#1077,.T.);
#840=FACE_OUTER_BOUND('',#1078,.T.);
#841=FACE_OUTER_BOUND('',#1079,.T.);
#842=FACE_OUTER_BOUND('',#1080,.T.);
#843=FACE_OUTER_BOUND('',#1081,.T.);
#844=FACE_OUTER_BOUND('',#1082,.T.);
#845=FACE_OUTER_BOUND('',#1083,.T.);
#846=FACE_OUTER_BOUND('',#1084,.T.);
#847=FACE_OUTER_BOUND('',#1085,.T.);
#848=FACE_OUTER_BOUND('',#1086,.T.);
#849=FACE_OUTER_BOUND('',#1087,.T.);
#850=FACE_OUTER_BOUND('',#1088,.T.);
#851=FACE_OUTER_BOUND('',#1089,.T.);
#852=FACE_OUTER_BOUND('',#1090,.T.);
#853=FACE_OUTER_BOUND('',#1091,.T.);
#854=FACE_OUTER_BOUND('',#1092,.T.);
#855=FACE_OUTER_BOUND('',#1093,.T.);
#856=FACE_OUTER_BOUND('',#1094,.T.);
#857=FACE_OUTER_BOUND('',#1095,.T.);
#858=FACE_OUTER_BOUND('',#1096,.T.);
#859=FACE_OUTER_BOUND('',#1097,.T.);
#860=FACE_OUTER_BOUND('',#1098,.T.);
#861=FACE_OUTER_BOUND('',#1099,.T.);
#862=FACE_OUTER_BOUND('',#1100,.T.);
#863=FACE_OUTER_BOUND('',#1101,.T.);
#864=FACE_OUTER_BOUND('',#1102,.T.);
#865=FACE_OUTER_BOUND('',#1103,.T.);
#866=FACE_OUTER_BOUND('',#1104,.T.);
#867=FACE_OUTER_BOUND('',#1105,.T.);
#868=FACE_OUTER_BOUND('',#1106,.T.);
#869=FACE_OUTER_BOUND('',#1107,.T.);
#870=FACE_OUTER_BOUND('',#1108,.T.);
#871=FACE_OUTER_BOUND('',#1109,.T.);
#872=FACE_OUTER_BOUND('',#1110,.T.);
#873=FACE_OUTER_BOUND('',#1111,.T.);
#874=FACE_OUTER_BOUND('',#1112,.T.);
#875=FACE_OUTER_BOUND('',#1113,.T.);
#876=FACE_OUTER_BOUND('',#1114,.T.);
#877=FACE_OUTER_BOUND('',#1115,.T.);
#878=FACE_OUTER_BOUND('',#1116,.T.);
#879=FACE_OUTER_BOUND('',#1117,.T.);
#880=FACE_OUTER_BOUND('',#1118,.T.);
#881=FACE_OUTER_BOUND('',#1119,.T.);
#882=FACE_OUTER_BOUND('',#1120,.T.);
#883=FACE_OUTER_BOUND('',#1121,.T.);
#884=FACE_OUTER_BOUND('',#1122,.T.);
#885=FACE_OUTER_BOUND('',#1123,.T.);
#886=FACE_OUTER_BOUND('',#1124,.T.);
#887=FACE_OUTER_BOUND('',#1125,.T.);
#888=FACE_OUTER_BOUND('',#1126,.T.);
#889=FACE_OUTER_BOUND('',#1127,.T.);
#890=FACE_OUTER_BOUND('',#1128,.T.);
#891=FACE_OUTER_BOUND('',#1129,.T.);
#892=FACE_OUTER_BOUND('',#1130,.T.);
#893=FACE_OUTER_BOUND('',#1131,.T.);
#894=FACE_OUTER_BOUND('',#1132,.T.);
#895=FACE_OUTER_BOUND('',#1133,.T.);
#896=FACE_OUTER_BOUND('',#1134,.T.);
#897=FACE_OUTER_BOUND('',#1135,.T.);
#898=FACE_OUTER_BOUND('',#1136,.T.);
#899=FACE_OUTER_BOUND('',#1137,.T.);
#900=FACE_OUTER_BOUND('',#1138,.T.);
#901=FACE_OUTER_BOUND('',#1139,.T.);
#902=FACE_OUTER_BOUND('',#1140,.T.);
#903=FACE_OUTER_BOUND('',#1141,.T.);
#904=FACE_OUTER_BOUND('',#1142,.T.);
#905=FACE_OUTER_BOUND('',#1143,.T.);
#906=FACE_OUTER_BOUND('',#1144,.T.);
#907=FACE_OUTER_BOUND('',#1145,.T.);
#908=FACE_OUTER_BOUND('',#1146,.T.);
#909=FACE_OUTER_BOUND('',#1147,.T.);
#910=FACE_OUTER_BOUND('',#1148,.T.);
#911=FACE_OUTER_BOUND('',#1149,.T.);
#912=FACE_OUTER_BOUND('',#1150,.T.);
#913=FACE_OUTER_BOUND('',#1151,.T.);
#914=FACE_OUTER_BOUND('',#1152,.T.);
#915=FACE_OUTER_BOUND('',#1153,.T.);
#916=FACE_OUTER_BOUND('',#1154,.T.);
#917=FACE_OUTER_BOUND('',#1155,.T.);
#918=FACE_OUTER_BOUND('',#1156,.T.);
#919=FACE_OUTER_BOUND('',#1157,.T.);
#920=FACE_OUTER_BOUND('',#1158,.T.);
#921=FACE_OUTER_BOUND('',#1159,.T.);
#922=FACE_OUTER_BOUND('',#1160,.T.);
#923=FACE_OUTER_BOUND('',#1161,.T.);
#924=FACE_OUTER_BOUND('',#1162,.T.);
#925=FACE_OUTER_BOUND('',#1163,.T.);
#926=FACE_OUTER_BOUND('',#1164,.T.);
#927=FACE_OUTER_BOUND('',#1165,.T.);
#928=FACE_OUTER_BOUND('',#1166,.T.);
#929=FACE_OUTER_BOUND('',#1167,.T.);
#930=FACE_OUTER_BOUND('',#1168,.T.);
#931=FACE_OUTER_BOUND('',#1169,.T.);
#932=FACE_OUTER_BOUND('',#1170,.T.);
#933=FACE_OUTER_BOUND('',#1171,.T.);
#934=FACE_OUTER_BOUND('',#1172,.T.);
#935=FACE_OUTER_BOUND('',#1173,.T.);
#936=FACE_OUTER_BOUND('',#1174,.T.);
#937=FACE_OUTER_BOUND('',#1175,.T.);
#938=FACE_OUTER_BOUND('',#1176,.T.);
#939=FACE_OUTER_BOUND('',#1177,.T.);
#940=FACE_OUTER_BOUND('',#1178,.T.);
#941=FACE_OUTER_BOUND('',#1179,.T.);
#942=FACE_OUTER_BOUND('',#1180,.T.);
#943=FACE_OUTER_BOUND('',#1181,.T.);
#944=FACE_OUTER_BOUND('',#1182,.T.);
#945=FACE_OUTER_BOUND('',#1183,.T.);
#946=FACE_OUTER_BOUND('',#1184,.T.);
#947=EDGE_LOOP('',(#2222,#2223,#2224));
#948=EDGE_LOOP('',(#2225,#2226,#2227));
#949=EDGE_LOOP('',(#2228,#2229,#2230,#2231));
#950=EDGE_LOOP('',(#2232,#2233,#2234));
#951=EDGE_LOOP('',(#2235,#2236,#2237));
#952=EDGE_LOOP('',(#2238,#2239,#2240,#2241));
#953=EDGE_LOOP('',(#2242,#2243,#2244,#2245));
#954=EDGE_LOOP('',(#2246,#2247,#2248,#2249));
#955=EDGE_LOOP('',(#2250,#2251,#2252,#2253));
#956=EDGE_LOOP('',(#2254,#2255,#2256,#2257));
#957=EDGE_LOOP('',(#2258,#2259,#2260,#2261));
#958=EDGE_LOOP('',(#2262,#2263,#2264,#2265));
#959=EDGE_LOOP('',(#2266,#2267,#2268));
#960=EDGE_LOOP('',(#2269,#2270,#2271));
#961=EDGE_LOOP('',(#2272,#2273,#2274,#2275));
#962=EDGE_LOOP('',(#2276,#2277,#2278,#2279));
#963=EDGE_LOOP('',(#2280,#2281,#2282,#2283));
#964=EDGE_LOOP('',(#2284,#2285,#2286,#2287));
#965=EDGE_LOOP('',(#2288,#2289,#2290,#2291));
#966=EDGE_LOOP('',(#2292,#2293,#2294,#2295));
#967=EDGE_LOOP('',(#2296,#2297,#2298,#2299));
#968=EDGE_LOOP('',(#2300,#2301,#2302,#2303));
#969=EDGE_LOOP('',(#2304,#2305,#2306,#2307));
#970=EDGE_LOOP('',(#2308,#2309,#2310,#2311));
#971=EDGE_LOOP('',(#2312,#2313,#2314,#2315));
#972=EDGE_LOOP('',(#2316,#2317,#2318,#2319));
#973=EDGE_LOOP('',(#2320,#2321,#2322,#2323));
#974=EDGE_LOOP('',(#2324,#2325,#2326,#2327));
#975=EDGE_LOOP('',(#2328,#2329,#2330,#2331));
#976=EDGE_LOOP('',(#2332,#2333,#2334,#2335));
#977=EDGE_LOOP('',(#2336,#2337,#2338,#2339));
#978=EDGE_LOOP('',(#2340,#2341,#2342,#2343));
#979=EDGE_LOOP('',(#2344,#2345,#2346,#2347));
#980=EDGE_LOOP('',(#2348,#2349,#2350,#2351));
#981=EDGE_LOOP('',(#2352,#2353,#2354,#2355,#2356,#2357,#2358,#2359));
#982=EDGE_LOOP('',(#2360,#2361,#2362,#2363,#2364,#2365,#2366,#2367,#2368,
#2369,#2370,#2371));
#983=EDGE_LOOP('',(#2372,#2373,#2374,#2375));
#984=EDGE_LOOP('',(#2376,#2377,#2378,#2379,#2380));
#985=EDGE_LOOP('',(#2381,#2382,#2383,#2384,#2385));
#986=EDGE_LOOP('',(#2386,#2387,#2388,#2389,#2390));
#987=EDGE_LOOP('',(#2391,#2392,#2393,#2394,#2395));
#988=EDGE_LOOP('',(#2396,#2397,#2398,#2399));
#989=EDGE_LOOP('',(#2400,#2401,#2402,#2403,#2404,#2405));
#990=EDGE_LOOP('',(#2406,#2407,#2408,#2409));
#991=EDGE_LOOP('',(#2410,#2411,#2412,#2413));
#992=EDGE_LOOP('',(#2414,#2415,#2416));
#993=EDGE_LOOP('',(#2417,#2418,#2419,#2420));
#994=EDGE_LOOP('',(#2421,#2422,#2423,#2424));
#995=EDGE_LOOP('',(#2425,#2426,#2427));
#996=EDGE_LOOP('',(#2428,#2429,#2430,#2431));
#997=EDGE_LOOP('',(#2432,#2433,#2434,#2435));
#998=EDGE_LOOP('',(#2436,#2437,#2438));
#999=EDGE_LOOP('',(#2439,#2440,#2441,#2442));
#1000=EDGE_LOOP('',(#2443,#2444,#2445,#2446));
#1001=EDGE_LOOP('',(#2447,#2448,#2449,#2450));
#1002=EDGE_LOOP('',(#2451,#2452,#2453));
#1003=EDGE_LOOP('',(#2454,#2455,#2456,#2457));
#1004=EDGE_LOOP('',(#2458,#2459,#2460,#2461));
#1005=EDGE_LOOP('',(#2462,#2463,#2464,#2465));
#1006=EDGE_LOOP('',(#2466,#2467,#2468,#2469));
#1007=EDGE_LOOP('',(#2470,#2471,#2472));
#1008=EDGE_LOOP('',(#2473,#2474,#2475,#2476));
#1009=EDGE_LOOP('',(#2477,#2478,#2479,#2480));
#1010=EDGE_LOOP('',(#2481,#2482,#2483));
#1011=EDGE_LOOP('',(#2484,#2485,#2486,#2487));
#1012=EDGE_LOOP('',(#2488,#2489,#2490,#2491));
#1013=EDGE_LOOP('',(#2492,#2493,#2494,#2495));
#1014=EDGE_LOOP('',(#2496,#2497,#2498,#2499));
#1015=EDGE_LOOP('',(#2500,#2501,#2502,#2503));
#1016=EDGE_LOOP('',(#2504,#2505,#2506,#2507));
#1017=EDGE_LOOP('',(#2508,#2509,#2510,#2511));
#1018=EDGE_LOOP('',(#2512,#2513,#2514,#2515));
#1019=EDGE_LOOP('',(#2516,#2517,#2518,#2519));
#1020=EDGE_LOOP('',(#2520,#2521,#2522,#2523));
#1021=EDGE_LOOP('',(#2524,#2525,#2526,#2527));
#1022=EDGE_LOOP('',(#2528,#2529,#2530,#2531));
#1023=EDGE_LOOP('',(#2532,#2533,#2534,#2535));
#1024=EDGE_LOOP('',(#2536,#2537,#2538,#2539,#2540,#2541,#2542,#2543));
#1025=EDGE_LOOP('',(#2544,#2545,#2546,#2547,#2548,#2549,#2550,#2551,#2552,
#2553,#2554,#2555));
#1026=EDGE_LOOP('',(#2556,#2557,#2558,#2559,#2560));
#1027=EDGE_LOOP('',(#2561,#2562,#2563,#2564));
#1028=EDGE_LOOP('',(#2565,#2566,#2567,#2568,#2569,#2570));
#1029=EDGE_LOOP('',(#2571,#2572,#2573,#2574,#2575));
#1030=EDGE_LOOP('',(#2576,#2577,#2578,#2579,#2580));
#1031=EDGE_LOOP('',(#2581,#2582,#2583,#2584,#2585));
#1032=EDGE_LOOP('',(#2586,#2587,#2588,#2589));
#1033=EDGE_LOOP('',(#2590,#2591,#2592));
#1034=EDGE_LOOP('',(#2593,#2594,#2595));
#1035=EDGE_LOOP('',(#2596,#2597,#2598,#2599));
#1036=EDGE_LOOP('',(#2600,#2601,#2602));
#1037=EDGE_LOOP('',(#2603,#2604,#2605,#2606));
#1038=EDGE_LOOP('',(#2607,#2608,#2609,#2610));
#1039=EDGE_LOOP('',(#2611,#2612,#2613));
#1040=EDGE_LOOP('',(#2614,#2615,#2616,#2617));
#1041=EDGE_LOOP('',(#2618,#2619,#2620,#2621));
#1042=EDGE_LOOP('',(#2622,#2623,#2624,#2625));
#1043=EDGE_LOOP('',(#2626,#2627,#2628,#2629));
#1044=EDGE_LOOP('',(#2630,#2631,#2632,#2633));
#1045=EDGE_LOOP('',(#2634,#2635,#2636,#2637,#2638,#2639,#2640,#2641,#2642,
#2643,#2644,#2645,#2646,#2647,#2648));
#1046=EDGE_LOOP('',(#2649,#2650,#2651));
#1047=EDGE_LOOP('',(#2652,#2653,#2654));
#1048=EDGE_LOOP('',(#2655,#2656,#2657,#2658));
#1049=EDGE_LOOP('',(#2659,#2660,#2661));
#1050=EDGE_LOOP('',(#2662,#2663,#2664,#2665));
#1051=EDGE_LOOP('',(#2666,#2667,#2668));
#1052=EDGE_LOOP('',(#2669,#2670,#2671,#2672));
#1053=EDGE_LOOP('',(#2673,#2674,#2675));
#1054=EDGE_LOOP('',(#2676,#2677,#2678));
#1055=EDGE_LOOP('',(#2679,#2680,#2681));
#1056=EDGE_LOOP('',(#2682,#2683,#2684));
#1057=EDGE_LOOP('',(#2685,#2686,#2687,#2688));
#1058=EDGE_LOOP('',(#2689,#2690,#2691,#2692));
#1059=EDGE_LOOP('',(#2693,#2694,#2695,#2696));
#1060=EDGE_LOOP('',(#2697,#2698,#2699,#2700));
#1061=EDGE_LOOP('',(#2701,#2702,#2703,#2704));
#1062=EDGE_LOOP('',(#2705,#2706,#2707,#2708));
#1063=EDGE_LOOP('',(#2709,#2710,#2711,#2712));
#1064=EDGE_LOOP('',(#2713,#2714,#2715,#2716));
#1065=EDGE_LOOP('',(#2717,#2718,#2719,#2720));
#1066=EDGE_LOOP('',(#2721,#2722,#2723,#2724));
#1067=EDGE_LOOP('',(#2725,#2726,#2727,#2728));
#1068=EDGE_LOOP('',(#2729,#2730,#2731,#2732));
#1069=EDGE_LOOP('',(#2733,#2734,#2735,#2736));
#1070=EDGE_LOOP('',(#2737,#2738,#2739,#2740));
#1071=EDGE_LOOP('',(#2741,#2742,#2743,#2744));
#1072=EDGE_LOOP('',(#2745,#2746,#2747,#2748,#2749));
#1073=EDGE_LOOP('',(#2750,#2751,#2752,#2753,#2754));
#1074=EDGE_LOOP('',(#2755,#2756,#2757,#2758,#2759,#2760,#2761,#2762,#2763,
#2764));
#1075=EDGE_LOOP('',(#2765,#2766,#2767,#2768));
#1076=EDGE_LOOP('',(#2769,#2770,#2771,#2772,#2773,#2774,#2775,#2776,#2777));
#1077=EDGE_LOOP('',(#2778,#2779,#2780,#2781));
#1078=EDGE_LOOP('',(#2782,#2783,#2784,#2785,#2786,#2787,#2788,#2789,#2790,
#2791));
#1079=EDGE_LOOP('',(#2792,#2793,#2794,#2795));
#1080=EDGE_LOOP('',(#2796,#2797,#2798,#2799));
#1081=EDGE_LOOP('',(#2800,#2801,#2802,#2803));
#1082=EDGE_LOOP('',(#2804,#2805,#2806,#2807));
#1083=EDGE_LOOP('',(#2808,#2809,#2810,#2811));
#1084=EDGE_LOOP('',(#2812,#2813,#2814,#2815));
#1085=EDGE_LOOP('',(#2816,#2817,#2818,#2819));
#1086=EDGE_LOOP('',(#2820,#2821,#2822,#2823));
#1087=EDGE_LOOP('',(#2824,#2825,#2826,#2827));
#1088=EDGE_LOOP('',(#2828,#2829,#2830,#2831));
#1089=EDGE_LOOP('',(#2832,#2833,#2834));
#1090=EDGE_LOOP('',(#2835,#2836,#2837));
#1091=EDGE_LOOP('',(#2838,#2839,#2840,#2841));
#1092=EDGE_LOOP('',(#2842,#2843,#2844));
#1093=EDGE_LOOP('',(#2845,#2846,#2847,#2848));
#1094=EDGE_LOOP('',(#2849,#2850,#2851));
#1095=EDGE_LOOP('',(#2852,#2853,#2854,#2855));
#1096=EDGE_LOOP('',(#2856,#2857,#2858,#2859));
#1097=EDGE_LOOP('',(#2860,#2861,#2862,#2863));
#1098=EDGE_LOOP('',(#2864,#2865,#2866,#2867));
#1099=EDGE_LOOP('',(#2868,#2869,#2870,#2871));
#1100=EDGE_LOOP('',(#2872,#2873,#2874,#2875));
#1101=EDGE_LOOP('',(#2876,#2877,#2878,#2879));
#1102=EDGE_LOOP('',(#2880,#2881,#2882,#2883));
#1103=EDGE_LOOP('',(#2884,#2885,#2886,#2887));
#1104=EDGE_LOOP('',(#2888,#2889,#2890,#2891));
#1105=EDGE_LOOP('',(#2892,#2893,#2894,#2895));
#1106=EDGE_LOOP('',(#2896,#2897,#2898,#2899));
#1107=EDGE_LOOP('',(#2900,#2901,#2902,#2903,#2904,#2905));
#1108=EDGE_LOOP('',(#2906,#2907,#2908,#2909,#2910,#2911));
#1109=EDGE_LOOP('',(#2912,#2913,#2914,#2915,#2916,#2917,#2918,#2919,#2920));
#1110=EDGE_LOOP('',(#2921,#2922,#2923,#2924,#2925,#2926,#2927,#2928,#2929,
#2930,#2931,#2932,#2933,#2934,#2935));
#1111=EDGE_LOOP('',(#2936,#2937,#2938,#2939));
#1112=EDGE_LOOP('',(#2940,#2941,#2942));
#1113=EDGE_LOOP('',(#2943,#2944,#2945,#2946,#2947,#2948));
#1114=EDGE_LOOP('',(#2949,#2950,#2951));
#1115=EDGE_LOOP('',(#2952,#2953,#2954));
#1116=EDGE_LOOP('',(#2955,#2956,#2957,#2958));
#1117=EDGE_LOOP('',(#2959,#2960,#2961,#2962));
#1118=EDGE_LOOP('',(#2963,#2964,#2965,#2966));
#1119=EDGE_LOOP('',(#2967,#2968,#2969,#2970));
#1120=EDGE_LOOP('',(#2971,#2972,#2973));
#1121=EDGE_LOOP('',(#2974,#2975,#2976));
#1122=EDGE_LOOP('',(#2977,#2978,#2979,#2980));
#1123=EDGE_LOOP('',(#2981,#2982,#2983,#2984));
#1124=EDGE_LOOP('',(#2985,#2986,#2987));
#1125=EDGE_LOOP('',(#2988,#2989,#2990,#2991));
#1126=EDGE_LOOP('',(#2992,#2993,#2994,#2995));
#1127=EDGE_LOOP('',(#2996,#2997,#2998,#2999));
#1128=EDGE_LOOP('',(#3000,#3001,#3002,#3003));
#1129=EDGE_LOOP('',(#3004,#3005,#3006,#3007));
#1130=EDGE_LOOP('',(#3008,#3009,#3010,#3011));
#1131=EDGE_LOOP('',(#3012,#3013,#3014,#3015));
#1132=EDGE_LOOP('',(#3016,#3017,#3018,#3019));
#1133=EDGE_LOOP('',(#3020,#3021,#3022,#3023));
#1134=EDGE_LOOP('',(#3024,#3025,#3026,#3027));
#1135=EDGE_LOOP('',(#3028,#3029,#3030,#3031));
#1136=EDGE_LOOP('',(#3032,#3033,#3034,#3035));
#1137=EDGE_LOOP('',(#3036,#3037,#3038,#3039));
#1138=EDGE_LOOP('',(#3040,#3041,#3042,#3043));
#1139=EDGE_LOOP('',(#3044,#3045,#3046,#3047));
#1140=EDGE_LOOP('',(#3048,#3049,#3050,#3051));
#1141=EDGE_LOOP('',(#3052,#3053,#3054,#3055));
#1142=EDGE_LOOP('',(#3056,#3057,#3058,#3059));
#1143=EDGE_LOOP('',(#3060,#3061,#3062,#3063,#3064,#3065,#3066,#3067,#3068,
#3069));
#1144=EDGE_LOOP('',(#3070,#3071,#3072,#3073));
#1145=EDGE_LOOP('',(#3074,#3075,#3076,#3077));
#1146=EDGE_LOOP('',(#3078,#3079,#3080,#3081,#3082,#3083));
#1147=EDGE_LOOP('',(#3084,#3085,#3086,#3087));
#1148=EDGE_LOOP('',(#3088,#3089,#3090,#3091));
#1149=EDGE_LOOP('',(#3092,#3093,#3094,#3095,#3096));
#1150=EDGE_LOOP('',(#3097,#3098,#3099,#3100));
#1151=EDGE_LOOP('',(#3101,#3102,#3103,#3104));
#1152=EDGE_LOOP('',(#3105,#3106,#3107,#3108));
#1153=EDGE_LOOP('',(#3109,#3110,#3111,#3112));
#1154=EDGE_LOOP('',(#3113,#3114,#3115,#3116));
#1155=EDGE_LOOP('',(#3117,#3118,#3119,#3120));
#1156=EDGE_LOOP('',(#3121,#3122,#3123,#3124));
#1157=EDGE_LOOP('',(#3125,#3126,#3127,#3128));
#1158=EDGE_LOOP('',(#3129,#3130,#3131,#3132,#3133));
#1159=EDGE_LOOP('',(#3134,#3135,#3136,#3137));
#1160=EDGE_LOOP('',(#3138,#3139,#3140,#3141));
#1161=EDGE_LOOP('',(#3142,#3143,#3144,#3145));
#1162=EDGE_LOOP('',(#3146,#3147,#3148,#3149));
#1163=EDGE_LOOP('',(#3150,#3151,#3152,#3153));
#1164=EDGE_LOOP('',(#3154,#3155,#3156,#3157));
#1165=EDGE_LOOP('',(#3158,#3159,#3160));
#1166=EDGE_LOOP('',(#3161,#3162,#3163,#3164));
#1167=EDGE_LOOP('',(#3165,#3166,#3167,#3168));
#1168=EDGE_LOOP('',(#3169,#3170,#3171));
#1169=EDGE_LOOP('',(#3172,#3173,#3174,#3175));
#1170=EDGE_LOOP('',(#3176,#3177,#3178,#3179));
#1171=EDGE_LOOP('',(#3180,#3181,#3182,#3183));
#1172=EDGE_LOOP('',(#3184,#3185,#3186));
#1173=EDGE_LOOP('',(#3187,#3188,#3189,#3190));
#1174=EDGE_LOOP('',(#3191,#3192,#3193,#3194));
#1175=EDGE_LOOP('',(#3195,#3196,#3197));
#1176=EDGE_LOOP('',(#3198,#3199,#3200,#3201));
#1177=EDGE_LOOP('',(#3202,#3203,#3204));
#1178=EDGE_LOOP('',(#3205,#3206,#3207,#3208));
#1179=EDGE_LOOP('',(#3209,#3210,#3211,#3212));
#1180=EDGE_LOOP('',(#3213,#3214,#3215,#3216));
#1181=EDGE_LOOP('',(#3217,#3218,#3219,#3220,#3221,#3222));
#1182=EDGE_LOOP('',(#3223,#3224,#3225,#3226,#3227));
#1183=EDGE_LOOP('',(#3228,#3229,#3230,#3231,#3232,#3233,#3234,#3235,#3236,
#3237));
#1184=EDGE_LOOP('',(#3238,#3239,#3240,#3241,#3242,#3243,#3244,#3245,#3246,
#3247,#3248,#3249));
#1185=CIRCLE('',#3542,0.249999999999986);
#1186=CIRCLE('',#3543,0.250000000000015);
#1187=CIRCLE('',#3544,0.25);
#1188=CIRCLE('',#3546,0.250000000000017);
#1189=CIRCLE('',#3547,0.249999999999986);
#1190=CIRCLE('',#3548,0.25);
#1191=CIRCLE('',#3550,0.499999999999936);
#1192=CIRCLE('',#3551,0.250000000000015);
#1193=CIRCLE('',#3552,0.249999999999986);
#1194=CIRCLE('',#3553,0.25);
#1195=CIRCLE('',#3555,0.250000000000015);
#1196=CIRCLE('',#3556,0.250000000000012);
#1197=CIRCLE('',#3557,0.25);
#1198=CIRCLE('',#3559,0.250000000000018);
#1199=CIRCLE('',#3560,0.250000000000015);
#1200=CIRCLE('',#3561,0.25);
#1201=CIRCLE('',#3563,0.500000000000045);
#1202=CIRCLE('',#3564,0.249999999999986);
#1203=CIRCLE('',#3565,0.250000000000027);
#1204=CIRCLE('',#3566,0.25);
#1205=CIRCLE('',#3569,0.250000000000018);
#1206=CIRCLE('',#3570,0.250000000000001);
#1207=CIRCLE('',#3573,0.25);
#1208=CIRCLE('',#3577,0.250000000000012);
#1209=CIRCLE('',#3578,0.249999999999986);
#1210=CIRCLE('',#3579,0.25);
#1211=CIRCLE('',#3581,0.249999999999986);
#1212=CIRCLE('',#3582,0.250000000000013);
#1213=CIRCLE('',#3583,0.25);
#1214=CIRCLE('',#3584,0.250000000000019);
#1215=CIRCLE('',#3585,0.25);
#1216=CIRCLE('',#3588,0.250000000000012);
#1217=CIRCLE('',#3589,0.25);
#1218=CIRCLE('',#3590,0.499999999999992);
#1219=CIRCLE('',#3591,0.249999999999986);
#1220=CIRCLE('',#3593,0.250000000000018);
#1221=CIRCLE('',#3597,0.499999999999972);
#1222=CIRCLE('',#3598,0.249999999999976);
#1223=CIRCLE('',#3599,0.249999999999986);
#1224=CIRCLE('',#3600,0.25);
#1225=CIRCLE('',#3602,0.25);
#1226=CIRCLE('',#3609,0.250000000000017);
#1227=CIRCLE('',#3623,0.5);
#1228=CIRCLE('',#3624,0.5);
#1229=CIRCLE('',#3633,0.4999999999999);
#1230=CIRCLE('',#3634,0.250000000000012);
#1231=CIRCLE('',#3635,0.24999999999995);
#1232=CIRCLE('',#3636,0.25);
#1233=CIRCLE('',#3637,0.250000000000018);
#1234=CIRCLE('',#3638,0.25);
#1235=CIRCLE('',#3640,0.249999999999986);
#1236=CIRCLE('',#3641,0.250000000000015);
#1237=CIRCLE('',#3642,0.25);
#1238=CIRCLE('',#3645,0.250000000000021);
#1239=CIRCLE('',#3646,0.25);
#1240=CIRCLE('',#3647,0.500000000000074);
#1241=CIRCLE('',#3648,0.249999999999986);
#1242=CIRCLE('',#3650,0.250000000000011);
#1243=CIRCLE('',#3651,0.250000000000011);
#1244=CIRCLE('',#3652,0.25);
#1245=CIRCLE('',#3655,0.499999999999985);
#1246=CIRCLE('',#3656,0.249999999999986);
#1247=CIRCLE('',#3657,0.250000000000012);
#1248=CIRCLE('',#3658,0.25);
#1249=CIRCLE('',#3660,0.250000000000015);
#1250=CIRCLE('',#3661,0.249999999999986);
#1251=CIRCLE('',#3662,0.25);
#1252=CIRCLE('',#3665,0.249999999999976);
#1253=CIRCLE('',#3666,0.250000000000001);
#1254=CIRCLE('',#3668,0.250000000000015);
#1255=CIRCLE('',#3669,0.249999999999986);
#1256=CIRCLE('',#3670,0.25);
#1257=CIRCLE('',#3673,0.500000000000007);
#1258=CIRCLE('',#3674,0.249999999999991);
#1259=CIRCLE('',#3675,0.249999999999986);
#1260=CIRCLE('',#3676,0.25);
#1261=CIRCLE('',#3678,0.25);
#1262=CIRCLE('',#3682,0.249999999999985);
#1263=CIRCLE('',#3683,0.250000000000009);
#1264=CIRCLE('',#3684,0.25);
#1265=CIRCLE('',#3688,0.249999999999986);
#1266=CIRCLE('',#3689,0.249999999999985);
#1267=CIRCLE('',#3690,0.25);
#1268=CIRCLE('',#3697,0.250000000000015);
#1269=CIRCLE('',#3701,0.250000000000008);
#1270=CIRCLE('',#3706,0.25);
#1271=CIRCLE('',#3710,0.500000000000002);
#1272=CIRCLE('',#3711,0.499999999999998);
#1273=CIRCLE('',#3720,0.5);
#1274=CIRCLE('',#3721,0.500000000000043);
#1275=CIRCLE('',#3722,0.5);
#1276=CIRCLE('',#3724,0.500000000000007);
#1277=CIRCLE('',#3725,0.500000000000002);
#1278=CIRCLE('',#3726,0.499999999999999);
#1279=CIRCLE('',#3729,0.500000000000007);
#1280=CIRCLE('',#3730,0.5);
#1281=CIRCLE('',#3733,0.500000000000007);
#1282=CIRCLE('',#3735,0.499999999999999);
#1283=CIRCLE('',#3737,0.5);
#1284=CIRCLE('',#3738,1.);
#1285=CIRCLE('',#3744,0.5);
#1286=CIRCLE('',#3746,0.75);
#1287=CIRCLE('',#3747,0.75);
#1288=CIRCLE('',#3748,0.999999999999996);
#1289=CIRCLE('',#3750,0.5);
#1290=CIRCLE('',#3751,0.499999999999998);
#1291=CIRCLE('',#3752,0.499999999999998);
#1292=CIRCLE('',#3754,0.5);
#1293=CIRCLE('',#3755,0.500000000000007);
#1294=CIRCLE('',#3756,0.5);
#1295=CIRCLE('',#3759,0.499999999999998);
#1296=CIRCLE('',#3760,0.499999999999998);
#1297=CIRCLE('',#3761,0.5);
#1298=CIRCLE('',#3764,0.5);
#1299=CIRCLE('',#3765,0.500000000000007);
#1300=CIRCLE('',#3766,0.5);
#1301=CIRCLE('',#3769,0.499999999999998);
#1302=CIRCLE('',#3770,0.499999999999998);
#1303=CIRCLE('',#3771,0.5);
#1304=CIRCLE('',#3773,0.500000000000007);
#1305=CIRCLE('',#3774,0.499999999999998);
#1306=CIRCLE('',#3775,0.5);
#1307=CIRCLE('',#3777,0.499999999999998);
#1308=CIRCLE('',#3778,0.5);
#1309=CIRCLE('',#3779,0.499999999999989);
#1310=CIRCLE('',#3781,0.5);
#1311=CIRCLE('',#3782,0.499999999999998);
#1312=CIRCLE('',#3783,0.500000000000007);
#1313=CIRCLE('',#3787,0.500000000000007);
#1314=CIRCLE('',#3788,0.499999999999998);
#1315=CIRCLE('',#3791,0.500000000000007);
#1316=CIRCLE('',#3792,0.999999999999997);
#1317=CIRCLE('',#3793,0.5);
#1318=CIRCLE('',#3797,0.5);
#1319=CIRCLE('',#3805,0.499999999999989);
#1320=CIRCLE('',#3807,0.25);
#1321=CIRCLE('',#3809,0.25);
#1322=CIRCLE('',#3812,0.250000000000002);
#1323=CIRCLE('',#3815,0.249999999999999);
#1324=CIRCLE('',#3817,0.5);
#1325=CIRCLE('',#3818,0.5);
#1326=CIRCLE('',#3824,0.250000000000012);
#1327=CIRCLE('',#3825,0.25);
#1328=CIRCLE('',#3827,0.249999999999995);
#1329=CIRCLE('',#3829,0.249999999999995);
#1330=CIRCLE('',#3830,0.25);
#1331=CIRCLE('',#3833,0.250000000000004);
#1332=CIRCLE('',#3837,0.25);
#1333=CIRCLE('',#3838,0.249999999999999);
#1334=CIRCLE('',#3839,0.250000000000004);
#1335=CIRCLE('',#3841,0.250000000000004);
#1336=CIRCLE('',#3842,0.249999999999999);
#1337=CIRCLE('',#3843,0.25);
#1338=CIRCLE('',#3846,0.249999999999999);
#1339=CIRCLE('',#3847,0.25);
#1340=CIRCLE('',#3850,0.249999999999999);
#1341=CIRCLE('',#3851,0.249999999999999);
#1342=CIRCLE('',#3852,0.25);
#1343=CIRCLE('',#3855,0.250000000000002);
#1344=CIRCLE('',#3856,0.25);
#1345=CIRCLE('',#3858,0.250000000000002);
#1346=CIRCLE('',#3859,0.25);
#1347=CIRCLE('',#3863,0.250000000000004);
#1348=CIRCLE('',#3864,0.25);
#1349=CIRCLE('',#3865,0.250000000000004);
#1350=CIRCLE('',#3871,0.499999999999998);
#1351=CIRCLE('',#3872,0.249999999999993);
#1352=CIRCLE('',#3873,0.249999999999998);
#1353=CIRCLE('',#3874,0.25);
#1354=CIRCLE('',#3875,0.499999999999998);
#1355=CIRCLE('',#3877,0.5);
#1356=CIRCLE('',#3878,0.249999999999993);
#1357=CIRCLE('',#3879,0.25);
#1358=CIRCLE('',#3880,0.249999999999999);
#1359=CIRCLE('',#3881,0.5);
#1360=CIRCLE('',#3883,0.5);
#1361=CIRCLE('',#3884,0.5);
#1362=CIRCLE('',#3886,0.5);
#1363=CIRCLE('',#3887,0.5);
#1364=CIRCLE('',#3888,0.500000000000011);
#1365=CIRCLE('',#3889,0.500000000000025);
#1366=CIRCLE('',#3890,0.500000000000002);
#1367=CIRCLE('',#3893,0.249999999999996);
#1368=CIRCLE('',#3894,0.250000000000002);
#1369=CIRCLE('',#3895,0.25);
#1370=CIRCLE('',#3897,0.500000000000011);
#1371=CIRCLE('',#3898,0.250000000000002);
#1372=CIRCLE('',#3899,0.249999999999999);
#1373=CIRCLE('',#3900,0.25);
#1374=CIRCLE('',#3902,0.250000000000002);
#1375=CIRCLE('',#3903,0.249999999999999);
#1376=CIRCLE('',#3904,0.25);
#1377=CIRCLE('',#3906,0.249999999999999);
#1378=CIRCLE('',#3907,0.249999999999996);
#1379=CIRCLE('',#3908,0.25);
#1380=CIRCLE('',#3910,0.499999999999992);
#1381=CIRCLE('',#3911,0.249999999999999);
#1382=CIRCLE('',#3912,0.249999999999993);
#1383=CIRCLE('',#3913,0.25);
#1384=CIRCLE('',#3915,0.250000000000001);
#1385=CIRCLE('',#3916,0.249999999999999);
#1386=CIRCLE('',#3917,0.25);
#1387=CIRCLE('',#3921,0.249999999999999);
#1388=CIRCLE('',#3922,0.249999999999999);
#1389=CIRCLE('',#3923,0.25);
#1390=CIRCLE('',#3925,0.249999999999999);
#1391=CIRCLE('',#3926,0.249999999999999);
#1392=CIRCLE('',#3927,0.25);
#1393=CIRCLE('',#3929,0.499999999999994);
#1394=CIRCLE('',#3930,0.250000000000004);
#1395=CIRCLE('',#3931,0.249999999999999);
#1396=CIRCLE('',#3932,0.25);
#1397=CIRCLE('',#3934,0.250000000000001);
#1398=CIRCLE('',#3935,0.25);
#1399=CIRCLE('',#3936,0.250000000000004);
#1400=CIRCLE('',#3938,0.249999999999999);
#1401=CIRCLE('',#3939,0.250000000000001);
#1402=CIRCLE('',#3940,0.25);
#1403=CIRCLE('',#3967,0.249999999999986);
#1404=CIRCLE('',#3969,0.249999999999999);
#1405=CIRCLE('',#3970,0.25);
#1406=CIRCLE('',#3972,0.250000000000004);
#1407=CIRCLE('',#3974,0.250000000000002);
#1408=CIRCLE('',#3975,0.25);
#1409=CIRCLE('',#3978,0.249999999999989);
#1410=CIRCLE('',#3980,0.250000000000004);
#1411=CIRCLE('',#3981,0.25);
#1412=CIRCLE('',#3983,0.249999999999999);
#1413=CIRCLE('',#3985,0.249999999999999);
#1414=CIRCLE('',#3986,0.25);
#1415=CIRCLE('',#3989,0.25);
#1416=CIRCLE('',#3992,0.249999999999999);
#1417=CIRCLE('',#3995,0.249999999999999);
#1418=CIRCLE('',#3998,0.25);
#1419=CIRCLE('',#3999,0.249999999999998);
#1420=CIRCLE('',#4001,0.25);
#1421=CIRCLE('',#4003,0.249999999999999);
#1422=CIRCLE('',#4005,0.249999999999999);
#1423=CIRCLE('',#4006,0.250000000000001);
#1424=CIRCLE('',#4010,0.249999999999995);
#1425=CIRCLE('',#4012,0.250000000000001);
#1426=CIRCLE('',#4013,0.250000000000002);
#1427=CIRCLE('',#4017,0.249999999999996);
#1428=CIRCLE('',#4018,0.250000000000001);
#1429=CIRCLE('',#4022,0.250000000000001);
#1430=VERTEX_POINT('',#5238);
#1431=VERTEX_POINT('',#5239);
#1432=VERTEX_POINT('',#5241);
#1433=VERTEX_POINT('',#5245);
#1434=VERTEX_POINT('',#5246);
#1435=VERTEX_POINT('',#5248);
#1436=VERTEX_POINT('',#5252);
#1437=VERTEX_POINT('',#5253);
#1438=VERTEX_POINT('',#5255);
#1439=VERTEX_POINT('',#5257);
#1440=VERTEX_POINT('',#5261);
#1441=VERTEX_POINT('',#5262);
#1442=VERTEX_POINT('',#5264);
#1443=VERTEX_POINT('',#5268);
#1444=VERTEX_POINT('',#5269);
#1445=VERTEX_POINT('',#5271);
#1446=VERTEX_POINT('',#5275);
#1447=VERTEX_POINT('',#5276);
#1448=VERTEX_POINT('',#5278);
#1449=VERTEX_POINT('',#5280);
#1450=VERTEX_POINT('',#5324);
#1451=VERTEX_POINT('',#5325);
#1452=VERTEX_POINT('',#5327);
#1453=VERTEX_POINT('',#5335);
#1454=VERTEX_POINT('',#5348);
#1455=VERTEX_POINT('',#5349);
#1456=VERTEX_POINT('',#5376);
#1457=VERTEX_POINT('',#5377);
#1458=VERTEX_POINT('',#5379);
#1459=VERTEX_POINT('',#5383);
#1460=VERTEX_POINT('',#5384);
#1461=VERTEX_POINT('',#5386);
#1462=VERTEX_POINT('',#5424);
#1463=VERTEX_POINT('',#5425);
#1464=VERTEX_POINT('',#5427);
#1465=VERTEX_POINT('',#5435);
#1466=VERTEX_POINT('',#5448);
#1467=VERTEX_POINT('',#5449);
#1468=VERTEX_POINT('',#5451);
#1469=VERTEX_POINT('',#5453);
#1470=VERTEX_POINT('',#5457);
#1471=VERTEX_POINT('',#5458);
#1472=VERTEX_POINT('',#5485);
#1473=VERTEX_POINT('',#5486);
#1474=VERTEX_POINT('',#5488);
#1475=VERTEX_POINT('',#5490);
#1476=VERTEX_POINT('',#5494);
#1477=VERTEX_POINT('',#5495);
#1478=VERTEX_POINT('',#5531);
#1479=VERTEX_POINT('',#5532);
#1480=VERTEX_POINT('',#5580);
#1481=VERTEX_POINT('',#5582);
#1482=VERTEX_POINT('',#5586);
#1483=VERTEX_POINT('',#5588);
#1484=VERTEX_POINT('',#5590);
#1485=VERTEX_POINT('',#5598);
#1486=VERTEX_POINT('',#5600);
#1487=VERTEX_POINT('',#5602);
#1488=VERTEX_POINT('',#5604);
#1489=VERTEX_POINT('',#5615);
#1490=VERTEX_POINT('',#5616);
#1491=VERTEX_POINT('',#5618);
#1492=VERTEX_POINT('',#5620);
#1493=VERTEX_POINT('',#5658);
#1494=VERTEX_POINT('',#5660);
#1495=VERTEX_POINT('',#5670);
#1496=VERTEX_POINT('',#5671);
#1497=VERTEX_POINT('',#5673);
#1498=VERTEX_POINT('',#5680);
#1499=VERTEX_POINT('',#5681);
#1500=VERTEX_POINT('',#5683);
#1501=VERTEX_POINT('',#5685);
#1502=VERTEX_POINT('',#5689);
#1503=VERTEX_POINT('',#5690);
#1504=VERTEX_POINT('',#5692);
#1505=VERTEX_POINT('',#5699);
#1506=VERTEX_POINT('',#5700);
#1507=VERTEX_POINT('',#5702);
#1508=VERTEX_POINT('',#5704);
#1509=VERTEX_POINT('',#5708);
#1510=VERTEX_POINT('',#5709);
#1511=VERTEX_POINT('',#5711);
#1512=VERTEX_POINT('',#5755);
#1513=VERTEX_POINT('',#5756);
#1514=VERTEX_POINT('',#5758);
#1515=VERTEX_POINT('',#5766);
#1516=VERTEX_POINT('',#5776);
#1517=VERTEX_POINT('',#5777);
#1518=VERTEX_POINT('',#5779);
#1519=VERTEX_POINT('',#5786);
#1520=VERTEX_POINT('',#5787);
#1521=VERTEX_POINT('',#5789);
#1522=VERTEX_POINT('',#5791);
#1523=VERTEX_POINT('',#5795);
#1524=VERTEX_POINT('',#5796);
#1525=VERTEX_POINT('',#5823);
#1526=VERTEX_POINT('',#5824);
#1527=VERTEX_POINT('',#5826);
#1528=VERTEX_POINT('',#5836);
#1529=VERTEX_POINT('',#5837);
#1530=VERTEX_POINT('',#5839);
#1531=VERTEX_POINT('',#5858);
#1532=VERTEX_POINT('',#5859);
#1533=VERTEX_POINT('',#5886);
#1534=VERTEX_POINT('',#5918);
#1535=VERTEX_POINT('',#5944);
#1536=VERTEX_POINT('',#5948);
#1537=VERTEX_POINT('',#5950);
#1538=VERTEX_POINT('',#5962);
#1539=VERTEX_POINT('',#5963);
#1540=VERTEX_POINT('',#5965);
#1541=VERTEX_POINT('',#5969);
#1542=VERTEX_POINT('',#5970);
#1543=VERTEX_POINT('',#5972);
#1544=VERTEX_POINT('',#5979);
#1545=VERTEX_POINT('',#5986);
#1546=VERTEX_POINT('',#5992);
#1547=VERTEX_POINT('',#5994);
#1548=VERTEX_POINT('',#6003);
#1549=VERTEX_POINT('',#6004);
#1550=VERTEX_POINT('',#6013);
#1551=VERTEX_POINT('',#6015);
#1552=VERTEX_POINT('',#6019);
#1553=VERTEX_POINT('',#6021);
#1554=VERTEX_POINT('',#6023);
#1555=VERTEX_POINT('',#6025);
#1556=VERTEX_POINT('',#6027);
#1557=VERTEX_POINT('',#6029);
#1558=VERTEX_POINT('',#6031);
#1559=VERTEX_POINT('',#6033);
#1560=VERTEX_POINT('',#6035);
#1561=VERTEX_POINT('',#6037);
#1562=VERTEX_POINT('',#6039);
#1563=VERTEX_POINT('',#6043);
#1564=VERTEX_POINT('',#6045);
#1565=VERTEX_POINT('',#6049);
#1566=VERTEX_POINT('',#6051);
#1567=VERTEX_POINT('',#6057);
#1568=VERTEX_POINT('',#6058);
#1569=VERTEX_POINT('',#6060);
#1570=VERTEX_POINT('',#6067);
#1571=VERTEX_POINT('',#6068);
#1572=VERTEX_POINT('',#6070);
#1573=VERTEX_POINT('',#6077);
#1574=VERTEX_POINT('',#6078);
#1575=VERTEX_POINT('',#6080);
#1576=VERTEX_POINT('',#6084);
#1577=VERTEX_POINT('',#6085);
#1578=VERTEX_POINT('',#6087);
#1579=VERTEX_POINT('',#6091);
#1580=VERTEX_POINT('',#6092);
#1581=VERTEX_POINT('',#6097);
#1582=VERTEX_POINT('',#6099);
#1583=VERTEX_POINT('',#6108);
#1584=VERTEX_POINT('',#6114);
#1585=VERTEX_POINT('',#6116);
#1586=VERTEX_POINT('',#6125);
#1587=VERTEX_POINT('',#6146);
#1588=VERTEX_POINT('',#6150);
#1589=VERTEX_POINT('',#6151);
#1590=VERTEX_POINT('',#6170);
#1591=VERTEX_POINT('',#6183);
#1592=VERTEX_POINT('',#6192);
#1593=VERTEX_POINT('',#6196);
#1594=VERTEX_POINT('',#6198);
#1595=VERTEX_POINT('',#6200);
#1596=VERTEX_POINT('',#6206);
#1597=VERTEX_POINT('',#6208);
#1598=VERTEX_POINT('',#6214);
#1599=VERTEX_POINT('',#6218);
#1600=VERTEX_POINT('',#6222);
#1601=VERTEX_POINT('',#6224);
#1602=VERTEX_POINT('',#6226);
#1603=VERTEX_POINT('',#6234);
#1604=VERTEX_POINT('',#6238);
#1605=VERTEX_POINT('',#6242);
#1606=VERTEX_POINT('',#6248);
#1607=VERTEX_POINT('',#6250);
#1608=VERTEX_POINT('',#6273);
#1609=VERTEX_POINT('',#6275);
#1610=VERTEX_POINT('',#6288);
#1611=VERTEX_POINT('',#6290);
#1612=VERTEX_POINT('',#6294);
#1613=VERTEX_POINT('',#6295);
#1614=VERTEX_POINT('',#6297);
#1615=VERTEX_POINT('',#6304);
#1616=VERTEX_POINT('',#6310);
#1617=VERTEX_POINT('',#6311);
#1618=VERTEX_POINT('',#6318);
#1619=VERTEX_POINT('',#6346);
#1620=VERTEX_POINT('',#6354);
#1621=VERTEX_POINT('',#6382);
#1622=VERTEX_POINT('',#6395);
#1623=VERTEX_POINT('',#6396);
#1624=VERTEX_POINT('',#6398);
#1625=VERTEX_POINT('',#6400);
#1626=VERTEX_POINT('',#6428);
#1627=VERTEX_POINT('',#6429);
#1628=VERTEX_POINT('',#6469);
#1629=VERTEX_POINT('',#6471);
#1630=VERTEX_POINT('',#6473);
#1631=VERTEX_POINT('',#6475);
#1632=VERTEX_POINT('',#6479);
#1633=VERTEX_POINT('',#6481);
#1634=VERTEX_POINT('',#6483);
#1635=VERTEX_POINT('',#6485);
#1636=VERTEX_POINT('',#6489);
#1637=VERTEX_POINT('',#6491);
#1638=VERTEX_POINT('',#6493);
#1639=VERTEX_POINT('',#6495);
#1640=VERTEX_POINT('',#6499);
#1641=VERTEX_POINT('',#6501);
#1642=VERTEX_POINT('',#6503);
#1643=VERTEX_POINT('',#6505);
#1644=VERTEX_POINT('',#6508);
#1645=VERTEX_POINT('',#6510);
#1646=VERTEX_POINT('',#6512);
#1647=VERTEX_POINT('',#6514);
#1648=VERTEX_POINT('',#6516);
#1649=VERTEX_POINT('',#6521);
#1650=VERTEX_POINT('',#6522);
#1651=VERTEX_POINT('',#6524);
#1652=VERTEX_POINT('',#6528);
#1653=VERTEX_POINT('',#6530);
#1654=VERTEX_POINT('',#6532);
#1655=VERTEX_POINT('',#6536);
#1656=VERTEX_POINT('',#6537);
#1657=VERTEX_POINT('',#6539);
#1658=VERTEX_POINT('',#6543);
#1659=VERTEX_POINT('',#6544);
#1660=VERTEX_POINT('',#6546);
#1661=VERTEX_POINT('',#6550);
#1662=VERTEX_POINT('',#6551);
#1663=VERTEX_POINT('',#6553);
#1664=VERTEX_POINT('',#6555);
#1665=VERTEX_POINT('',#6559);
#1666=VERTEX_POINT('',#6561);
#1667=VERTEX_POINT('',#6570);
#1668=VERTEX_POINT('',#6571);
#1669=VERTEX_POINT('',#6573);
#1670=VERTEX_POINT('',#6577);
#1671=VERTEX_POINT('',#6578);
#1672=VERTEX_POINT('',#6580);
#1673=VERTEX_POINT('',#6584);
#1674=VERTEX_POINT('',#6585);
#1675=VERTEX_POINT('',#6587);
#1676=VERTEX_POINT('',#6589);
#1677=VERTEX_POINT('',#6593);
#1678=VERTEX_POINT('',#6594);
#1679=VERTEX_POINT('',#6599);
#1680=VERTEX_POINT('',#6600);
#1681=VERTEX_POINT('',#6602);
#1682=VERTEX_POINT('',#6660);
#1683=VERTEX_POINT('',#6662);
#1684=VERTEX_POINT('',#6666);
#1685=VERTEX_POINT('',#6670);
#1686=VERTEX_POINT('',#6674);
#1687=VERTEX_POINT('',#6680);
#1688=VERTEX_POINT('',#6684);
#1689=VERTEX_POINT('',#6688);
#1690=VERTEX_POINT('',#6692);
#1691=VERTEX_POINT('',#6698);
#1692=VERTEX_POINT('',#6700);
#1693=VERTEX_POINT('',#6704);
#1694=VERTEX_POINT('',#6708);
#1695=VERTEX_POINT('',#6712);
#1696=VERTEX_POINT('',#6716);
#1697=VERTEX_POINT('',#6720);
#1698=VERTEX_POINT('',#6724);
#1699=VERTEX_POINT('',#6728);
#1700=VERTEX_POINT('',#6732);
#1701=VERTEX_POINT('',#6734);
#1702=VERTEX_POINT('',#6738);
#1703=VERTEX_POINT('',#6746);
#1704=VERTEX_POINT('',#6748);
#1705=VERTEX_POINT('',#6752);
#1706=VERTEX_POINT('',#6760);
#1707=VERTEX_POINT('',#6764);
#1708=EDGE_CURVE('',#1430,#1431,#1185,.F.);
#1709=EDGE_CURVE('',#1432,#1430,#1186,.F.);
#1710=EDGE_CURVE('',#1431,#1432,#1187,.F.);
#1711=EDGE_CURVE('',#1433,#1434,#1188,.F.);
#1712=EDGE_CURVE('',#1435,#1433,#1189,.F.);
#1713=EDGE_CURVE('',#1434,#1435,#1190,.F.);
#1714=EDGE_CURVE('',#1436,#1437,#1191,.T.);
#1715=EDGE_CURVE('',#1438,#1437,#1192,.T.);
#1716=EDGE_CURVE('',#1439,#1438,#1193,.F.);
#1717=EDGE_CURVE('',#1436,#1439,#1194,.T.);
#1718=EDGE_CURVE('',#1440,#1441,#1195,.F.);
#1719=EDGE_CURVE('',#1442,#1440,#1196,.F.);
#1720=EDGE_CURVE('',#1441,#1442,#1197,.F.);
#1721=EDGE_CURVE('',#1443,#1444,#1198,.F.);
#1722=EDGE_CURVE('',#1445,#1443,#1199,.F.);
#1723=EDGE_CURVE('',#1444,#1445,#1200,.F.);
#1724=EDGE_CURVE('',#1446,#1447,#1201,.T.);
#1725=EDGE_CURVE('',#1448,#1447,#1202,.T.);
#1726=EDGE_CURVE('',#1449,#1448,#1203,.F.);
#1727=EDGE_CURVE('',#1446,#1449,#1204,.T.);
#1728=EDGE_CURVE('',#1447,#1436,#121,.T.);
#1729=EDGE_CURVE('',#1439,#1448,#122,.T.);
#1730=EDGE_CURVE('',#1433,#1449,#123,.T.);
#1731=EDGE_CURVE('',#1448,#1435,#124,.T.);
#1732=EDGE_CURVE('',#1450,#1451,#1205,.T.);
#1733=EDGE_CURVE('',#1452,#1450,#84,.F.);
#1734=EDGE_CURVE('',#1453,#1452,#1206,.T.);
#1735=EDGE_CURVE('',#1453,#1451,#85,.T.);
#1736=EDGE_CURVE('',#1440,#1452,#125,.T.);
#1737=EDGE_CURVE('',#1450,#1442,#126,.T.);
#1738=EDGE_CURVE('',#1454,#1455,#1207,.T.);
#1739=EDGE_CURVE('',#1455,#1438,#127,.T.);
#1740=EDGE_CURVE('',#1437,#1454,#128,.T.);
#1741=EDGE_CURVE('',#1452,#1455,#61,.T.);
#1742=EDGE_CURVE('',#1454,#1453,#62,.T.);
#1743=EDGE_CURVE('',#1456,#1457,#1208,.F.);
#1744=EDGE_CURVE('',#1458,#1456,#1209,.F.);
#1745=EDGE_CURVE('',#1457,#1458,#1210,.F.);
#1746=EDGE_CURVE('',#1459,#1460,#1211,.F.);
#1747=EDGE_CURVE('',#1461,#1459,#1212,.F.);
#1748=EDGE_CURVE('',#1460,#1461,#1213,.F.);
#1749=EDGE_CURVE('',#1462,#1463,#1214,.T.);
#1750=EDGE_CURVE('',#1464,#1462,#86,.F.);
#1751=EDGE_CURVE('',#1465,#1464,#1215,.T.);
#1752=EDGE_CURVE('',#1465,#1463,#87,.T.);
#1753=EDGE_CURVE('',#1443,#1464,#129,.T.);
#1754=EDGE_CURVE('',#1462,#1445,#130,.T.);
#1755=EDGE_CURVE('',#1466,#1467,#1216,.F.);
#1756=EDGE_CURVE('',#1468,#1466,#1217,.T.);
#1757=EDGE_CURVE('',#1468,#1469,#1218,.T.);
#1758=EDGE_CURVE('',#1467,#1469,#1219,.T.);
#1759=EDGE_CURVE('',#1470,#1471,#1220,.T.);
#1760=EDGE_CURVE('',#1471,#1468,#131,.T.);
#1761=EDGE_CURVE('',#1466,#1470,#132,.T.);
#1762=EDGE_CURVE('',#1470,#1450,#63,.T.);
#1763=EDGE_CURVE('',#1451,#1471,#64,.T.);
#1764=EDGE_CURVE('',#1472,#1473,#1221,.T.);
#1765=EDGE_CURVE('',#1474,#1473,#1222,.T.);
#1766=EDGE_CURVE('',#1475,#1474,#1223,.F.);
#1767=EDGE_CURVE('',#1472,#1475,#1224,.T.);
#1768=EDGE_CURVE('',#1476,#1477,#1225,.T.);
#1769=EDGE_CURVE('',#1477,#1474,#133,.T.);
#1770=EDGE_CURVE('',#1473,#1476,#134,.T.);
#1771=EDGE_CURVE('',#1464,#1477,#65,.T.);
#1772=EDGE_CURVE('',#1476,#1465,#66,.T.);
#1773=EDGE_CURVE('',#1459,#1475,#135,.T.);
#1774=EDGE_CURVE('',#1474,#1461,#136,.T.);
#1775=EDGE_CURVE('',#1469,#1472,#137,.T.);
#1776=EDGE_CURVE('',#1475,#1467,#138,.T.);
#1777=EDGE_CURVE('',#1456,#1466,#139,.T.);
#1778=EDGE_CURVE('',#1467,#1458,#140,.T.);
#1779=EDGE_CURVE('',#1478,#1479,#1226,.T.);
#1780=EDGE_CURVE('',#1479,#1446,#141,.T.);
#1781=EDGE_CURVE('',#1449,#1478,#142,.T.);
#1782=EDGE_CURVE('',#1478,#1462,#67,.T.);
#1783=EDGE_CURVE('',#1463,#1479,#68,.T.);
#1784=EDGE_CURVE('',#1444,#1460,#143,.T.);
#1785=EDGE_CURVE('',#1461,#1443,#144,.T.);
#1786=EDGE_CURVE('',#1460,#1457,#145,.T.);
#1787=EDGE_CURVE('',#1458,#1459,#146,.T.);
#1788=EDGE_CURVE('',#1457,#1441,#147,.T.);
#1789=EDGE_CURVE('',#1442,#1456,#148,.T.);
#1790=EDGE_CURVE('',#1434,#1444,#149,.T.);
#1791=EDGE_CURVE('',#1445,#1433,#150,.T.);
#1792=EDGE_CURVE('',#1441,#1431,#151,.T.);
#1793=EDGE_CURVE('',#1432,#1440,#152,.T.);
#1794=EDGE_CURVE('',#1430,#1439,#153,.T.);
#1795=EDGE_CURVE('',#1438,#1432,#154,.T.);
#1796=EDGE_CURVE('',#1431,#1434,#155,.T.);
#1797=EDGE_CURVE('',#1435,#1430,#156,.T.);
#1798=EDGE_CURVE('',#1480,#1479,#157,.T.);
#1799=EDGE_CURVE('',#1481,#1480,#158,.T.);
#1800=EDGE_CURVE('',#1454,#1481,#159,.T.);
#1801=EDGE_CURVE('',#1476,#1482,#160,.T.);
#1802=EDGE_CURVE('',#1483,#1482,#69,.T.);
#1803=EDGE_CURVE('',#1484,#1483,#88,.T.);
#1804=EDGE_CURVE('',#1485,#1484,#70,.T.);
#1805=EDGE_CURVE('',#1485,#1486,#161,.T.);
#1806=EDGE_CURVE('',#1487,#1486,#1227,.T.);
#1807=EDGE_CURVE('',#1487,#1488,#162,.T.);
#1808=EDGE_CURVE('',#1488,#1480,#1228,.F.);
#1809=EDGE_CURVE('',#1489,#1490,#1229,.T.);
#1810=EDGE_CURVE('',#1491,#1490,#1230,.T.);
#1811=EDGE_CURVE('',#1492,#1491,#1231,.F.);
#1812=EDGE_CURVE('',#1489,#1492,#1232,.T.);
#1813=EDGE_CURVE('',#1493,#1483,#1233,.T.);
#1814=EDGE_CURVE('',#1494,#1493,#89,.F.);
#1815=EDGE_CURVE('',#1484,#1494,#1234,.T.);
#1816=EDGE_CURVE('',#1495,#1496,#1235,.F.);
#1817=EDGE_CURVE('',#1497,#1495,#1236,.F.);
#1818=EDGE_CURVE('',#1496,#1497,#1237,.F.);
#1819=EDGE_CURVE('',#1495,#1492,#163,.T.);
#1820=EDGE_CURVE('',#1491,#1497,#164,.T.);
#1821=EDGE_CURVE('',#1498,#1499,#1238,.F.);
#1822=EDGE_CURVE('',#1500,#1498,#1239,.T.);
#1823=EDGE_CURVE('',#1500,#1501,#1240,.T.);
#1824=EDGE_CURVE('',#1499,#1501,#1241,.T.);
#1825=EDGE_CURVE('',#1502,#1503,#1242,.F.);
#1826=EDGE_CURVE('',#1504,#1502,#1243,.F.);
#1827=EDGE_CURVE('',#1503,#1504,#1244,.F.);
#1828=EDGE_CURVE('',#1502,#1494,#165,.T.);
#1829=EDGE_CURVE('',#1493,#1504,#166,.T.);
#1830=EDGE_CURVE('',#1505,#1506,#1245,.T.);
#1831=EDGE_CURVE('',#1507,#1506,#1246,.T.);
#1832=EDGE_CURVE('',#1508,#1507,#1247,.F.);
#1833=EDGE_CURVE('',#1505,#1508,#1248,.T.);
#1834=EDGE_CURVE('',#1509,#1510,#1249,.F.);
#1835=EDGE_CURVE('',#1511,#1509,#1250,.F.);
#1836=EDGE_CURVE('',#1510,#1511,#1251,.F.);
#1837=EDGE_CURVE('',#1509,#1498,#167,.T.);
#1838=EDGE_CURVE('',#1499,#1511,#168,.T.);
#1839=EDGE_CURVE('',#1496,#1510,#169,.T.);
#1840=EDGE_CURVE('',#1511,#1495,#170,.T.);
#1841=EDGE_CURVE('',#1512,#1513,#1252,.T.);
#1842=EDGE_CURVE('',#1514,#1512,#90,.F.);
#1843=EDGE_CURVE('',#1515,#1514,#1253,.T.);
#1844=EDGE_CURVE('',#1515,#1513,#91,.T.);
#1845=EDGE_CURVE('',#1516,#1517,#1254,.F.);
#1846=EDGE_CURVE('',#1518,#1516,#1255,.F.);
#1847=EDGE_CURVE('',#1517,#1518,#1256,.F.);
#1848=EDGE_CURVE('',#1516,#1508,#171,.T.);
#1849=EDGE_CURVE('',#1507,#1518,#172,.T.);
#1850=EDGE_CURVE('',#1519,#1520,#1257,.T.);
#1851=EDGE_CURVE('',#1521,#1520,#1258,.T.);
#1852=EDGE_CURVE('',#1522,#1521,#1259,.F.);
#1853=EDGE_CURVE('',#1519,#1522,#1260,.T.);
#1854=EDGE_CURVE('',#1523,#1524,#1261,.T.);
#1855=EDGE_CURVE('',#1524,#1521,#173,.T.);
#1856=EDGE_CURVE('',#1520,#1523,#174,.T.);
#1857=EDGE_CURVE('',#1514,#1524,#71,.T.);
#1858=EDGE_CURVE('',#1523,#1515,#72,.T.);
#1859=EDGE_CURVE('',#1525,#1526,#1262,.F.);
#1860=EDGE_CURVE('',#1527,#1525,#1263,.F.);
#1861=EDGE_CURVE('',#1526,#1527,#1264,.F.);
#1862=EDGE_CURVE('',#1525,#1514,#175,.T.);
#1863=EDGE_CURVE('',#1512,#1527,#176,.T.);
#1864=EDGE_CURVE('',#1510,#1526,#177,.T.);
#1865=EDGE_CURVE('',#1527,#1509,#178,.T.);
#1866=EDGE_CURVE('',#1528,#1529,#1265,.F.);
#1867=EDGE_CURVE('',#1530,#1528,#1266,.F.);
#1868=EDGE_CURVE('',#1529,#1530,#1267,.F.);
#1869=EDGE_CURVE('',#1528,#1522,#179,.T.);
#1870=EDGE_CURVE('',#1521,#1530,#180,.T.);
#1871=EDGE_CURVE('',#1526,#1529,#181,.T.);
#1872=EDGE_CURVE('',#1530,#1525,#182,.T.);
#1873=EDGE_CURVE('',#1529,#1517,#183,.T.);
#1874=EDGE_CURVE('',#1518,#1528,#184,.T.);
#1875=EDGE_CURVE('',#1506,#1519,#185,.T.);
#1876=EDGE_CURVE('',#1522,#1507,#186,.T.);
#1877=EDGE_CURVE('',#1517,#1503,#187,.T.);
#1878=EDGE_CURVE('',#1504,#1516,#188,.T.);
#1879=EDGE_CURVE('',#1531,#1532,#1268,.T.);
#1880=EDGE_CURVE('',#1532,#1500,#189,.T.);
#1881=EDGE_CURVE('',#1498,#1531,#190,.T.);
#1882=EDGE_CURVE('',#1531,#1512,#73,.T.);
#1883=EDGE_CURVE('',#1513,#1532,#74,.T.);
#1884=EDGE_CURVE('',#1533,#1482,#1269,.T.);
#1885=EDGE_CURVE('',#1482,#1505,#191,.T.);
#1886=EDGE_CURVE('',#1508,#1533,#192,.T.);
#1887=EDGE_CURVE('',#1533,#1493,#75,.T.);
#1888=EDGE_CURVE('',#1503,#1496,#193,.T.);
#1889=EDGE_CURVE('',#1497,#1502,#194,.T.);
#1890=EDGE_CURVE('',#1501,#1489,#195,.T.);
#1891=EDGE_CURVE('',#1492,#1499,#196,.T.);
#1892=EDGE_CURVE('',#1485,#1534,#1270,.T.);
#1893=EDGE_CURVE('',#1534,#1491,#197,.T.);
#1894=EDGE_CURVE('',#1490,#1485,#198,.T.);
#1895=EDGE_CURVE('',#1494,#1534,#76,.T.);
#1896=EDGE_CURVE('',#1535,#1532,#199,.T.);
#1897=EDGE_CURVE('',#1486,#1535,#200,.T.);
#1898=EDGE_CURVE('',#1536,#1481,#1271,.T.);
#1899=EDGE_CURVE('',#1536,#1537,#201,.T.);
#1900=EDGE_CURVE('',#1537,#1535,#1272,.F.);
#1901=EDGE_CURVE('',#1523,#1471,#202,.T.);
#1902=EDGE_CURVE('',#1538,#1539,#1273,.F.);
#1903=EDGE_CURVE('',#1540,#1538,#1274,.F.);
#1904=EDGE_CURVE('',#1539,#1540,#1275,.F.);
#1905=EDGE_CURVE('',#1541,#1542,#1276,.T.);
#1906=EDGE_CURVE('',#1542,#1543,#1277,.T.);
#1907=EDGE_CURVE('',#1543,#1541,#1278,.T.);
#1908=EDGE_CURVE('',#1541,#1540,#203,.T.);
#1909=EDGE_CURVE('',#1538,#1542,#204,.T.);
#1910=EDGE_CURVE('',#1544,#1488,#1279,.F.);
#1911=EDGE_CURVE('',#1480,#1544,#1280,.F.);
#1912=EDGE_CURVE('',#1488,#1539,#205,.T.);
#1913=EDGE_CURVE('',#1540,#1544,#206,.T.);
#1914=EDGE_CURVE('',#1545,#1481,#1281,.T.);
#1915=EDGE_CURVE('',#1544,#1545,#207,.T.);
#1916=EDGE_CURVE('',#1545,#1536,#1282,.T.);
#1917=EDGE_CURVE('',#1486,#1546,#1283,.T.);
#1918=EDGE_CURVE('',#1546,#1547,#92,.F.);
#1919=EDGE_CURVE('',#1547,#1487,#1284,.T.);
#1920=EDGE_CURVE('',#1548,#1549,#77,.F.);
#1921=EDGE_CURVE('',#1549,#1538,#208,.T.);
#1922=EDGE_CURVE('',#1539,#1548,#209,.T.);
#1923=EDGE_CURVE('',#1545,#1541,#210,.T.);
#1924=EDGE_CURVE('',#1543,#1536,#211,.T.);
#1925=EDGE_CURVE('',#1542,#1550,#212,.T.);
#1926=EDGE_CURVE('',#1550,#1551,#1285,.T.);
#1927=EDGE_CURVE('',#1551,#1543,#213,.T.);
#1928=EDGE_CURVE('',#1552,#1549,#214,.T.);
#1929=EDGE_CURVE('',#1553,#1552,#215,.T.);
#1930=EDGE_CURVE('',#1554,#1553,#216,.T.);
#1931=EDGE_CURVE('',#1555,#1554,#1286,.T.);
#1932=EDGE_CURVE('',#1556,#1555,#217,.T.);
#1933=EDGE_CURVE('',#1557,#1556,#218,.T.);
#1934=EDGE_CURVE('',#1558,#1557,#219,.T.);
#1935=EDGE_CURVE('',#1559,#1558,#1287,.T.);
#1936=EDGE_CURVE('',#1560,#1559,#220,.T.);
#1937=EDGE_CURVE('',#1561,#1560,#221,.T.);
#1938=EDGE_CURVE('',#1562,#1561,#222,.T.);
#1939=EDGE_CURVE('',#1550,#1562,#1288,.T.);
#1940=EDGE_CURVE('',#1553,#1563,#1289,.F.);
#1941=EDGE_CURVE('',#1564,#1553,#1290,.F.);
#1942=EDGE_CURVE('',#1563,#1564,#1291,.F.);
#1943=EDGE_CURVE('',#1552,#1565,#1292,.F.);
#1944=EDGE_CURVE('',#1566,#1552,#1293,.F.);
#1945=EDGE_CURVE('',#1565,#1566,#1294,.F.);
#1946=EDGE_CURVE('',#1548,#1566,#223,.T.);
#1947=EDGE_CURVE('',#1567,#1568,#1295,.F.);
#1948=EDGE_CURVE('',#1569,#1567,#1296,.F.);
#1949=EDGE_CURVE('',#1568,#1569,#1297,.F.);
#1950=EDGE_CURVE('',#1567,#1563,#224,.T.);
#1951=EDGE_CURVE('',#1564,#1569,#225,.T.);
#1952=EDGE_CURVE('',#1570,#1571,#1298,.F.);
#1953=EDGE_CURVE('',#1572,#1570,#1299,.F.);
#1954=EDGE_CURVE('',#1571,#1572,#1300,.F.);
#1955=EDGE_CURVE('',#1570,#1565,#226,.T.);
#1956=EDGE_CURVE('',#1566,#1572,#227,.T.);
#1957=EDGE_CURVE('',#1573,#1574,#1301,.F.);
#1958=EDGE_CURVE('',#1575,#1573,#1302,.F.);
#1959=EDGE_CURVE('',#1574,#1575,#1303,.F.);
#1960=EDGE_CURVE('',#1576,#1577,#1304,.F.);
#1961=EDGE_CURVE('',#1578,#1576,#1305,.F.);
#1962=EDGE_CURVE('',#1577,#1578,#1306,.F.);
#1963=EDGE_CURVE('',#1579,#1580,#1307,.F.);
#1964=EDGE_CURVE('',#1560,#1579,#1308,.F.);
#1965=EDGE_CURVE('',#1580,#1560,#1309,.F.);
#1966=EDGE_CURVE('',#1561,#1581,#1310,.F.);
#1967=EDGE_CURVE('',#1582,#1561,#1311,.F.);
#1968=EDGE_CURVE('',#1581,#1582,#1312,.F.);
#1969=EDGE_CURVE('',#1579,#1582,#228,.T.);
#1970=EDGE_CURVE('',#1576,#1581,#229,.T.);
#1971=EDGE_CURVE('',#1582,#1578,#230,.T.);
#1972=EDGE_CURVE('',#1583,#1562,#1313,.T.);
#1973=EDGE_CURVE('',#1551,#1583,#1314,.F.);
#1974=EDGE_CURVE('',#1581,#1583,#231,.T.);
#1975=EDGE_CURVE('',#1584,#1537,#1315,.T.);
#1976=EDGE_CURVE('',#1584,#1585,#1316,.T.);
#1977=EDGE_CURVE('',#1535,#1585,#1317,.T.);
#1978=EDGE_CURVE('',#1583,#1584,#232,.T.);
#1979=EDGE_CURVE('',#1537,#1551,#233,.T.);
#1980=EDGE_CURVE('',#1585,#1546,#234,.T.);
#1981=EDGE_CURVE('',#1559,#1586,#1318,.T.);
#1982=EDGE_CURVE('',#1586,#1580,#235,.T.);
#1983=EDGE_CURVE('',#1573,#1579,#236,.T.);
#1984=EDGE_CURVE('',#1580,#1575,#237,.T.);
#1985=EDGE_CURVE('',#1574,#1577,#238,.T.);
#1986=EDGE_CURVE('',#1578,#1573,#239,.T.);
#1987=EDGE_CURVE('',#1577,#1571,#240,.T.);
#1988=EDGE_CURVE('',#1572,#1576,#241,.T.);
#1989=EDGE_CURVE('',#1568,#1574,#242,.T.);
#1990=EDGE_CURVE('',#1575,#1567,#243,.T.);
#1991=EDGE_CURVE('',#1571,#1568,#244,.T.);
#1992=EDGE_CURVE('',#1569,#1570,#245,.T.);
#1993=EDGE_CURVE('',#1565,#1564,#246,.T.);
#1994=EDGE_CURVE('',#1587,#1554,#1319,.T.);
#1995=EDGE_CURVE('',#1563,#1587,#247,.T.);
#1996=EDGE_CURVE('',#1588,#1589,#93,.T.);
#1997=EDGE_CURVE('',#1589,#1586,#1320,.T.);
#1998=EDGE_CURVE('',#1558,#1588,#94,.T.);
#1999=EDGE_CURVE('',#1590,#1555,#95,.T.);
#2000=EDGE_CURVE('',#1587,#1591,#1321,.T.);
#2001=EDGE_CURVE('',#1591,#1590,#96,.T.);
#2002=EDGE_CURVE('',#1548,#1547,#248,.T.);
#2003=EDGE_CURVE('',#1590,#1592,#249,.T.);
#2004=EDGE_CURVE('',#1592,#1556,#1322,.F.);
#2005=EDGE_CURVE('',#1593,#1591,#250,.T.);
#2006=EDGE_CURVE('',#1594,#1593,#251,.T.);
#2007=EDGE_CURVE('',#1595,#1594,#97,.T.);
#2008=EDGE_CURVE('',#1596,#1595,#252,.T.);
#2009=EDGE_CURVE('',#1597,#1596,#98,.T.);
#2010=EDGE_CURVE('',#1598,#1597,#253,.T.);
#2011=EDGE_CURVE('',#1592,#1598,#254,.T.);
#2012=EDGE_CURVE('',#1587,#1599,#255,.T.);
#2013=EDGE_CURVE('',#1599,#1593,#1323,.T.);
#2014=EDGE_CURVE('',#1600,#1586,#256,.T.);
#2015=EDGE_CURVE('',#1601,#1600,#1324,.T.);
#2016=EDGE_CURVE('',#1602,#1601,#257,.T.);
#2017=EDGE_CURVE('',#1599,#1602,#1325,.T.);
#2018=EDGE_CURVE('',#1602,#1603,#1326,.T.);
#2019=EDGE_CURVE('',#1603,#1593,#1327,.T.);
#2020=EDGE_CURVE('',#1601,#1604,#1328,.T.);
#2021=EDGE_CURVE('',#1604,#1603,#258,.T.);
#2022=EDGE_CURVE('',#1600,#1605,#1329,.T.);
#2023=EDGE_CURVE('',#1605,#1604,#1330,.T.);
#2024=EDGE_CURVE('',#1589,#1605,#259,.T.);
#2025=EDGE_CURVE('',#1605,#1606,#260,.T.);
#2026=EDGE_CURVE('',#1606,#1607,#1331,.T.);
#2027=EDGE_CURVE('',#1607,#1604,#261,.T.);
#2028=EDGE_CURVE('',#1608,#1607,#78,.T.);
#2029=EDGE_CURVE('',#1606,#1609,#79,.T.);
#2030=EDGE_CURVE('',#1609,#1608,#99,.T.);
#2031=EDGE_CURVE('',#1557,#1610,#1332,.F.);
#2032=EDGE_CURVE('',#1611,#1557,#1333,.F.);
#2033=EDGE_CURVE('',#1610,#1611,#1334,.F.);
#2034=EDGE_CURVE('',#1612,#1613,#1335,.F.);
#2035=EDGE_CURVE('',#1614,#1612,#1336,.F.);
#2036=EDGE_CURVE('',#1613,#1614,#1337,.F.);
#2037=EDGE_CURVE('',#1612,#1610,#262,.T.);
#2038=EDGE_CURVE('',#1611,#1614,#263,.T.);
#2039=EDGE_CURVE('',#1615,#1592,#1338,.F.);
#2040=EDGE_CURVE('',#1556,#1615,#1339,.F.);
#2041=EDGE_CURVE('',#1615,#1611,#264,.T.);
#2042=EDGE_CURVE('',#1616,#1617,#1340,.F.);
#2043=EDGE_CURVE('',#1598,#1616,#1341,.F.);
#2044=EDGE_CURVE('',#1617,#1598,#1342,.F.);
#2045=EDGE_CURVE('',#1616,#1615,#265,.T.);
#2046=EDGE_CURVE('',#1597,#1618,#1343,.T.);
#2047=EDGE_CURVE('',#1618,#1617,#266,.T.);
#2048=EDGE_CURVE('',#1596,#1619,#1344,.T.);
#2049=EDGE_CURVE('',#1619,#1618,#100,.T.);
#2050=EDGE_CURVE('',#1595,#1620,#1345,.T.);
#2051=EDGE_CURVE('',#1620,#1619,#267,.T.);
#2052=EDGE_CURVE('',#1594,#1621,#1346,.T.);
#2053=EDGE_CURVE('',#1621,#1620,#101,.T.);
#2054=EDGE_CURVE('',#1603,#1621,#268,.T.);
#2055=EDGE_CURVE('',#1617,#1613,#269,.T.);
#2056=EDGE_CURVE('',#1614,#1616,#270,.T.);
#2057=EDGE_CURVE('',#1622,#1623,#1347,.T.);
#2058=EDGE_CURVE('',#1623,#1624,#271,.T.);
#2059=EDGE_CURVE('',#1624,#1625,#1348,.T.);
#2060=EDGE_CURVE('',#1625,#1622,#272,.T.);
#2061=EDGE_CURVE('',#1626,#1627,#1349,.T.);
#2062=EDGE_CURVE('',#1627,#1623,#102,.T.);
#2063=EDGE_CURVE('',#1622,#1626,#103,.T.);
#2064=EDGE_CURVE('',#1626,#1612,#273,.T.);
#2065=EDGE_CURVE('',#1613,#1627,#274,.T.);
#2066=EDGE_CURVE('',#1609,#1625,#80,.T.);
#2067=EDGE_CURVE('',#1624,#1608,#81,.T.);
#2068=EDGE_CURVE('',#1610,#1588,#275,.T.);
#2069=EDGE_CURVE('',#1619,#1628,#1350,.T.);
#2070=EDGE_CURVE('',#1629,#1628,#1351,.T.);
#2071=EDGE_CURVE('',#1630,#1629,#1352,.F.);
#2072=EDGE_CURVE('',#1631,#1630,#1353,.T.);
#2073=EDGE_CURVE('',#1631,#1618,#1354,.T.);
#2074=EDGE_CURVE('',#1621,#1632,#1355,.T.);
#2075=EDGE_CURVE('',#1633,#1632,#1356,.T.);
#2076=EDGE_CURVE('',#1633,#1634,#1357,.T.);
#2077=EDGE_CURVE('',#1634,#1635,#1358,.T.);
#2078=EDGE_CURVE('',#1635,#1620,#1359,.T.);
#2079=EDGE_CURVE('',#1636,#1607,#276,.T.);
#2080=EDGE_CURVE('',#1637,#1636,#1360,.T.);
#2081=EDGE_CURVE('',#1638,#1637,#277,.T.);
#2082=EDGE_CURVE('',#1639,#1638,#1361,.T.);
#2083=EDGE_CURVE('',#1632,#1639,#278,.T.);
#2084=EDGE_CURVE('',#1640,#1635,#279,.T.);
#2085=EDGE_CURVE('',#1641,#1640,#1362,.T.);
#2086=EDGE_CURVE('',#1642,#1641,#280,.T.);
#2087=EDGE_CURVE('',#1643,#1642,#1363,.T.);
#2088=EDGE_CURVE('',#1624,#1643,#281,.T.);
#2089=EDGE_CURVE('',#1644,#1623,#1364,.T.);
#2090=EDGE_CURVE('',#1645,#1644,#282,.T.);
#2091=EDGE_CURVE('',#1646,#1645,#1365,.T.);
#2092=EDGE_CURVE('',#1647,#1646,#283,.T.);
#2093=EDGE_CURVE('',#1648,#1647,#1366,.T.);
#2094=EDGE_CURVE('',#1628,#1648,#284,.T.);
#2095=EDGE_CURVE('',#1649,#1650,#1367,.F.);
#2096=EDGE_CURVE('',#1651,#1649,#1368,.F.);
#2097=EDGE_CURVE('',#1650,#1651,#1369,.F.);
#2098=EDGE_CURVE('',#1627,#1652,#1370,.T.);
#2099=EDGE_CURVE('',#1653,#1652,#1371,.T.);
#2100=EDGE_CURVE('',#1654,#1653,#1372,.F.);
#2101=EDGE_CURVE('',#1644,#1654,#1373,.T.);
#2102=EDGE_CURVE('',#1655,#1656,#1374,.F.);
#2103=EDGE_CURVE('',#1657,#1655,#1375,.F.);
#2104=EDGE_CURVE('',#1656,#1657,#1376,.F.);
#2105=EDGE_CURVE('',#1658,#1659,#1377,.F.);
#2106=EDGE_CURVE('',#1660,#1658,#1378,.F.);
#2107=EDGE_CURVE('',#1659,#1660,#1379,.F.);
#2108=EDGE_CURVE('',#1661,#1662,#1380,.T.);
#2109=EDGE_CURVE('',#1663,#1662,#1381,.T.);
#2110=EDGE_CURVE('',#1664,#1663,#1382,.F.);
#2111=EDGE_CURVE('',#1661,#1664,#1383,.T.);
#2112=EDGE_CURVE('',#1665,#1645,#1384,.T.);
#2113=EDGE_CURVE('',#1666,#1665,#1385,.F.);
#2114=EDGE_CURVE('',#1646,#1666,#1386,.T.);
#2115=EDGE_CURVE('',#1654,#1665,#285,.T.);
#2116=EDGE_CURVE('',#1658,#1666,#286,.T.);
#2117=EDGE_CURVE('',#1665,#1660,#287,.T.);
#2118=EDGE_CURVE('',#1667,#1668,#1387,.F.);
#2119=EDGE_CURVE('',#1669,#1667,#1388,.F.);
#2120=EDGE_CURVE('',#1668,#1669,#1389,.F.);
#2121=EDGE_CURVE('',#1670,#1671,#1390,.F.);
#2122=EDGE_CURVE('',#1672,#1670,#1391,.F.);
#2123=EDGE_CURVE('',#1671,#1672,#1392,.F.);
#2124=EDGE_CURVE('',#1673,#1674,#1393,.T.);
#2125=EDGE_CURVE('',#1675,#1674,#1394,.T.);
#2126=EDGE_CURVE('',#1676,#1675,#1395,.F.);
#2127=EDGE_CURVE('',#1673,#1676,#1396,.T.);
#2128=EDGE_CURVE('',#1677,#1678,#1397,.F.);
#2129=EDGE_CURVE('',#1648,#1677,#1398,.T.);
#2130=EDGE_CURVE('',#1678,#1647,#1399,.T.);
#2131=EDGE_CURVE('',#1679,#1680,#1400,.F.);
#2132=EDGE_CURVE('',#1681,#1679,#1401,.F.);
#2133=EDGE_CURVE('',#1680,#1681,#1402,.F.);
#2134=EDGE_CURVE('',#1677,#1629,#288,.T.);
#2135=EDGE_CURVE('',#1679,#1630,#289,.T.);
#2136=EDGE_CURVE('',#1629,#1681,#290,.T.);
#2137=EDGE_CURVE('',#1674,#1631,#291,.T.);
#2138=EDGE_CURVE('',#1630,#1675,#292,.T.);
#2139=EDGE_CURVE('',#1671,#1680,#293,.T.);
#2140=EDGE_CURVE('',#1681,#1670,#294,.T.);
#2141=EDGE_CURVE('',#1680,#1668,#295,.T.);
#2142=EDGE_CURVE('',#1669,#1679,#296,.T.);
#2143=EDGE_CURVE('',#1666,#1678,#297,.T.);
#2144=EDGE_CURVE('',#1670,#1677,#298,.T.);
#2145=EDGE_CURVE('',#1678,#1672,#299,.T.);
#2146=EDGE_CURVE('',#1667,#1676,#300,.T.);
#2147=EDGE_CURVE('',#1675,#1669,#301,.T.);
#2148=EDGE_CURVE('',#1662,#1673,#302,.T.);
#2149=EDGE_CURVE('',#1676,#1663,#303,.T.);
#2150=EDGE_CURVE('',#1659,#1671,#304,.T.);
#2151=EDGE_CURVE('',#1672,#1658,#305,.T.);
#2152=EDGE_CURVE('',#1668,#1656,#306,.T.);
#2153=EDGE_CURVE('',#1657,#1667,#307,.T.);
#2154=EDGE_CURVE('',#1655,#1664,#308,.T.);
#2155=EDGE_CURVE('',#1663,#1657,#309,.T.);
#2156=EDGE_CURVE('',#1652,#1661,#310,.T.);
#2157=EDGE_CURVE('',#1664,#1653,#311,.T.);
#2158=EDGE_CURVE('',#1650,#1659,#312,.T.);
#2159=EDGE_CURVE('',#1660,#1649,#313,.T.);
#2160=EDGE_CURVE('',#1656,#1650,#314,.T.);
#2161=EDGE_CURVE('',#1651,#1655,#315,.T.);
#2162=EDGE_CURVE('',#1649,#1654,#316,.T.);
#2163=EDGE_CURVE('',#1653,#1651,#317,.T.);
#2164=EDGE_CURVE('',#1682,#1608,#82,.T.);
#2165=EDGE_CURVE('',#1682,#1683,#318,.T.);
#2166=EDGE_CURVE('',#1683,#1636,#1403,.T.);
#2167=EDGE_CURVE('',#1684,#1637,#1404,.T.);
#2168=EDGE_CURVE('',#1683,#1684,#1405,.T.);
#2169=EDGE_CURVE('',#1685,#1638,#1406,.T.);
#2170=EDGE_CURVE('',#1684,#1685,#319,.T.);
#2171=EDGE_CURVE('',#1686,#1639,#1407,.T.);
#2172=EDGE_CURVE('',#1685,#1686,#1408,.T.);
#2173=EDGE_CURVE('',#1686,#1633,#320,.T.);
#2174=EDGE_CURVE('',#1687,#1640,#1409,.T.);
#2175=EDGE_CURVE('',#1634,#1687,#321,.T.);
#2176=EDGE_CURVE('',#1688,#1641,#1410,.T.);
#2177=EDGE_CURVE('',#1687,#1688,#1411,.T.);
#2178=EDGE_CURVE('',#1689,#1642,#1412,.T.);
#2179=EDGE_CURVE('',#1688,#1689,#322,.T.);
#2180=EDGE_CURVE('',#1690,#1643,#1413,.T.);
#2181=EDGE_CURVE('',#1689,#1690,#1414,.T.);
#2182=EDGE_CURVE('',#1690,#1682,#323,.T.);
#2183=EDGE_CURVE('',#1633,#1691,#324,.T.);
#2184=EDGE_CURVE('',#1691,#1692,#1415,.T.);
#2185=EDGE_CURVE('',#1692,#1634,#325,.T.);
#2186=EDGE_CURVE('',#1693,#1686,#326,.T.);
#2187=EDGE_CURVE('',#1691,#1693,#327,.T.);
#2188=EDGE_CURVE('',#1685,#1694,#328,.T.);
#2189=EDGE_CURVE('',#1694,#1693,#1416,.T.);
#2190=EDGE_CURVE('',#1695,#1684,#329,.T.);
#2191=EDGE_CURVE('',#1694,#1695,#330,.T.);
#2192=EDGE_CURVE('',#1683,#1696,#331,.T.);
#2193=EDGE_CURVE('',#1696,#1695,#1417,.T.);
#2194=EDGE_CURVE('',#1682,#1697,#332,.T.);
#2195=EDGE_CURVE('',#1696,#1697,#333,.T.);
#2196=EDGE_CURVE('',#1691,#1698,#1418,.T.);
#2197=EDGE_CURVE('',#1698,#1692,#1419,.T.);
#2198=EDGE_CURVE('',#1699,#1693,#1420,.T.);
#2199=EDGE_CURVE('',#1699,#1698,#334,.T.);
#2200=EDGE_CURVE('',#1687,#1700,#335,.T.);
#2201=EDGE_CURVE('',#1700,#1701,#1421,.T.);
#2202=EDGE_CURVE('',#1701,#1688,#336,.T.);
#2203=EDGE_CURVE('',#1700,#1702,#1422,.T.);
#2204=EDGE_CURVE('',#1702,#1701,#1423,.T.);
#2205=EDGE_CURVE('',#1698,#1702,#337,.T.);
#2206=EDGE_CURVE('',#1700,#1692,#338,.T.);
#2207=EDGE_CURVE('',#1689,#1703,#339,.T.);
#2208=EDGE_CURVE('',#1703,#1704,#1424,.T.);
#2209=EDGE_CURVE('',#1704,#1690,#340,.T.);
#2210=EDGE_CURVE('',#1703,#1705,#1425,.T.);
#2211=EDGE_CURVE('',#1705,#1704,#1426,.T.);
#2212=EDGE_CURVE('',#1702,#1705,#341,.T.);
#2213=EDGE_CURVE('',#1703,#1701,#342,.T.);
#2214=EDGE_CURVE('',#1696,#1706,#1427,.T.);
#2215=EDGE_CURVE('',#1706,#1695,#1428,.T.);
#2216=EDGE_CURVE('',#1707,#1697,#83,.T.);
#2217=EDGE_CURVE('',#1707,#1706,#343,.T.);
#2218=EDGE_CURVE('',#1694,#1699,#1429,.T.);
#2219=EDGE_CURVE('',#1706,#1699,#344,.T.);
#2220=EDGE_CURVE('',#1705,#1707,#345,.T.);
#2221=EDGE_CURVE('',#1697,#1704,#346,.T.);
#2222=ORIENTED_EDGE('',*,*,#1708,.F.);
#2223=ORIENTED_EDGE('',*,*,#1709,.F.);
#2224=ORIENTED_EDGE('',*,*,#1710,.F.);
#2225=ORIENTED_EDGE('',*,*,#1711,.F.);
#2226=ORIENTED_EDGE('',*,*,#1712,.F.);
#2227=ORIENTED_EDGE('',*,*,#1713,.F.);
#2228=ORIENTED_EDGE('',*,*,#1714,.T.);
#2229=ORIENTED_EDGE('',*,*,#1715,.F.);
#2230=ORIENTED_EDGE('',*,*,#1716,.F.);
#2231=ORIENTED_EDGE('',*,*,#1717,.F.);
#2232=ORIENTED_EDGE('',*,*,#1718,.F.);
#2233=ORIENTED_EDGE('',*,*,#1719,.F.);
#2234=ORIENTED_EDGE('',*,*,#1720,.F.);
#2235=ORIENTED_EDGE('',*,*,#1721,.F.);
#2236=ORIENTED_EDGE('',*,*,#1722,.F.);
#2237=ORIENTED_EDGE('',*,*,#1723,.F.);
#2238=ORIENTED_EDGE('',*,*,#1724,.T.);
#2239=ORIENTED_EDGE('',*,*,#1725,.F.);
#2240=ORIENTED_EDGE('',*,*,#1726,.F.);
#2241=ORIENTED_EDGE('',*,*,#1727,.F.);
#2242=ORIENTED_EDGE('',*,*,#1725,.T.);
#2243=ORIENTED_EDGE('',*,*,#1728,.T.);
#2244=ORIENTED_EDGE('',*,*,#1717,.T.);
#2245=ORIENTED_EDGE('',*,*,#1729,.T.);
#2246=ORIENTED_EDGE('',*,*,#1712,.T.);
#2247=ORIENTED_EDGE('',*,*,#1730,.T.);
#2248=ORIENTED_EDGE('',*,*,#1726,.T.);
#2249=ORIENTED_EDGE('',*,*,#1731,.T.);
#2250=ORIENTED_EDGE('',*,*,#1732,.F.);
#2251=ORIENTED_EDGE('',*,*,#1733,.F.);
#2252=ORIENTED_EDGE('',*,*,#1734,.F.);
#2253=ORIENTED_EDGE('',*,*,#1735,.T.);
#2254=ORIENTED_EDGE('',*,*,#1719,.T.);
#2255=ORIENTED_EDGE('',*,*,#1736,.T.);
#2256=ORIENTED_EDGE('',*,*,#1733,.T.);
#2257=ORIENTED_EDGE('',*,*,#1737,.T.);
#2258=ORIENTED_EDGE('',*,*,#1738,.T.);
#2259=ORIENTED_EDGE('',*,*,#1739,.T.);
#2260=ORIENTED_EDGE('',*,*,#1715,.T.);
#2261=ORIENTED_EDGE('',*,*,#1740,.T.);
#2262=ORIENTED_EDGE('',*,*,#1734,.T.);
#2263=ORIENTED_EDGE('',*,*,#1741,.T.);
#2264=ORIENTED_EDGE('',*,*,#1738,.F.);
#2265=ORIENTED_EDGE('',*,*,#1742,.T.);
#2266=ORIENTED_EDGE('',*,*,#1743,.F.);
#2267=ORIENTED_EDGE('',*,*,#1744,.F.);
#2268=ORIENTED_EDGE('',*,*,#1745,.F.);
#2269=ORIENTED_EDGE('',*,*,#1746,.F.);
#2270=ORIENTED_EDGE('',*,*,#1747,.F.);
#2271=ORIENTED_EDGE('',*,*,#1748,.F.);
#2272=ORIENTED_EDGE('',*,*,#1749,.F.);
#2273=ORIENTED_EDGE('',*,*,#1750,.F.);
#2274=ORIENTED_EDGE('',*,*,#1751,.F.);
#2275=ORIENTED_EDGE('',*,*,#1752,.T.);
#2276=ORIENTED_EDGE('',*,*,#1722,.T.);
#2277=ORIENTED_EDGE('',*,*,#1753,.T.);
#2278=ORIENTED_EDGE('',*,*,#1750,.T.);
#2279=ORIENTED_EDGE('',*,*,#1754,.T.);
#2280=ORIENTED_EDGE('',*,*,#1755,.F.);
#2281=ORIENTED_EDGE('',*,*,#1756,.F.);
#2282=ORIENTED_EDGE('',*,*,#1757,.T.);
#2283=ORIENTED_EDGE('',*,*,#1758,.F.);
#2284=ORIENTED_EDGE('',*,*,#1759,.T.);
#2285=ORIENTED_EDGE('',*,*,#1760,.T.);
#2286=ORIENTED_EDGE('',*,*,#1756,.T.);
#2287=ORIENTED_EDGE('',*,*,#1761,.T.);
#2288=ORIENTED_EDGE('',*,*,#1759,.F.);
#2289=ORIENTED_EDGE('',*,*,#1762,.T.);
#2290=ORIENTED_EDGE('',*,*,#1732,.T.);
#2291=ORIENTED_EDGE('',*,*,#1763,.T.);
#2292=ORIENTED_EDGE('',*,*,#1764,.T.);
#2293=ORIENTED_EDGE('',*,*,#1765,.F.);
#2294=ORIENTED_EDGE('',*,*,#1766,.F.);
#2295=ORIENTED_EDGE('',*,*,#1767,.F.);
#2296=ORIENTED_EDGE('',*,*,#1768,.T.);
#2297=ORIENTED_EDGE('',*,*,#1769,.T.);
#2298=ORIENTED_EDGE('',*,*,#1765,.T.);
#2299=ORIENTED_EDGE('',*,*,#1770,.T.);
#2300=ORIENTED_EDGE('',*,*,#1751,.T.);
#2301=ORIENTED_EDGE('',*,*,#1771,.T.);
#2302=ORIENTED_EDGE('',*,*,#1768,.F.);
#2303=ORIENTED_EDGE('',*,*,#1772,.T.);
#2304=ORIENTED_EDGE('',*,*,#1747,.T.);
#2305=ORIENTED_EDGE('',*,*,#1773,.T.);
#2306=ORIENTED_EDGE('',*,*,#1766,.T.);
#2307=ORIENTED_EDGE('',*,*,#1774,.T.);
#2308=ORIENTED_EDGE('',*,*,#1758,.T.);
#2309=ORIENTED_EDGE('',*,*,#1775,.T.);
#2310=ORIENTED_EDGE('',*,*,#1767,.T.);
#2311=ORIENTED_EDGE('',*,*,#1776,.T.);
#2312=ORIENTED_EDGE('',*,*,#1744,.T.);
#2313=ORIENTED_EDGE('',*,*,#1777,.T.);
#2314=ORIENTED_EDGE('',*,*,#1755,.T.);
#2315=ORIENTED_EDGE('',*,*,#1778,.T.);
#2316=ORIENTED_EDGE('',*,*,#1779,.T.);
#2317=ORIENTED_EDGE('',*,*,#1780,.T.);
#2318=ORIENTED_EDGE('',*,*,#1727,.T.);
#2319=ORIENTED_EDGE('',*,*,#1781,.T.);
#2320=ORIENTED_EDGE('',*,*,#1779,.F.);
#2321=ORIENTED_EDGE('',*,*,#1782,.T.);
#2322=ORIENTED_EDGE('',*,*,#1749,.T.);
#2323=ORIENTED_EDGE('',*,*,#1783,.T.);
#2324=ORIENTED_EDGE('',*,*,#1721,.T.);
#2325=ORIENTED_EDGE('',*,*,#1784,.T.);
#2326=ORIENTED_EDGE('',*,*,#1748,.T.);
#2327=ORIENTED_EDGE('',*,*,#1785,.T.);
#2328=ORIENTED_EDGE('',*,*,#1746,.T.);
#2329=ORIENTED_EDGE('',*,*,#1786,.T.);
#2330=ORIENTED_EDGE('',*,*,#1745,.T.);
#2331=ORIENTED_EDGE('',*,*,#1787,.T.);
#2332=ORIENTED_EDGE('',*,*,#1743,.T.);
#2333=ORIENTED_EDGE('',*,*,#1788,.T.);
#2334=ORIENTED_EDGE('',*,*,#1720,.T.);
#2335=ORIENTED_EDGE('',*,*,#1789,.T.);
#2336=ORIENTED_EDGE('',*,*,#1711,.T.);
#2337=ORIENTED_EDGE('',*,*,#1790,.T.);
#2338=ORIENTED_EDGE('',*,*,#1723,.T.);
#2339=ORIENTED_EDGE('',*,*,#1791,.T.);
#2340=ORIENTED_EDGE('',*,*,#1718,.T.);
#2341=ORIENTED_EDGE('',*,*,#1792,.T.);
#2342=ORIENTED_EDGE('',*,*,#1710,.T.);
#2343=ORIENTED_EDGE('',*,*,#1793,.T.);
#2344=ORIENTED_EDGE('',*,*,#1709,.T.);
#2345=ORIENTED_EDGE('',*,*,#1794,.T.);
#2346=ORIENTED_EDGE('',*,*,#1716,.T.);
#2347=ORIENTED_EDGE('',*,*,#1795,.T.);
#2348=ORIENTED_EDGE('',*,*,#1708,.T.);
#2349=ORIENTED_EDGE('',*,*,#1796,.T.);
#2350=ORIENTED_EDGE('',*,*,#1713,.T.);
#2351=ORIENTED_EDGE('',*,*,#1797,.T.);
#2352=ORIENTED_EDGE('',*,*,#1740,.F.);
#2353=ORIENTED_EDGE('',*,*,#1714,.F.);
#2354=ORIENTED_EDGE('',*,*,#1728,.F.);
#2355=ORIENTED_EDGE('',*,*,#1724,.F.);
#2356=ORIENTED_EDGE('',*,*,#1780,.F.);
#2357=ORIENTED_EDGE('',*,*,#1798,.F.);
#2358=ORIENTED_EDGE('',*,*,#1799,.F.);
#2359=ORIENTED_EDGE('',*,*,#1800,.F.);
#2360=ORIENTED_EDGE('',*,*,#1783,.F.);
#2361=ORIENTED_EDGE('',*,*,#1752,.F.);
#2362=ORIENTED_EDGE('',*,*,#1772,.F.);
#2363=ORIENTED_EDGE('',*,*,#1801,.T.);
#2364=ORIENTED_EDGE('',*,*,#1802,.F.);
#2365=ORIENTED_EDGE('',*,*,#1803,.F.);
#2366=ORIENTED_EDGE('',*,*,#1804,.F.);
#2367=ORIENTED_EDGE('',*,*,#1805,.T.);
#2368=ORIENTED_EDGE('',*,*,#1806,.F.);
#2369=ORIENTED_EDGE('',*,*,#1807,.T.);
#2370=ORIENTED_EDGE('',*,*,#1808,.T.);
#2371=ORIENTED_EDGE('',*,*,#1798,.T.);
#2372=ORIENTED_EDGE('',*,*,#1729,.F.);
#2373=ORIENTED_EDGE('',*,*,#1794,.F.);
#2374=ORIENTED_EDGE('',*,*,#1797,.F.);
#2375=ORIENTED_EDGE('',*,*,#1731,.F.);
#2376=ORIENTED_EDGE('',*,*,#1739,.F.);
#2377=ORIENTED_EDGE('',*,*,#1741,.F.);
#2378=ORIENTED_EDGE('',*,*,#1736,.F.);
#2379=ORIENTED_EDGE('',*,*,#1793,.F.);
#2380=ORIENTED_EDGE('',*,*,#1795,.F.);
#2381=ORIENTED_EDGE('',*,*,#1754,.F.);
#2382=ORIENTED_EDGE('',*,*,#1782,.F.);
#2383=ORIENTED_EDGE('',*,*,#1781,.F.);
#2384=ORIENTED_EDGE('',*,*,#1730,.F.);
#2385=ORIENTED_EDGE('',*,*,#1791,.F.);
#2386=ORIENTED_EDGE('',*,*,#1761,.F.);
#2387=ORIENTED_EDGE('',*,*,#1777,.F.);
#2388=ORIENTED_EDGE('',*,*,#1789,.F.);
#2389=ORIENTED_EDGE('',*,*,#1737,.F.);
#2390=ORIENTED_EDGE('',*,*,#1762,.F.);
#2391=ORIENTED_EDGE('',*,*,#1769,.F.);
#2392=ORIENTED_EDGE('',*,*,#1771,.F.);
#2393=ORIENTED_EDGE('',*,*,#1753,.F.);
#2394=ORIENTED_EDGE('',*,*,#1785,.F.);
#2395=ORIENTED_EDGE('',*,*,#1774,.F.);
#2396=ORIENTED_EDGE('',*,*,#1773,.F.);
#2397=ORIENTED_EDGE('',*,*,#1787,.F.);
#2398=ORIENTED_EDGE('',*,*,#1778,.F.);
#2399=ORIENTED_EDGE('',*,*,#1776,.F.);
#2400=ORIENTED_EDGE('',*,*,#1784,.F.);
#2401=ORIENTED_EDGE('',*,*,#1790,.F.);
#2402=ORIENTED_EDGE('',*,*,#1796,.F.);
#2403=ORIENTED_EDGE('',*,*,#1792,.F.);
#2404=ORIENTED_EDGE('',*,*,#1788,.F.);
#2405=ORIENTED_EDGE('',*,*,#1786,.F.);
#2406=ORIENTED_EDGE('',*,*,#1809,.T.);
#2407=ORIENTED_EDGE('',*,*,#1810,.F.);
#2408=ORIENTED_EDGE('',*,*,#1811,.F.);
#2409=ORIENTED_EDGE('',*,*,#1812,.F.);
#2410=ORIENTED_EDGE('',*,*,#1813,.F.);
#2411=ORIENTED_EDGE('',*,*,#1814,.F.);
#2412=ORIENTED_EDGE('',*,*,#1815,.F.);
#2413=ORIENTED_EDGE('',*,*,#1803,.T.);
#2414=ORIENTED_EDGE('',*,*,#1816,.F.);
#2415=ORIENTED_EDGE('',*,*,#1817,.F.);
#2416=ORIENTED_EDGE('',*,*,#1818,.F.);
#2417=ORIENTED_EDGE('',*,*,#1817,.T.);
#2418=ORIENTED_EDGE('',*,*,#1819,.T.);
#2419=ORIENTED_EDGE('',*,*,#1811,.T.);
#2420=ORIENTED_EDGE('',*,*,#1820,.T.);
#2421=ORIENTED_EDGE('',*,*,#1821,.F.);
#2422=ORIENTED_EDGE('',*,*,#1822,.F.);
#2423=ORIENTED_EDGE('',*,*,#1823,.T.);
#2424=ORIENTED_EDGE('',*,*,#1824,.F.);
#2425=ORIENTED_EDGE('',*,*,#1825,.F.);
#2426=ORIENTED_EDGE('',*,*,#1826,.F.);
#2427=ORIENTED_EDGE('',*,*,#1827,.F.);
#2428=ORIENTED_EDGE('',*,*,#1826,.T.);
#2429=ORIENTED_EDGE('',*,*,#1828,.T.);
#2430=ORIENTED_EDGE('',*,*,#1814,.T.);
#2431=ORIENTED_EDGE('',*,*,#1829,.T.);
#2432=ORIENTED_EDGE('',*,*,#1830,.T.);
#2433=ORIENTED_EDGE('',*,*,#1831,.F.);
#2434=ORIENTED_EDGE('',*,*,#1832,.F.);
#2435=ORIENTED_EDGE('',*,*,#1833,.F.);
#2436=ORIENTED_EDGE('',*,*,#1834,.F.);
#2437=ORIENTED_EDGE('',*,*,#1835,.F.);
#2438=ORIENTED_EDGE('',*,*,#1836,.F.);
#2439=ORIENTED_EDGE('',*,*,#1835,.T.);
#2440=ORIENTED_EDGE('',*,*,#1837,.T.);
#2441=ORIENTED_EDGE('',*,*,#1821,.T.);
#2442=ORIENTED_EDGE('',*,*,#1838,.T.);
#2443=ORIENTED_EDGE('',*,*,#1816,.T.);
#2444=ORIENTED_EDGE('',*,*,#1839,.T.);
#2445=ORIENTED_EDGE('',*,*,#1836,.T.);
#2446=ORIENTED_EDGE('',*,*,#1840,.T.);
#2447=ORIENTED_EDGE('',*,*,#1841,.F.);
#2448=ORIENTED_EDGE('',*,*,#1842,.F.);
#2449=ORIENTED_EDGE('',*,*,#1843,.F.);
#2450=ORIENTED_EDGE('',*,*,#1844,.T.);
#2451=ORIENTED_EDGE('',*,*,#1845,.F.);
#2452=ORIENTED_EDGE('',*,*,#1846,.F.);
#2453=ORIENTED_EDGE('',*,*,#1847,.F.);
#2454=ORIENTED_EDGE('',*,*,#1846,.T.);
#2455=ORIENTED_EDGE('',*,*,#1848,.T.);
#2456=ORIENTED_EDGE('',*,*,#1832,.T.);
#2457=ORIENTED_EDGE('',*,*,#1849,.T.);
#2458=ORIENTED_EDGE('',*,*,#1850,.T.);
#2459=ORIENTED_EDGE('',*,*,#1851,.F.);
#2460=ORIENTED_EDGE('',*,*,#1852,.F.);
#2461=ORIENTED_EDGE('',*,*,#1853,.F.);
#2462=ORIENTED_EDGE('',*,*,#1854,.T.);
#2463=ORIENTED_EDGE('',*,*,#1855,.T.);
#2464=ORIENTED_EDGE('',*,*,#1851,.T.);
#2465=ORIENTED_EDGE('',*,*,#1856,.T.);
#2466=ORIENTED_EDGE('',*,*,#1843,.T.);
#2467=ORIENTED_EDGE('',*,*,#1857,.T.);
#2468=ORIENTED_EDGE('',*,*,#1854,.F.);
#2469=ORIENTED_EDGE('',*,*,#1858,.T.);
#2470=ORIENTED_EDGE('',*,*,#1859,.F.);
#2471=ORIENTED_EDGE('',*,*,#1860,.F.);
#2472=ORIENTED_EDGE('',*,*,#1861,.F.);
#2473=ORIENTED_EDGE('',*,*,#1860,.T.);
#2474=ORIENTED_EDGE('',*,*,#1862,.T.);
#2475=ORIENTED_EDGE('',*,*,#1842,.T.);
#2476=ORIENTED_EDGE('',*,*,#1863,.T.);
#2477=ORIENTED_EDGE('',*,*,#1834,.T.);
#2478=ORIENTED_EDGE('',*,*,#1864,.T.);
#2479=ORIENTED_EDGE('',*,*,#1861,.T.);
#2480=ORIENTED_EDGE('',*,*,#1865,.T.);
#2481=ORIENTED_EDGE('',*,*,#1866,.F.);
#2482=ORIENTED_EDGE('',*,*,#1867,.F.);
#2483=ORIENTED_EDGE('',*,*,#1868,.F.);
#2484=ORIENTED_EDGE('',*,*,#1867,.T.);
#2485=ORIENTED_EDGE('',*,*,#1869,.T.);
#2486=ORIENTED_EDGE('',*,*,#1852,.T.);
#2487=ORIENTED_EDGE('',*,*,#1870,.T.);
#2488=ORIENTED_EDGE('',*,*,#1859,.T.);
#2489=ORIENTED_EDGE('',*,*,#1871,.T.);
#2490=ORIENTED_EDGE('',*,*,#1868,.T.);
#2491=ORIENTED_EDGE('',*,*,#1872,.T.);
#2492=ORIENTED_EDGE('',*,*,#1866,.T.);
#2493=ORIENTED_EDGE('',*,*,#1873,.T.);
#2494=ORIENTED_EDGE('',*,*,#1847,.T.);
#2495=ORIENTED_EDGE('',*,*,#1874,.T.);
#2496=ORIENTED_EDGE('',*,*,#1831,.T.);
#2497=ORIENTED_EDGE('',*,*,#1875,.T.);
#2498=ORIENTED_EDGE('',*,*,#1853,.T.);
#2499=ORIENTED_EDGE('',*,*,#1876,.T.);
#2500=ORIENTED_EDGE('',*,*,#1845,.T.);
#2501=ORIENTED_EDGE('',*,*,#1877,.T.);
#2502=ORIENTED_EDGE('',*,*,#1827,.T.);
#2503=ORIENTED_EDGE('',*,*,#1878,.T.);
#2504=ORIENTED_EDGE('',*,*,#1879,.T.);
#2505=ORIENTED_EDGE('',*,*,#1880,.T.);
#2506=ORIENTED_EDGE('',*,*,#1822,.T.);
#2507=ORIENTED_EDGE('',*,*,#1881,.T.);
#2508=ORIENTED_EDGE('',*,*,#1879,.F.);
#2509=ORIENTED_EDGE('',*,*,#1882,.T.);
#2510=ORIENTED_EDGE('',*,*,#1841,.T.);
#2511=ORIENTED_EDGE('',*,*,#1883,.T.);
#2512=ORIENTED_EDGE('',*,*,#1884,.T.);
#2513=ORIENTED_EDGE('',*,*,#1885,.T.);
#2514=ORIENTED_EDGE('',*,*,#1833,.T.);
#2515=ORIENTED_EDGE('',*,*,#1886,.T.);
#2516=ORIENTED_EDGE('',*,*,#1884,.F.);
#2517=ORIENTED_EDGE('',*,*,#1887,.T.);
#2518=ORIENTED_EDGE('',*,*,#1813,.T.);
#2519=ORIENTED_EDGE('',*,*,#1802,.T.);
#2520=ORIENTED_EDGE('',*,*,#1825,.T.);
#2521=ORIENTED_EDGE('',*,*,#1888,.T.);
#2522=ORIENTED_EDGE('',*,*,#1818,.T.);
#2523=ORIENTED_EDGE('',*,*,#1889,.T.);
#2524=ORIENTED_EDGE('',*,*,#1824,.T.);
#2525=ORIENTED_EDGE('',*,*,#1890,.T.);
#2526=ORIENTED_EDGE('',*,*,#1812,.T.);
#2527=ORIENTED_EDGE('',*,*,#1891,.T.);
#2528=ORIENTED_EDGE('',*,*,#1892,.T.);
#2529=ORIENTED_EDGE('',*,*,#1893,.T.);
#2530=ORIENTED_EDGE('',*,*,#1810,.T.);
#2531=ORIENTED_EDGE('',*,*,#1894,.T.);
#2532=ORIENTED_EDGE('',*,*,#1815,.T.);
#2533=ORIENTED_EDGE('',*,*,#1895,.T.);
#2534=ORIENTED_EDGE('',*,*,#1892,.F.);
#2535=ORIENTED_EDGE('',*,*,#1804,.T.);
#2536=ORIENTED_EDGE('',*,*,#1894,.F.);
#2537=ORIENTED_EDGE('',*,*,#1809,.F.);
#2538=ORIENTED_EDGE('',*,*,#1890,.F.);
#2539=ORIENTED_EDGE('',*,*,#1823,.F.);
#2540=ORIENTED_EDGE('',*,*,#1880,.F.);
#2541=ORIENTED_EDGE('',*,*,#1896,.F.);
#2542=ORIENTED_EDGE('',*,*,#1897,.F.);
#2543=ORIENTED_EDGE('',*,*,#1805,.F.);
#2544=ORIENTED_EDGE('',*,*,#1742,.F.);
#2545=ORIENTED_EDGE('',*,*,#1800,.T.);
#2546=ORIENTED_EDGE('',*,*,#1898,.F.);
#2547=ORIENTED_EDGE('',*,*,#1899,.T.);
#2548=ORIENTED_EDGE('',*,*,#1900,.T.);
#2549=ORIENTED_EDGE('',*,*,#1896,.T.);
#2550=ORIENTED_EDGE('',*,*,#1883,.F.);
#2551=ORIENTED_EDGE('',*,*,#1844,.F.);
#2552=ORIENTED_EDGE('',*,*,#1858,.F.);
#2553=ORIENTED_EDGE('',*,*,#1901,.T.);
#2554=ORIENTED_EDGE('',*,*,#1763,.F.);
#2555=ORIENTED_EDGE('',*,*,#1735,.F.);
#2556=ORIENTED_EDGE('',*,*,#1828,.F.);
#2557=ORIENTED_EDGE('',*,*,#1889,.F.);
#2558=ORIENTED_EDGE('',*,*,#1820,.F.);
#2559=ORIENTED_EDGE('',*,*,#1893,.F.);
#2560=ORIENTED_EDGE('',*,*,#1895,.F.);
#2561=ORIENTED_EDGE('',*,*,#1838,.F.);
#2562=ORIENTED_EDGE('',*,*,#1891,.F.);
#2563=ORIENTED_EDGE('',*,*,#1819,.F.);
#2564=ORIENTED_EDGE('',*,*,#1840,.F.);
#2565=ORIENTED_EDGE('',*,*,#1839,.F.);
#2566=ORIENTED_EDGE('',*,*,#1888,.F.);
#2567=ORIENTED_EDGE('',*,*,#1877,.F.);
#2568=ORIENTED_EDGE('',*,*,#1873,.F.);
#2569=ORIENTED_EDGE('',*,*,#1871,.F.);
#2570=ORIENTED_EDGE('',*,*,#1864,.F.);
#2571=ORIENTED_EDGE('',*,*,#1848,.F.);
#2572=ORIENTED_EDGE('',*,*,#1878,.F.);
#2573=ORIENTED_EDGE('',*,*,#1829,.F.);
#2574=ORIENTED_EDGE('',*,*,#1887,.F.);
#2575=ORIENTED_EDGE('',*,*,#1886,.F.);
#2576=ORIENTED_EDGE('',*,*,#1855,.F.);
#2577=ORIENTED_EDGE('',*,*,#1857,.F.);
#2578=ORIENTED_EDGE('',*,*,#1862,.F.);
#2579=ORIENTED_EDGE('',*,*,#1872,.F.);
#2580=ORIENTED_EDGE('',*,*,#1870,.F.);
#2581=ORIENTED_EDGE('',*,*,#1863,.F.);
#2582=ORIENTED_EDGE('',*,*,#1882,.F.);
#2583=ORIENTED_EDGE('',*,*,#1881,.F.);
#2584=ORIENTED_EDGE('',*,*,#1837,.F.);
#2585=ORIENTED_EDGE('',*,*,#1865,.F.);
#2586=ORIENTED_EDGE('',*,*,#1869,.F.);
#2587=ORIENTED_EDGE('',*,*,#1874,.F.);
#2588=ORIENTED_EDGE('',*,*,#1849,.F.);
#2589=ORIENTED_EDGE('',*,*,#1876,.F.);
#2590=ORIENTED_EDGE('',*,*,#1902,.F.);
#2591=ORIENTED_EDGE('',*,*,#1903,.F.);
#2592=ORIENTED_EDGE('',*,*,#1904,.F.);
#2593=ORIENTED_EDGE('',*,*,#1905,.T.);
#2594=ORIENTED_EDGE('',*,*,#1906,.T.);
#2595=ORIENTED_EDGE('',*,*,#1907,.T.);
#2596=ORIENTED_EDGE('',*,*,#1905,.F.);
#2597=ORIENTED_EDGE('',*,*,#1908,.T.);
#2598=ORIENTED_EDGE('',*,*,#1903,.T.);
#2599=ORIENTED_EDGE('',*,*,#1909,.T.);
#2600=ORIENTED_EDGE('',*,*,#1808,.F.);
#2601=ORIENTED_EDGE('',*,*,#1910,.F.);
#2602=ORIENTED_EDGE('',*,*,#1911,.F.);
#2603=ORIENTED_EDGE('',*,*,#1910,.T.);
#2604=ORIENTED_EDGE('',*,*,#1912,.T.);
#2605=ORIENTED_EDGE('',*,*,#1904,.T.);
#2606=ORIENTED_EDGE('',*,*,#1913,.T.);
#2607=ORIENTED_EDGE('',*,*,#1914,.T.);
#2608=ORIENTED_EDGE('',*,*,#1799,.T.);
#2609=ORIENTED_EDGE('',*,*,#1911,.T.);
#2610=ORIENTED_EDGE('',*,*,#1915,.T.);
#2611=ORIENTED_EDGE('',*,*,#1914,.F.);
#2612=ORIENTED_EDGE('',*,*,#1916,.T.);
#2613=ORIENTED_EDGE('',*,*,#1898,.T.);
#2614=ORIENTED_EDGE('',*,*,#1806,.T.);
#2615=ORIENTED_EDGE('',*,*,#1917,.T.);
#2616=ORIENTED_EDGE('',*,*,#1918,.T.);
#2617=ORIENTED_EDGE('',*,*,#1919,.T.);
#2618=ORIENTED_EDGE('',*,*,#1920,.T.);
#2619=ORIENTED_EDGE('',*,*,#1921,.T.);
#2620=ORIENTED_EDGE('',*,*,#1902,.T.);
#2621=ORIENTED_EDGE('',*,*,#1922,.T.);
#2622=ORIENTED_EDGE('',*,*,#1915,.F.);
#2623=ORIENTED_EDGE('',*,*,#1913,.F.);
#2624=ORIENTED_EDGE('',*,*,#1908,.F.);
#2625=ORIENTED_EDGE('',*,*,#1923,.F.);
#2626=ORIENTED_EDGE('',*,*,#1916,.F.);
#2627=ORIENTED_EDGE('',*,*,#1923,.T.);
#2628=ORIENTED_EDGE('',*,*,#1907,.F.);
#2629=ORIENTED_EDGE('',*,*,#1924,.T.);
#2630=ORIENTED_EDGE('',*,*,#1906,.F.);
#2631=ORIENTED_EDGE('',*,*,#1925,.T.);
#2632=ORIENTED_EDGE('',*,*,#1926,.T.);
#2633=ORIENTED_EDGE('',*,*,#1927,.T.);
#2634=ORIENTED_EDGE('',*,*,#1909,.F.);
#2635=ORIENTED_EDGE('',*,*,#1921,.F.);
#2636=ORIENTED_EDGE('',*,*,#1928,.F.);
#2637=ORIENTED_EDGE('',*,*,#1929,.F.);
#2638=ORIENTED_EDGE('',*,*,#1930,.F.);
#2639=ORIENTED_EDGE('',*,*,#1931,.F.);
#2640=ORIENTED_EDGE('',*,*,#1932,.F.);
#2641=ORIENTED_EDGE('',*,*,#1933,.F.);
#2642=ORIENTED_EDGE('',*,*,#1934,.F.);
#2643=ORIENTED_EDGE('',*,*,#1935,.F.);
#2644=ORIENTED_EDGE('',*,*,#1936,.F.);
#2645=ORIENTED_EDGE('',*,*,#1937,.F.);
#2646=ORIENTED_EDGE('',*,*,#1938,.F.);
#2647=ORIENTED_EDGE('',*,*,#1939,.F.);
#2648=ORIENTED_EDGE('',*,*,#1925,.F.);
#2649=ORIENTED_EDGE('',*,*,#1940,.F.);
#2650=ORIENTED_EDGE('',*,*,#1941,.F.);
#2651=ORIENTED_EDGE('',*,*,#1942,.F.);
#2652=ORIENTED_EDGE('',*,*,#1943,.F.);
#2653=ORIENTED_EDGE('',*,*,#1944,.F.);
#2654=ORIENTED_EDGE('',*,*,#1945,.F.);
#2655=ORIENTED_EDGE('',*,*,#1946,.T.);
#2656=ORIENTED_EDGE('',*,*,#1944,.T.);
#2657=ORIENTED_EDGE('',*,*,#1928,.T.);
#2658=ORIENTED_EDGE('',*,*,#1920,.F.);
#2659=ORIENTED_EDGE('',*,*,#1947,.F.);
#2660=ORIENTED_EDGE('',*,*,#1948,.F.);
#2661=ORIENTED_EDGE('',*,*,#1949,.F.);
#2662=ORIENTED_EDGE('',*,*,#1948,.T.);
#2663=ORIENTED_EDGE('',*,*,#1950,.T.);
#2664=ORIENTED_EDGE('',*,*,#1942,.T.);
#2665=ORIENTED_EDGE('',*,*,#1951,.T.);
#2666=ORIENTED_EDGE('',*,*,#1952,.F.);
#2667=ORIENTED_EDGE('',*,*,#1953,.F.);
#2668=ORIENTED_EDGE('',*,*,#1954,.F.);
#2669=ORIENTED_EDGE('',*,*,#1953,.T.);
#2670=ORIENTED_EDGE('',*,*,#1955,.T.);
#2671=ORIENTED_EDGE('',*,*,#1945,.T.);
#2672=ORIENTED_EDGE('',*,*,#1956,.T.);
#2673=ORIENTED_EDGE('',*,*,#1957,.F.);
#2674=ORIENTED_EDGE('',*,*,#1958,.F.);
#2675=ORIENTED_EDGE('',*,*,#1959,.F.);
#2676=ORIENTED_EDGE('',*,*,#1960,.F.);
#2677=ORIENTED_EDGE('',*,*,#1961,.F.);
#2678=ORIENTED_EDGE('',*,*,#1962,.F.);
#2679=ORIENTED_EDGE('',*,*,#1963,.F.);
#2680=ORIENTED_EDGE('',*,*,#1964,.F.);
#2681=ORIENTED_EDGE('',*,*,#1965,.F.);
#2682=ORIENTED_EDGE('',*,*,#1966,.F.);
#2683=ORIENTED_EDGE('',*,*,#1967,.F.);
#2684=ORIENTED_EDGE('',*,*,#1968,.F.);
#2685=ORIENTED_EDGE('',*,*,#1964,.T.);
#2686=ORIENTED_EDGE('',*,*,#1969,.T.);
#2687=ORIENTED_EDGE('',*,*,#1967,.T.);
#2688=ORIENTED_EDGE('',*,*,#1937,.T.);
#2689=ORIENTED_EDGE('',*,*,#1961,.T.);
#2690=ORIENTED_EDGE('',*,*,#1970,.T.);
#2691=ORIENTED_EDGE('',*,*,#1968,.T.);
#2692=ORIENTED_EDGE('',*,*,#1971,.T.);
#2693=ORIENTED_EDGE('',*,*,#1939,.T.);
#2694=ORIENTED_EDGE('',*,*,#1972,.F.);
#2695=ORIENTED_EDGE('',*,*,#1973,.F.);
#2696=ORIENTED_EDGE('',*,*,#1926,.F.);
#2697=ORIENTED_EDGE('',*,*,#1966,.T.);
#2698=ORIENTED_EDGE('',*,*,#1974,.T.);
#2699=ORIENTED_EDGE('',*,*,#1972,.T.);
#2700=ORIENTED_EDGE('',*,*,#1938,.T.);
#2701=ORIENTED_EDGE('',*,*,#1900,.F.);
#2702=ORIENTED_EDGE('',*,*,#1975,.F.);
#2703=ORIENTED_EDGE('',*,*,#1976,.T.);
#2704=ORIENTED_EDGE('',*,*,#1977,.F.);
#2705=ORIENTED_EDGE('',*,*,#1973,.T.);
#2706=ORIENTED_EDGE('',*,*,#1978,.T.);
#2707=ORIENTED_EDGE('',*,*,#1975,.T.);
#2708=ORIENTED_EDGE('',*,*,#1979,.T.);
#2709=ORIENTED_EDGE('',*,*,#1917,.F.);
#2710=ORIENTED_EDGE('',*,*,#1897,.T.);
#2711=ORIENTED_EDGE('',*,*,#1977,.T.);
#2712=ORIENTED_EDGE('',*,*,#1980,.T.);
#2713=ORIENTED_EDGE('',*,*,#1981,.T.);
#2714=ORIENTED_EDGE('',*,*,#1982,.T.);
#2715=ORIENTED_EDGE('',*,*,#1965,.T.);
#2716=ORIENTED_EDGE('',*,*,#1936,.T.);
#2717=ORIENTED_EDGE('',*,*,#1958,.T.);
#2718=ORIENTED_EDGE('',*,*,#1983,.T.);
#2719=ORIENTED_EDGE('',*,*,#1963,.T.);
#2720=ORIENTED_EDGE('',*,*,#1984,.T.);
#2721=ORIENTED_EDGE('',*,*,#1957,.T.);
#2722=ORIENTED_EDGE('',*,*,#1985,.T.);
#2723=ORIENTED_EDGE('',*,*,#1962,.T.);
#2724=ORIENTED_EDGE('',*,*,#1986,.T.);
#2725=ORIENTED_EDGE('',*,*,#1960,.T.);
#2726=ORIENTED_EDGE('',*,*,#1987,.T.);
#2727=ORIENTED_EDGE('',*,*,#1954,.T.);
#2728=ORIENTED_EDGE('',*,*,#1988,.T.);
#2729=ORIENTED_EDGE('',*,*,#1947,.T.);
#2730=ORIENTED_EDGE('',*,*,#1989,.T.);
#2731=ORIENTED_EDGE('',*,*,#1959,.T.);
#2732=ORIENTED_EDGE('',*,*,#1990,.T.);
#2733=ORIENTED_EDGE('',*,*,#1952,.T.);
#2734=ORIENTED_EDGE('',*,*,#1991,.T.);
#2735=ORIENTED_EDGE('',*,*,#1949,.T.);
#2736=ORIENTED_EDGE('',*,*,#1992,.T.);
#2737=ORIENTED_EDGE('',*,*,#1943,.T.);
#2738=ORIENTED_EDGE('',*,*,#1993,.T.);
#2739=ORIENTED_EDGE('',*,*,#1941,.T.);
#2740=ORIENTED_EDGE('',*,*,#1929,.T.);
#2741=ORIENTED_EDGE('',*,*,#1994,.T.);
#2742=ORIENTED_EDGE('',*,*,#1930,.T.);
#2743=ORIENTED_EDGE('',*,*,#1940,.T.);
#2744=ORIENTED_EDGE('',*,*,#1995,.T.);
#2745=ORIENTED_EDGE('',*,*,#1996,.T.);
#2746=ORIENTED_EDGE('',*,*,#1997,.T.);
#2747=ORIENTED_EDGE('',*,*,#1981,.F.);
#2748=ORIENTED_EDGE('',*,*,#1935,.T.);
#2749=ORIENTED_EDGE('',*,*,#1998,.T.);
#2750=ORIENTED_EDGE('',*,*,#1999,.T.);
#2751=ORIENTED_EDGE('',*,*,#1931,.T.);
#2752=ORIENTED_EDGE('',*,*,#1994,.F.);
#2753=ORIENTED_EDGE('',*,*,#2000,.T.);
#2754=ORIENTED_EDGE('',*,*,#2001,.T.);
#2755=ORIENTED_EDGE('',*,*,#2002,.T.);
#2756=ORIENTED_EDGE('',*,*,#1918,.F.);
#2757=ORIENTED_EDGE('',*,*,#1980,.F.);
#2758=ORIENTED_EDGE('',*,*,#1976,.F.);
#2759=ORIENTED_EDGE('',*,*,#1978,.F.);
#2760=ORIENTED_EDGE('',*,*,#1974,.F.);
#2761=ORIENTED_EDGE('',*,*,#1970,.F.);
#2762=ORIENTED_EDGE('',*,*,#1988,.F.);
#2763=ORIENTED_EDGE('',*,*,#1956,.F.);
#2764=ORIENTED_EDGE('',*,*,#1946,.F.);
#2765=ORIENTED_EDGE('',*,*,#1999,.F.);
#2766=ORIENTED_EDGE('',*,*,#2003,.T.);
#2767=ORIENTED_EDGE('',*,*,#2004,.T.);
#2768=ORIENTED_EDGE('',*,*,#1932,.T.);
#2769=ORIENTED_EDGE('',*,*,#2001,.F.);
#2770=ORIENTED_EDGE('',*,*,#2005,.F.);
#2771=ORIENTED_EDGE('',*,*,#2006,.F.);
#2772=ORIENTED_EDGE('',*,*,#2007,.F.);
#2773=ORIENTED_EDGE('',*,*,#2008,.F.);
#2774=ORIENTED_EDGE('',*,*,#2009,.F.);
#2775=ORIENTED_EDGE('',*,*,#2010,.F.);
#2776=ORIENTED_EDGE('',*,*,#2011,.F.);
#2777=ORIENTED_EDGE('',*,*,#2003,.F.);
#2778=ORIENTED_EDGE('',*,*,#2000,.F.);
#2779=ORIENTED_EDGE('',*,*,#2012,.T.);
#2780=ORIENTED_EDGE('',*,*,#2013,.T.);
#2781=ORIENTED_EDGE('',*,*,#2005,.T.);
#2782=ORIENTED_EDGE('',*,*,#1995,.F.);
#2783=ORIENTED_EDGE('',*,*,#1950,.F.);
#2784=ORIENTED_EDGE('',*,*,#1990,.F.);
#2785=ORIENTED_EDGE('',*,*,#1984,.F.);
#2786=ORIENTED_EDGE('',*,*,#1982,.F.);
#2787=ORIENTED_EDGE('',*,*,#2014,.F.);
#2788=ORIENTED_EDGE('',*,*,#2015,.F.);
#2789=ORIENTED_EDGE('',*,*,#2016,.F.);
#2790=ORIENTED_EDGE('',*,*,#2017,.F.);
#2791=ORIENTED_EDGE('',*,*,#2012,.F.);
#2792=ORIENTED_EDGE('',*,*,#1955,.F.);
#2793=ORIENTED_EDGE('',*,*,#1992,.F.);
#2794=ORIENTED_EDGE('',*,*,#1951,.F.);
#2795=ORIENTED_EDGE('',*,*,#1993,.F.);
#2796=ORIENTED_EDGE('',*,*,#1969,.F.);
#2797=ORIENTED_EDGE('',*,*,#1983,.F.);
#2798=ORIENTED_EDGE('',*,*,#1986,.F.);
#2799=ORIENTED_EDGE('',*,*,#1971,.F.);
#2800=ORIENTED_EDGE('',*,*,#1979,.F.);
#2801=ORIENTED_EDGE('',*,*,#1899,.F.);
#2802=ORIENTED_EDGE('',*,*,#1924,.F.);
#2803=ORIENTED_EDGE('',*,*,#1927,.F.);
#2804=ORIENTED_EDGE('',*,*,#1985,.F.);
#2805=ORIENTED_EDGE('',*,*,#1989,.F.);
#2806=ORIENTED_EDGE('',*,*,#1991,.F.);
#2807=ORIENTED_EDGE('',*,*,#1987,.F.);
#2808=ORIENTED_EDGE('',*,*,#2018,.T.);
#2809=ORIENTED_EDGE('',*,*,#2019,.T.);
#2810=ORIENTED_EDGE('',*,*,#2013,.F.);
#2811=ORIENTED_EDGE('',*,*,#2017,.T.);
#2812=ORIENTED_EDGE('',*,*,#2020,.T.);
#2813=ORIENTED_EDGE('',*,*,#2021,.T.);
#2814=ORIENTED_EDGE('',*,*,#2018,.F.);
#2815=ORIENTED_EDGE('',*,*,#2016,.T.);
#2816=ORIENTED_EDGE('',*,*,#2022,.T.);
#2817=ORIENTED_EDGE('',*,*,#2023,.T.);
#2818=ORIENTED_EDGE('',*,*,#2020,.F.);
#2819=ORIENTED_EDGE('',*,*,#2015,.T.);
#2820=ORIENTED_EDGE('',*,*,#1997,.F.);
#2821=ORIENTED_EDGE('',*,*,#2024,.T.);
#2822=ORIENTED_EDGE('',*,*,#2022,.F.);
#2823=ORIENTED_EDGE('',*,*,#2014,.T.);
#2824=ORIENTED_EDGE('',*,*,#2023,.F.);
#2825=ORIENTED_EDGE('',*,*,#2025,.T.);
#2826=ORIENTED_EDGE('',*,*,#2026,.T.);
#2827=ORIENTED_EDGE('',*,*,#2027,.T.);
#2828=ORIENTED_EDGE('',*,*,#2028,.T.);
#2829=ORIENTED_EDGE('',*,*,#2026,.F.);
#2830=ORIENTED_EDGE('',*,*,#2029,.T.);
#2831=ORIENTED_EDGE('',*,*,#2030,.T.);
#2832=ORIENTED_EDGE('',*,*,#2031,.F.);
#2833=ORIENTED_EDGE('',*,*,#2032,.F.);
#2834=ORIENTED_EDGE('',*,*,#2033,.F.);
#2835=ORIENTED_EDGE('',*,*,#2034,.F.);
#2836=ORIENTED_EDGE('',*,*,#2035,.F.);
#2837=ORIENTED_EDGE('',*,*,#2036,.F.);
#2838=ORIENTED_EDGE('',*,*,#2035,.T.);
#2839=ORIENTED_EDGE('',*,*,#2037,.T.);
#2840=ORIENTED_EDGE('',*,*,#2033,.T.);
#2841=ORIENTED_EDGE('',*,*,#2038,.T.);
#2842=ORIENTED_EDGE('',*,*,#2039,.F.);
#2843=ORIENTED_EDGE('',*,*,#2040,.F.);
#2844=ORIENTED_EDGE('',*,*,#2004,.F.);
#2845=ORIENTED_EDGE('',*,*,#2032,.T.);
#2846=ORIENTED_EDGE('',*,*,#1933,.T.);
#2847=ORIENTED_EDGE('',*,*,#2040,.T.);
#2848=ORIENTED_EDGE('',*,*,#2041,.T.);
#2849=ORIENTED_EDGE('',*,*,#2042,.F.);
#2850=ORIENTED_EDGE('',*,*,#2043,.F.);
#2851=ORIENTED_EDGE('',*,*,#2044,.F.);
#2852=ORIENTED_EDGE('',*,*,#2043,.T.);
#2853=ORIENTED_EDGE('',*,*,#2045,.T.);
#2854=ORIENTED_EDGE('',*,*,#2039,.T.);
#2855=ORIENTED_EDGE('',*,*,#2011,.T.);
#2856=ORIENTED_EDGE('',*,*,#2046,.T.);
#2857=ORIENTED_EDGE('',*,*,#2047,.T.);
#2858=ORIENTED_EDGE('',*,*,#2044,.T.);
#2859=ORIENTED_EDGE('',*,*,#2010,.T.);
#2860=ORIENTED_EDGE('',*,*,#2048,.T.);
#2861=ORIENTED_EDGE('',*,*,#2049,.T.);
#2862=ORIENTED_EDGE('',*,*,#2046,.F.);
#2863=ORIENTED_EDGE('',*,*,#2009,.T.);
#2864=ORIENTED_EDGE('',*,*,#2048,.F.);
#2865=ORIENTED_EDGE('',*,*,#2008,.T.);
#2866=ORIENTED_EDGE('',*,*,#2050,.T.);
#2867=ORIENTED_EDGE('',*,*,#2051,.T.);
#2868=ORIENTED_EDGE('',*,*,#2052,.T.);
#2869=ORIENTED_EDGE('',*,*,#2053,.T.);
#2870=ORIENTED_EDGE('',*,*,#2050,.F.);
#2871=ORIENTED_EDGE('',*,*,#2007,.T.);
#2872=ORIENTED_EDGE('',*,*,#2019,.F.);
#2873=ORIENTED_EDGE('',*,*,#2054,.T.);
#2874=ORIENTED_EDGE('',*,*,#2052,.F.);
#2875=ORIENTED_EDGE('',*,*,#2006,.T.);
#2876=ORIENTED_EDGE('',*,*,#2042,.T.);
#2877=ORIENTED_EDGE('',*,*,#2055,.T.);
#2878=ORIENTED_EDGE('',*,*,#2036,.T.);
#2879=ORIENTED_EDGE('',*,*,#2056,.T.);
#2880=ORIENTED_EDGE('',*,*,#2057,.T.);
#2881=ORIENTED_EDGE('',*,*,#2058,.T.);
#2882=ORIENTED_EDGE('',*,*,#2059,.T.);
#2883=ORIENTED_EDGE('',*,*,#2060,.T.);
#2884=ORIENTED_EDGE('',*,*,#2061,.T.);
#2885=ORIENTED_EDGE('',*,*,#2062,.T.);
#2886=ORIENTED_EDGE('',*,*,#2057,.F.);
#2887=ORIENTED_EDGE('',*,*,#2063,.T.);
#2888=ORIENTED_EDGE('',*,*,#2061,.F.);
#2889=ORIENTED_EDGE('',*,*,#2064,.T.);
#2890=ORIENTED_EDGE('',*,*,#2034,.T.);
#2891=ORIENTED_EDGE('',*,*,#2065,.T.);
#2892=ORIENTED_EDGE('',*,*,#2066,.T.);
#2893=ORIENTED_EDGE('',*,*,#2059,.F.);
#2894=ORIENTED_EDGE('',*,*,#2067,.T.);
#2895=ORIENTED_EDGE('',*,*,#2030,.F.);
#2896=ORIENTED_EDGE('',*,*,#1998,.F.);
#2897=ORIENTED_EDGE('',*,*,#1934,.T.);
#2898=ORIENTED_EDGE('',*,*,#2031,.T.);
#2899=ORIENTED_EDGE('',*,*,#2068,.T.);
#2900=ORIENTED_EDGE('',*,*,#2049,.F.);
#2901=ORIENTED_EDGE('',*,*,#2069,.T.);
#2902=ORIENTED_EDGE('',*,*,#2070,.F.);
#2903=ORIENTED_EDGE('',*,*,#2071,.F.);
#2904=ORIENTED_EDGE('',*,*,#2072,.F.);
#2905=ORIENTED_EDGE('',*,*,#2073,.T.);
#2906=ORIENTED_EDGE('',*,*,#2053,.F.);
#2907=ORIENTED_EDGE('',*,*,#2074,.T.);
#2908=ORIENTED_EDGE('',*,*,#2075,.F.);
#2909=ORIENTED_EDGE('',*,*,#2076,.T.);
#2910=ORIENTED_EDGE('',*,*,#2077,.T.);
#2911=ORIENTED_EDGE('',*,*,#2078,.T.);
#2912=ORIENTED_EDGE('',*,*,#2021,.F.);
#2913=ORIENTED_EDGE('',*,*,#2027,.F.);
#2914=ORIENTED_EDGE('',*,*,#2079,.F.);
#2915=ORIENTED_EDGE('',*,*,#2080,.F.);
#2916=ORIENTED_EDGE('',*,*,#2081,.F.);
#2917=ORIENTED_EDGE('',*,*,#2082,.F.);
#2918=ORIENTED_EDGE('',*,*,#2083,.F.);
#2919=ORIENTED_EDGE('',*,*,#2074,.F.);
#2920=ORIENTED_EDGE('',*,*,#2054,.F.);
#2921=ORIENTED_EDGE('',*,*,#2051,.F.);
#2922=ORIENTED_EDGE('',*,*,#2078,.F.);
#2923=ORIENTED_EDGE('',*,*,#2084,.F.);
#2924=ORIENTED_EDGE('',*,*,#2085,.F.);
#2925=ORIENTED_EDGE('',*,*,#2086,.F.);
#2926=ORIENTED_EDGE('',*,*,#2087,.F.);
#2927=ORIENTED_EDGE('',*,*,#2088,.F.);
#2928=ORIENTED_EDGE('',*,*,#2058,.F.);
#2929=ORIENTED_EDGE('',*,*,#2089,.F.);
#2930=ORIENTED_EDGE('',*,*,#2090,.F.);
#2931=ORIENTED_EDGE('',*,*,#2091,.F.);
#2932=ORIENTED_EDGE('',*,*,#2092,.F.);
#2933=ORIENTED_EDGE('',*,*,#2093,.F.);
#2934=ORIENTED_EDGE('',*,*,#2094,.F.);
#2935=ORIENTED_EDGE('',*,*,#2069,.F.);
#2936=ORIENTED_EDGE('',*,*,#2038,.F.);
#2937=ORIENTED_EDGE('',*,*,#2041,.F.);
#2938=ORIENTED_EDGE('',*,*,#2045,.F.);
#2939=ORIENTED_EDGE('',*,*,#2056,.F.);
#2940=ORIENTED_EDGE('',*,*,#2095,.F.);
#2941=ORIENTED_EDGE('',*,*,#2096,.F.);
#2942=ORIENTED_EDGE('',*,*,#2097,.F.);
#2943=ORIENTED_EDGE('',*,*,#2062,.F.);
#2944=ORIENTED_EDGE('',*,*,#2098,.T.);
#2945=ORIENTED_EDGE('',*,*,#2099,.F.);
#2946=ORIENTED_EDGE('',*,*,#2100,.F.);
#2947=ORIENTED_EDGE('',*,*,#2101,.F.);
#2948=ORIENTED_EDGE('',*,*,#2089,.T.);
#2949=ORIENTED_EDGE('',*,*,#2102,.F.);
#2950=ORIENTED_EDGE('',*,*,#2103,.F.);
#2951=ORIENTED_EDGE('',*,*,#2104,.F.);
#2952=ORIENTED_EDGE('',*,*,#2105,.F.);
#2953=ORIENTED_EDGE('',*,*,#2106,.F.);
#2954=ORIENTED_EDGE('',*,*,#2107,.F.);
#2955=ORIENTED_EDGE('',*,*,#2108,.T.);
#2956=ORIENTED_EDGE('',*,*,#2109,.F.);
#2957=ORIENTED_EDGE('',*,*,#2110,.F.);
#2958=ORIENTED_EDGE('',*,*,#2111,.F.);
#2959=ORIENTED_EDGE('',*,*,#2091,.T.);
#2960=ORIENTED_EDGE('',*,*,#2112,.F.);
#2961=ORIENTED_EDGE('',*,*,#2113,.F.);
#2962=ORIENTED_EDGE('',*,*,#2114,.F.);
#2963=ORIENTED_EDGE('',*,*,#2112,.T.);
#2964=ORIENTED_EDGE('',*,*,#2090,.T.);
#2965=ORIENTED_EDGE('',*,*,#2101,.T.);
#2966=ORIENTED_EDGE('',*,*,#2115,.T.);
#2967=ORIENTED_EDGE('',*,*,#2106,.T.);
#2968=ORIENTED_EDGE('',*,*,#2116,.T.);
#2969=ORIENTED_EDGE('',*,*,#2113,.T.);
#2970=ORIENTED_EDGE('',*,*,#2117,.T.);
#2971=ORIENTED_EDGE('',*,*,#2118,.F.);
#2972=ORIENTED_EDGE('',*,*,#2119,.F.);
#2973=ORIENTED_EDGE('',*,*,#2120,.F.);
#2974=ORIENTED_EDGE('',*,*,#2121,.F.);
#2975=ORIENTED_EDGE('',*,*,#2122,.F.);
#2976=ORIENTED_EDGE('',*,*,#2123,.F.);
#2977=ORIENTED_EDGE('',*,*,#2124,.T.);
#2978=ORIENTED_EDGE('',*,*,#2125,.F.);
#2979=ORIENTED_EDGE('',*,*,#2126,.F.);
#2980=ORIENTED_EDGE('',*,*,#2127,.F.);
#2981=ORIENTED_EDGE('',*,*,#2128,.F.);
#2982=ORIENTED_EDGE('',*,*,#2129,.F.);
#2983=ORIENTED_EDGE('',*,*,#2093,.T.);
#2984=ORIENTED_EDGE('',*,*,#2130,.F.);
#2985=ORIENTED_EDGE('',*,*,#2131,.F.);
#2986=ORIENTED_EDGE('',*,*,#2132,.F.);
#2987=ORIENTED_EDGE('',*,*,#2133,.F.);
#2988=ORIENTED_EDGE('',*,*,#2070,.T.);
#2989=ORIENTED_EDGE('',*,*,#2094,.T.);
#2990=ORIENTED_EDGE('',*,*,#2129,.T.);
#2991=ORIENTED_EDGE('',*,*,#2134,.T.);
#2992=ORIENTED_EDGE('',*,*,#2132,.T.);
#2993=ORIENTED_EDGE('',*,*,#2135,.T.);
#2994=ORIENTED_EDGE('',*,*,#2071,.T.);
#2995=ORIENTED_EDGE('',*,*,#2136,.T.);
#2996=ORIENTED_EDGE('',*,*,#2125,.T.);
#2997=ORIENTED_EDGE('',*,*,#2137,.T.);
#2998=ORIENTED_EDGE('',*,*,#2072,.T.);
#2999=ORIENTED_EDGE('',*,*,#2138,.T.);
#3000=ORIENTED_EDGE('',*,*,#2121,.T.);
#3001=ORIENTED_EDGE('',*,*,#2139,.T.);
#3002=ORIENTED_EDGE('',*,*,#2133,.T.);
#3003=ORIENTED_EDGE('',*,*,#2140,.T.);
#3004=ORIENTED_EDGE('',*,*,#2131,.T.);
#3005=ORIENTED_EDGE('',*,*,#2141,.T.);
#3006=ORIENTED_EDGE('',*,*,#2120,.T.);
#3007=ORIENTED_EDGE('',*,*,#2142,.T.);
#3008=ORIENTED_EDGE('',*,*,#2130,.T.);
#3009=ORIENTED_EDGE('',*,*,#2092,.T.);
#3010=ORIENTED_EDGE('',*,*,#2114,.T.);
#3011=ORIENTED_EDGE('',*,*,#2143,.T.);
#3012=ORIENTED_EDGE('',*,*,#2122,.T.);
#3013=ORIENTED_EDGE('',*,*,#2144,.T.);
#3014=ORIENTED_EDGE('',*,*,#2128,.T.);
#3015=ORIENTED_EDGE('',*,*,#2145,.T.);
#3016=ORIENTED_EDGE('',*,*,#2119,.T.);
#3017=ORIENTED_EDGE('',*,*,#2146,.T.);
#3018=ORIENTED_EDGE('',*,*,#2126,.T.);
#3019=ORIENTED_EDGE('',*,*,#2147,.T.);
#3020=ORIENTED_EDGE('',*,*,#2109,.T.);
#3021=ORIENTED_EDGE('',*,*,#2148,.T.);
#3022=ORIENTED_EDGE('',*,*,#2127,.T.);
#3023=ORIENTED_EDGE('',*,*,#2149,.T.);
#3024=ORIENTED_EDGE('',*,*,#2105,.T.);
#3025=ORIENTED_EDGE('',*,*,#2150,.T.);
#3026=ORIENTED_EDGE('',*,*,#2123,.T.);
#3027=ORIENTED_EDGE('',*,*,#2151,.T.);
#3028=ORIENTED_EDGE('',*,*,#2118,.T.);
#3029=ORIENTED_EDGE('',*,*,#2152,.T.);
#3030=ORIENTED_EDGE('',*,*,#2104,.T.);
#3031=ORIENTED_EDGE('',*,*,#2153,.T.);
#3032=ORIENTED_EDGE('',*,*,#2103,.T.);
#3033=ORIENTED_EDGE('',*,*,#2154,.T.);
#3034=ORIENTED_EDGE('',*,*,#2110,.T.);
#3035=ORIENTED_EDGE('',*,*,#2155,.T.);
#3036=ORIENTED_EDGE('',*,*,#2099,.T.);
#3037=ORIENTED_EDGE('',*,*,#2156,.T.);
#3038=ORIENTED_EDGE('',*,*,#2111,.T.);
#3039=ORIENTED_EDGE('',*,*,#2157,.T.);
#3040=ORIENTED_EDGE('',*,*,#2095,.T.);
#3041=ORIENTED_EDGE('',*,*,#2158,.T.);
#3042=ORIENTED_EDGE('',*,*,#2107,.T.);
#3043=ORIENTED_EDGE('',*,*,#2159,.T.);
#3044=ORIENTED_EDGE('',*,*,#2102,.T.);
#3045=ORIENTED_EDGE('',*,*,#2160,.T.);
#3046=ORIENTED_EDGE('',*,*,#2097,.T.);
#3047=ORIENTED_EDGE('',*,*,#2161,.T.);
#3048=ORIENTED_EDGE('',*,*,#2096,.T.);
#3049=ORIENTED_EDGE('',*,*,#2162,.T.);
#3050=ORIENTED_EDGE('',*,*,#2100,.T.);
#3051=ORIENTED_EDGE('',*,*,#2163,.T.);
#3052=ORIENTED_EDGE('',*,*,#2115,.F.);
#3053=ORIENTED_EDGE('',*,*,#2162,.F.);
#3054=ORIENTED_EDGE('',*,*,#2159,.F.);
#3055=ORIENTED_EDGE('',*,*,#2117,.F.);
#3056=ORIENTED_EDGE('',*,*,#2116,.F.);
#3057=ORIENTED_EDGE('',*,*,#2151,.F.);
#3058=ORIENTED_EDGE('',*,*,#2145,.F.);
#3059=ORIENTED_EDGE('',*,*,#2143,.F.);
#3060=ORIENTED_EDGE('',*,*,#2047,.F.);
#3061=ORIENTED_EDGE('',*,*,#2073,.F.);
#3062=ORIENTED_EDGE('',*,*,#2137,.F.);
#3063=ORIENTED_EDGE('',*,*,#2124,.F.);
#3064=ORIENTED_EDGE('',*,*,#2148,.F.);
#3065=ORIENTED_EDGE('',*,*,#2108,.F.);
#3066=ORIENTED_EDGE('',*,*,#2156,.F.);
#3067=ORIENTED_EDGE('',*,*,#2098,.F.);
#3068=ORIENTED_EDGE('',*,*,#2065,.F.);
#3069=ORIENTED_EDGE('',*,*,#2055,.F.);
#3070=ORIENTED_EDGE('',*,*,#2134,.F.);
#3071=ORIENTED_EDGE('',*,*,#2144,.F.);
#3072=ORIENTED_EDGE('',*,*,#2140,.F.);
#3073=ORIENTED_EDGE('',*,*,#2136,.F.);
#3074=ORIENTED_EDGE('',*,*,#2135,.F.);
#3075=ORIENTED_EDGE('',*,*,#2142,.F.);
#3076=ORIENTED_EDGE('',*,*,#2147,.F.);
#3077=ORIENTED_EDGE('',*,*,#2138,.F.);
#3078=ORIENTED_EDGE('',*,*,#2139,.F.);
#3079=ORIENTED_EDGE('',*,*,#2150,.F.);
#3080=ORIENTED_EDGE('',*,*,#2158,.F.);
#3081=ORIENTED_EDGE('',*,*,#2160,.F.);
#3082=ORIENTED_EDGE('',*,*,#2152,.F.);
#3083=ORIENTED_EDGE('',*,*,#2141,.F.);
#3084=ORIENTED_EDGE('',*,*,#2146,.F.);
#3085=ORIENTED_EDGE('',*,*,#2153,.F.);
#3086=ORIENTED_EDGE('',*,*,#2155,.F.);
#3087=ORIENTED_EDGE('',*,*,#2149,.F.);
#3088=ORIENTED_EDGE('',*,*,#2154,.F.);
#3089=ORIENTED_EDGE('',*,*,#2161,.F.);
#3090=ORIENTED_EDGE('',*,*,#2163,.F.);
#3091=ORIENTED_EDGE('',*,*,#2157,.F.);
#3092=ORIENTED_EDGE('',*,*,#2028,.F.);
#3093=ORIENTED_EDGE('',*,*,#2164,.F.);
#3094=ORIENTED_EDGE('',*,*,#2165,.T.);
#3095=ORIENTED_EDGE('',*,*,#2166,.T.);
#3096=ORIENTED_EDGE('',*,*,#2079,.T.);
#3097=ORIENTED_EDGE('',*,*,#2167,.T.);
#3098=ORIENTED_EDGE('',*,*,#2080,.T.);
#3099=ORIENTED_EDGE('',*,*,#2166,.F.);
#3100=ORIENTED_EDGE('',*,*,#2168,.T.);
#3101=ORIENTED_EDGE('',*,*,#2169,.T.);
#3102=ORIENTED_EDGE('',*,*,#2081,.T.);
#3103=ORIENTED_EDGE('',*,*,#2167,.F.);
#3104=ORIENTED_EDGE('',*,*,#2170,.T.);
#3105=ORIENTED_EDGE('',*,*,#2171,.T.);
#3106=ORIENTED_EDGE('',*,*,#2082,.T.);
#3107=ORIENTED_EDGE('',*,*,#2169,.F.);
#3108=ORIENTED_EDGE('',*,*,#2172,.T.);
#3109=ORIENTED_EDGE('',*,*,#2075,.T.);
#3110=ORIENTED_EDGE('',*,*,#2083,.T.);
#3111=ORIENTED_EDGE('',*,*,#2171,.F.);
#3112=ORIENTED_EDGE('',*,*,#2173,.T.);
#3113=ORIENTED_EDGE('',*,*,#2174,.T.);
#3114=ORIENTED_EDGE('',*,*,#2084,.T.);
#3115=ORIENTED_EDGE('',*,*,#2077,.F.);
#3116=ORIENTED_EDGE('',*,*,#2175,.T.);
#3117=ORIENTED_EDGE('',*,*,#2176,.T.);
#3118=ORIENTED_EDGE('',*,*,#2085,.T.);
#3119=ORIENTED_EDGE('',*,*,#2174,.F.);
#3120=ORIENTED_EDGE('',*,*,#2177,.T.);
#3121=ORIENTED_EDGE('',*,*,#2178,.T.);
#3122=ORIENTED_EDGE('',*,*,#2086,.T.);
#3123=ORIENTED_EDGE('',*,*,#2176,.F.);
#3124=ORIENTED_EDGE('',*,*,#2179,.T.);
#3125=ORIENTED_EDGE('',*,*,#2180,.T.);
#3126=ORIENTED_EDGE('',*,*,#2087,.T.);
#3127=ORIENTED_EDGE('',*,*,#2178,.F.);
#3128=ORIENTED_EDGE('',*,*,#2181,.T.);
#3129=ORIENTED_EDGE('',*,*,#2067,.F.);
#3130=ORIENTED_EDGE('',*,*,#2088,.T.);
#3131=ORIENTED_EDGE('',*,*,#2180,.F.);
#3132=ORIENTED_EDGE('',*,*,#2182,.T.);
#3133=ORIENTED_EDGE('',*,*,#2164,.T.);
#3134=ORIENTED_EDGE('',*,*,#2076,.F.);
#3135=ORIENTED_EDGE('',*,*,#2183,.T.);
#3136=ORIENTED_EDGE('',*,*,#2184,.T.);
#3137=ORIENTED_EDGE('',*,*,#2185,.T.);
#3138=ORIENTED_EDGE('',*,*,#2173,.F.);
#3139=ORIENTED_EDGE('',*,*,#2186,.F.);
#3140=ORIENTED_EDGE('',*,*,#2187,.F.);
#3141=ORIENTED_EDGE('',*,*,#2183,.F.);
#3142=ORIENTED_EDGE('',*,*,#2172,.F.);
#3143=ORIENTED_EDGE('',*,*,#2188,.T.);
#3144=ORIENTED_EDGE('',*,*,#2189,.T.);
#3145=ORIENTED_EDGE('',*,*,#2186,.T.);
#3146=ORIENTED_EDGE('',*,*,#2170,.F.);
#3147=ORIENTED_EDGE('',*,*,#2190,.F.);
#3148=ORIENTED_EDGE('',*,*,#2191,.F.);
#3149=ORIENTED_EDGE('',*,*,#2188,.F.);
#3150=ORIENTED_EDGE('',*,*,#2168,.F.);
#3151=ORIENTED_EDGE('',*,*,#2192,.T.);
#3152=ORIENTED_EDGE('',*,*,#2193,.T.);
#3153=ORIENTED_EDGE('',*,*,#2190,.T.);
#3154=ORIENTED_EDGE('',*,*,#2165,.F.);
#3155=ORIENTED_EDGE('',*,*,#2194,.T.);
#3156=ORIENTED_EDGE('',*,*,#2195,.F.);
#3157=ORIENTED_EDGE('',*,*,#2192,.F.);
#3158=ORIENTED_EDGE('',*,*,#2184,.F.);
#3159=ORIENTED_EDGE('',*,*,#2196,.T.);
#3160=ORIENTED_EDGE('',*,*,#2197,.T.);
#3161=ORIENTED_EDGE('',*,*,#2196,.F.);
#3162=ORIENTED_EDGE('',*,*,#2187,.T.);
#3163=ORIENTED_EDGE('',*,*,#2198,.F.);
#3164=ORIENTED_EDGE('',*,*,#2199,.T.);
#3165=ORIENTED_EDGE('',*,*,#2177,.F.);
#3166=ORIENTED_EDGE('',*,*,#2200,.T.);
#3167=ORIENTED_EDGE('',*,*,#2201,.T.);
#3168=ORIENTED_EDGE('',*,*,#2202,.T.);
#3169=ORIENTED_EDGE('',*,*,#2201,.F.);
#3170=ORIENTED_EDGE('',*,*,#2203,.T.);
#3171=ORIENTED_EDGE('',*,*,#2204,.T.);
#3172=ORIENTED_EDGE('',*,*,#2197,.F.);
#3173=ORIENTED_EDGE('',*,*,#2205,.T.);
#3174=ORIENTED_EDGE('',*,*,#2203,.F.);
#3175=ORIENTED_EDGE('',*,*,#2206,.T.);
#3176=ORIENTED_EDGE('',*,*,#2175,.F.);
#3177=ORIENTED_EDGE('',*,*,#2185,.F.);
#3178=ORIENTED_EDGE('',*,*,#2206,.F.);
#3179=ORIENTED_EDGE('',*,*,#2200,.F.);
#3180=ORIENTED_EDGE('',*,*,#2181,.F.);
#3181=ORIENTED_EDGE('',*,*,#2207,.T.);
#3182=ORIENTED_EDGE('',*,*,#2208,.T.);
#3183=ORIENTED_EDGE('',*,*,#2209,.T.);
#3184=ORIENTED_EDGE('',*,*,#2208,.F.);
#3185=ORIENTED_EDGE('',*,*,#2210,.T.);
#3186=ORIENTED_EDGE('',*,*,#2211,.T.);
#3187=ORIENTED_EDGE('',*,*,#2204,.F.);
#3188=ORIENTED_EDGE('',*,*,#2212,.T.);
#3189=ORIENTED_EDGE('',*,*,#2210,.F.);
#3190=ORIENTED_EDGE('',*,*,#2213,.T.);
#3191=ORIENTED_EDGE('',*,*,#2179,.F.);
#3192=ORIENTED_EDGE('',*,*,#2202,.F.);
#3193=ORIENTED_EDGE('',*,*,#2213,.F.);
#3194=ORIENTED_EDGE('',*,*,#2207,.F.);
#3195=ORIENTED_EDGE('',*,*,#2193,.F.);
#3196=ORIENTED_EDGE('',*,*,#2214,.T.);
#3197=ORIENTED_EDGE('',*,*,#2215,.T.);
#3198=ORIENTED_EDGE('',*,*,#2214,.F.);
#3199=ORIENTED_EDGE('',*,*,#2195,.T.);
#3200=ORIENTED_EDGE('',*,*,#2216,.F.);
#3201=ORIENTED_EDGE('',*,*,#2217,.T.);
#3202=ORIENTED_EDGE('',*,*,#2189,.F.);
#3203=ORIENTED_EDGE('',*,*,#2218,.T.);
#3204=ORIENTED_EDGE('',*,*,#2198,.T.);
#3205=ORIENTED_EDGE('',*,*,#2215,.F.);
#3206=ORIENTED_EDGE('',*,*,#2219,.T.);
#3207=ORIENTED_EDGE('',*,*,#2218,.F.);
#3208=ORIENTED_EDGE('',*,*,#2191,.T.);
#3209=ORIENTED_EDGE('',*,*,#2211,.F.);
#3210=ORIENTED_EDGE('',*,*,#2220,.T.);
#3211=ORIENTED_EDGE('',*,*,#2216,.T.);
#3212=ORIENTED_EDGE('',*,*,#2221,.T.);
#3213=ORIENTED_EDGE('',*,*,#2182,.F.);
#3214=ORIENTED_EDGE('',*,*,#2209,.F.);
#3215=ORIENTED_EDGE('',*,*,#2221,.F.);
#3216=ORIENTED_EDGE('',*,*,#2194,.F.);
#3217=ORIENTED_EDGE('',*,*,#2219,.F.);
#3218=ORIENTED_EDGE('',*,*,#2217,.F.);
#3219=ORIENTED_EDGE('',*,*,#2220,.F.);
#3220=ORIENTED_EDGE('',*,*,#2212,.F.);
#3221=ORIENTED_EDGE('',*,*,#2205,.F.);
#3222=ORIENTED_EDGE('',*,*,#2199,.F.);
#3223=ORIENTED_EDGE('',*,*,#1919,.F.);
#3224=ORIENTED_EDGE('',*,*,#2002,.F.);
#3225=ORIENTED_EDGE('',*,*,#1922,.F.);
#3226=ORIENTED_EDGE('',*,*,#1912,.F.);
#3227=ORIENTED_EDGE('',*,*,#1807,.F.);
#3228=ORIENTED_EDGE('',*,*,#1996,.F.);
#3229=ORIENTED_EDGE('',*,*,#2068,.F.);
#3230=ORIENTED_EDGE('',*,*,#2037,.F.);
#3231=ORIENTED_EDGE('',*,*,#2064,.F.);
#3232=ORIENTED_EDGE('',*,*,#2063,.F.);
#3233=ORIENTED_EDGE('',*,*,#2060,.F.);
#3234=ORIENTED_EDGE('',*,*,#2066,.F.);
#3235=ORIENTED_EDGE('',*,*,#2029,.F.);
#3236=ORIENTED_EDGE('',*,*,#2025,.F.);
#3237=ORIENTED_EDGE('',*,*,#2024,.F.);
#3238=ORIENTED_EDGE('',*,*,#1760,.F.);
#3239=ORIENTED_EDGE('',*,*,#1901,.F.);
#3240=ORIENTED_EDGE('',*,*,#1856,.F.);
#3241=ORIENTED_EDGE('',*,*,#1850,.F.);
#3242=ORIENTED_EDGE('',*,*,#1875,.F.);
#3243=ORIENTED_EDGE('',*,*,#1830,.F.);
#3244=ORIENTED_EDGE('',*,*,#1885,.F.);
#3245=ORIENTED_EDGE('',*,*,#1801,.F.);
#3246=ORIENTED_EDGE('',*,*,#1770,.F.);
#3247=ORIENTED_EDGE('',*,*,#1764,.F.);
#3248=ORIENTED_EDGE('',*,*,#1775,.F.);
#3249=ORIENTED_EDGE('',*,*,#1757,.F.);
#3250=SPHERICAL_SURFACE('',#3541,0.250000000000015);
#3251=SPHERICAL_SURFACE('',#3545,0.249999999999986);
#3252=SPHERICAL_SURFACE('',#3554,0.250000000000012);
#3253=SPHERICAL_SURFACE('',#3558,0.250000000000015);
#3254=SPHERICAL_SURFACE('',#3576,0.249999999999986);
#3255=SPHERICAL_SURFACE('',#3580,0.250000000000013);
#3256=SPHERICAL_SURFACE('',#3639,0.250000000000015);
#3257=SPHERICAL_SURFACE('',#3649,0.250000000000011);
#3258=SPHERICAL_SURFACE('',#3659,0.249999999999986);
#3259=SPHERICAL_SURFACE('',#3667,0.249999999999986);
#3260=SPHERICAL_SURFACE('',#3681,0.250000000000009);
#3261=SPHERICAL_SURFACE('',#3687,0.249999999999985);
#3262=SPHERICAL_SURFACE('',#3719,0.500000000000043);
#3263=SPHERICAL_SURFACE('',#3723,0.5);
#3264=SPHERICAL_SURFACE('',#3728,0.500000000000007);
#3265=SPHERICAL_SURFACE('',#3734,0.5);
#3266=SPHERICAL_SURFACE('',#3749,0.499999999999998);
#3267=SPHERICAL_SURFACE('',#3753,0.500000000000007);
#3268=SPHERICAL_SURFACE('',#3758,0.499999999999998);
#3269=SPHERICAL_SURFACE('',#3763,0.500000000000007);
#3270=SPHERICAL_SURFACE('',#3768,0.499999999999998);
#3271=SPHERICAL_SURFACE('',#3772,0.499999999999998);
#3272=SPHERICAL_SURFACE('',#3776,0.5);
#3273=SPHERICAL_SURFACE('',#3780,0.499999999999998);
#3274=SPHERICAL_SURFACE('',#3836,0.249999999999999);
#3275=SPHERICAL_SURFACE('',#3840,0.249999999999999);
#3276=SPHERICAL_SURFACE('',#3845,0.25);
#3277=SPHERICAL_SURFACE('',#3849,0.249999999999999);
#3278=SPHERICAL_SURFACE('',#3892,0.250000000000002);
#3279=SPHERICAL_SURFACE('',#3901,0.249999999999999);
#3280=SPHERICAL_SURFACE('',#3905,0.249999999999996);
#3281=SPHERICAL_SURFACE('',#3920,0.249999999999999);
#3282=SPHERICAL_SURFACE('',#3924,0.249999999999999);
#3283=SPHERICAL_SURFACE('',#3937,0.250000000000001);
#3284=SPHERICAL_SURFACE('',#3997,0.25);
#3285=SPHERICAL_SURFACE('',#4004,0.25);
#3286=SPHERICAL_SURFACE('',#4011,0.25);
#3287=SPHERICAL_SURFACE('',#4016,0.25);
#3288=SPHERICAL_SURFACE('',#4021,0.25);
#3289=ADVANCED_FACE('',(#709),#3250,.T.);
#3290=ADVANCED_FACE('',(#710),#3251,.T.);
#3291=ADVANCED_FACE('',(#711),#683,.F.);
#3292=ADVANCED_FACE('',(#712),#3252,.T.);
#3293=ADVANCED_FACE('',(#713),#3253,.T.);
#3294=ADVANCED_FACE('',(#714),#684,.F.);
#3295=ADVANCED_FACE('',(#715),#573,.F.);
#3296=ADVANCED_FACE('',(#716),#574,.T.);
#3297=ADVANCED_FACE('',(#717),#104,.T.);
#3298=ADVANCED_FACE('',(#718),#575,.T.);
#3299=ADVANCED_FACE('',(#719),#576,.F.);
#3300=ADVANCED_FACE('',(#720),#105,.T.);
#3301=ADVANCED_FACE('',(#721),#3254,.T.);
#3302=ADVANCED_FACE('',(#722),#3255,.T.);
#3303=ADVANCED_FACE('',(#723),#106,.T.);
#3304=ADVANCED_FACE('',(#724),#577,.T.);
#3305=ADVANCED_FACE('',(#725),#685,.F.);
#3306=ADVANCED_FACE('',(#726),#578,.F.);
#3307=ADVANCED_FACE('',(#727),#107,.T.);
#3308=ADVANCED_FACE('',(#728),#686,.F.);
#3309=ADVANCED_FACE('',(#729),#579,.F.);
#3310=ADVANCED_FACE('',(#730),#108,.T.);
#3311=ADVANCED_FACE('',(#731),#580,.T.);
#3312=ADVANCED_FACE('',(#732),#581,.F.);
#3313=ADVANCED_FACE('',(#733),#582,.T.);
#3314=ADVANCED_FACE('',(#734),#583,.F.);
#3315=ADVANCED_FACE('',(#735),#109,.T.);
#3316=ADVANCED_FACE('',(#736),#584,.T.);
#3317=ADVANCED_FACE('',(#737),#585,.T.);
#3318=ADVANCED_FACE('',(#738),#586,.T.);
#3319=ADVANCED_FACE('',(#739),#587,.T.);
#3320=ADVANCED_FACE('',(#740),#588,.T.);
#3321=ADVANCED_FACE('',(#741),#589,.T.);
#3322=ADVANCED_FACE('',(#742),#590,.T.);
#3323=ADVANCED_FACE('',(#743),#15,.T.);
#3324=ADVANCED_FACE('',(#744),#591,.T.);
#3325=ADVANCED_FACE('',(#745),#16,.T.);
#3326=ADVANCED_FACE('',(#746),#17,.T.);
#3327=ADVANCED_FACE('',(#747),#18,.T.);
#3328=ADVANCED_FACE('',(#748),#19,.T.);
#3329=ADVANCED_FACE('',(#749),#20,.T.);
#3330=ADVANCED_FACE('',(#750),#21,.T.);
#3331=ADVANCED_FACE('',(#751),#22,.T.);
#3332=ADVANCED_FACE('',(#752),#687,.F.);
#3333=ADVANCED_FACE('',(#753),#110,.T.);
#3334=ADVANCED_FACE('',(#754),#3256,.T.);
#3335=ADVANCED_FACE('',(#755),#592,.T.);
#3336=ADVANCED_FACE('',(#756),#688,.F.);
#3337=ADVANCED_FACE('',(#757),#3257,.T.);
#3338=ADVANCED_FACE('',(#758),#593,.T.);
#3339=ADVANCED_FACE('',(#759),#689,.F.);
#3340=ADVANCED_FACE('',(#760),#3258,.T.);
#3341=ADVANCED_FACE('',(#761),#594,.T.);
#3342=ADVANCED_FACE('',(#762),#595,.T.);
#3343=ADVANCED_FACE('',(#763),#111,.T.);
#3344=ADVANCED_FACE('',(#764),#3259,.T.);
#3345=ADVANCED_FACE('',(#765),#596,.T.);
#3346=ADVANCED_FACE('',(#766),#690,.F.);
#3347=ADVANCED_FACE('',(#767),#597,.F.);
#3348=ADVANCED_FACE('',(#768),#112,.T.);
#3349=ADVANCED_FACE('',(#769),#3260,.T.);
#3350=ADVANCED_FACE('',(#770),#598,.T.);
#3351=ADVANCED_FACE('',(#771),#599,.T.);
#3352=ADVANCED_FACE('',(#772),#3261,.T.);
#3353=ADVANCED_FACE('',(#773),#600,.T.);
#3354=ADVANCED_FACE('',(#774),#601,.T.);
#3355=ADVANCED_FACE('',(#775),#602,.T.);
#3356=ADVANCED_FACE('',(#776),#603,.F.);
#3357=ADVANCED_FACE('',(#777),#604,.T.);
#3358=ADVANCED_FACE('',(#778),#605,.F.);
#3359=ADVANCED_FACE('',(#779),#113,.T.);
#3360=ADVANCED_FACE('',(#780),#606,.F.);
#3361=ADVANCED_FACE('',(#781),#114,.T.);
#3362=ADVANCED_FACE('',(#782),#607,.T.);
#3363=ADVANCED_FACE('',(#783),#608,.F.);
#3364=ADVANCED_FACE('',(#784),#609,.F.);
#3365=ADVANCED_FACE('',(#785),#115,.T.);
#3366=ADVANCED_FACE('',(#786),#23,.T.);
#3367=ADVANCED_FACE('',(#787),#610,.T.);
#3368=ADVANCED_FACE('',(#788),#24,.T.);
#3369=ADVANCED_FACE('',(#789),#25,.T.);
#3370=ADVANCED_FACE('',(#790),#26,.T.);
#3371=ADVANCED_FACE('',(#791),#27,.T.);
#3372=ADVANCED_FACE('',(#792),#28,.T.);
#3373=ADVANCED_FACE('',(#793),#29,.T.);
#3374=ADVANCED_FACE('',(#794),#30,.T.);
#3375=ADVANCED_FACE('',(#795),#3262,.T.);
#3376=ADVANCED_FACE('',(#796),#3263,.T.);
#3377=ADVANCED_FACE('',(#797),#611,.T.);
#3378=ADVANCED_FACE('',(#798),#3264,.T.);
#3379=ADVANCED_FACE('',(#799),#612,.T.);
#3380=ADVANCED_FACE('',(#800),#613,.T.);
#3381=ADVANCED_FACE('',(#801),#3265,.T.);
#3382=ADVANCED_FACE('',(#802),#691,.T.);
#3383=ADVANCED_FACE('',(#803),#614,.T.);
#3384=ADVANCED_FACE('',(#804),#31,.T.);
#3385=ADVANCED_FACE('',(#805),#615,.T.);
#3386=ADVANCED_FACE('',(#806),#616,.T.);
#3387=ADVANCED_FACE('',(#807),#32,.T.);
#3388=ADVANCED_FACE('',(#808),#3266,.T.);
#3389=ADVANCED_FACE('',(#809),#3267,.T.);
#3390=ADVANCED_FACE('',(#810),#617,.T.);
#3391=ADVANCED_FACE('',(#811),#3268,.T.);
#3392=ADVANCED_FACE('',(#812),#618,.T.);
#3393=ADVANCED_FACE('',(#813),#3269,.T.);
#3394=ADVANCED_FACE('',(#814),#619,.T.);
#3395=ADVANCED_FACE('',(#815),#3270,.T.);
#3396=ADVANCED_FACE('',(#816),#3271,.T.);
#3397=ADVANCED_FACE('',(#817),#3272,.T.);
#3398=ADVANCED_FACE('',(#818),#3273,.T.);
#3399=ADVANCED_FACE('',(#819),#620,.T.);
#3400=ADVANCED_FACE('',(#820),#621,.T.);
#3401=ADVANCED_FACE('',(#821),#692,.T.);
#3402=ADVANCED_FACE('',(#822),#622,.T.);
#3403=ADVANCED_FACE('',(#823),#693,.F.);
#3404=ADVANCED_FACE('',(#824),#623,.F.);
#3405=ADVANCED_FACE('',(#825),#624,.F.);
#3406=ADVANCED_FACE('',(#826),#625,.T.);
#3407=ADVANCED_FACE('',(#827),#626,.T.);
#3408=ADVANCED_FACE('',(#828),#627,.T.);
#3409=ADVANCED_FACE('',(#829),#628,.T.);
#3410=ADVANCED_FACE('',(#830),#629,.T.);
#3411=ADVANCED_FACE('',(#831),#630,.T.);
#3412=ADVANCED_FACE('',(#832),#631,.T.);
#3413=ADVANCED_FACE('',(#833),#632,.T.);
#3414=ADVANCED_FACE('',(#834),#694,.T.);
#3415=ADVANCED_FACE('',(#835),#695,.T.);
#3416=ADVANCED_FACE('',(#836),#33,.T.);
#3417=ADVANCED_FACE('',(#837),#633,.T.);
#3418=ADVANCED_FACE('',(#838),#34,.T.);
#3419=ADVANCED_FACE('',(#839),#634,.F.);
#3420=ADVANCED_FACE('',(#840),#35,.T.);
#3421=ADVANCED_FACE('',(#841),#36,.T.);
#3422=ADVANCED_FACE('',(#842),#37,.T.);
#3423=ADVANCED_FACE('',(#843),#38,.T.);
#3424=ADVANCED_FACE('',(#844),#39,.T.);
#3425=ADVANCED_FACE('',(#845),#696,.F.);
#3426=ADVANCED_FACE('',(#846),#635,.F.);
#3427=ADVANCED_FACE('',(#847),#697,.F.);
#3428=ADVANCED_FACE('',(#848),#636,.F.);
#3429=ADVANCED_FACE('',(#849),#637,.T.);
#3430=ADVANCED_FACE('',(#850),#116,.F.);
#3431=ADVANCED_FACE('',(#851),#3274,.T.);
#3432=ADVANCED_FACE('',(#852),#3275,.T.);
#3433=ADVANCED_FACE('',(#853),#638,.T.);
#3434=ADVANCED_FACE('',(#854),#3276,.T.);
#3435=ADVANCED_FACE('',(#855),#639,.T.);
#3436=ADVANCED_FACE('',(#856),#3277,.T.);
#3437=ADVANCED_FACE('',(#857),#640,.T.);
#3438=ADVANCED_FACE('',(#858),#641,.T.);
#3439=ADVANCED_FACE('',(#859),#117,.F.);
#3440=ADVANCED_FACE('',(#860),#642,.T.);
#3441=ADVANCED_FACE('',(#861),#118,.F.);
#3442=ADVANCED_FACE('',(#862),#643,.T.);
#3443=ADVANCED_FACE('',(#863),#644,.T.);
#3444=ADVANCED_FACE('',(#864),#645,.T.);
#3445=ADVANCED_FACE('',(#865),#119,.F.);
#3446=ADVANCED_FACE('',(#866),#646,.T.);
#3447=ADVANCED_FACE('',(#867),#120,.F.);
#3448=ADVANCED_FACE('',(#868),#647,.T.);
#3449=ADVANCED_FACE('',(#869),#698,.F.);
#3450=ADVANCED_FACE('',(#870),#699,.F.);
#3451=ADVANCED_FACE('',(#871),#40,.T.);
#3452=ADVANCED_FACE('',(#872),#41,.T.);
#3453=ADVANCED_FACE('',(#873),#42,.T.);
#3454=ADVANCED_FACE('',(#874),#3278,.T.);
#3455=ADVANCED_FACE('',(#875),#700,.F.);
#3456=ADVANCED_FACE('',(#876),#3279,.T.);
#3457=ADVANCED_FACE('',(#877),#3280,.T.);
#3458=ADVANCED_FACE('',(#878),#701,.F.);
#3459=ADVANCED_FACE('',(#879),#702,.F.);
#3460=ADVANCED_FACE('',(#880),#648,.F.);
#3461=ADVANCED_FACE('',(#881),#649,.T.);
#3462=ADVANCED_FACE('',(#882),#3281,.T.);
#3463=ADVANCED_FACE('',(#883),#3282,.T.);
#3464=ADVANCED_FACE('',(#884),#703,.F.);
#3465=ADVANCED_FACE('',(#885),#704,.F.);
#3466=ADVANCED_FACE('',(#886),#3283,.T.);
#3467=ADVANCED_FACE('',(#887),#650,.F.);
#3468=ADVANCED_FACE('',(#888),#651,.T.);
#3469=ADVANCED_FACE('',(#889),#652,.F.);
#3470=ADVANCED_FACE('',(#890),#653,.T.);
#3471=ADVANCED_FACE('',(#891),#654,.T.);
#3472=ADVANCED_FACE('',(#892),#655,.F.);
#3473=ADVANCED_FACE('',(#893),#656,.T.);
#3474=ADVANCED_FACE('',(#894),#657,.T.);
#3475=ADVANCED_FACE('',(#895),#658,.F.);
#3476=ADVANCED_FACE('',(#896),#659,.T.);
#3477=ADVANCED_FACE('',(#897),#660,.T.);
#3478=ADVANCED_FACE('',(#898),#661,.T.);
#3479=ADVANCED_FACE('',(#899),#662,.F.);
#3480=ADVANCED_FACE('',(#900),#663,.T.);
#3481=ADVANCED_FACE('',(#901),#664,.T.);
#3482=ADVANCED_FACE('',(#902),#665,.T.);
#3483=ADVANCED_FACE('',(#903),#43,.T.);
#3484=ADVANCED_FACE('',(#904),#44,.T.);
#3485=ADVANCED_FACE('',(#905),#45,.T.);
#3486=ADVANCED_FACE('',(#906),#46,.T.);
#3487=ADVANCED_FACE('',(#907),#47,.T.);
#3488=ADVANCED_FACE('',(#908),#48,.T.);
#3489=ADVANCED_FACE('',(#909),#49,.T.);
#3490=ADVANCED_FACE('',(#910),#50,.T.);
#3491=ADVANCED_FACE('',(#911),#666,.F.);
#3492=ADVANCED_FACE('',(#912),#705,.F.);
#3493=ADVANCED_FACE('',(#913),#667,.F.);
#3494=ADVANCED_FACE('',(#914),#706,.F.);
#3495=ADVANCED_FACE('',(#915),#668,.F.);
#3496=ADVANCED_FACE('',(#916),#669,.F.);
#3497=ADVANCED_FACE('',(#917),#707,.F.);
#3498=ADVANCED_FACE('',(#918),#670,.F.);
#3499=ADVANCED_FACE('',(#919),#708,.F.);
#3500=ADVANCED_FACE('',(#920),#671,.F.);
#3501=ADVANCED_FACE('',(#921),#672,.T.);
#3502=ADVANCED_FACE('',(#922),#51,.T.);
#3503=ADVANCED_FACE('',(#923),#673,.T.);
#3504=ADVANCED_FACE('',(#924),#52,.T.);
#3505=ADVANCED_FACE('',(#925),#674,.T.);
#3506=ADVANCED_FACE('',(#926),#53,.T.);
#3507=ADVANCED_FACE('',(#927),#3284,.T.);
#3508=ADVANCED_FACE('',(#928),#675,.T.);
#3509=ADVANCED_FACE('',(#929),#676,.T.);
#3510=ADVANCED_FACE('',(#930),#3285,.T.);
#3511=ADVANCED_FACE('',(#931),#677,.T.);
#3512=ADVANCED_FACE('',(#932),#54,.T.);
#3513=ADVANCED_FACE('',(#933),#678,.T.);
#3514=ADVANCED_FACE('',(#934),#3286,.T.);
#3515=ADVANCED_FACE('',(#935),#679,.T.);
#3516=ADVANCED_FACE('',(#936),#55,.T.);
#3517=ADVANCED_FACE('',(#937),#3287,.T.);
#3518=ADVANCED_FACE('',(#938),#680,.T.);
#3519=ADVANCED_FACE('',(#939),#3288,.T.);
#3520=ADVANCED_FACE('',(#940),#681,.T.);
#3521=ADVANCED_FACE('',(#941),#682,.T.);
#3522=ADVANCED_FACE('',(#942),#56,.T.);
#3523=ADVANCED_FACE('',(#943),#57,.T.);
#3524=ADVANCED_FACE('',(#944),#58,.T.);
#3525=ADVANCED_FACE('',(#945),#59,.T.);
#3526=ADVANCED_FACE('',(#946),#60,.T.);
#3527=CLOSED_SHELL('',(#3289,#3290,#3291,#3292,#3293,#3294,#3295,#3296,
#3297,#3298,#3299,#3300,#3301,#3302,#3303,#3304,#3305,#3306,#3307,#3308,
#3309,#3310,#3311,#3312,#3313,#3314,#3315,#3316,#3317,#3318,#3319,#3320,
#3321,#3322,#3323,#3324,#3325,#3326,#3327,#3328,#3329,#3330,#3331,#3332,
#3333,#3334,#3335,#3336,#3337,#3338,#3339,#3340,#3341,#3342,#3343,#3344,
#3345,#3346,#3347,#3348,#3349,#3350,#3351,#3352,#3353,#3354,#3355,#3356,
#3357,#3358,#3359,#3360,#3361,#3362,#3363,#3364,#3365,#3366,#3367,#3368,
#3369,#3370,#3371,#3372,#3373,#3374,#3375,#3376,#3377,#3378,#3379,#3380,
#3381,#3382,#3383,#3384,#3385,#3386,#3387,#3388,#3389,#3390,#3391,#3392,
#3393,#3394,#3395,#3396,#3397,#3398,#3399,#3400,#3401,#3402,#3403,#3404,
#3405,#3406,#3407,#3408,#3409,#3410,#3411,#3412,#3413,#3414,#3415,#3416,
#3417,#3418,#3419,#3420,#3421,#3422,#3423,#3424,#3425,#3426,#3427,#3428,
#3429,#3430,#3431,#3432,#3433,#3434,#3435,#3436,#3437,#3438,#3439,#3440,
#3441,#3442,#3443,#3444,#3445,#3446,#3447,#3448,#3449,#3450,#3451,#3452,
#3453,#3454,#3455,#3456,#3457,#3458,#3459,#3460,#3461,#3462,#3463,#3464,
#3465,#3466,#3467,#3468,#3469,#3470,#3471,#3472,#3473,#3474,#3475,#3476,
#3477,#3478,#3479,#3480,#3481,#3482,#3483,#3484,#3485,#3486,#3487,#3488,
#3489,#3490,#3491,#3492,#3493,#3494,#3495,#3496,#3497,#3498,#3499,#3500,
#3501,#3502,#3503,#3504,#3505,#3506,#3507,#3508,#3509,#3510,#3511,#3512,
#3513,#3514,#3515,#3516,#3517,#3518,#3519,#3520,#3521,#3522,#3523,#3524,
#3525,#3526));
#3528=DERIVED_UNIT_ELEMENT(#3530,1.);
#3529=DERIVED_UNIT_ELEMENT(#6784,-3.);
#3530=(
MASS_UNIT()
NAMED_UNIT(*)
SI_UNIT(.KILO.,.GRAM.)
);
#3531=DERIVED_UNIT((#3528,#3529));
#3532=MEASURE_REPRESENTATION_ITEM('density measure',
POSITIVE_RATIO_MEASURE(7850.),#3531);
#3533=PROPERTY_DEFINITION_REPRESENTATION(#3538,#3535);
#3534=PROPERTY_DEFINITION_REPRESENTATION(#3539,#3536);
#3535=REPRESENTATION('material name',(#3537),#6781);
#3536=REPRESENTATION('density',(#3532),#6781);
#3537=DESCRIPTIVE_REPRESENTATION_ITEM('Steel','Steel');
#3538=PROPERTY_DEFINITION('material property','material name',#6791);
#3539=PROPERTY_DEFINITION('material property','density of part',#6791);
#3540=AXIS2_PLACEMENT_3D('',#5236,#4030,#4031);
#3541=AXIS2_PLACEMENT_3D('',#5237,#4032,#4033);
#3542=AXIS2_PLACEMENT_3D('',#5240,#4034,#4035);
#3543=AXIS2_PLACEMENT_3D('',#5242,#4036,#4037);
#3544=AXIS2_PLACEMENT_3D('',#5243,#4038,#4039);
#3545=AXIS2_PLACEMENT_3D('',#5244,#4040,#4041);
#3546=AXIS2_PLACEMENT_3D('',#5247,#4042,#4043);
#3547=AXIS2_PLACEMENT_3D('',#5249,#4044,#4045);
#3548=AXIS2_PLACEMENT_3D('',#5250,#4046,#4047);
#3549=AXIS2_PLACEMENT_3D('',#5251,#4048,#4049);
#3550=AXIS2_PLACEMENT_3D('',#5254,#4050,#4051);
#3551=AXIS2_PLACEMENT_3D('',#5256,#4052,#4053);
#3552=AXIS2_PLACEMENT_3D('',#5258,#4054,#4055);
#3553=AXIS2_PLACEMENT_3D('',#5259,#4056,#4057);
#3554=AXIS2_PLACEMENT_3D('',#5260,#4058,#4059);
#3555=AXIS2_PLACEMENT_3D('',#5263,#4060,#4061);
#3556=AXIS2_PLACEMENT_3D('',#5265,#4062,#4063);
#3557=AXIS2_PLACEMENT_3D('',#5266,#4064,#4065);
#3558=AXIS2_PLACEMENT_3D('',#5267,#4066,#4067);
#3559=AXIS2_PLACEMENT_3D('',#5270,#4068,#4069);
#3560=AXIS2_PLACEMENT_3D('',#5272,#4070,#4071);
#3561=AXIS2_PLACEMENT_3D('',#5273,#4072,#4073);
#3562=AXIS2_PLACEMENT_3D('',#5274,#4074,#4075);
#3563=AXIS2_PLACEMENT_3D('',#5277,#4076,#4077);
#3564=AXIS2_PLACEMENT_3D('',#5279,#4078,#4079);
#3565=AXIS2_PLACEMENT_3D('',#5281,#4080,#4081);
#3566=AXIS2_PLACEMENT_3D('',#5282,#4082,#4083);
#3567=AXIS2_PLACEMENT_3D('',#5283,#4084,#4085);
#3568=AXIS2_PLACEMENT_3D('',#5286,#4088,#4089);
#3569=AXIS2_PLACEMENT_3D('',#5326,#4092,#4093);
#3570=AXIS2_PLACEMENT_3D('',#5336,#4094,#4095);
#3571=AXIS2_PLACEMENT_3D('',#5344,#4096,#4097);
#3572=AXIS2_PLACEMENT_3D('',#5347,#4100,#4101);
#3573=AXIS2_PLACEMENT_3D('',#5350,#4102,#4103);
#3574=AXIS2_PLACEMENT_3D('',#5373,#4106,#4107);
#3575=AXIS2_PLACEMENT_3D('',#5374,#4108,#4109);
#3576=AXIS2_PLACEMENT_3D('',#5375,#4110,#4111);
#3577=AXIS2_PLACEMENT_3D('',#5378,#4112,#4113);
#3578=AXIS2_PLACEMENT_3D('',#5380,#4114,#4115);
#3579=AXIS2_PLACEMENT_3D('',#5381,#4116,#4117);
#3580=AXIS2_PLACEMENT_3D('',#5382,#4118,#4119);
#3581=AXIS2_PLACEMENT_3D('',#5385,#4120,#4121);
#3582=AXIS2_PLACEMENT_3D('',#5387,#4122,#4123);
#3583=AXIS2_PLACEMENT_3D('',#5388,#4124,#4125);
#3584=AXIS2_PLACEMENT_3D('',#5426,#4126,#4127);
#3585=AXIS2_PLACEMENT_3D('',#5436,#4128,#4129);
#3586=AXIS2_PLACEMENT_3D('',#5444,#4130,#4131);
#3587=AXIS2_PLACEMENT_3D('',#5447,#4134,#4135);
#3588=AXIS2_PLACEMENT_3D('',#5450,#4136,#4137);
#3589=AXIS2_PLACEMENT_3D('',#5452,#4138,#4139);
#3590=AXIS2_PLACEMENT_3D('',#5454,#4140,#4141);
#3591=AXIS2_PLACEMENT_3D('',#5455,#4142,#4143);
#3592=AXIS2_PLACEMENT_3D('',#5456,#4144,#4145);
#3593=AXIS2_PLACEMENT_3D('',#5459,#4146,#4147);
#3594=AXIS2_PLACEMENT_3D('',#5482,#4150,#4151);
#3595=AXIS2_PLACEMENT_3D('',#5483,#4152,#4153);
#3596=AXIS2_PLACEMENT_3D('',#5484,#4154,#4155);
#3597=AXIS2_PLACEMENT_3D('',#5487,#4156,#4157);
#3598=AXIS2_PLACEMENT_3D('',#5489,#4158,#4159);
#3599=AXIS2_PLACEMENT_3D('',#5491,#4160,#4161);
#3600=AXIS2_PLACEMENT_3D('',#5492,#4162,#4163);
#3601=AXIS2_PLACEMENT_3D('',#5493,#4164,#4165);
#3602=AXIS2_PLACEMENT_3D('',#5496,#4166,#4167);
#3603=AXIS2_PLACEMENT_3D('',#5519,#4170,#4171);
#3604=AXIS2_PLACEMENT_3D('',#5520,#4172,#4173);
#3605=AXIS2_PLACEMENT_3D('',#5521,#4174,#4175);
#3606=AXIS2_PLACEMENT_3D('',#5524,#4178,#4179);
#3607=AXIS2_PLACEMENT_3D('',#5527,#4182,#4183);
#3608=AXIS2_PLACEMENT_3D('',#5530,#4186,#4187);
#3609=AXIS2_PLACEMENT_3D('',#5533,#4188,#4189);
#3610=AXIS2_PLACEMENT_3D('',#5556,#4192,#4193);
#3611=AXIS2_PLACEMENT_3D('',#5557,#4194,#4195);
#3612=AXIS2_PLACEMENT_3D('',#5558,#4196,#4197);
#3613=AXIS2_PLACEMENT_3D('',#5561,#4200,#4201);
#3614=AXIS2_PLACEMENT_3D('',#5564,#4204,#4205);
#3615=AXIS2_PLACEMENT_3D('',#5567,#4208,#4209);
#3616=AXIS2_PLACEMENT_3D('',#5570,#4212,#4213);
#3617=AXIS2_PLACEMENT_3D('',#5573,#4216,#4217);
#3618=AXIS2_PLACEMENT_3D('',#5576,#4220,#4221);
#3619=AXIS2_PLACEMENT_3D('',#5579,#4224,#4225);
#3620=AXIS2_PLACEMENT_3D('',#5585,#4229,#4230);
#3621=AXIS2_PLACEMENT_3D('',#5589,#4232,#4233);
#3622=AXIS2_PLACEMENT_3D('',#5599,#4234,#4235);
#3623=AXIS2_PLACEMENT_3D('',#5603,#4237,#4238);
#3624=AXIS2_PLACEMENT_3D('',#5606,#4240,#4241);
#3625=AXIS2_PLACEMENT_3D('',#5607,#4242,#4243);
#3626=AXIS2_PLACEMENT_3D('',#5608,#4244,#4245);
#3627=AXIS2_PLACEMENT_3D('',#5609,#4246,#4247);
#3628=AXIS2_PLACEMENT_3D('',#5610,#4248,#4249);
#3629=AXIS2_PLACEMENT_3D('',#5611,#4250,#4251);
#3630=AXIS2_PLACEMENT_3D('',#5612,#4252,#4253);
#3631=AXIS2_PLACEMENT_3D('',#5613,#4254,#4255);
#3632=AXIS2_PLACEMENT_3D('',#5614,#4256,#4257);
#3633=AXIS2_PLACEMENT_3D('',#5617,#4258,#4259);
#3634=AXIS2_PLACEMENT_3D('',#5619,#4260,#4261);
#3635=AXIS2_PLACEMENT_3D('',#5621,#4262,#4263);
#3636=AXIS2_PLACEMENT_3D('',#5622,#4264,#4265);
#3637=AXIS2_PLACEMENT_3D('',#5659,#4266,#4267);
#3638=AXIS2_PLACEMENT_3D('',#5668,#4268,#4269);
#3639=AXIS2_PLACEMENT_3D('',#5669,#4270,#4271);
#3640=AXIS2_PLACEMENT_3D('',#5672,#4272,#4273);
#3641=AXIS2_PLACEMENT_3D('',#5674,#4274,#4275);
#3642=AXIS2_PLACEMENT_3D('',#5675,#4276,#4277);
#3643=AXIS2_PLACEMENT_3D('',#5676,#4278,#4279);
#3644=AXIS2_PLACEMENT_3D('',#5679,#4282,#4283);
#3645=AXIS2_PLACEMENT_3D('',#5682,#4284,#4285);
#3646=AXIS2_PLACEMENT_3D('',#5684,#4286,#4287);
#3647=AXIS2_PLACEMENT_3D('',#5686,#4288,#4289);
#3648=AXIS2_PLACEMENT_3D('',#5687,#4290,#4291);
#3649=AXIS2_PLACEMENT_3D('',#5688,#4292,#4293);
#3650=AXIS2_PLACEMENT_3D('',#5691,#4294,#4295);
#3651=AXIS2_PLACEMENT_3D('',#5693,#4296,#4297);
#3652=AXIS2_PLACEMENT_3D('',#5694,#4298,#4299);
#3653=AXIS2_PLACEMENT_3D('',#5695,#4300,#4301);
#3654=AXIS2_PLACEMENT_3D('',#5698,#4304,#4305);
#3655=AXIS2_PLACEMENT_3D('',#5701,#4306,#4307);
#3656=AXIS2_PLACEMENT_3D('',#5703,#4308,#4309);
#3657=AXIS2_PLACEMENT_3D('',#5705,#4310,#4311);
#3658=AXIS2_PLACEMENT_3D('',#5706,#4312,#4313);
#3659=AXIS2_PLACEMENT_3D('',#5707,#4314,#4315);
#3660=AXIS2_PLACEMENT_3D('',#5710,#4316,#4317);
#3661=AXIS2_PLACEMENT_3D('',#5712,#4318,#4319);
#3662=AXIS2_PLACEMENT_3D('',#5713,#4320,#4321);
#3663=AXIS2_PLACEMENT_3D('',#5714,#4322,#4323);
#3664=AXIS2_PLACEMENT_3D('',#5717,#4326,#4327);
#3665=AXIS2_PLACEMENT_3D('',#5757,#4330,#4331);
#3666=AXIS2_PLACEMENT_3D('',#5767,#4332,#4333);
#3667=AXIS2_PLACEMENT_3D('',#5775,#4334,#4335);
#3668=AXIS2_PLACEMENT_3D('',#5778,#4336,#4337);
#3669=AXIS2_PLACEMENT_3D('',#5780,#4338,#4339);
#3670=AXIS2_PLACEMENT_3D('',#5781,#4340,#4341);
#3671=AXIS2_PLACEMENT_3D('',#5782,#4342,#4343);
#3672=AXIS2_PLACEMENT_3D('',#5785,#4346,#4347);
#3673=AXIS2_PLACEMENT_3D('',#5788,#4348,#4349);
#3674=AXIS2_PLACEMENT_3D('',#5790,#4350,#4351);
#3675=AXIS2_PLACEMENT_3D('',#5792,#4352,#4353);
#3676=AXIS2_PLACEMENT_3D('',#5793,#4354,#4355);
#3677=AXIS2_PLACEMENT_3D('',#5794,#4356,#4357);
#3678=AXIS2_PLACEMENT_3D('',#5797,#4358,#4359);
#3679=AXIS2_PLACEMENT_3D('',#5820,#4362,#4363);
#3680=AXIS2_PLACEMENT_3D('',#5821,#4364,#4365);
#3681=AXIS2_PLACEMENT_3D('',#5822,#4366,#4367);
#3682=AXIS2_PLACEMENT_3D('',#5825,#4368,#4369);
#3683=AXIS2_PLACEMENT_3D('',#5827,#4370,#4371);
#3684=AXIS2_PLACEMENT_3D('',#5828,#4372,#4373);
#3685=AXIS2_PLACEMENT_3D('',#5829,#4374,#4375);
#3686=AXIS2_PLACEMENT_3D('',#5832,#4378,#4379);
#3687=AXIS2_PLACEMENT_3D('',#5835,#4382,#4383);
#3688=AXIS2_PLACEMENT_3D('',#5838,#4384,#4385);
#3689=AXIS2_PLACEMENT_3D('',#5840,#4386,#4387);
#3690=AXIS2_PLACEMENT_3D('',#5841,#4388,#4389);
#3691=AXIS2_PLACEMENT_3D('',#5842,#4390,#4391);
#3692=AXIS2_PLACEMENT_3D('',#5845,#4394,#4395);
#3693=AXIS2_PLACEMENT_3D('',#5848,#4398,#4399);
#3694=AXIS2_PLACEMENT_3D('',#5851,#4402,#4403);
#3695=AXIS2_PLACEMENT_3D('',#5854,#4406,#4407);
#3696=AXIS2_PLACEMENT_3D('',#5857,#4410,#4411);
#3697=AXIS2_PLACEMENT_3D('',#5860,#4412,#4413);
#3698=AXIS2_PLACEMENT_3D('',#5883,#4416,#4417);
#3699=AXIS2_PLACEMENT_3D('',#5884,#4418,#4419);
#3700=AXIS2_PLACEMENT_3D('',#5885,#4420,#4421);
#3701=AXIS2_PLACEMENT_3D('',#5887,#4422,#4423);
#3702=AXIS2_PLACEMENT_3D('',#5910,#4426,#4427);
#3703=AXIS2_PLACEMENT_3D('',#5911,#4428,#4429);
#3704=AXIS2_PLACEMENT_3D('',#5914,#4432,#4433);
#3705=AXIS2_PLACEMENT_3D('',#5917,#4436,#4437);
#3706=AXIS2_PLACEMENT_3D('',#5919,#4438,#4439);
#3707=AXIS2_PLACEMENT_3D('',#5942,#4442,#4443);
#3708=AXIS2_PLACEMENT_3D('',#5943,#4444,#4445);
#3709=AXIS2_PLACEMENT_3D('',#5947,#4448,#4449);
#3710=AXIS2_PLACEMENT_3D('',#5949,#4450,#4451);
#3711=AXIS2_PLACEMENT_3D('',#5952,#4453,#4454);
#3712=AXIS2_PLACEMENT_3D('',#5954,#4456,#4457);
#3713=AXIS2_PLACEMENT_3D('',#5955,#4458,#4459);
#3714=AXIS2_PLACEMENT_3D('',#5956,#4460,#4461);
#3715=AXIS2_PLACEMENT_3D('',#5957,#4462,#4463);
#3716=AXIS2_PLACEMENT_3D('',#5958,#4464,#4465);
#3717=AXIS2_PLACEMENT_3D('',#5959,#4466,#4467);
#3718=AXIS2_PLACEMENT_3D('',#5960,#4468,#4469);
#3719=AXIS2_PLACEMENT_3D('',#5961,#4470,#4471);
#3720=AXIS2_PLACEMENT_3D('',#5964,#4472,#4473);
#3721=AXIS2_PLACEMENT_3D('',#5966,#4474,#4475);
#3722=AXIS2_PLACEMENT_3D('',#5967,#4476,#4477);
#3723=AXIS2_PLACEMENT_3D('',#5968,#4478,#4479);
#3724=AXIS2_PLACEMENT_3D('',#5971,#4480,#4481);
#3725=AXIS2_PLACEMENT_3D('',#5973,#4482,#4483);
#3726=AXIS2_PLACEMENT_3D('',#5974,#4484,#4485);
#3727=AXIS2_PLACEMENT_3D('',#5975,#4486,#4487);
#3728=AXIS2_PLACEMENT_3D('',#5978,#4490,#4491);
#3729=AXIS2_PLACEMENT_3D('',#5980,#4492,#4493);
#3730=AXIS2_PLACEMENT_3D('',#5981,#4494,#4495);
#3731=AXIS2_PLACEMENT_3D('',#5982,#4496,#4497);
#3732=AXIS2_PLACEMENT_3D('',#5985,#4500,#4501);
#3733=AXIS2_PLACEMENT_3D('',#5987,#4502,#4503);
#3734=AXIS2_PLACEMENT_3D('',#5989,#4505,#4506);
#3735=AXIS2_PLACEMENT_3D('',#5990,#4507,#4508);
#3736=AXIS2_PLACEMENT_3D('',#5991,#4509,#4510);
#3737=AXIS2_PLACEMENT_3D('',#5993,#4511,#4512);
#3738=AXIS2_PLACEMENT_3D('',#6001,#4513,#4514);
#3739=AXIS2_PLACEMENT_3D('',#6002,#4515,#4516);
#3740=AXIS2_PLACEMENT_3D('',#6005,#4517,#4518);
#3741=AXIS2_PLACEMENT_3D('',#6008,#4521,#4522);
#3742=AXIS2_PLACEMENT_3D('',#6010,#4524,#4525);
#3743=AXIS2_PLACEMENT_3D('',#6012,#4527,#4528);
#3744=AXIS2_PLACEMENT_3D('',#6016,#4530,#4531);
#3745=AXIS2_PLACEMENT_3D('',#6018,#4533,#4534);
#3746=AXIS2_PLACEMENT_3D('',#6026,#4538,#4539);
#3747=AXIS2_PLACEMENT_3D('',#6034,#4543,#4544);
#3748=AXIS2_PLACEMENT_3D('',#6041,#4548,#4549);
#3749=AXIS2_PLACEMENT_3D('',#6042,#4550,#4551);
#3750=AXIS2_PLACEMENT_3D('',#6044,#4552,#4553);
#3751=AXIS2_PLACEMENT_3D('',#6046,#4554,#4555);
#3752=AXIS2_PLACEMENT_3D('',#6047,#4556,#4557);
#3753=AXIS2_PLACEMENT_3D('',#6048,#4558,#4559);
#3754=AXIS2_PLACEMENT_3D('',#6050,#4560,#4561);
#3755=AXIS2_PLACEMENT_3D('',#6052,#4562,#4563);
#3756=AXIS2_PLACEMENT_3D('',#6053,#4564,#4565);
#3757=AXIS2_PLACEMENT_3D('',#6054,#4566,#4567);
#3758=AXIS2_PLACEMENT_3D('',#6056,#4569,#4570);
#3759=AXIS2_PLACEMENT_3D('',#6059,#4571,#4572);
#3760=AXIS2_PLACEMENT_3D('',#6061,#4573,#4574);
#3761=AXIS2_PLACEMENT_3D('',#6062,#4575,#4576);
#3762=AXIS2_PLACEMENT_3D('',#6063,#4577,#4578);
#3763=AXIS2_PLACEMENT_3D('',#6066,#4581,#4582);
#3764=AXIS2_PLACEMENT_3D('',#6069,#4583,#4584);
#3765=AXIS2_PLACEMENT_3D('',#6071,#4585,#4586);
#3766=AXIS2_PLACEMENT_3D('',#6072,#4587,#4588);
#3767=AXIS2_PLACEMENT_3D('',#6073,#4589,#4590);
#3768=AXIS2_PLACEMENT_3D('',#6076,#4593,#4594);
#3769=AXIS2_PLACEMENT_3D('',#6079,#4595,#4596);
#3770=AXIS2_PLACEMENT_3D('',#6081,#4597,#4598);
#3771=AXIS2_PLACEMENT_3D('',#6082,#4599,#4600);
#3772=AXIS2_PLACEMENT_3D('',#6083,#4601,#4602);
#3773=AXIS2_PLACEMENT_3D('',#6086,#4603,#4604);
#3774=AXIS2_PLACEMENT_3D('',#6088,#4605,#4606);
#3775=AXIS2_PLACEMENT_3D('',#6089,#4607,#4608);
#3776=AXIS2_PLACEMENT_3D('',#6090,#4609,#4610);
#3777=AXIS2_PLACEMENT_3D('',#6093,#4611,#4612);
#3778=AXIS2_PLACEMENT_3D('',#6094,#4613,#4614);
#3779=AXIS2_PLACEMENT_3D('',#6095,#4615,#4616);
#3780=AXIS2_PLACEMENT_3D('',#6096,#4617,#4618);
#3781=AXIS2_PLACEMENT_3D('',#6098,#4619,#4620);
#3782=AXIS2_PLACEMENT_3D('',#6100,#4621,#4622);
#3783=AXIS2_PLACEMENT_3D('',#6101,#4623,#4624);
#3784=AXIS2_PLACEMENT_3D('',#6102,#4625,#4626);
#3785=AXIS2_PLACEMENT_3D('',#6104,#4628,#4629);
#3786=AXIS2_PLACEMENT_3D('',#6107,#4632,#4633);
#3787=AXIS2_PLACEMENT_3D('',#6109,#4634,#4635);
#3788=AXIS2_PLACEMENT_3D('',#6110,#4636,#4637);
#3789=AXIS2_PLACEMENT_3D('',#6111,#4638,#4639);
#3790=AXIS2_PLACEMENT_3D('',#6113,#4641,#4642);
#3791=AXIS2_PLACEMENT_3D('',#6115,#4643,#4644);
#3792=AXIS2_PLACEMENT_3D('',#6117,#4645,#4646);
#3793=AXIS2_PLACEMENT_3D('',#6118,#4647,#4648);
#3794=AXIS2_PLACEMENT_3D('',#6119,#4649,#4650);
#3795=AXIS2_PLACEMENT_3D('',#6122,#4653,#4654);
#3796=AXIS2_PLACEMENT_3D('',#6124,#4656,#4657);
#3797=AXIS2_PLACEMENT_3D('',#6126,#4658,#4659);
#3798=AXIS2_PLACEMENT_3D('',#6128,#4661,#4662);
#3799=AXIS2_PLACEMENT_3D('',#6131,#4665,#4666);
#3800=AXIS2_PLACEMENT_3D('',#6134,#4669,#4670);
#3801=AXIS2_PLACEMENT_3D('',#6137,#4673,#4674);
#3802=AXIS2_PLACEMENT_3D('',#6140,#4677,#4678);
#3803=AXIS2_PLACEMENT_3D('',#6143,#4681,#4682);
#3804=AXIS2_PLACEMENT_3D('',#6145,#4684,#4685);
#3805=AXIS2_PLACEMENT_3D('',#6147,#4686,#4687);
#3806=AXIS2_PLACEMENT_3D('',#6149,#4689,#4690);
#3807=AXIS2_PLACEMENT_3D('',#6156,#4691,#4692);
#3808=AXIS2_PLACEMENT_3D('',#6169,#4693,#4694);
#3809=AXIS2_PLACEMENT_3D('',#6184,#4695,#4696);
#3810=AXIS2_PLACEMENT_3D('',#6189,#4697,#4698);
#3811=AXIS2_PLACEMENT_3D('',#6191,#4700,#4701);
#3812=AXIS2_PLACEMENT_3D('',#6194,#4703,#4704);
#3813=AXIS2_PLACEMENT_3D('',#6195,#4705,#4706);
#3814=AXIS2_PLACEMENT_3D('',#6217,#4712,#4713);
#3815=AXIS2_PLACEMENT_3D('',#6220,#4715,#4716);
#3816=AXIS2_PLACEMENT_3D('',#6221,#4717,#4718);
#3817=AXIS2_PLACEMENT_3D('',#6225,#4720,#4721);
#3818=AXIS2_PLACEMENT_3D('',#6228,#4723,#4724);
#3819=AXIS2_PLACEMENT_3D('',#6229,#4725,#4726);
#3820=AXIS2_PLACEMENT_3D('',#6230,#4727,#4728);
#3821=AXIS2_PLACEMENT_3D('',#6231,#4729,#4730);
#3822=AXIS2_PLACEMENT_3D('',#6232,#4731,#4732);
#3823=AXIS2_PLACEMENT_3D('',#6233,#4733,#4734);
#3824=AXIS2_PLACEMENT_3D('',#6235,#4735,#4736);
#3825=AXIS2_PLACEMENT_3D('',#6236,#4737,#4738);
#3826=AXIS2_PLACEMENT_3D('',#6237,#4739,#4740);
#3827=AXIS2_PLACEMENT_3D('',#6239,#4741,#4742);
#3828=AXIS2_PLACEMENT_3D('',#6241,#4744,#4745);
#3829=AXIS2_PLACEMENT_3D('',#6243,#4746,#4747);
#3830=AXIS2_PLACEMENT_3D('',#6244,#4748,#4749);
#3831=AXIS2_PLACEMENT_3D('',#6245,#4750,#4751);
#3832=AXIS2_PLACEMENT_3D('',#6247,#4753,#4754);
#3833=AXIS2_PLACEMENT_3D('',#6251,#4756,#4757);
#3834=AXIS2_PLACEMENT_3D('',#6274,#4759,#4760);
#3835=AXIS2_PLACEMENT_3D('',#6276,#4761,#4762);
#3836=AXIS2_PLACEMENT_3D('',#6287,#4763,#4764);
#3837=AXIS2_PLACEMENT_3D('',#6289,#4765,#4766);
#3838=AXIS2_PLACEMENT_3D('',#6291,#4767,#4768);
#3839=AXIS2_PLACEMENT_3D('',#6292,#4769,#4770);
#3840=AXIS2_PLACEMENT_3D('',#6293,#4771,#4772);
#3841=AXIS2_PLACEMENT_3D('',#6296,#4773,#4774);
#3842=AXIS2_PLACEMENT_3D('',#6298,#4775,#4776);
#3843=AXIS2_PLACEMENT_3D('',#6299,#4777,#4778);
#3844=AXIS2_PLACEMENT_3D('',#6300,#4779,#4780);
#3845=AXIS2_PLACEMENT_3D('',#6303,#4783,#4784);
#3846=AXIS2_PLACEMENT_3D('',#6305,#4785,#4786);
#3847=AXIS2_PLACEMENT_3D('',#6306,#4787,#4788);
#3848=AXIS2_PLACEMENT_3D('',#6307,#4789,#4790);
#3849=AXIS2_PLACEMENT_3D('',#6309,#4792,#4793);
#3850=AXIS2_PLACEMENT_3D('',#6312,#4794,#4795);
#3851=AXIS2_PLACEMENT_3D('',#6313,#4796,#4797);
#3852=AXIS2_PLACEMENT_3D('',#6314,#4798,#4799);
#3853=AXIS2_PLACEMENT_3D('',#6315,#4800,#4801);
#3854=AXIS2_PLACEMENT_3D('',#6317,#4803,#4804);
#3855=AXIS2_PLACEMENT_3D('',#6319,#4805,#4806);
#3856=AXIS2_PLACEMENT_3D('',#6347,#4808,#4809);
#3857=AXIS2_PLACEMENT_3D('',#6353,#4810,#4811);
#3858=AXIS2_PLACEMENT_3D('',#6355,#4812,#4813);
#3859=AXIS2_PLACEMENT_3D('',#6383,#4815,#4816);
#3860=AXIS2_PLACEMENT_3D('',#6389,#4817,#4818);
#3861=AXIS2_PLACEMENT_3D('',#6391,#4820,#4821);
#3862=AXIS2_PLACEMENT_3D('',#6394,#4824,#4825);
#3863=AXIS2_PLACEMENT_3D('',#6397,#4826,#4827);
#3864=AXIS2_PLACEMENT_3D('',#6401,#4829,#4830);
#3865=AXIS2_PLACEMENT_3D('',#6430,#4832,#4833);
#3866=AXIS2_PLACEMENT_3D('',#6441,#4834,#4835);
#3867=AXIS2_PLACEMENT_3D('',#6464,#4838,#4839);
#3868=AXIS2_PLACEMENT_3D('',#6465,#4840,#4841);
#3869=AXIS2_PLACEMENT_3D('',#6466,#4842,#4843);
#3870=AXIS2_PLACEMENT_3D('',#6468,#4845,#4846);
#3871=AXIS2_PLACEMENT_3D('',#6470,#4847,#4848);
#3872=AXIS2_PLACEMENT_3D('',#6472,#4849,#4850);
#3873=AXIS2_PLACEMENT_3D('',#6474,#4851,#4852);
#3874=AXIS2_PLACEMENT_3D('',#6476,#4853,#4854);
#3875=AXIS2_PLACEMENT_3D('',#6477,#4855,#4856);
#3876=AXIS2_PLACEMENT_3D('',#6478,#4857,#4858);
#3877=AXIS2_PLACEMENT_3D('',#6480,#4859,#4860);
#3878=AXIS2_PLACEMENT_3D('',#6482,#4861,#4862);
#3879=AXIS2_PLACEMENT_3D('',#6484,#4863,#4864);
#3880=AXIS2_PLACEMENT_3D('',#6486,#4865,#4866);
#3881=AXIS2_PLACEMENT_3D('',#6487,#4867,#4868);
#3882=AXIS2_PLACEMENT_3D('',#6488,#4869,#4870);
#3883=AXIS2_PLACEMENT_3D('',#6492,#4872,#4873);
#3884=AXIS2_PLACEMENT_3D('',#6496,#4875,#4876);
#3885=AXIS2_PLACEMENT_3D('',#6498,#4878,#4879);
#3886=AXIS2_PLACEMENT_3D('',#6502,#4881,#4882);
#3887=AXIS2_PLACEMENT_3D('',#6506,#4884,#4885);
#3888=AXIS2_PLACEMENT_3D('',#6509,#4887,#4888);
#3889=AXIS2_PLACEMENT_3D('',#6513,#4890,#4891);
#3890=AXIS2_PLACEMENT_3D('',#6517,#4893,#4894);
#3891=AXIS2_PLACEMENT_3D('',#6519,#4896,#4897);
#3892=AXIS2_PLACEMENT_3D('',#6520,#4898,#4899);
#3893=AXIS2_PLACEMENT_3D('',#6523,#4900,#4901);
#3894=AXIS2_PLACEMENT_3D('',#6525,#4902,#4903);
#3895=AXIS2_PLACEMENT_3D('',#6526,#4904,#4905);
#3896=AXIS2_PLACEMENT_3D('',#6527,#4906,#4907);
#3897=AXIS2_PLACEMENT_3D('',#6529,#4908,#4909);
#3898=AXIS2_PLACEMENT_3D('',#6531,#4910,#4911);
#3899=AXIS2_PLACEMENT_3D('',#6533,#4912,#4913);
#3900=AXIS2_PLACEMENT_3D('',#6534,#4914,#4915);
#3901=AXIS2_PLACEMENT_3D('',#6535,#4916,#4917);
#3902=AXIS2_PLACEMENT_3D('',#6538,#4918,#4919);
#3903=AXIS2_PLACEMENT_3D('',#6540,#4920,#4921);
#3904=AXIS2_PLACEMENT_3D('',#6541,#4922,#4923);
#3905=AXIS2_PLACEMENT_3D('',#6542,#4924,#4925);
#3906=AXIS2_PLACEMENT_3D('',#6545,#4926,#4927);
#3907=AXIS2_PLACEMENT_3D('',#6547,#4928,#4929);
#3908=AXIS2_PLACEMENT_3D('',#6548,#4930,#4931);
#3909=AXIS2_PLACEMENT_3D('',#6549,#4932,#4933);
#3910=AXIS2_PLACEMENT_3D('',#6552,#4934,#4935);
#3911=AXIS2_PLACEMENT_3D('',#6554,#4936,#4937);
#3912=AXIS2_PLACEMENT_3D('',#6556,#4938,#4939);
#3913=AXIS2_PLACEMENT_3D('',#6557,#4940,#4941);
#3914=AXIS2_PLACEMENT_3D('',#6558,#4942,#4943);
#3915=AXIS2_PLACEMENT_3D('',#6560,#4944,#4945);
#3916=AXIS2_PLACEMENT_3D('',#6562,#4946,#4947);
#3917=AXIS2_PLACEMENT_3D('',#6563,#4948,#4949);
#3918=AXIS2_PLACEMENT_3D('',#6564,#4950,#4951);
#3919=AXIS2_PLACEMENT_3D('',#6566,#4953,#4954);
#3920=AXIS2_PLACEMENT_3D('',#6569,#4957,#4958);
#3921=AXIS2_PLACEMENT_3D('',#6572,#4959,#4960);
#3922=AXIS2_PLACEMENT_3D('',#6574,#4961,#4962);
#3923=AXIS2_PLACEMENT_3D('',#6575,#4963,#4964);
#3924=AXIS2_PLACEMENT_3D('',#6576,#4965,#4966);
#3925=AXIS2_PLACEMENT_3D('',#6579,#4967,#4968);
#3926=AXIS2_PLACEMENT_3D('',#6581,#4969,#4970);
#3927=AXIS2_PLACEMENT_3D('',#6582,#4971,#4972);
#3928=AXIS2_PLACEMENT_3D('',#6583,#4973,#4974);
#3929=AXIS2_PLACEMENT_3D('',#6586,#4975,#4976);
#3930=AXIS2_PLACEMENT_3D('',#6588,#4977,#4978);
#3931=AXIS2_PLACEMENT_3D('',#6590,#4979,#4980);
#3932=AXIS2_PLACEMENT_3D('',#6591,#4981,#4982);
#3933=AXIS2_PLACEMENT_3D('',#6592,#4983,#4984);
#3934=AXIS2_PLACEMENT_3D('',#6595,#4985,#4986);
#3935=AXIS2_PLACEMENT_3D('',#6596,#4987,#4988);
#3936=AXIS2_PLACEMENT_3D('',#6597,#4989,#4990);
#3937=AXIS2_PLACEMENT_3D('',#6598,#4991,#4992);
#3938=AXIS2_PLACEMENT_3D('',#6601,#4993,#4994);
#3939=AXIS2_PLACEMENT_3D('',#6603,#4995,#4996);
#3940=AXIS2_PLACEMENT_3D('',#6604,#4997,#4998);
#3941=AXIS2_PLACEMENT_3D('',#6605,#4999,#5000);
#3942=AXIS2_PLACEMENT_3D('',#6607,#5002,#5003);
#3943=AXIS2_PLACEMENT_3D('',#6610,#5006,#5007);
#3944=AXIS2_PLACEMENT_3D('',#6613,#5010,#5011);
#3945=AXIS2_PLACEMENT_3D('',#6616,#5014,#5015);
#3946=AXIS2_PLACEMENT_3D('',#6619,#5018,#5019);
#3947=AXIS2_PLACEMENT_3D('',#6621,#5021,#5022);
#3948=AXIS2_PLACEMENT_3D('',#6624,#5025,#5026);
#3949=AXIS2_PLACEMENT_3D('',#6627,#5029,#5030);
#3950=AXIS2_PLACEMENT_3D('',#6630,#5033,#5034);
#3951=AXIS2_PLACEMENT_3D('',#6633,#5037,#5038);
#3952=AXIS2_PLACEMENT_3D('',#6636,#5041,#5042);
#3953=AXIS2_PLACEMENT_3D('',#6639,#5045,#5046);
#3954=AXIS2_PLACEMENT_3D('',#6642,#5049,#5050);
#3955=AXIS2_PLACEMENT_3D('',#6645,#5053,#5054);
#3956=AXIS2_PLACEMENT_3D('',#6648,#5057,#5058);
#3957=AXIS2_PLACEMENT_3D('',#6651,#5061,#5062);
#3958=AXIS2_PLACEMENT_3D('',#6652,#5063,#5064);
#3959=AXIS2_PLACEMENT_3D('',#6653,#5065,#5066);
#3960=AXIS2_PLACEMENT_3D('',#6654,#5067,#5068);
#3961=AXIS2_PLACEMENT_3D('',#6655,#5069,#5070);
#3962=AXIS2_PLACEMENT_3D('',#6656,#5071,#5072);
#3963=AXIS2_PLACEMENT_3D('',#6657,#5073,#5074);
#3964=AXIS2_PLACEMENT_3D('',#6658,#5075,#5076);
#3965=AXIS2_PLACEMENT_3D('',#6659,#5077,#5078);
#3966=AXIS2_PLACEMENT_3D('',#6661,#5079,#5080);
#3967=AXIS2_PLACEMENT_3D('',#6664,#5082,#5083);
#3968=AXIS2_PLACEMENT_3D('',#6665,#5084,#5085);
#3969=AXIS2_PLACEMENT_3D('',#6667,#5086,#5087);
#3970=AXIS2_PLACEMENT_3D('',#6668,#5088,#5089);
#3971=AXIS2_PLACEMENT_3D('',#6669,#5090,#5091);
#3972=AXIS2_PLACEMENT_3D('',#6671,#5092,#5093);
#3973=AXIS2_PLACEMENT_3D('',#6673,#5095,#5096);
#3974=AXIS2_PLACEMENT_3D('',#6675,#5097,#5098);
#3975=AXIS2_PLACEMENT_3D('',#6676,#5099,#5100);
#3976=AXIS2_PLACEMENT_3D('',#6677,#5101,#5102);
#3977=AXIS2_PLACEMENT_3D('',#6679,#5104,#5105);
#3978=AXIS2_PLACEMENT_3D('',#6681,#5106,#5107);
#3979=AXIS2_PLACEMENT_3D('',#6683,#5109,#5110);
#3980=AXIS2_PLACEMENT_3D('',#6685,#5111,#5112);
#3981=AXIS2_PLACEMENT_3D('',#6686,#5113,#5114);
#3982=AXIS2_PLACEMENT_3D('',#6687,#5115,#5116);
#3983=AXIS2_PLACEMENT_3D('',#6689,#5117,#5118);
#3984=AXIS2_PLACEMENT_3D('',#6691,#5120,#5121);
#3985=AXIS2_PLACEMENT_3D('',#6693,#5122,#5123);
#3986=AXIS2_PLACEMENT_3D('',#6694,#5124,#5125);
#3987=AXIS2_PLACEMENT_3D('',#6695,#5126,#5127);
#3988=AXIS2_PLACEMENT_3D('',#6697,#5129,#5130);
#3989=AXIS2_PLACEMENT_3D('',#6701,#5132,#5133);
#3990=AXIS2_PLACEMENT_3D('',#6703,#5135,#5136);
#3991=AXIS2_PLACEMENT_3D('',#6707,#5139,#5140);
#3992=AXIS2_PLACEMENT_3D('',#6710,#5142,#5143);
#3993=AXIS2_PLACEMENT_3D('',#6711,#5144,#5145);
#3994=AXIS2_PLACEMENT_3D('',#6715,#5148,#5149);
#3995=AXIS2_PLACEMENT_3D('',#6718,#5151,#5152);
#3996=AXIS2_PLACEMENT_3D('',#6719,#5153,#5154);
#3997=AXIS2_PLACEMENT_3D('',#6723,#5157,#5158);
#3998=AXIS2_PLACEMENT_3D('',#6725,#5159,#5160);
#3999=AXIS2_PLACEMENT_3D('',#6726,#5161,#5162);
#4000=AXIS2_PLACEMENT_3D('',#6727,#5163,#5164);
#4001=AXIS2_PLACEMENT_3D('',#6729,#5165,#5166);
#4002=AXIS2_PLACEMENT_3D('',#6731,#5168,#5169);
#4003=AXIS2_PLACEMENT_3D('',#6735,#5171,#5172);
#4004=AXIS2_PLACEMENT_3D('',#6737,#5174,#5175);
#4005=AXIS2_PLACEMENT_3D('',#6739,#5176,#5177);
#4006=AXIS2_PLACEMENT_3D('',#6740,#5178,#5179);
#4007=AXIS2_PLACEMENT_3D('',#6741,#5180,#5181);
#4008=AXIS2_PLACEMENT_3D('',#6744,#5184,#5185);
#4009=AXIS2_PLACEMENT_3D('',#6745,#5186,#5187);
#4010=AXIS2_PLACEMENT_3D('',#6749,#5189,#5190);
#4011=AXIS2_PLACEMENT_3D('',#6751,#5192,#5193);
#4012=AXIS2_PLACEMENT_3D('',#6753,#5194,#5195);
#4013=AXIS2_PLACEMENT_3D('',#6754,#5196,#5197);
#4014=AXIS2_PLACEMENT_3D('',#6755,#5198,#5199);
#4015=AXIS2_PLACEMENT_3D('',#6758,#5202,#5203);
#4016=AXIS2_PLACEMENT_3D('',#6759,#5204,#5205);
#4017=AXIS2_PLACEMENT_3D('',#6761,#5206,#5207);
#4018=AXIS2_PLACEMENT_3D('',#6762,#5208,#5209);
#4019=AXIS2_PLACEMENT_3D('',#6763,#5210,#5211);
#4020=AXIS2_PLACEMENT_3D('',#6765,#5212,#5213);
#4021=AXIS2_PLACEMENT_3D('',#6767,#5215,#5216);
#4022=AXIS2_PLACEMENT_3D('',#6768,#5217,#5218);
#4023=AXIS2_PLACEMENT_3D('',#6769,#5219,#5220);
#4024=AXIS2_PLACEMENT_3D('',#6771,#5222,#5223);
#4025=AXIS2_PLACEMENT_3D('',#6774,#5226,#5227);
#4026=AXIS2_PLACEMENT_3D('',#6775,#5228,#5229);
#4027=AXIS2_PLACEMENT_3D('',#6776,#5230,#5231);
#4028=AXIS2_PLACEMENT_3D('',#6777,#5232,#5233);
#4029=AXIS2_PLACEMENT_3D('',#6778,#5234,#5235);
#4030=DIRECTION('axis',(0.,0.,1.));
#4031=DIRECTION('refdir',(1.,0.,0.));
#4032=DIRECTION('center_axis',(0.,0.,1.));
#4033=DIRECTION('ref_axis',(1.,0.,0.));
#4034=DIRECTION('center_axis',(0.,-3.5527136788005E-14,1.));
#4035=DIRECTION('ref_axis',(1.,0.,0.));
#4036=DIRECTION('center_axis',(0.,-1.,0.));
#4037=DIRECTION('ref_axis',(0.768660841065792,0.,0.639656557390002));
#4038=DIRECTION('center_axis',(0.639656557390023,0.,-0.768660841065775));
#4039=DIRECTION('ref_axis',(0.,-1.,0.));
#4040=DIRECTION('center_axis',(0.,0.,1.));
#4041=DIRECTION('ref_axis',(1.,0.,0.));
#4042=DIRECTION('center_axis',(0.639656557299501,-2.04812391351022E-14,
0.768660841141104));
#4043=DIRECTION('ref_axis',(0.768660841141104,0.,-0.639656557299501));
#4044=DIRECTION('center_axis',(0.,-1.,0.));
#4045=DIRECTION('ref_axis',(1.,0.,0.));
#4046=DIRECTION('center_axis',(1.33226762955026E-13,0.,-1.));
#4047=DIRECTION('ref_axis',(0.,-1.,0.));
#4048=DIRECTION('center_axis',(0.,-1.,0.));
#4049=DIRECTION('ref_axis',(0.,0.,-1.));
#4050=DIRECTION('center_axis',(0.,-1.,0.));
#4051=DIRECTION('ref_axis',(0.940388441301188,0.,0.340102307353423));
#4052=DIRECTION('center_axis',(0.639656557390002,0.,-0.768660841065792));
#4053=DIRECTION('ref_axis',(-0.768660841065792,0.,-0.639656557390002));
#4054=DIRECTION('center_axis',(0.,1.,0.));
#4055=DIRECTION('ref_axis',(1.,0.,0.));
#4056=DIRECTION('center_axis',(0.,0.,1.));
#4057=DIRECTION('ref_axis',(0.,1.,0.));
#4058=DIRECTION('center_axis',(3.61524143954724E-11,-0.787864015816018,
-0.61584924501233));
#4059=DIRECTION('ref_axis',(-4.62705429526958E-11,-0.615849245012343,0.787864015816008));
#4060=DIRECTION('center_axis',(-0.639656557390002,-1.72825620579338E-13,
0.768660841065792));
#4061=DIRECTION('ref_axis',(0.768660841065792,0.,0.639656557390002));
#4062=DIRECTION('center_axis',(0.,-1.,0.));
#4063=DIRECTION('ref_axis',(-0.768660841141117,0.,0.639656557299486));
#4064=DIRECTION('center_axis',(0.639656557299353,0.,0.768660841141228));
#4065=DIRECTION('ref_axis',(0.,-1.,0.));
#4066=DIRECTION('center_axis',(-3.62661012331933E-11,-0.787864015816011,
0.61584924501234));
#4067=DIRECTION('ref_axis',(4.63842297904167E-11,-0.615849245012339,-0.787864015816011));
#4068=DIRECTION('center_axis',(0.639656557390013,-1.36541594220635E-14,
-0.768660841065783));
#4069=DIRECTION('ref_axis',(-0.768660841065783,0.,-0.639656557390013));
#4070=DIRECTION('center_axis',(0.,-1.,0.));
#4071=DIRECTION('ref_axis',(0.768660841141111,0.,-0.639656557299493));
#4072=DIRECTION('center_axis',(-0.639656557299491,0.,-0.768660841141113));
#4073=DIRECTION('ref_axis',(0.,-1.,0.));
#4074=DIRECTION('center_axis',(0.,-1.,0.));
#4075=DIRECTION('ref_axis',(0.,0.,-1.));
#4076=DIRECTION('center_axis',(0.,-1.,0.));
#4077=DIRECTION('ref_axis',(0.940388441321206,0.,-0.340102307298074));
#4078=DIRECTION('center_axis',(0.,0.,-1.));
#4079=DIRECTION('ref_axis',(-1.,0.,0.));
#4080=DIRECTION('center_axis',(0.,1.,0.));
#4081=DIRECTION('ref_axis',(0.768660841141074,0.,-0.639656557299538));
#4082=DIRECTION('center_axis',(0.639656557299512,0.,0.768660841141096));
#4083=DIRECTION('ref_axis',(0.,1.,0.));
#4084=DIRECTION('center_axis',(0.,0.,-1.));
#4085=DIRECTION('ref_axis',(-0.707106781186528,0.707106781186567,0.));
#4086=DIRECTION('',(0.,0.,1.));
#4087=DIRECTION('',(0.,0.,-1.));
#4088=DIRECTION('center_axis',(0.,-1.,0.));
#4089=DIRECTION('ref_axis',(0.94038844132121,0.,-0.340102307298062));
#4090=DIRECTION('',(0.,1.,0.));
#4091=DIRECTION('',(0.,-1.,0.));
#4092=DIRECTION('center_axis',(0.635048917414799,0.11981117674783,0.763123944334465));
#4093=DIRECTION('ref_axis',(0.7686608411411,1.11022302462508E-15,-0.639656557299506));
#4094=DIRECTION('center_axis',(-0.635048917501918,0.119811176783403,0.763123944256383));
#4095=DIRECTION('ref_axis',(0.,0.987898616349641,-0.155101011648745));
#4096=DIRECTION('center_axis',(0.,-1.,0.));
#4097=DIRECTION('ref_axis',(-5.88734134948998E-11,0.,1.));
#4098=DIRECTION('',(0.,1.,0.));
#4099=DIRECTION('',(0.,-1.,0.));
#4100=DIRECTION('center_axis',(0.639656557390018,0.,-0.768660841065778));
#4101=DIRECTION('ref_axis',(-0.543525293150122,0.707106781186565,-0.452305489360951));
#4102=DIRECTION('center_axis',(-0.639656557390002,0.,0.768660841065792));
#4103=DIRECTION('ref_axis',(0.,1.,0.));
#4104=DIRECTION('',(0.639656557390018,0.,-0.768660841065778));
#4105=DIRECTION('',(-0.639656557390018,0.,0.768660841065778));
#4106=DIRECTION('center_axis',(0.768660841065778,0.,0.639656557390018));
#4107=DIRECTION('ref_axis',(-0.639656557390018,0.,0.768660841065778));
#4108=DIRECTION('center_axis',(-0.625227069112497,0.,-0.780442894803327));
#4109=DIRECTION('ref_axis',(-0.780442894803327,0.,0.625227069112497));
#4110=DIRECTION('center_axis',(0.,0.,1.));
#4111=DIRECTION('ref_axis',(1.,0.,0.));
#4112=DIRECTION('center_axis',(-0.639656557299486,2.73083188468034E-14,
-0.768660841141117));
#4113=DIRECTION('ref_axis',(-0.768660841141117,0.,0.639656557299486));
#4114=DIRECTION('center_axis',(0.,-1.,0.));
#4115=DIRECTION('ref_axis',(-1.,0.,0.));
#4116=DIRECTION('center_axis',(3.5527136788007E-14,0.,1.));
#4117=DIRECTION('ref_axis',(0.,-1.,0.));
#4118=DIRECTION('center_axis',(0.,0.,1.));
#4119=DIRECTION('ref_axis',(1.,0.,0.));
#4120=DIRECTION('center_axis',(0.,-7.105427357601E-14,-1.));
#4121=DIRECTION('ref_axis',(-1.,0.,0.));
#4122=DIRECTION('center_axis',(0.,-1.,0.));
#4123=DIRECTION('ref_axis',(-0.768660841065796,0.,-0.639656557389997));
#4124=DIRECTION('center_axis',(-0.639656557390028,0.,0.76866084106577));
#4125=DIRECTION('ref_axis',(0.,-1.,0.));
#4126=DIRECTION('center_axis',(-0.635048917414794,0.119811176747957,-0.763123944334449));
#4127=DIRECTION('ref_axis',(-0.768660841141096,0.,0.639656557299512));
#4128=DIRECTION('center_axis',(0.63504891750188,0.11981117678348,-0.763123944256402));
#4129=DIRECTION('ref_axis',(0.,0.987898616349627,0.155101011648839));
#4130=DIRECTION('center_axis',(0.,-1.,0.));
#4131=DIRECTION('ref_axis',(5.88734134949002E-11,0.,-1.));
#4132=DIRECTION('',(0.,1.,0.));
#4133=DIRECTION('',(0.,-1.,0.));
#4134=DIRECTION('center_axis',(0.,1.,0.));
#4135=DIRECTION('ref_axis',(0.,0.,1.));
#4136=DIRECTION('center_axis',(0.,1.,0.));
#4137=DIRECTION('ref_axis',(-0.768660841141117,0.,0.639656557299486));
#4138=DIRECTION('center_axis',(-0.639656557299485,0.,-0.768660841141117));
#4139=DIRECTION('ref_axis',(0.,1.,0.));
#4140=DIRECTION('center_axis',(0.,-1.,0.));
#4141=DIRECTION('ref_axis',(-0.940388441321207,0.,0.340102307298069));
#4142=DIRECTION('center_axis',(0.,0.,1.));
#4143=DIRECTION('ref_axis',(1.,0.,0.));
#4144=DIRECTION('center_axis',(0.639656557299514,0.,0.768660841141094));
#4145=DIRECTION('ref_axis',(0.543525293203518,0.707106781186483,-0.452305489296914));
#4146=DIRECTION('center_axis',(0.639656557299506,2.73083188468028E-14,0.7686608411411));
#4147=DIRECTION('ref_axis',(0.7686608411411,0.,-0.639656557299506));
#4148=DIRECTION('',(-0.639656557299514,0.,-0.768660841141094));
#4149=DIRECTION('',(0.639656557299514,0.,0.768660841141094));
#4150=DIRECTION('center_axis',(-0.768660841141094,0.,0.639656557299514));
#4151=DIRECTION('ref_axis',(0.639656557299513,0.,0.768660841141094));
#4152=DIRECTION('center_axis',(0.625227069203694,0.,-0.780442894730268));
#4153=DIRECTION('ref_axis',(0.780442894730268,0.,0.625227069203694));
#4154=DIRECTION('center_axis',(0.,-1.,0.));
#4155=DIRECTION('ref_axis',(0.,0.,-1.));
#4156=DIRECTION('center_axis',(0.,-1.,0.));
#4157=DIRECTION('ref_axis',(-0.940388441301185,0.,-0.340102307353432));
#4158=DIRECTION('center_axis',(-0.63965655739003,0.,0.768660841065769));
#4159=DIRECTION('ref_axis',(0.768660841065769,0.,0.63965655739003));
#4160=DIRECTION('center_axis',(0.,1.,0.));
#4161=DIRECTION('ref_axis',(-1.,0.,0.));
#4162=DIRECTION('center_axis',(0.,0.,-1.));
#4163=DIRECTION('ref_axis',(0.,1.,0.));
#4164=DIRECTION('center_axis',(-0.63965655739001,0.,0.768660841065786));
#4165=DIRECTION('ref_axis',(0.543525293150147,0.707106781186597,0.452305489360871));
#4166=DIRECTION('center_axis',(0.63965655739003,-3.41353985551582E-14,-0.768660841065769));
#4167=DIRECTION('ref_axis',(0.,1.,-4.44089209850063E-14));
#4168=DIRECTION('',(-0.63965655739001,0.,0.768660841065786));
#4169=DIRECTION('',(0.63965655739001,0.,-0.768660841065786));
#4170=DIRECTION('center_axis',(-0.768660841065786,0.,-0.63965655739001));
#4171=DIRECTION('ref_axis',(0.63965655739001,-1.42230827313162E-16,-0.768660841065786));
#4172=DIRECTION('center_axis',(0.62522706911252,0.,0.780442894803308));
#4173=DIRECTION('ref_axis',(0.780442894803308,0.,-0.62522706911252));
#4174=DIRECTION('center_axis',(0.,-1.,0.));
#4175=DIRECTION('ref_axis',(-0.940388441301182,0.,-0.34010230735344));
#4176=DIRECTION('',(0.,1.,0.));
#4177=DIRECTION('',(0.,-1.,0.));
#4178=DIRECTION('center_axis',(0.,0.,1.));
#4179=DIRECTION('ref_axis',(0.707106781186528,0.707106781186567,0.));
#4180=DIRECTION('',(0.,0.,-1.));
#4181=DIRECTION('',(0.,0.,1.));
#4182=DIRECTION('center_axis',(0.,-1.,0.));
#4183=DIRECTION('ref_axis',(-0.940388441321225,0.,0.340102307298021));
#4184=DIRECTION('',(0.,1.,0.));
#4185=DIRECTION('',(0.,-1.,0.));
#4186=DIRECTION('center_axis',(-0.639656557299522,0.,-0.768660841141087));
#4187=DIRECTION('ref_axis',(-0.543525293203518,0.707106781186483,0.452305489296914));
#4188=DIRECTION('center_axis',(-0.639656557299501,4.77895579819053E-14,
-0.768660841141104));
#4189=DIRECTION('ref_axis',(-0.768660841141104,0.,0.639656557299501));
#4190=DIRECTION('',(0.639656557299522,0.,0.768660841141087));
#4191=DIRECTION('',(-0.639656557299522,0.,-0.768660841141087));
#4192=DIRECTION('center_axis',(0.768660841141087,0.,-0.639656557299522));
#4193=DIRECTION('ref_axis',(-0.639656557299522,1.42230827327096E-16,-0.768660841141087));
#4194=DIRECTION('center_axis',(-0.625227069203695,0.,0.780442894730266));
#4195=DIRECTION('ref_axis',(-0.780442894730266,0.,-0.625227069203695));
#4196=DIRECTION('center_axis',(0.63965655739001,0.,-0.768660841065786));
#4197=DIRECTION('ref_axis',(-0.54352529315026,-0.707106781186484,-0.452305489360911));
#4198=DIRECTION('',(-0.63965655739001,0.,0.768660841065786));
#4199=DIRECTION('',(0.63965655739001,0.,-0.768660841065786));
#4200=DIRECTION('center_axis',(0.,0.,-1.));
#4201=DIRECTION('ref_axis',(-0.707106781186527,-0.707106781186568,0.));
#4202=DIRECTION('',(0.,0.,1.));
#4203=DIRECTION('',(0.,0.,-1.));
#4204=DIRECTION('center_axis',(-0.639656557299514,0.,-0.768660841141094));
#4205=DIRECTION('ref_axis',(-0.543525293203524,-0.707106781186492,0.452305489296894));
#4206=DIRECTION('',(0.639656557299514,0.,0.768660841141094));
#4207=DIRECTION('',(-0.639656557299514,0.,-0.768660841141094));
#4208=DIRECTION('center_axis',(0.639656557299522,0.,0.768660841141087));
#4209=DIRECTION('ref_axis',(0.543525293203373,-0.707106781186557,-0.452305489296973));
#4210=DIRECTION('',(-0.639656557299522,0.,-0.768660841141087));
#4211=DIRECTION('',(0.639656557299522,0.,0.768660841141087));
#4212=DIRECTION('center_axis',(-0.639656557390018,0.,0.768660841065778));
#4213=DIRECTION('ref_axis',(0.543525293150263,-0.707106781186488,0.452305489360901));
#4214=DIRECTION('',(0.639656557390018,0.,-0.768660841065778));
#4215=DIRECTION('',(-0.639656557390018,0.,0.768660841065778));
#4216=DIRECTION('center_axis',(0.,-1.,0.));
#4217=DIRECTION('ref_axis',(0.940388441301182,0.,0.34010230735344));
#4218=DIRECTION('',(0.,1.,0.));
#4219=DIRECTION('',(0.,-1.,0.));
#4220=DIRECTION('center_axis',(0.,0.,1.));
#4221=DIRECTION('ref_axis',(0.707106781186527,-0.707106781186568,0.));
#4222=DIRECTION('',(0.,0.,-1.));
#4223=DIRECTION('',(0.,0.,1.));
#4224=DIRECTION('center_axis',(0.,-1.,0.));
#4225=DIRECTION('ref_axis',(0.,0.,-1.));
#4226=DIRECTION('',(-1.,0.,0.));
#4227=DIRECTION('',(1.69126909141135E-15,0.,-1.));
#4228=DIRECTION('',(1.,0.,0.));
#4229=DIRECTION('center_axis',(1.,0.,0.));
#4230=DIRECTION('ref_axis',(0.,-0.707106781186547,-0.707106781186548));
#4231=DIRECTION('',(-1.,0.,0.));
#4232=DIRECTION('center_axis',(-0.62522706911252,0.,0.780442894803308));
#4233=DIRECTION('ref_axis',(-0.780442894803308,0.,-0.62522706911252));
#4234=DIRECTION('center_axis',(0.625227069203695,0.,0.780442894730266));
#4235=DIRECTION('ref_axis',(0.780442894730266,0.,-0.625227069203695));
#4236=DIRECTION('',(-1.,0.,0.));
#4237=DIRECTION('center_axis',(-1.,0.,0.));
#4238=DIRECTION('ref_axis',(0.,0.,-1.));
#4239=DIRECTION('',(1.,0.,0.));
#4240=DIRECTION('center_axis',(1.,-7.105427357601E-14,0.));
#4241=DIRECTION('ref_axis',(0.,0.,-1.));
#4242=DIRECTION('center_axis',(1.,0.,0.));
#4243=DIRECTION('ref_axis',(0.,0.,1.));
#4244=DIRECTION('center_axis',(0.768660841065778,0.,0.639656557390018));
#4245=DIRECTION('ref_axis',(-0.639656557390018,0.,0.768660841065778));
#4246=DIRECTION('center_axis',(0.768660841141087,0.,-0.639656557299522));
#4247=DIRECTION('ref_axis',(0.639656557299522,0.,0.768660841141087));
#4248=DIRECTION('center_axis',(-0.768660841141094,0.,0.639656557299514));
#4249=DIRECTION('ref_axis',(-0.639656557299514,0.,-0.768660841141094));
#4250=DIRECTION('center_axis',(-0.768660841065786,0.,-0.63965655739001));
#4251=DIRECTION('ref_axis',(0.63965655739001,0.,-0.768660841065786));
#4252=DIRECTION('center_axis',(-1.,0.,0.));
#4253=DIRECTION('ref_axis',(0.,0.,-1.));
#4254=DIRECTION('center_axis',(0.,-1.,0.));
#4255=DIRECTION('ref_axis',(0.,0.,-1.));
#4256=DIRECTION('center_axis',(0.,-1.,0.));
#4257=DIRECTION('ref_axis',(0.,0.,-1.));
#4258=DIRECTION('center_axis',(0.,-1.,0.));
#4259=DIRECTION('ref_axis',(-0.940388441321199,0.,-0.340102307298093));
#4260=DIRECTION('center_axis',(-0.639656557299485,0.,0.768660841141117));
#4261=DIRECTION('ref_axis',(0.768660841141117,0.,0.639656557299486));
#4262=DIRECTION('center_axis',(0.,1.,0.));
#4263=DIRECTION('ref_axis',(-1.,0.,0.));
#4264=DIRECTION('center_axis',(0.,0.,-1.));
#4265=DIRECTION('ref_axis',(0.,1.,0.));
#4266=DIRECTION('center_axis',(-0.635048917501898,0.119811176783526,-0.76312394425638));
#4267=DIRECTION('ref_axis',(-0.768660841065783,0.,0.639656557390013));
#4268=DIRECTION('center_axis',(0.635048917414767,0.119811176748043,-0.763123944334459));
#4269=DIRECTION('ref_axis',(0.,0.987898616359087,0.155101011588585));
#4270=DIRECTION('center_axis',(0.,0.,1.));
#4271=DIRECTION('ref_axis',(1.,0.,0.));
#4272=DIRECTION('center_axis',(0.,2.30926389122032E-13,-1.));
#4273=DIRECTION('ref_axis',(-1.,0.,0.));
#4274=DIRECTION('center_axis',(0.,-1.,0.));
#4275=DIRECTION('ref_axis',(-0.768660841141109,0.,-0.639656557299496));
#4276=DIRECTION('center_axis',(-0.6396565572993,0.,0.768660841141272));
#4277=DIRECTION('ref_axis',(0.,-1.,0.));
#4278=DIRECTION('center_axis',(0.,-1.,0.));
#4279=DIRECTION('ref_axis',(-0.940388441321204,0.,-0.340102307298077));
#4280=DIRECTION('',(0.,1.,0.));
#4281=DIRECTION('',(0.,-1.,0.));
#4282=DIRECTION('center_axis',(0.,1.,0.));
#4283=DIRECTION('ref_axis',(0.,0.,1.));
#4284=DIRECTION('center_axis',(0.,1.,0.));
#4285=DIRECTION('ref_axis',(-0.768660841065775,0.,0.639656557390023));
#4286=DIRECTION('center_axis',(-0.639656557390023,0.,-0.768660841065775));
#4287=DIRECTION('ref_axis',(0.,1.,0.));
#4288=DIRECTION('center_axis',(0.,-1.,0.));
#4289=DIRECTION('ref_axis',(-0.940388441301187,0.,0.340102307353425));
#4290=DIRECTION('center_axis',(0.,0.,1.));
#4291=DIRECTION('ref_axis',(1.,0.,0.));
#4292=DIRECTION('center_axis',(3.63797880709155E-11,-0.787864015815998,
0.615849245012356));
#4293=DIRECTION('ref_axis',(-4.64979166281388E-11,-0.615849245012356,-0.787864015815998));
#4294=DIRECTION('center_axis',(0.63965655729948,-1.69412080718652E-13,-0.768660841141122));
#4295=DIRECTION('ref_axis',(-0.768660841141122,0.,-0.63965655729948));
#4296=DIRECTION('center_axis',(0.,-1.,0.));
#4297=DIRECTION('ref_axis',(0.768660841065803,0.,-0.639656557389989));
#4298=DIRECTION('center_axis',(-0.639656557389867,0.,-0.768660841065905));
#4299=DIRECTION('ref_axis',(0.,-1.,0.));
#4300=DIRECTION('center_axis',(0.,-1.,0.));
#4301=DIRECTION('ref_axis',(-5.88734134949014E-11,0.,-1.));
#4302=DIRECTION('',(0.,1.,0.));
#4303=DIRECTION('',(0.,-1.,0.));
#4304=DIRECTION('center_axis',(0.,-1.,0.));
#4305=DIRECTION('ref_axis',(0.,0.,-1.));
#4306=DIRECTION('center_axis',(0.,-1.,0.));
#4307=DIRECTION('ref_axis',(0.940388441301191,0.,-0.340102307353415));
#4308=DIRECTION('center_axis',(0.,0.,-1.));
#4309=DIRECTION('ref_axis',(-1.,0.,0.));
#4310=DIRECTION('center_axis',(0.,1.,0.));
#4311=DIRECTION('ref_axis',(0.768660841065801,0.,-0.639656557389992));
#4312=DIRECTION('center_axis',(0.639656557389976,0.,0.768660841065814));
#4313=DIRECTION('ref_axis',(0.,1.,0.));
#4314=DIRECTION('center_axis',(0.,0.,1.));
#4315=DIRECTION('ref_axis',(1.,0.,0.));
#4316=DIRECTION('center_axis',(-0.639656557390002,0.,-0.768660841065792));
#4317=DIRECTION('ref_axis',(-0.768660841065792,0.,0.639656557390002));
#4318=DIRECTION('center_axis',(0.,-1.,0.));
#4319=DIRECTION('ref_axis',(-1.,0.,0.));
#4320=DIRECTION('center_axis',(-3.5527136788007E-14,0.,1.));
#4321=DIRECTION('ref_axis',(0.,-1.,0.));
#4322=DIRECTION('center_axis',(0.,-1.,0.));
#4323=DIRECTION('ref_axis',(-0.940388441301187,0.,0.340102307353425));
#4324=DIRECTION('',(0.,1.,0.));
#4325=DIRECTION('',(0.,-1.,0.));
#4326=DIRECTION('center_axis',(0.,0.,-1.));
#4327=DIRECTION('ref_axis',(-0.707106781186527,-0.707106781186568,0.));
#4328=DIRECTION('',(0.,0.,1.));
#4329=DIRECTION('',(0.,0.,-1.));
#4330=DIRECTION('center_axis',(0.635048917501927,0.119811176783375,0.76312394425638));
#4331=DIRECTION('ref_axis',(0.768660841065769,0.,-0.63965655739003));
#4332=DIRECTION('center_axis',(-0.63504891741482,0.119811176747909,0.763123944334435));
#4333=DIRECTION('ref_axis',(0.,0.987898616359112,-0.155101011588421));
#4334=DIRECTION('center_axis',(0.,0.,1.));
#4335=DIRECTION('ref_axis',(1.,0.,0.));
#4336=DIRECTION('center_axis',(0.639656557390002,1.36541594220637E-14,0.768660841065792));
#4337=DIRECTION('ref_axis',(0.768660841065792,0.,-0.639656557390002));
#4338=DIRECTION('center_axis',(0.,-1.,0.));
#4339=DIRECTION('ref_axis',(1.,0.,0.));
#4340=DIRECTION('center_axis',(-3.5527136788007E-14,0.,-1.));
#4341=DIRECTION('ref_axis',(0.,-1.,0.));
#4342=DIRECTION('center_axis',(0.,-1.,0.));
#4343=DIRECTION('ref_axis',(0.940388441301185,0.,-0.340102307353432));
#4344=DIRECTION('',(0.,1.,0.));
#4345=DIRECTION('',(0.,-1.,0.));
#4346=DIRECTION('center_axis',(0.,-1.,0.));
#4347=DIRECTION('ref_axis',(0.,0.,-1.));
#4348=DIRECTION('center_axis',(0.,-1.,0.));
#4349=DIRECTION('ref_axis',(0.94038844132121,0.,0.340102307298061));
#4350=DIRECTION('center_axis',(0.639656557299576,0.,-0.768660841141042));
#4351=DIRECTION('ref_axis',(-0.768660841141042,0.,-0.639656557299576));
#4352=DIRECTION('center_axis',(0.,1.,0.));
#4353=DIRECTION('ref_axis',(1.,0.,0.));
#4354=DIRECTION('center_axis',(0.,0.,1.));
#4355=DIRECTION('ref_axis',(0.,1.,0.));
#4356=DIRECTION('center_axis',(0.639656557299542,0.,-0.768660841141071));
#4357=DIRECTION('ref_axis',(-0.543525293203383,0.707106781186568,-0.452305489296944));
#4358=DIRECTION('center_axis',(-0.639656557299576,-2.73083188468008E-14,
0.768660841141042));
#4359=DIRECTION('ref_axis',(0.,1.,3.5527136788005E-14));
#4360=DIRECTION('',(0.639656557299542,0.,-0.768660841141071));
#4361=DIRECTION('',(-0.639656557299542,0.,0.768660841141071));
#4362=DIRECTION('center_axis',(0.768660841141071,0.,0.639656557299542));
#4363=DIRECTION('ref_axis',(-0.639656557299542,0.,0.768660841141071));
#4364=DIRECTION('center_axis',(-0.625227069203672,0.,-0.780442894730285));
#4365=DIRECTION('ref_axis',(-0.780442894730285,0.,0.625227069203672));
#4366=DIRECTION('center_axis',(-3.61524143954728E-11,-0.787864015815968,
-0.615849245012395));
#4367=DIRECTION('ref_axis',(4.62705429526963E-11,-0.615849245012406,0.787864015815959));
#4368=DIRECTION('center_axis',(-0.639656557299555,-2.73083188468014E-14,
0.768660841141059));
#4369=DIRECTION('ref_axis',(0.768660841141059,0.,0.639656557299555));
#4370=DIRECTION('center_axis',(0.,-1.,0.));
#4371=DIRECTION('ref_axis',(-0.76866084106581,0.,0.639656557389981));
#4372=DIRECTION('center_axis',(0.639656557390002,0.,0.768660841065792));
#4373=DIRECTION('ref_axis',(0.,-1.,0.));
#4374=DIRECTION('center_axis',(0.,-1.,0.));
#4375=DIRECTION('ref_axis',(5.86512496703972E-11,0.,1.));
#4376=DIRECTION('',(0.,1.,0.));
#4377=DIRECTION('',(0.,-1.,0.));
#4378=DIRECTION('center_axis',(-0.639656557389996,0.,-0.768660841065797));
#4379=DIRECTION('ref_axis',(-0.543525293150122,-0.707106781186565,0.45230548936095));
#4380=DIRECTION('',(0.639656557389996,0.,0.768660841065797));
#4381=DIRECTION('',(-0.639656557389996,0.,-0.768660841065797));
#4382=DIRECTION('center_axis',(0.,0.,1.));
#4383=DIRECTION('ref_axis',(1.,0.,0.));
#4384=DIRECTION('center_axis',(0.,3.5527136788005E-14,1.));
#4385=DIRECTION('ref_axis',(1.,0.,0.));
#4386=DIRECTION('center_axis',(0.,-1.,0.));
#4387=DIRECTION('ref_axis',(0.768660841141059,0.,0.639656557299555));
#4388=DIRECTION('center_axis',(0.639656557299555,0.,-0.768660841141059));
#4389=DIRECTION('ref_axis',(0.,-1.,0.));
#4390=DIRECTION('center_axis',(0.,-1.,0.));
#4391=DIRECTION('ref_axis',(0.940388441321207,0.,0.340102307298069));
#4392=DIRECTION('',(0.,1.,0.));
#4393=DIRECTION('',(0.,-1.,0.));
#4394=DIRECTION('center_axis',(-0.639656557299542,0.,0.768660841141071));
#4395=DIRECTION('ref_axis',(0.543525293203382,-0.707106781186569,0.452305489296943));
#4396=DIRECTION('',(0.639656557299542,0.,-0.768660841141071));
#4397=DIRECTION('',(-0.639656557299542,0.,0.768660841141071));
#4398=DIRECTION('center_axis',(0.,0.,1.));
#4399=DIRECTION('ref_axis',(0.707106781186527,-0.707106781186568,0.));
#4400=DIRECTION('',(0.,0.,-1.));
#4401=DIRECTION('',(0.,0.,1.));
#4402=DIRECTION('center_axis',(0.,0.,-1.));
#4403=DIRECTION('ref_axis',(-0.707106781186528,0.707106781186567,0.));
#4404=DIRECTION('',(0.,0.,1.));
#4405=DIRECTION('',(0.,0.,-1.));
#4406=DIRECTION('center_axis',(0.639656557390008,0.,0.768660841065787));
#4407=DIRECTION('ref_axis',(0.543525293150263,-0.707106781186488,-0.452305489360901));
#4408=DIRECTION('',(-0.639656557390008,0.,-0.768660841065787));
#4409=DIRECTION('',(0.639656557390008,0.,0.768660841065787));
#4410=DIRECTION('center_axis',(0.639656557389996,0.,0.768660841065797));
#4411=DIRECTION('ref_axis',(0.543525293150264,0.707106781186487,-0.452305489360902));
#4412=DIRECTION('center_axis',(0.639656557390002,2.73083188441274E-14,0.768660841065792));
#4413=DIRECTION('ref_axis',(0.768660841065792,0.,-0.639656557390002));
#4414=DIRECTION('',(-0.639656557389996,0.,-0.768660841065797));
#4415=DIRECTION('',(0.639656557389996,0.,0.768660841065797));
#4416=DIRECTION('center_axis',(-0.768660841065797,0.,0.639656557389996));
#4417=DIRECTION('ref_axis',(0.639656557389996,0.,0.768660841065797));
#4418=DIRECTION('center_axis',(0.625227069112519,0.,-0.78044289480331));
#4419=DIRECTION('ref_axis',(0.78044289480331,0.,0.625227069112519));
#4420=DIRECTION('center_axis',(-0.639656557390008,0.,-0.768660841065787));
#4421=DIRECTION('ref_axis',(-0.543525293150122,0.707106781186565,0.452305489360951));
#4422=DIRECTION('center_axis',(-0.639656557389976,2.04812391330961E-14,
-0.768660841065814));
#4423=DIRECTION('ref_axis',(-0.768660841065814,0.,0.639656557389976));
#4424=DIRECTION('',(0.639656557390008,0.,0.768660841065787));
#4425=DIRECTION('',(-0.639656557390008,0.,-0.768660841065787));
#4426=DIRECTION('center_axis',(0.768660841065787,0.,-0.639656557390008));
#4427=DIRECTION('ref_axis',(-0.639656557390008,-1.42230827313163E-16,-0.768660841065787));
#4428=DIRECTION('center_axis',(0.63965655729951,0.,-0.768660841141097));
#4429=DIRECTION('ref_axis',(-0.543525293203379,-0.707106781186565,-0.452305489296953));
#4430=DIRECTION('',(-0.63965655729951,0.,0.768660841141097));
#4431=DIRECTION('',(0.63965655729951,0.,-0.768660841141097));
#4432=DIRECTION('center_axis',(0.,0.,1.));
#4433=DIRECTION('ref_axis',(0.707106781186528,0.707106781186567,0.));
#4434=DIRECTION('',(0.,0.,-1.));
#4435=DIRECTION('',(0.,0.,1.));
#4436=DIRECTION('center_axis',(-0.63965655729951,0.,0.768660841141097));
#4437=DIRECTION('ref_axis',(0.543525293203512,0.707106781186475,0.452305489296934));
#4438=DIRECTION('center_axis',(0.639656557299485,-6.82707971170087E-15,
-0.768660841141117));
#4439=DIRECTION('ref_axis',(0.,1.,-8.88178419700125E-15));
#4440=DIRECTION('',(-0.63965655729951,0.,0.768660841141097));
#4441=DIRECTION('',(0.63965655729951,0.,-0.768660841141097));
#4442=DIRECTION('center_axis',(-0.768660841141097,0.,-0.63965655729951));
#4443=DIRECTION('ref_axis',(0.63965655729951,1.42230827327098E-16,-0.768660841141097));
#4444=DIRECTION('center_axis',(0.,-1.,0.));
#4445=DIRECTION('ref_axis',(0.,0.,-1.));
#4446=DIRECTION('',(1.,0.,0.));
#4447=DIRECTION('',(0.,0.,1.));
#4448=DIRECTION('center_axis',(-1.,0.,0.));
#4449=DIRECTION('ref_axis',(0.,-0.707106781186555,0.70710678118654));
#4450=DIRECTION('center_axis',(1.,0.,0.));
#4451=DIRECTION('ref_axis',(0.,-0.707106781186552,0.707106781186543));
#4452=DIRECTION('',(-1.,0.,0.));
#4453=DIRECTION('center_axis',(-1.,0.,0.));
#4454=DIRECTION('ref_axis',(0.,0.,1.));
#4455=DIRECTION('',(1.,0.,0.));
#4456=DIRECTION('center_axis',(-0.768660841141097,0.,-0.63965655729951));
#4457=DIRECTION('ref_axis',(0.63965655729951,0.,-0.768660841141097));
#4458=DIRECTION('center_axis',(-1.,0.,0.));
#4459=DIRECTION('ref_axis',(0.,0.,-1.));
#4460=DIRECTION('center_axis',(0.,-1.,0.));
#4461=DIRECTION('ref_axis',(0.,0.,-1.));
#4462=DIRECTION('center_axis',(0.768660841065787,0.,-0.639656557390008));
#4463=DIRECTION('ref_axis',(0.639656557390008,0.,0.768660841065787));
#4464=DIRECTION('center_axis',(0.768660841141071,0.,0.639656557299542));
#4465=DIRECTION('ref_axis',(-0.639656557299542,0.,0.768660841141071));
#4466=DIRECTION('center_axis',(-0.768660841065797,0.,0.639656557389996));
#4467=DIRECTION('ref_axis',(-0.639656557389996,0.,-0.768660841065797));
#4468=DIRECTION('center_axis',(1.,0.,0.));
#4469=DIRECTION('ref_axis',(0.,0.,1.));
#4470=DIRECTION('center_axis',(-0.40824829046388,-0.408248290463808,-0.816496580927745));
#4471=DIRECTION('ref_axis',(0.577350269189668,0.577350269189605,-0.577350269189604));
#4472=DIRECTION('center_axis',(1.,0.,7.105427357601E-14));
#4473=DIRECTION('ref_axis',(0.,1.,0.));
#4474=DIRECTION('center_axis',(0.,0.,-1.));
#4475=DIRECTION('ref_axis',(1.,0.,0.));
#4476=DIRECTION('center_axis',(0.,1.,0.));
#4477=DIRECTION('ref_axis',(0.,0.,-1.));
#4478=DIRECTION('center_axis',(0.408248290463859,0.408248290463856,-0.816496580927732));
#4479=DIRECTION('ref_axis',(0.577350269189644,0.577350269189617,0.577350269189616));
#4480=DIRECTION('center_axis',(0.,0.,1.));
#4481=DIRECTION('ref_axis',(1.,0.,0.));
#4482=DIRECTION('center_axis',(1.,0.,0.));
#4483=DIRECTION('ref_axis',(0.,0.707106781186552,0.707106781186543));
#4484=DIRECTION('center_axis',(0.,1.,0.));
#4485=DIRECTION('ref_axis',(0.707106781186583,0.,0.707106781186512));
#4486=DIRECTION('center_axis',(1.69126909141135E-15,0.,-1.));
#4487=DIRECTION('ref_axis',(0.707106781186578,0.707106781186517,0.));
#4488=DIRECTION('',(1.69126909141135E-15,0.,-1.));
#4489=DIRECTION('',(-1.69126909141135E-15,0.,1.));
#4490=DIRECTION('center_axis',(-0.408248290463855,-0.81649658092772,0.408248290463883));
#4491=DIRECTION('ref_axis',(0.577350269189592,-0.577350269189643,-0.577350269189642));
#4492=DIRECTION('center_axis',(0.,-1.,0.));
#4493=DIRECTION('ref_axis',(1.,0.,2.22044604925028E-15));
#4494=DIRECTION('center_axis',(0.,0.,-1.));
#4495=DIRECTION('ref_axis',(0.,-1.,0.));
#4496=DIRECTION('center_axis',(0.,-1.,0.));
#4497=DIRECTION('ref_axis',(0.707106781186579,0.,-0.707106781186516));
#4498=DIRECTION('',(0.,1.,0.));
#4499=DIRECTION('',(0.,-1.,0.));
#4500=DIRECTION('center_axis',(-1.69126909141135E-15,0.,1.));
#4501=DIRECTION('ref_axis',(0.707106781186578,-0.707106781186517,0.));
#4502=DIRECTION('center_axis',(0.,0.,-1.));
#4503=DIRECTION('ref_axis',(1.,0.,0.));
#4504=DIRECTION('',(-1.69126909141135E-15,0.,1.));
#4505=DIRECTION('center_axis',(-0.816496580927734,-0.408248290463857,0.408248290463853));
#4506=DIRECTION('ref_axis',(0.577350269189597,-0.57735026918964,0.57735026918964));
#4507=DIRECTION('center_axis',(0.,-1.,0.));
#4508=DIRECTION('ref_axis',(0.707106781186583,0.,0.707106781186512));
#4509=DIRECTION('center_axis',(0.,0.,-1.));
#4510=DIRECTION('ref_axis',(-1.,0.,0.));
#4511=DIRECTION('center_axis',(0.,0.,1.));
#4512=DIRECTION('ref_axis',(-0.707106781186529,0.707106781186566,0.));
#4513=DIRECTION('center_axis',(0.,0.,-1.));
#4514=DIRECTION('ref_axis',(-0.707106781186529,0.707106781186566,0.));
#4515=DIRECTION('center_axis',(-1.,0.,0.));
#4516=DIRECTION('ref_axis',(0.,0.707106781186547,-0.707106781186548));
#4517=DIRECTION('center_axis',(-0.707106781186543,0.,-0.707106781186552));
#4518=DIRECTION('ref_axis',(0.707106781186552,-9.81307786677353E-17,-0.707106781186543));
#4519=DIRECTION('',(1.,0.,0.));
#4520=DIRECTION('',(-1.,0.,0.));
#4521=DIRECTION('center_axis',(1.,0.,1.69126909141135E-15));
#4522=DIRECTION('ref_axis',(-1.69126909141135E-15,0.,1.));
#4523=DIRECTION('',(0.,1.,0.));
#4524=DIRECTION('center_axis',(0.,-1.,0.));
#4525=DIRECTION('ref_axis',(0.707106781186585,0.,0.70710678118651));
#4526=DIRECTION('',(0.,-1.,0.));
#4527=DIRECTION('center_axis',(1.,0.,0.));
#4528=DIRECTION('ref_axis',(0.,0.707106781186555,0.70710678118654));
#4529=DIRECTION('',(-1.,0.,0.));
#4530=DIRECTION('center_axis',(1.,0.,0.));
#4531=DIRECTION('ref_axis',(0.,1.,0.));
#4532=DIRECTION('',(1.,0.,0.));
#4533=DIRECTION('center_axis',(0.,1.,0.));
#4534=DIRECTION('ref_axis',(1.,0.,0.));
#4535=DIRECTION('',(0.,0.,1.));
#4536=DIRECTION('',(1.,0.,1.17390015657889E-33));
#4537=DIRECTION('',(0.,0.,-1.));
#4538=DIRECTION('center_axis',(0.,1.,0.));
#4539=DIRECTION('ref_axis',(1.,0.,0.));
#4540=DIRECTION('',(1.,0.,-9.15172343133181E-17));
#4541=DIRECTION('',(1.05704318213209E-15,0.,-1.));
#4542=DIRECTION('',(-1.,0.,0.));
#4543=DIRECTION('center_axis',(0.,1.,0.));
#4544=DIRECTION('ref_axis',(1.,0.,0.));
#4545=DIRECTION('',(0.,0.,-1.));
#4546=DIRECTION('',(-1.,0.,0.));
#4547=DIRECTION('',(0.,0.,1.));
#4548=DIRECTION('center_axis',(0.,1.,0.));
#4549=DIRECTION('ref_axis',(-0.707106781186554,0.,-0.707106781186541));
#4550=DIRECTION('center_axis',(0.408248290463861,-0.408248290463858,-0.81649658092773));
#4551=DIRECTION('ref_axis',(-0.577350269189632,0.577350269189624,-0.577350269189622));
#4552=DIRECTION('center_axis',(0.,0.,-1.));
#4553=DIRECTION('ref_axis',(0.,1.,0.));
#4554=DIRECTION('center_axis',(-1.,-1.77635683940025E-14,0.));
#4555=DIRECTION('ref_axis',(0.,0.,-1.));
#4556=DIRECTION('center_axis',(0.,1.,0.));
#4557=DIRECTION('ref_axis',(-1.,0.,0.));
#4558=DIRECTION('center_axis',(-0.408248290463856,-0.408248290463862,-0.81649658092773));
#4559=DIRECTION('ref_axis',(0.577350269189638,0.577350269189618,-0.577350269189621));
#4560=DIRECTION('center_axis',(1.,0.,0.));
#4561=DIRECTION('ref_axis',(0.,1.,0.));
#4562=DIRECTION('center_axis',(0.,-4.44089209850063E-15,-1.));
#4563=DIRECTION('ref_axis',(1.,0.,0.));
#4564=DIRECTION('center_axis',(0.,1.,0.));
#4565=DIRECTION('ref_axis',(0.,0.,-1.));
#4566=DIRECTION('center_axis',(0.,0.,1.));
#4567=DIRECTION('ref_axis',(0.707106781186527,0.707106781186568,0.));
#4568=DIRECTION('',(0.,0.,-1.));
#4569=DIRECTION('center_axis',(-0.816496580927728,0.408248290463862,0.408248290463861));
#4570=DIRECTION('ref_axis',(-0.577350269189625,-0.577350269189627,-0.577350269189625));
#4571=DIRECTION('center_axis',(0.,0.,-1.));
#4572=DIRECTION('ref_axis',(-1.,0.,0.));
#4573=DIRECTION('center_axis',(0.,-1.,0.));
#4574=DIRECTION('ref_axis',(0.,0.,-1.));
#4575=DIRECTION('center_axis',(-1.,0.,0.));
#4576=DIRECTION('ref_axis',(0.,-1.,0.));
#4577=DIRECTION('center_axis',(0.,-1.,0.));
#4578=DIRECTION('ref_axis',(-0.707106781186548,0.,-0.707106781186548));
#4579=DIRECTION('',(0.,1.,0.));
#4580=DIRECTION('',(0.,-1.,0.));
#4581=DIRECTION('center_axis',(-0.408248290463856,0.408248290463859,-0.816496580927732));
#4582=DIRECTION('ref_axis',(0.577350269189639,-0.57735026918962,-0.577350269189619));
#4583=DIRECTION('center_axis',(1.,0.,0.));
#4584=DIRECTION('ref_axis',(0.,0.,-1.));
#4585=DIRECTION('center_axis',(0.,-1.,0.));
#4586=DIRECTION('ref_axis',(1.,0.,0.));
#4587=DIRECTION('center_axis',(0.,0.,-1.));
#4588=DIRECTION('ref_axis',(0.,-1.,0.));
#4589=DIRECTION('center_axis',(0.,-1.,0.));
#4590=DIRECTION('ref_axis',(0.707106781186527,0.,-0.707106781186568));
#4591=DIRECTION('',(0.,1.,0.));
#4592=DIRECTION('',(0.,-1.,0.));
#4593=DIRECTION('center_axis',(-0.816496580927728,0.408248290463862,-0.40824829046386));
#4594=DIRECTION('ref_axis',(-0.577350269189625,-0.577350269189628,0.577350269189625));
#4595=DIRECTION('center_axis',(-1.,0.,0.));
#4596=DIRECTION('ref_axis',(0.,0.,1.));
#4597=DIRECTION('center_axis',(0.,-1.,0.));
#4598=DIRECTION('ref_axis',(-1.,0.,0.));
#4599=DIRECTION('center_axis',(0.,0.,1.));
#4600=DIRECTION('ref_axis',(0.,-1.,0.));
#4601=DIRECTION('center_axis',(0.408248290463864,-0.40824829046386,-0.816496580927727));
#4602=DIRECTION('ref_axis',(0.577350269189645,-0.577350269189616,0.577350269189617));
#4603=DIRECTION('center_axis',(0.,0.,1.));
#4604=DIRECTION('ref_axis',(1.,0.,0.));
#4605=DIRECTION('center_axis',(0.,-1.,0.));
#4606=DIRECTION('ref_axis',(0.,0.,1.));
#4607=DIRECTION('center_axis',(1.,0.,0.));
#4608=DIRECTION('ref_axis',(0.,-1.,0.));
#4609=DIRECTION('center_axis',(-0.816496580927752,-0.408248290463841,-0.408248290463833));
#4610=DIRECTION('ref_axis',(-0.577350269189595,0.577350269189645,0.577350269189637));
#4611=DIRECTION('center_axis',(0.,1.,0.));
#4612=DIRECTION('ref_axis',(0.,0.,1.));
#4613=DIRECTION('center_axis',(-1.,0.,3.55271367880051E-14));
#4614=DIRECTION('ref_axis',(0.,1.,0.));
#4615=DIRECTION('center_axis',(0.,0.,1.));
#4616=DIRECTION('ref_axis',(-1.,0.,0.));
#4617=DIRECTION('center_axis',(0.408248290463864,0.40824829046386,-0.816496580927727));
#4618=DIRECTION('ref_axis',(0.577350269189645,0.577350269189616,0.577350269189617));
#4619=DIRECTION('center_axis',(0.,0.,1.));
#4620=DIRECTION('ref_axis',(0.,1.,0.));
#4621=DIRECTION('center_axis',(1.,0.,0.));
#4622=DIRECTION('ref_axis',(0.,0.,1.));
#4623=DIRECTION('center_axis',(0.,1.,0.));
#4624=DIRECTION('ref_axis',(1.,0.,0.));
#4625=DIRECTION('center_axis',(-1.,0.,0.));
#4626=DIRECTION('ref_axis',(0.,0.707106781186543,0.707106781186553));
#4627=DIRECTION('',(1.,0.,0.));
#4628=DIRECTION('center_axis',(0.,-1.,0.));
#4629=DIRECTION('ref_axis',(0.707106781186522,0.,0.707106781186573));
#4630=DIRECTION('',(0.,1.,0.));
#4631=DIRECTION('',(0.,-1.,0.));
#4632=DIRECTION('center_axis',(0.,1.,0.));
#4633=DIRECTION('ref_axis',(0.,0.,1.));
#4634=DIRECTION('center_axis',(0.,0.,1.));
#4635=DIRECTION('ref_axis',(1.,0.,0.));
#4636=DIRECTION('center_axis',(0.,-1.,0.));
#4637=DIRECTION('ref_axis',(0.,0.,-1.));
#4638=DIRECTION('center_axis',(0.,0.,1.));
#4639=DIRECTION('ref_axis',(0.707106781186527,0.707106781186568,0.));
#4640=DIRECTION('',(0.,0.,-1.));
#4641=DIRECTION('center_axis',(-1.,0.,0.));
#4642=DIRECTION('ref_axis',(0.,0.,1.));
#4643=DIRECTION('center_axis',(0.,-1.,0.));
#4644=DIRECTION('ref_axis',(-1.,0.,0.));
#4645=DIRECTION('center_axis',(1.,0.,0.));
#4646=DIRECTION('ref_axis',(0.,-0.707106781186549,0.707106781186546));
#4647=DIRECTION('center_axis',(0.,0.,1.));
#4648=DIRECTION('ref_axis',(0.,1.,0.));
#4649=DIRECTION('center_axis',(0.,1.,0.));
#4650=DIRECTION('ref_axis',(-0.707106781186535,0.,-0.70710678118656));
#4651=DIRECTION('',(0.,-1.,0.));
#4652=DIRECTION('',(0.,1.,0.));
#4653=DIRECTION('center_axis',(0.,0.,-1.));
#4654=DIRECTION('ref_axis',(-0.707106781186528,0.707106781186568,0.));
#4655=DIRECTION('',(0.,0.,-1.));
#4656=DIRECTION('center_axis',(0.,0.,-1.));
#4657=DIRECTION('ref_axis',(-0.70710678118654,0.707106781186555,0.));
#4658=DIRECTION('center_axis',(0.,0.,1.));
#4659=DIRECTION('ref_axis',(0.,1.,0.));
#4660=DIRECTION('',(0.,0.,1.));
#4661=DIRECTION('center_axis',(0.,-1.,0.));
#4662=DIRECTION('ref_axis',(-0.707106781186541,0.,0.707106781186554));
#4663=DIRECTION('',(0.,1.,0.));
#4664=DIRECTION('',(0.,-1.,0.));
#4665=DIRECTION('center_axis',(-1.,0.,0.));
#4666=DIRECTION('ref_axis',(0.,-0.707106781186542,0.707106781186553));
#4667=DIRECTION('',(1.,0.,0.));
#4668=DIRECTION('',(-1.,0.,0.));
#4669=DIRECTION('center_axis',(0.,0.,1.));
#4670=DIRECTION('ref_axis',(0.707106781186528,-0.707106781186567,0.));
#4671=DIRECTION('',(0.,0.,-1.));
#4672=DIRECTION('',(0.,0.,1.));
#4673=DIRECTION('center_axis',(0.,0.,-1.));
#4674=DIRECTION('ref_axis',(-0.707106781186547,-0.707106781186548,0.));
#4675=DIRECTION('',(0.,0.,1.));
#4676=DIRECTION('',(0.,0.,-1.));
#4677=DIRECTION('center_axis',(1.,0.,1.17390015657889E-33));
#4678=DIRECTION('ref_axis',(0.,-0.707106781186547,-0.707106781186548));
#4679=DIRECTION('',(-1.,0.,-1.17390015657889E-33));
#4680=DIRECTION('',(1.,0.,1.17390015657889E-33));
#4681=DIRECTION('center_axis',(1.,0.,1.17390015657889E-33));
#4682=DIRECTION('ref_axis',(0.,0.707106781186549,-0.707106781186546));
#4683=DIRECTION('',(-1.,0.,-1.17390015657889E-33));
#4684=DIRECTION('center_axis',(0.,0.,-1.));
#4685=DIRECTION('ref_axis',(-0.70710678118654,0.707106781186555,0.));
#4686=DIRECTION('center_axis',(0.,0.,-1.));
#4687=DIRECTION('ref_axis',(-1.,0.,0.));
#4688=DIRECTION('',(0.,0.,1.));
#4689=DIRECTION('center_axis',(0.,1.,0.));
#4690=DIRECTION('ref_axis',(0.35053131574316,0.,-0.936551011255323));
#4691=DIRECTION('center_axis',(0.,-1.,0.));
#4692=DIRECTION('ref_axis',(1.,0.,0.));
#4693=DIRECTION('center_axis',(0.,1.,0.));
#4694=DIRECTION('ref_axis',(0.,0.,1.));
#4695=DIRECTION('center_axis',(0.,-1.,0.));
#4696=DIRECTION('ref_axis',(1.,0.,0.));
#4697=DIRECTION('center_axis',(1.,0.,0.));
#4698=DIRECTION('ref_axis',(0.,0.,1.));
#4699=DIRECTION('',(0.,-1.,0.));
#4700=DIRECTION('center_axis',(-1.,0.,9.15172343133181E-17));
#4701=DIRECTION('ref_axis',(0.,0.707106781186543,-0.707106781186553));
#4702=DIRECTION('',(-1.,0.,9.15172343133181E-17));
#4703=DIRECTION('center_axis',(-1.,0.,0.));
#4704=DIRECTION('ref_axis',(0.,0.,-1.));
#4705=DIRECTION('center_axis',(-9.15172343133181E-17,0.,-1.));
#4706=DIRECTION('ref_axis',(1.,0.,-9.15172343133181E-17));
#4707=DIRECTION('',(0.,1.,0.));
#4708=DIRECTION('',(1.,0.,-9.15172343133181E-17));
#4709=DIRECTION('',(1.,0.,-9.15172343133181E-17));
#4710=DIRECTION('',(1.,0.,-9.15172343133181E-17));
#4711=DIRECTION('',(0.,-1.,0.));
#4712=DIRECTION('center_axis',(0.,1.,0.));
#4713=DIRECTION('ref_axis',(0.707106781186541,0.,0.707106781186554));
#4714=DIRECTION('',(0.,-1.,0.));
#4715=DIRECTION('center_axis',(0.,-1.,0.));
#4716=DIRECTION('ref_axis',(1.,0.,0.));
#4717=DIRECTION('center_axis',(-1.,0.,0.));
#4718=DIRECTION('ref_axis',(0.,0.,-1.));
#4719=DIRECTION('',(0.,1.,0.));
#4720=DIRECTION('center_axis',(-1.,0.,0.));
#4721=DIRECTION('ref_axis',(0.,-0.707106781186548,0.707106781186547));
#4722=DIRECTION('',(0.,0.,1.));
#4723=DIRECTION('center_axis',(-1.,0.,0.));
#4724=DIRECTION('ref_axis',(0.,-0.70710678118655,-0.707106781186545));
#4725=DIRECTION('center_axis',(1.17390015657889E-33,0.,-1.));
#4726=DIRECTION('ref_axis',(1.,0.,1.17390015657889E-33));
#4727=DIRECTION('center_axis',(0.,0.,1.));
#4728=DIRECTION('ref_axis',(-1.,0.,0.));
#4729=DIRECTION('center_axis',(0.,0.,1.));
#4730=DIRECTION('ref_axis',(-1.,0.,0.));
#4731=DIRECTION('center_axis',(0.,-1.,0.));
#4732=DIRECTION('ref_axis',(0.,0.,-1.));
#4733=DIRECTION('center_axis',(-1.,0.,0.));
#4734=DIRECTION('ref_axis',(0.,0.,1.));
#4735=DIRECTION('center_axis',(0.,0.,1.));
#4736=DIRECTION('ref_axis',(1.,0.,0.));
#4737=DIRECTION('center_axis',(1.,0.,0.));
#4738=DIRECTION('ref_axis',(0.,-0.70710678118655,-0.707106781186545));
#4739=DIRECTION('center_axis',(0.,0.,1.));
#4740=DIRECTION('ref_axis',(0.70710678118654,0.707106781186555,0.));
#4741=DIRECTION('center_axis',(0.,0.,1.));
#4742=DIRECTION('ref_axis',(1.,0.,0.));
#4743=DIRECTION('',(0.,0.,-1.));
#4744=DIRECTION('center_axis',(-1.,0.,0.));
#4745=DIRECTION('ref_axis',(0.,0.,1.));
#4746=DIRECTION('center_axis',(0.,1.,0.));
#4747=DIRECTION('ref_axis',(1.,0.,0.));
#4748=DIRECTION('center_axis',(1.,0.,0.));
#4749=DIRECTION('ref_axis',(0.,-0.707106781186548,0.707106781186547));
#4750=DIRECTION('center_axis',(0.,-1.,0.));
#4751=DIRECTION('ref_axis',(0.707106781186548,0.,-0.707106781186548));
#4752=DIRECTION('',(0.,-1.,0.));
#4753=DIRECTION('center_axis',(-1.,0.,0.));
#4754=DIRECTION('ref_axis',(0.,-0.707106781186542,0.707106781186553));
#4755=DIRECTION('',(-1.,0.,0.));
#4756=DIRECTION('center_axis',(1.,1.77635683940025E-14,0.));
#4757=DIRECTION('ref_axis',(0.,0.,1.));
#4758=DIRECTION('',(1.,0.,0.));
#4759=DIRECTION('center_axis',(-0.329438655588788,5.85200609017967E-15,
-0.944176981399066));
#4760=DIRECTION('ref_axis',(-0.944176981399066,0.,0.329438655588788));
#4761=DIRECTION('center_axis',(0.,0.,1.));
#4762=DIRECTION('ref_axis',(-1.,0.,0.));
#4763=DIRECTION('center_axis',(-0.408248290463862,-0.816496580927727,0.408248290463862));
#4764=DIRECTION('ref_axis',(-0.577350269189626,0.577350269189626,0.577350269189626));
#4765=DIRECTION('center_axis',(-1.,0.,0.));
#4766=DIRECTION('ref_axis',(0.,1.,0.));
#4767=DIRECTION('center_axis',(0.,0.,1.));
#4768=DIRECTION('ref_axis',(-1.,0.,0.));
#4769=DIRECTION('center_axis',(0.,1.,0.));
#4770=DIRECTION('ref_axis',(0.,0.,1.));
#4771=DIRECTION('center_axis',(0.408248290463862,-0.816496580927728,-0.408248290463862));
#4772=DIRECTION('ref_axis',(-0.577350269189626,-0.577350269189626,0.577350269189626));
#4773=DIRECTION('center_axis',(-1.,0.,0.));
#4774=DIRECTION('ref_axis',(0.,0.,1.));
#4775=DIRECTION('center_axis',(0.,-1.,0.));
#4776=DIRECTION('ref_axis',(-1.,0.,0.));
#4777=DIRECTION('center_axis',(0.,0.,1.));
#4778=DIRECTION('ref_axis',(0.,-1.,0.));
#4779=DIRECTION('center_axis',(0.,-1.,0.));
#4780=DIRECTION('ref_axis',(-0.707106781186541,0.,0.707106781186554));
#4781=DIRECTION('',(0.,1.,0.));
#4782=DIRECTION('',(0.,-1.,0.));
#4783=DIRECTION('center_axis',(-0.408248290463847,-0.816496580927732,-0.408248290463868));
#4784=DIRECTION('ref_axis',(-0.57735026918961,0.577350269189623,-0.577350269189645));
#4785=DIRECTION('center_axis',(0.,1.,0.));
#4786=DIRECTION('ref_axis',(-1.,0.,0.));
#4787=DIRECTION('center_axis',(1.77635683940026E-14,0.,-1.));
#4788=DIRECTION('ref_axis',(0.,1.,0.));
#4789=DIRECTION('center_axis',(-1.05704318213209E-15,0.,1.));
#4790=DIRECTION('ref_axis',(-0.707106781186546,0.707106781186549,0.));
#4791=DIRECTION('',(-1.05704318213209E-15,0.,1.));
#4792=DIRECTION('center_axis',(-0.816496580927724,0.408248290463868,0.408248290463862));
#4793=DIRECTION('ref_axis',(-0.577350269189626,-0.577350269189634,-0.577350269189618));
#4794=DIRECTION('center_axis',(0.,-1.77635683940025E-14,-1.));
#4795=DIRECTION('ref_axis',(-1.,0.,0.));
#4796=DIRECTION('center_axis',(0.,-1.,0.));
#4797=DIRECTION('ref_axis',(0.,0.,-1.));
#4798=DIRECTION('center_axis',(-1.,0.,0.));
#4799=DIRECTION('ref_axis',(0.,-1.,0.));
#4800=DIRECTION('center_axis',(0.,-1.,0.));
#4801=DIRECTION('ref_axis',(-0.707106781186548,0.,-0.707106781186548));
#4802=DIRECTION('',(0.,1.,0.));
#4803=DIRECTION('center_axis',(1.,0.,-9.15172343133181E-17));
#4804=DIRECTION('ref_axis',(0.,-0.707106781186542,-0.707106781186553));
#4805=DIRECTION('center_axis',(-1.,0.,0.));
#4806=DIRECTION('ref_axis',(0.,0.,-1.));
#4807=DIRECTION('',(-1.,0.,9.15172343133181E-17));
#4808=DIRECTION('center_axis',(-1.,0.,0.));
#4809=DIRECTION('ref_axis',(0.,0.,-1.));
#4810=DIRECTION('center_axis',(1.,0.,-9.15172343133181E-17));
#4811=DIRECTION('ref_axis',(0.,-0.707106781186542,-0.707106781186553));
#4812=DIRECTION('center_axis',(-1.,-1.77635683940025E-14,0.));
#4813=DIRECTION('ref_axis',(0.,0.,-1.));
#4814=DIRECTION('',(-1.,0.,9.15172343133181E-17));
#4815=DIRECTION('center_axis',(-1.,0.,0.));
#4816=DIRECTION('ref_axis',(0.,0.,-1.));
#4817=DIRECTION('center_axis',(1.,0.,-9.15172343133181E-17));
#4818=DIRECTION('ref_axis',(0.,-0.707106781186542,-0.707106781186553));
#4819=DIRECTION('',(-1.,0.,9.15172343133181E-17));
#4820=DIRECTION('center_axis',(1.05704318213209E-15,0.,-1.));
#4821=DIRECTION('ref_axis',(-0.707106781186547,-0.707106781186548,0.));
#4822=DIRECTION('',(-1.05704318213209E-15,0.,1.));
#4823=DIRECTION('',(1.05704318213209E-15,0.,-1.));
#4824=DIRECTION('center_axis',(-1.,0.,0.));
#4825=DIRECTION('ref_axis',(0.,-0.707106781186542,0.707106781186553));
#4826=DIRECTION('center_axis',(1.,-1.77635683940025E-14,0.));
#4827=DIRECTION('ref_axis',(0.,0.,1.));
#4828=DIRECTION('',(1.,0.,0.));
#4829=DIRECTION('center_axis',(-1.,0.,0.));
#4830=DIRECTION('ref_axis',(0.,-1.,0.));
#4831=DIRECTION('',(-1.,0.,0.));
#4832=DIRECTION('center_axis',(1.,0.,0.));
#4833=DIRECTION('ref_axis',(0.,0.,1.));
#4834=DIRECTION('center_axis',(-1.,0.,0.));
#4835=DIRECTION('ref_axis',(0.,-0.707106781186542,0.707106781186553));
#4836=DIRECTION('',(-1.,0.,0.));
#4837=DIRECTION('',(1.,0.,0.));
#4838=DIRECTION('center_axis',(0.,0.,1.));
#4839=DIRECTION('ref_axis',(1.,5.33365602424361E-17,0.));
#4840=DIRECTION('center_axis',(0.329438655577435,0.,-0.944176981403027));
#4841=DIRECTION('ref_axis',(0.944176981403027,0.,0.329438655577435));
#4842=DIRECTION('center_axis',(1.,0.,0.));
#4843=DIRECTION('ref_axis',(0.,0.707106781186543,0.707106781186553));
#4844=DIRECTION('',(1.,0.,0.));
#4845=DIRECTION('center_axis',(0.,-1.,0.));
#4846=DIRECTION('ref_axis',(0.,0.,-1.));
#4847=DIRECTION('center_axis',(0.,-1.,0.));
#4848=DIRECTION('ref_axis',(5.88734134949051E-11,0.,-1.));
#4849=DIRECTION('center_axis',(-0.639656557299499,0.,-0.768660841141106));
#4850=DIRECTION('ref_axis',(-0.768660841141106,0.,0.639656557299499));
#4851=DIRECTION('center_axis',(0.,1.,0.));
#4852=DIRECTION('ref_axis',(-0.76866084106579,0.,-0.639656557390005));
#4853=DIRECTION('center_axis',(0.639656557390004,0.,-0.768660841065791));
#4854=DIRECTION('ref_axis',(0.,1.,0.));
#4855=DIRECTION('center_axis',(0.,-1.,0.));
#4856=DIRECTION('ref_axis',(5.88734134949051E-11,0.,-1.));
#4857=DIRECTION('center_axis',(0.,-1.,0.));
#4858=DIRECTION('ref_axis',(0.,0.,-1.));
#4859=DIRECTION('center_axis',(0.,-1.,0.));
#4860=DIRECTION('ref_axis',(-5.88507020893302E-11,0.,-1.));
#4861=DIRECTION('center_axis',(-0.639656557390028,0.,-0.768660841065771));
#4862=DIRECTION('ref_axis',(-0.768660841065771,0.,0.639656557390027));
#4863=DIRECTION('center_axis',(0.,1.,0.));
#4864=DIRECTION('ref_axis',(-5.88507020893302E-11,0.,-1.));
#4865=DIRECTION('center_axis',(-0.639656557299523,0.,0.768660841141086));
#4866=DIRECTION('ref_axis',(0.768660841141086,0.,0.639656557299523));
#4867=DIRECTION('center_axis',(0.,-1.,0.));
#4868=DIRECTION('ref_axis',(-5.88507020893302E-11,0.,-1.));
#4869=DIRECTION('center_axis',(0.,-1.,0.));
#4870=DIRECTION('ref_axis',(0.,0.,-1.));
#4871=DIRECTION('',(-0.63965655729951,0.,0.768660841141097));
#4872=DIRECTION('center_axis',(0.,-1.,0.));
#4873=DIRECTION('ref_axis',(0.940388441321214,0.,0.340102307298052));
#4874=DIRECTION('',(0.,0.,1.));
#4875=DIRECTION('center_axis',(0.,-1.,0.));
#4876=DIRECTION('ref_axis',(0.940388441301195,0.,-0.340102307353404));
#4877=DIRECTION('',(0.639656557390002,0.,0.768660841065792));
#4878=DIRECTION('center_axis',(0.,-1.,0.));
#4879=DIRECTION('ref_axis',(0.,0.,-1.));
#4880=DIRECTION('',(0.639656557299523,0.,-0.768660841141086));
#4881=DIRECTION('center_axis',(0.,-1.,0.));
#4882=DIRECTION('ref_axis',(-0.940388441321216,0.,-0.340102307298044));
#4883=DIRECTION('',(2.22016101491039E-16,0.,-1.));
#4884=DIRECTION('center_axis',(0.,-1.,0.));
#4885=DIRECTION('ref_axis',(-0.940388441301206,0.,0.340102307353372));
#4886=DIRECTION('',(-0.639656557390005,0.,-0.76866084106579));
#4887=DIRECTION('center_axis',(0.,-1.,0.));
#4888=DIRECTION('ref_axis',(-5.8845643016841E-11,0.,1.));
#4889=DIRECTION('',(-0.63965655739001,0.,0.768660841065786));
#4890=DIRECTION('center_axis',(0.,-1.,0.));
#4891=DIRECTION('ref_axis',(0.940388441301201,0.,0.340102307353387));
#4892=DIRECTION('',(0.,0.,1.));
#4893=DIRECTION('center_axis',(0.,-1.,0.));
#4894=DIRECTION('ref_axis',(0.940388441321219,0.,-0.340102307298037));
#4895=DIRECTION('',(0.639656557299508,0.,0.768660841141098));
#4896=DIRECTION('center_axis',(-1.,0.,-1.05704318213209E-15));
#4897=DIRECTION('ref_axis',(1.05704318213209E-15,0.,-1.));
#4898=DIRECTION('center_axis',(3.625189037848E-11,-0.78786401581598,-0.61584924501238));
#4899=DIRECTION('ref_axis',(-4.63700189357038E-11,-0.615849245012382,0.787864015815978));
#4900=DIRECTION('center_axis',(-0.639656557390016,0.,0.768660841065781));
#4901=DIRECTION('ref_axis',(0.76866084106578,0.,0.639656557390016));
#4902=DIRECTION('center_axis',(0.,-1.,0.));
#4903=DIRECTION('ref_axis',(-0.768660841141096,0.,0.639656557299512));
#4904=DIRECTION('center_axis',(0.639656557299503,0.,0.768660841141103));
#4905=DIRECTION('ref_axis',(0.,-1.,0.));
#4906=DIRECTION('center_axis',(0.,-1.,0.));
#4907=DIRECTION('ref_axis',(-5.88755710850813E-11,0.,1.));
#4908=DIRECTION('center_axis',(0.,-1.,0.));
#4909=DIRECTION('ref_axis',(-5.8845643016841E-11,0.,1.));
#4910=DIRECTION('center_axis',(0.639656557299512,0.,0.768660841141096));
#4911=DIRECTION('ref_axis',(0.768660841141096,0.,-0.639656557299512));
#4912=DIRECTION('center_axis',(0.,1.,0.));
#4913=DIRECTION('ref_axis',(0.768660841065788,0.,0.639656557390007));
#4914=DIRECTION('center_axis',(-0.639656557390016,0.,0.76866084106578));
#4915=DIRECTION('ref_axis',(0.,1.,0.));
#4916=DIRECTION('center_axis',(0.,0.,1.));
#4917=DIRECTION('ref_axis',(1.,0.,0.));
#4918=DIRECTION('center_axis',(-0.639656557299512,3.86709018510647E-14,
-0.768660841141096));
#4919=DIRECTION('ref_axis',(-0.768660841141096,0.,0.639656557299512));
#4920=DIRECTION('center_axis',(0.,-1.,0.));
#4921=DIRECTION('ref_axis',(-1.,0.,0.));
#4922=DIRECTION('center_axis',(7.10542735760103E-14,0.,1.));
#4923=DIRECTION('ref_axis',(0.,-1.,0.));
#4924=DIRECTION('center_axis',(0.,0.,1.));
#4925=DIRECTION('ref_axis',(1.,0.,0.));
#4926=DIRECTION('center_axis',(0.,0.,1.));
#4927=DIRECTION('ref_axis',(1.,0.,0.));
#4928=DIRECTION('center_axis',(0.,-1.,0.));
#4929=DIRECTION('ref_axis',(0.76866084106578,0.,0.639656557390016));
#4930=DIRECTION('center_axis',(0.639656557390016,0.,-0.768660841065781));
#4931=DIRECTION('ref_axis',(0.,-1.,0.));
#4932=DIRECTION('center_axis',(0.,-1.,0.));
#4933=DIRECTION('ref_axis',(0.,0.,-1.));
#4934=DIRECTION('center_axis',(0.,-1.,0.));
#4935=DIRECTION('ref_axis',(-0.94038844132122,0.,0.340102307298034));
#4936=DIRECTION('center_axis',(0.,0.,1.));
#4937=DIRECTION('ref_axis',(1.,0.,0.));
#4938=DIRECTION('center_axis',(0.,1.,0.));
#4939=DIRECTION('ref_axis',(-0.768660841141106,0.,0.639656557299499));
#4940=DIRECTION('center_axis',(-0.639656557299512,0.,-0.768660841141096));
#4941=DIRECTION('ref_axis',(0.,1.,0.));
#4942=DIRECTION('center_axis',(1.77635683940025E-14,-1.,0.));
#4943=DIRECTION('ref_axis',(0.,0.,-1.));
#4944=DIRECTION('center_axis',(0.639656557390037,1.13625830058701E-14,-0.768660841065763));
#4945=DIRECTION('ref_axis',(-0.768660841065763,0.,-0.639656557390037));
#4946=DIRECTION('center_axis',(0.,1.,0.));
#4947=DIRECTION('ref_axis',(1.,0.,0.));
#4948=DIRECTION('center_axis',(0.,0.,1.));
#4949=DIRECTION('ref_axis',(0.,1.,0.));
#4950=DIRECTION('center_axis',(0.63965655739001,0.,-0.768660841065786));
#4951=DIRECTION('ref_axis',(-0.543525293150164,0.707106781186553,-0.452305489360919));
#4952=DIRECTION('',(0.63965655739001,0.,-0.768660841065786));
#4953=DIRECTION('center_axis',(0.,-1.,0.));
#4954=DIRECTION('ref_axis',(0.940388441301188,0.,0.340102307353422));
#4955=DIRECTION('',(0.,1.,0.));
#4956=DIRECTION('',(0.,-1.,0.));
#4957=DIRECTION('center_axis',(0.,0.,1.));
#4958=DIRECTION('ref_axis',(1.,0.,0.));
#4959=DIRECTION('center_axis',(0.,0.,-1.));
#4960=DIRECTION('ref_axis',(-1.,0.,0.));
#4961=DIRECTION('center_axis',(0.,-1.,0.));
#4962=DIRECTION('ref_axis',(-0.768660841065788,0.,-0.639656557390007));
#4963=DIRECTION('center_axis',(-0.639656557390007,0.,0.768660841065788));
#4964=DIRECTION('ref_axis',(0.,-1.,0.));
#4965=DIRECTION('center_axis',(0.,0.,1.));
#4966=DIRECTION('ref_axis',(1.,0.,0.));
#4967=DIRECTION('center_axis',(0.639656557299501,0.,0.768660841141104));
#4968=DIRECTION('ref_axis',(0.768660841141104,0.,-0.639656557299501));
#4969=DIRECTION('center_axis',(0.,-1.,0.));
#4970=DIRECTION('ref_axis',(1.,0.,0.));
#4971=DIRECTION('center_axis',(0.,0.,-1.));
#4972=DIRECTION('ref_axis',(0.,-1.,0.));
#4973=DIRECTION('center_axis',(0.,-1.,0.));
#4974=DIRECTION('ref_axis',(0.,0.,-1.));
#4975=DIRECTION('center_axis',(0.,-1.,0.));
#4976=DIRECTION('ref_axis',(-0.940388441301195,0.,-0.340102307353402));
#4977=DIRECTION('center_axis',(-0.639656557390004,0.,0.768660841065791));
#4978=DIRECTION('ref_axis',(0.768660841065791,0.,0.639656557390004));
#4979=DIRECTION('center_axis',(0.,1.,0.));
#4980=DIRECTION('ref_axis',(-1.,0.,0.));
#4981=DIRECTION('center_axis',(0.,0.,-1.));
#4982=DIRECTION('ref_axis',(0.,1.,0.));
#4983=DIRECTION('center_axis',(0.,1.,0.));
#4984=DIRECTION('ref_axis',(0.,0.,1.));
#4985=DIRECTION('center_axis',(0.,1.,0.));
#4986=DIRECTION('ref_axis',(0.7686608411411,0.,-0.639656557299506));
#4987=DIRECTION('center_axis',(0.639656557299499,0.,0.768660841141106));
#4988=DIRECTION('ref_axis',(0.,1.,0.));
#4989=DIRECTION('center_axis',(0.,0.,-1.));
#4990=DIRECTION('ref_axis',(-1.,0.,0.));
#4991=DIRECTION('center_axis',(-3.62518903784803E-11,-0.787864015815976,
0.615849245012384));
#4992=DIRECTION('ref_axis',(4.63842297904192E-11,-0.615849245012385,-0.787864015815975));
#4993=DIRECTION('center_axis',(0.639656557390007,0.,-0.768660841065788));
#4994=DIRECTION('ref_axis',(-0.768660841065788,0.,-0.639656557390007));
#4995=DIRECTION('center_axis',(0.,-1.,0.));
#4996=DIRECTION('ref_axis',(0.7686608411411,0.,-0.639656557299506));
#4997=DIRECTION('center_axis',(-0.639656557299506,0.,-0.7686608411411));
#4998=DIRECTION('ref_axis',(0.,-1.,0.));
#4999=DIRECTION('center_axis',(-0.639656557299508,0.,-0.768660841141098));
#5000=DIRECTION('ref_axis',(-0.543525293203418,0.707106781186549,0.452305489296931));
#5001=DIRECTION('',(-0.639656557299508,0.,-0.768660841141098));
#5002=DIRECTION('center_axis',(0.,-1.,0.));
#5003=DIRECTION('ref_axis',(5.88734134949055E-11,0.,-1.));
#5004=DIRECTION('',(0.,1.,0.));
#5005=DIRECTION('',(0.,-1.,0.));
#5006=DIRECTION('center_axis',(-0.639656557390006,0.,0.768660841065789));
#5007=DIRECTION('ref_axis',(0.543525293150182,0.707106781186544,0.452305489360913));
#5008=DIRECTION('',(0.639656557390006,0.,-0.768660841065789));
#5009=DIRECTION('',(-0.639656557390006,0.,0.768660841065789));
#5010=DIRECTION('center_axis',(0.639656557299508,0.,0.768660841141098));
#5011=DIRECTION('ref_axis',(0.543525293203418,-0.70710678118655,-0.452305489296931));
#5012=DIRECTION('',(-0.639656557299508,0.,-0.768660841141098));
#5013=DIRECTION('',(0.639656557299508,0.,0.768660841141098));
#5014=DIRECTION('center_axis',(0.639656557390006,0.,-0.768660841065789));
#5015=DIRECTION('ref_axis',(-0.543525293150172,-0.707106781186549,-0.452305489360915));
#5016=DIRECTION('',(-0.639656557390006,0.,0.768660841065789));
#5017=DIRECTION('',(0.639656557390006,0.,-0.768660841065789));
#5018=DIRECTION('center_axis',(0.,0.,-1.));
#5019=DIRECTION('ref_axis',(-0.707106781186553,0.707106781186542,0.));
#5020=DIRECTION('',(0.,0.,-1.));
#5021=DIRECTION('center_axis',(0.,-1.,0.));
#5022=DIRECTION('ref_axis',(0.940388441321216,0.,-0.340102307298045));
#5023=DIRECTION('',(0.,1.,0.));
#5024=DIRECTION('',(0.,-1.,0.));
#5025=DIRECTION('center_axis',(0.,-1.,0.));
#5026=DIRECTION('ref_axis',(-0.940388441301197,0.,-0.340102307353399));
#5027=DIRECTION('',(0.,1.,0.));
#5028=DIRECTION('',(0.,-1.,0.));
#5029=DIRECTION('center_axis',(0.,0.,1.));
#5030=DIRECTION('ref_axis',(0.707106781186553,0.707106781186542,0.));
#5031=DIRECTION('',(0.,0.,-1.));
#5032=DIRECTION('',(0.,0.,1.));
#5033=DIRECTION('center_axis',(0.,0.,1.));
#5034=DIRECTION('ref_axis',(0.70710678118654,-0.707106781186555,0.));
#5035=DIRECTION('',(0.,0.,-1.));
#5036=DIRECTION('',(0.,0.,1.));
#5037=DIRECTION('center_axis',(0.,0.,-1.));
#5038=DIRECTION('ref_axis',(-0.707106781186552,-0.707106781186543,0.));
#5039=DIRECTION('',(0.,0.,1.));
#5040=DIRECTION('',(0.,0.,-1.));
#5041=DIRECTION('center_axis',(0.,-1.,0.));
#5042=DIRECTION('ref_axis',(-0.940388441321216,0.,0.340102307298045));
#5043=DIRECTION('',(0.,1.,0.));
#5044=DIRECTION('',(0.,-1.,0.));
#5045=DIRECTION('center_axis',(0.639656557299508,0.,0.768660841141099));
#5046=DIRECTION('ref_axis',(0.543525293203436,0.707106781186539,-0.452305489296925));
#5047=DIRECTION('',(-0.639656557299508,0.,-0.768660841141099));
#5048=DIRECTION('',(0.639656557299508,0.,0.768660841141099));
#5049=DIRECTION('center_axis',(-0.63965655739001,0.,0.768660841065786));
#5050=DIRECTION('ref_axis',(0.543525293150187,-0.707106781186553,0.452305489360892));
#5051=DIRECTION('',(0.63965655739001,0.,-0.768660841065786));
#5052=DIRECTION('',(-0.63965655739001,0.,0.768660841065786));
#5053=DIRECTION('center_axis',(-0.639656557299508,0.,-0.768660841141099));
#5054=DIRECTION('ref_axis',(-0.543525293203435,-0.70710678118654,0.452305489296925));
#5055=DIRECTION('',(0.639656557299508,0.,0.768660841141099));
#5056=DIRECTION('',(-0.639656557299508,0.,-0.768660841141099));
#5057=DIRECTION('center_axis',(0.,-1.,0.));
#5058=DIRECTION('ref_axis',(-5.88734134949063E-11,0.,1.));
#5059=DIRECTION('',(0.,1.,0.));
#5060=DIRECTION('',(0.,-1.,0.));
#5061=DIRECTION('center_axis',(0.768660841065786,0.,0.63965655739001));
#5062=DIRECTION('ref_axis',(-0.63965655739001,0.,0.768660841065786));
#5063=DIRECTION('center_axis',(1.,0.,0.));
#5064=DIRECTION('ref_axis',(0.,0.,1.));
#5065=DIRECTION('center_axis',(0.,-1.,0.));
#5066=DIRECTION('ref_axis',(0.,0.,-1.));
#5067=DIRECTION('center_axis',(0.768660841141098,0.,-0.639656557299508));
#5068=DIRECTION('ref_axis',(0.639656557299508,0.,0.768660841141098));
#5069=DIRECTION('center_axis',(-0.768660841065789,0.,-0.639656557390006));
#5070=DIRECTION('ref_axis',(0.639656557390006,0.,-0.768660841065789));
#5071=DIRECTION('center_axis',(0.,-1.,0.));
#5072=DIRECTION('ref_axis',(0.,0.,-1.));
#5073=DIRECTION('center_axis',(-1.,0.,0.));
#5074=DIRECTION('ref_axis',(0.,0.,-1.));
#5075=DIRECTION('center_axis',(-0.768660841141099,0.,0.639656557299508));
#5076=DIRECTION('ref_axis',(-0.639656557299508,0.,-0.768660841141099));
#5077=DIRECTION('center_axis',(0.63965655729951,0.,-0.768660841141097));
#5078=DIRECTION('ref_axis',(-0.543525293203424,0.707106781186557,-0.452305489296911));
#5079=DIRECTION('center_axis',(1.,1.77635683960932E-14,-5.88468173832368E-11));
#5080=DIRECTION('ref_axis',(-5.88468173832368E-11,1.47823102190194E-14,
-1.));
#5081=DIRECTION('',(0.63965655729951,0.,-0.768660841141097));
#5082=DIRECTION('center_axis',(0.639656557299517,0.,-0.768660841141091));
#5083=DIRECTION('ref_axis',(-0.768660841141091,0.,-0.639656557299517));
#5084=DIRECTION('center_axis',(0.,-1.,0.));
#5085=DIRECTION('ref_axis',(0.,0.,-1.));
#5086=DIRECTION('center_axis',(0.,0.,-1.));
#5087=DIRECTION('ref_axis',(-1.,0.,0.));
#5088=DIRECTION('center_axis',(0.,1.,0.));
#5089=DIRECTION('ref_axis',(0.940388441321214,0.,0.340102307298052));
#5090=DIRECTION('center_axis',(0.,0.,-1.));
#5091=DIRECTION('ref_axis',(-0.707106781186553,0.707106781186542,0.));
#5092=DIRECTION('center_axis',(0.,0.,-1.));
#5093=DIRECTION('ref_axis',(-1.,0.,0.));
#5094=DIRECTION('',(0.,0.,-1.));
#5095=DIRECTION('center_axis',(0.,-1.,0.));
#5096=DIRECTION('ref_axis',(0.,0.,-1.));
#5097=DIRECTION('center_axis',(-0.639656557389999,0.,-0.768660841065795));
#5098=DIRECTION('ref_axis',(-0.768660841065795,0.,0.639656557389999));
#5099=DIRECTION('center_axis',(0.,1.,0.));
#5100=DIRECTION('ref_axis',(0.940388441301195,0.,-0.340102307353404));
#5101=DIRECTION('center_axis',(-0.639656557390002,0.,-0.768660841065792));
#5102=DIRECTION('ref_axis',(-0.54352529315017,0.707106781186561,0.452305489360899));
#5103=DIRECTION('',(-0.639656557390002,0.,-0.768660841065792));
#5104=DIRECTION('center_axis',(-0.639656557299523,0.,0.768660841141086));
#5105=DIRECTION('ref_axis',(0.543525293203386,0.707106781186572,0.452305489296934));
#5106=DIRECTION('center_axis',(-0.639656557299527,0.,0.768660841141082));
#5107=DIRECTION('ref_axis',(0.768660841141082,0.,0.639656557299527));
#5108=DIRECTION('',(-0.639656557299523,0.,0.768660841141086));
#5109=DIRECTION('center_axis',(0.,-1.,0.));
#5110=DIRECTION('ref_axis',(0.,0.,-1.));
#5111=DIRECTION('center_axis',(0.,0.,1.));
#5112=DIRECTION('ref_axis',(1.,0.,0.));
#5113=DIRECTION('center_axis',(0.,1.,0.));
#5114=DIRECTION('ref_axis',(-0.940388441321216,0.,-0.340102307298044));
#5115=DIRECTION('center_axis',(-2.22016101491039E-16,0.,1.));
#5116=DIRECTION('ref_axis',(0.707106781186553,0.707106781186542,0.));
#5117=DIRECTION('center_axis',(0.,0.,1.));
#5118=DIRECTION('ref_axis',(1.,0.,0.));
#5119=DIRECTION('',(-2.22016101491039E-16,0.,1.));
#5120=DIRECTION('center_axis',(0.,-1.,0.));
#5121=DIRECTION('ref_axis',(0.,0.,-1.));
#5122=DIRECTION('center_axis',(0.639656557390007,0.,0.768660841065788));
#5123=DIRECTION('ref_axis',(0.768660841065788,0.,-0.639656557390007));
#5124=DIRECTION('center_axis',(0.,1.,0.));
#5125=DIRECTION('ref_axis',(-0.940388441301206,0.,0.340102307353372));
#5126=DIRECTION('center_axis',(0.639656557390005,0.,0.76866084106579));
#5127=DIRECTION('ref_axis',(0.543525293150206,0.707106781186542,-0.452305489360886));
#5128=DIRECTION('',(0.639656557390005,0.,0.76866084106579));
#5129=DIRECTION('center_axis',(0.,-1.,0.));
#5130=DIRECTION('ref_axis',(-5.88734134949047E-11,0.,-1.));
#5131=DIRECTION('',(0.,-1.,0.));
#5132=DIRECTION('center_axis',(0.,1.,0.));
#5133=DIRECTION('ref_axis',(0.768660841065786,0.,-0.63965655739001));
#5134=DIRECTION('',(0.,1.,0.));
#5135=DIRECTION('center_axis',(0.768660841065792,0.,-0.639656557390002));
#5136=DIRECTION('ref_axis',(0.639656557390002,0.,0.768660841065792));
#5137=DIRECTION('',(0.,1.,0.));
#5138=DIRECTION('',(0.639656557390002,0.,0.768660841065792));
#5139=DIRECTION('center_axis',(0.,-1.,0.));
#5140=DIRECTION('ref_axis',(0.9403884413012,0.,-0.340102307353391));
#5141=DIRECTION('',(0.,-1.,0.));
#5142=DIRECTION('center_axis',(0.,1.,0.));
#5143=DIRECTION('ref_axis',(1.,0.,0.));
#5144=DIRECTION('center_axis',(1.,0.,0.));
#5145=DIRECTION('ref_axis',(0.,0.,1.));
#5146=DIRECTION('',(0.,1.,0.));
#5147=DIRECTION('',(0.,0.,1.));
#5148=DIRECTION('center_axis',(0.,-1.,0.));
#5149=DIRECTION('ref_axis',(0.940388441321216,0.,0.340102307298045));
#5150=DIRECTION('',(0.,-1.,0.));
#5151=DIRECTION('center_axis',(0.,1.,0.));
#5152=DIRECTION('ref_axis',(0.768660841141088,0.,0.63965655729952));
#5153=DIRECTION('center_axis',(0.768660841141097,0.,0.63965655729951));
#5154=DIRECTION('ref_axis',(-0.63965655729951,0.,0.768660841141097));
#5155=DIRECTION('',(0.,-1.,0.));
#5156=DIRECTION('',(-0.63965655729951,0.,0.768660841141097));
#5157=DIRECTION('center_axis',(3.62376795237651E-11,-0.787864015815976,
0.615849245012384));
#5158=DIRECTION('ref_axis',(-4.63558080809889E-11,-0.615849245012383,-0.787864015815977));
#5159=DIRECTION('center_axis',(-0.639656557390002,0.,-0.768660841065792));
#5160=DIRECTION('ref_axis',(0.543525293150181,-0.707106781186547,-0.452305489360908));
#5161=DIRECTION('center_axis',(0.639656557299523,0.,-0.768660841141086));
#5162=DIRECTION('ref_axis',(-0.543525293203407,-0.707106781186553,-0.452305489296938));
#5163=DIRECTION('center_axis',(0.639656557390002,0.,0.768660841065792));
#5164=DIRECTION('ref_axis',(0.543525293150184,-0.707106781186548,-0.452305489360902));
#5165=DIRECTION('center_axis',(0.639656557390002,0.,0.768660841065792));
#5166=DIRECTION('ref_axis',(0.543525293150182,-0.707106781186548,-0.452305489360905));
#5167=DIRECTION('',(-0.639656557390002,0.,-0.768660841065792));
#5168=DIRECTION('center_axis',(0.,-1.,0.));
#5169=DIRECTION('ref_axis',(-0.940388441321216,0.,-0.340102307298045));
#5170=DIRECTION('',(0.,-1.,0.));
#5171=DIRECTION('center_axis',(0.,1.,0.));
#5172=DIRECTION('ref_axis',(-0.768660841141088,0.,-0.63965655729952));
#5173=DIRECTION('',(0.,1.,0.));
#5174=DIRECTION('center_axis',(0.,0.,1.));
#5175=DIRECTION('ref_axis',(1.,0.,0.));
#5176=DIRECTION('center_axis',(-0.639656557299523,0.,0.768660841141086));
#5177=DIRECTION('ref_axis',(-0.543525293203421,-0.707106781186548,-0.45230548929693));
#5178=DIRECTION('center_axis',(2.22016101491039E-16,0.,-1.));
#5179=DIRECTION('ref_axis',(-0.707106781186543,-0.707106781186552,0.));
#5180=DIRECTION('center_axis',(0.639656557299523,0.,-0.768660841141086));
#5181=DIRECTION('ref_axis',(-0.543525293203414,-0.707106781186546,-0.452305489296941));
#5182=DIRECTION('',(-0.639656557299523,0.,0.768660841141086));
#5183=DIRECTION('',(0.639656557299523,0.,-0.768660841141086));
#5184=DIRECTION('center_axis',(-0.768660841141086,0.,-0.639656557299523));
#5185=DIRECTION('ref_axis',(0.639656557299523,0.,-0.768660841141086));
#5186=DIRECTION('center_axis',(0.,-1.,0.));
#5187=DIRECTION('ref_axis',(-0.94038844130119,0.,0.340102307353416));
#5188=DIRECTION('',(0.,-1.,0.));
#5189=DIRECTION('center_axis',(0.,1.,0.));
#5190=DIRECTION('ref_axis',(-1.,0.,0.));
#5191=DIRECTION('',(0.,1.,0.));
#5192=DIRECTION('center_axis',(0.,0.,1.));
#5193=DIRECTION('ref_axis',(1.,0.,0.));
#5194=DIRECTION('center_axis',(-2.22016101491039E-16,0.,1.));
#5195=DIRECTION('ref_axis',(-0.707106781186543,-0.707106781186552,0.));
#5196=DIRECTION('center_axis',(-0.639656557390005,0.,-0.76866084106579));
#5197=DIRECTION('ref_axis',(-0.543525293150178,-0.707106781186536,0.452305489360928));
#5198=DIRECTION('center_axis',(2.22016101491039E-16,0.,-1.));
#5199=DIRECTION('ref_axis',(-0.70710678118654,-0.707106781186555,0.));
#5200=DIRECTION('',(-2.22016101491039E-16,0.,1.));
#5201=DIRECTION('',(2.22016101491039E-16,0.,-1.));
#5202=DIRECTION('center_axis',(-1.,0.,-2.22016101491039E-16));
#5203=DIRECTION('ref_axis',(2.22016101491039E-16,0.,-1.));
#5204=DIRECTION('center_axis',(0.,0.,1.));
#5205=DIRECTION('ref_axis',(1.,0.,0.));
#5206=DIRECTION('center_axis',(0.63965655729951,0.,-0.768660841141097));
#5207=DIRECTION('ref_axis',(0.543525293203428,-0.70710678118655,0.452305489296918));
#5208=DIRECTION('center_axis',(0.,0.,1.));
#5209=DIRECTION('ref_axis',(0.707106781186543,-0.707106781186552,0.));
#5210=DIRECTION('center_axis',(-0.63965655729951,0.,0.768660841141097));
#5211=DIRECTION('ref_axis',(0.543525293203435,-0.70710678118654,0.452305489296925));
#5212=DIRECTION('center_axis',(-1.,0.,5.88809051322507E-11));
#5213=DIRECTION('ref_axis',(5.88809051322507E-11,0.,1.));
#5214=DIRECTION('',(0.63965655729951,0.,-0.768660841141097));
#5215=DIRECTION('center_axis',(0.,0.,1.));
#5216=DIRECTION('ref_axis',(1.,0.,0.));
#5217=DIRECTION('center_axis',(0.,0.,-1.));
#5218=DIRECTION('ref_axis',(0.707106781186543,-0.707106781186552,0.));
#5219=DIRECTION('center_axis',(0.,0.,1.));
#5220=DIRECTION('ref_axis',(0.70710678118654,-0.707106781186555,0.));
#5221=DIRECTION('',(0.,0.,-1.));
#5222=DIRECTION('center_axis',(-0.639656557390005,0.,-0.76866084106579));
#5223=DIRECTION('ref_axis',(-0.543525293150166,-0.707106781186541,0.452305489360935));
#5224=DIRECTION('',(0.639656557390005,0.,0.76866084106579));
#5225=DIRECTION('',(-0.639656557390005,0.,-0.76866084106579));
#5226=DIRECTION('center_axis',(-0.76866084106579,0.,0.639656557390005));
#5227=DIRECTION('ref_axis',(-0.639656557390005,0.,-0.76866084106579));
#5228=DIRECTION('center_axis',(0.,-1.,0.));
#5229=DIRECTION('ref_axis',(0.,0.,-1.));
#5230=DIRECTION('center_axis',(0.,0.,-1.));
#5231=DIRECTION('ref_axis',(1.,0.,0.));
#5232=DIRECTION('center_axis',(0.,0.,1.));
#5233=DIRECTION('ref_axis',(-1.,0.,0.));
#5234=DIRECTION('center_axis',(0.,-1.,0.));
#5235=DIRECTION('ref_axis',(0.,0.,-1.));
#5236=CARTESIAN_POINT('',(0.,0.,0.));
#5237=CARTESIAN_POINT('Origin',(252.656299994692,-3.75,50.0496523233082));
#5238=CARTESIAN_POINT('',(252.906299994692,-3.75,50.0496523233082));
#5239=CARTESIAN_POINT('',(252.656299994692,-4.,50.0496523233082));
#5240=CARTESIAN_POINT('Origin',(252.656299994692,-3.75,50.0496523233082));
#5241=CARTESIAN_POINT('',(252.848465204958,-3.75,50.2095664626557));
#5242=CARTESIAN_POINT('Origin',(252.656299994692,-3.75,50.0496523233082));
#5243=CARTESIAN_POINT('Origin',(252.656299994692,-3.75,50.0496523233082));
#5244=CARTESIAN_POINT('Origin',(252.656299994692,-3.75,10.2253476727677));
#5245=CARTESIAN_POINT('',(252.848465204977,-3.75,10.0654335334428));
#5246=CARTESIAN_POINT('',(252.656299994692,-4.,10.2253476727676));
#5247=CARTESIAN_POINT('Origin',(252.656299994692,-3.75,10.2253476727676));
#5248=CARTESIAN_POINT('',(252.906299994692,-3.75,10.2253476727677));
#5249=CARTESIAN_POINT('Origin',(252.656299994692,-3.75,10.2253476727677));
#5250=CARTESIAN_POINT('Origin',(252.656299994692,-3.75,10.2253476727676));
#5251=CARTESIAN_POINT('Origin',(252.656299994692,-2.25,50.0496523233082));
#5252=CARTESIAN_POINT('',(253.156299994692,-2.,50.0496523233082));
#5253=CARTESIAN_POINT('',(253.040630415225,-2.,50.3694806020032));
#5254=CARTESIAN_POINT('Origin',(252.656299994692,-2.,50.0496523233082));
#5255=CARTESIAN_POINT('',(252.848465204958,-2.25,50.2095664626557));
#5256=CARTESIAN_POINT('Origin',(253.040630415225,-2.25,50.3694806020032));
#5257=CARTESIAN_POINT('',(252.906299994692,-2.25,50.0496523233082));
#5258=CARTESIAN_POINT('Origin',(252.656299994692,-2.25,50.0496523233082));
#5259=CARTESIAN_POINT('Origin',(253.156299994692,-2.25,50.0496523233082));
#5260=CARTESIAN_POINT('Origin',(252.331299998445,-3.75,50.4401974800415));
#5261=CARTESIAN_POINT('',(252.523465208711,-3.75,50.600111619389));
#5262=CARTESIAN_POINT('',(252.331299998445,-4.,50.4401974800415));
#5263=CARTESIAN_POINT('Origin',(252.331299998445,-3.75,50.4401974800415));
#5264=CARTESIAN_POINT('',(252.13913478816,-3.75,50.6001116193663));
#5265=CARTESIAN_POINT('Origin',(252.331299998445,-3.75,50.4401974800415));
#5266=CARTESIAN_POINT('Origin',(252.331299998445,-3.75,50.4401974800415));
#5267=CARTESIAN_POINT('Origin',(252.331300001788,-3.75,9.83480251995837));
#5268=CARTESIAN_POINT('',(252.139134791522,-3.75,9.67488838061084));
#5269=CARTESIAN_POINT('',(252.331300001788,-4.,9.83480251995836));
#5270=CARTESIAN_POINT('Origin',(252.331300001788,-3.75,9.83480251995835));
#5271=CARTESIAN_POINT('',(252.523465212074,-3.75,9.67488838063349));
#5272=CARTESIAN_POINT('Origin',(252.331300001788,-3.75,9.83480251995837));
#5273=CARTESIAN_POINT('Origin',(252.331300001788,-3.75,9.83480251995837));
#5274=CARTESIAN_POINT('Origin',(252.656299994692,-2.25,10.2253476727677));
#5275=CARTESIAN_POINT('',(253.040630415262,-2.,9.90551939411787));
#5276=CARTESIAN_POINT('',(253.156299994692,-2.,10.2253476727677));
#5277=CARTESIAN_POINT('Origin',(252.656299994692,-2.,10.2253476727677));
#5278=CARTESIAN_POINT('',(252.906299994692,-2.25,10.2253476727677));
#5279=CARTESIAN_POINT('Origin',(253.156299994692,-2.25,10.2253476727677));
#5280=CARTESIAN_POINT('',(252.848465204977,-2.25,10.0654335334428));
#5281=CARTESIAN_POINT('Origin',(252.656299994692,-2.25,10.2253476727677));
#5282=CARTESIAN_POINT('Origin',(253.040630415262,-2.25,9.90551939411787));
#5283=CARTESIAN_POINT('Origin',(253.156299994692,-2.25,20.1362161471522));
#5284=CARTESIAN_POINT('',(253.156299994692,-2.,20.1362161471522));
#5285=CARTESIAN_POINT('',(252.906299994692,-2.25,20.1362161471522));
#5286=CARTESIAN_POINT('Origin',(252.656299994692,0.,10.2253476727677));
#5287=CARTESIAN_POINT('',(252.848465204977,0.,10.0654335334428));
#5288=CARTESIAN_POINT('',(252.906299994692,0.,10.2253476727677));
#5289=CARTESIAN_POINT('Ctrl Pts',(251.946969577874,-1.99394930817956,50.7212505057942));
#5290=CARTESIAN_POINT('Ctrl Pts',(252.000424357413,-1.98722596255612,50.7640741068183));
#5291=CARTESIAN_POINT('Ctrl Pts',(252.138279973529,-1.96475951067582,50.8309733495108));
#5292=CARTESIAN_POINT('Ctrl Pts',(252.353970338516,-1.95548677613333,50.849466943079));
#5293=CARTESIAN_POINT('Ctrl Pts',(252.558622460222,-1.97093863096852,50.8139765115324));
#5294=CARTESIAN_POINT('Ctrl Pts',(252.662175639431,-1.98722596254939,50.7640741068441));
#5295=CARTESIAN_POINT('Ctrl Pts',(252.715630418978,-1.99394930817482,50.7212505058243));
#5296=CARTESIAN_POINT('Ctrl Pts',(252.001094900329,-2.00085074638479,50.6772925639083));
#5297=CARTESIAN_POINT('Ctrl Pts',(252.044595143714,-1.99907102903454,50.7143748896459));
#5298=CARTESIAN_POINT('Ctrl Pts',(252.160997734854,-1.985800184835,50.7794004274649));
#5299=CARTESIAN_POINT('Ctrl Pts',(252.351501673246,-1.9786248554813,50.7989352097093));
#5300=CARTESIAN_POINT('Ctrl Pts',(252.530590063263,-1.98972574337847,50.7626415018348));
#5301=CARTESIAN_POINT('Ctrl Pts',(252.618004853139,-1.99907102903129,50.7143748896698));
#5302=CARTESIAN_POINT('Ctrl Pts',(252.66150509653,-2.00085074638344,50.6772925639344));
#5303=CARTESIAN_POINT('Ctrl Pts',(252.095001177881,-2.0668806553836,50.6095133267553));
#5304=CARTESIAN_POINT('Ctrl Pts',(252.121603264073,-2.06672757822256,50.6403426683276));
#5305=CARTESIAN_POINT('Ctrl Pts',(252.20084704565,-2.05462414265736,50.7031117465675));
#5306=CARTESIAN_POINT('Ctrl Pts',(252.347205583934,-2.04697568158246,50.7234903589996));
#5307=CARTESIAN_POINT('Ctrl Pts',(252.481710841485,-2.05838388683462,50.6867053130123));
#5308=CARTESIAN_POINT('Ctrl Pts',(252.540996732792,-2.06672757822027,50.6403426683494));
#5309=CARTESIAN_POINT('Ctrl Pts',(252.56759881899,-2.06688065538352,50.609513326777));
#5310=CARTESIAN_POINT('Ctrl Pts',(252.135107402246,-2.18875173464232,50.595272000654));
#5311=CARTESIAN_POINT('Ctrl Pts',(252.159495941281,-2.18162883139004,50.626279534332));
#5312=CARTESIAN_POINT('Ctrl Pts',(252.227179100018,-2.15437612993331,50.6808710584035));
#5313=CARTESIAN_POINT('Ctrl Pts',(252.343794180778,-2.14233896375803,50.6973244950765));
#5314=CARTESIAN_POINT('Ctrl Pts',(252.452316967664,-2.16199977406361,50.6667930936576));
#5315=CARTESIAN_POINT('Ctrl Pts',(252.503104055587,-2.18162883138229,50.626279534352));
#5316=CARTESIAN_POINT('Ctrl Pts',(252.527492594627,-2.18875173463732,50.5952720006758));
#5317=CARTESIAN_POINT('Ctrl Pts',(252.13913478816,-2.24092396226936,50.6001116193664));
#5318=CARTESIAN_POINT('Ctrl Pts',(252.165862177929,-2.23083894383419,50.6322293201345));
#5319=CARTESIAN_POINT('Ctrl Pts',(252.234789985987,-2.19713926601375,50.6824037521538));
#5320=CARTESIAN_POINT('Ctrl Pts',(252.34263516848,-2.18323016420001,50.69627394733));
#5321=CARTESIAN_POINT('Ctrl Pts',(252.444961229333,-2.2064079464528,50.6696561236701));
#5322=CARTESIAN_POINT('Ctrl Pts',(252.496737818938,-2.2308389438241,50.6322293201538));
#5323=CARTESIAN_POINT('Ctrl Pts',(252.523465208711,-2.24092396226225,50.600111619389));
#5324=CARTESIAN_POINT('',(252.13913478816,-2.24092396226935,50.6001116193663));
#5325=CARTESIAN_POINT('',(251.946969577874,-1.99394930817956,50.7212505057942));
#5326=CARTESIAN_POINT('Origin',(251.946969577874,-2.24092396226934,50.7600257586912));
#5327=CARTESIAN_POINT('',(252.523465208711,-2.24092396226223,50.600111619389));
#5328=CARTESIAN_POINT('Ctrl Pts',(252.13913478816,-2.24092396226936,50.6001116193664));
#5329=CARTESIAN_POINT('Ctrl Pts',(252.165862177929,-2.23083894383419,50.6322293201345));
#5330=CARTESIAN_POINT('Ctrl Pts',(252.234789985987,-2.19713926601375,50.6824037521538));
#5331=CARTESIAN_POINT('Ctrl Pts',(252.34263516848,-2.18323016420001,50.69627394733));
#5332=CARTESIAN_POINT('Ctrl Pts',(252.444961229333,-2.2064079464528,50.6696561236701));
#5333=CARTESIAN_POINT('Ctrl Pts',(252.496737818938,-2.2308389438241,50.6322293201538));
#5334=CARTESIAN_POINT('Ctrl Pts',(252.523465208711,-2.24092396226225,50.600111619389));
#5335=CARTESIAN_POINT('',(252.715630418978,-1.99394930817482,50.7212505058243));
#5336=CARTESIAN_POINT('Origin',(252.715630418978,-2.24092396226223,50.7600257587365));
#5337=CARTESIAN_POINT('Ctrl Pts',(252.715630418978,-1.99394930817482,50.7212505058243));
#5338=CARTESIAN_POINT('Ctrl Pts',(252.662175639431,-1.98722596254939,50.7640741068441));
#5339=CARTESIAN_POINT('Ctrl Pts',(252.558622460222,-1.97093863096852,50.8139765115324));
#5340=CARTESIAN_POINT('Ctrl Pts',(252.353970338516,-1.95548677613333,50.849466943079));
#5341=CARTESIAN_POINT('Ctrl Pts',(252.138279973529,-1.96475951067582,50.8309733495108));
#5342=CARTESIAN_POINT('Ctrl Pts',(252.000424357413,-1.98722596255612,50.7640741068183));
#5343=CARTESIAN_POINT('Ctrl Pts',(251.946969577874,-1.99394930817956,50.7212505057942));
#5344=CARTESIAN_POINT('Origin',(252.331299998445,0.,50.4401974800415));
#5345=CARTESIAN_POINT('',(252.523465208711,0.,50.600111619389));
#5346=CARTESIAN_POINT('',(252.13913478816,0.,50.6001116193663));
#5347=CARTESIAN_POINT('Origin',(234.252600366601,-2.25,72.9466320628903));
#5348=CARTESIAN_POINT('',(252.812433235505,-2.,50.6437));
#5349=CARTESIAN_POINT('',(252.620268025238,-2.25,50.4837858606525));
#5350=CARTESIAN_POINT('Origin',(252.812433235505,-2.25,50.6437));
#5351=CARTESIAN_POINT('',(234.060435156335,-2.25,72.7867179235428));
#5352=CARTESIAN_POINT('',(234.252600366601,-2.,72.9466320628903));
#5353=CARTESIAN_POINT('Ctrl Pts',(252.620268025238,-2.25,50.4837858606525));
#5354=CARTESIAN_POINT('Ctrl Pts',(252.587869625502,-2.25,50.5227182860342));
#5355=CARTESIAN_POINT('Ctrl Pts',(252.555471542983,-2.24696242082487,50.5616503302233));
#5356=CARTESIAN_POINT('Ctrl Pts',(252.523465208711,-2.24092396226223,50.600111619389));
#5357=CARTESIAN_POINT('Ctrl Pts',(252.620268025238,-2.18455015305021,50.4837858606525));
#5358=CARTESIAN_POINT('Ctrl Pts',(252.589577554407,-2.18594597231155,50.5207365307315));
#5359=CARTESIAN_POINT('Ctrl Pts',(252.558677095719,-2.18442577176348,50.5577410547279));
#5360=CARTESIAN_POINT('Ctrl Pts',(252.528163825613,-2.18005636336648,50.5944653975569));
#5361=CARTESIAN_POINT('Ctrl Pts',(252.662074584984,-2.05438882470965,50.5185760290267));
#5362=CARTESIAN_POINT('Ctrl Pts',(252.632802002986,-2.05845540072212,50.5499575716506));
#5363=CARTESIAN_POINT('Ctrl Pts',(252.603297266461,-2.05997067924156,50.5817746894956));
#5364=CARTESIAN_POINT('Ctrl Pts',(252.573959296513,-2.05884534139064,50.6135447740455));
#5365=CARTESIAN_POINT('Ctrl Pts',(252.762124501101,-1.99999999999999,50.6018345762184));
#5366=CARTESIAN_POINT('Ctrl Pts',(252.730799012972,-2.00222195383643,50.6286552644368));
#5367=CARTESIAN_POINT('Ctrl Pts',(252.6993648957,-2.00214084650235,50.6557927120202));
#5368=CARTESIAN_POINT('Ctrl Pts',(252.668270761836,-1.99998806660735,50.6827873066707));
#5369=CARTESIAN_POINT('Ctrl Pts',(252.812433235505,-1.99999999999999,50.6437));
#5370=CARTESIAN_POINT('Ctrl Pts',(252.780034835769,-1.99999999999999,50.6696549502544));
#5371=CARTESIAN_POINT('Ctrl Pts',(252.747636753249,-1.99797494721657,50.6956096463805));
#5372=CARTESIAN_POINT('Ctrl Pts',(252.715630418978,-1.99394930817481,50.7212505058243));
#5373=CARTESIAN_POINT('Origin',(252.620268025238,-1.5,50.4837858606525));
#5374=CARTESIAN_POINT('Origin',(252.812433235505,-1.5,50.6437));
#5375=CARTESIAN_POINT('Origin',(252.006299999248,-3.75,50.0496523196696));
#5376=CARTESIAN_POINT('',(251.814134788963,-3.75,50.2095664589945));
#5377=CARTESIAN_POINT('',(252.006299999248,-4.,50.0496523196696));
#5378=CARTESIAN_POINT('Origin',(252.006299999248,-3.75,50.0496523196696));
#5379=CARTESIAN_POINT('',(251.756299999248,-3.75,50.0496523196696));
#5380=CARTESIAN_POINT('Origin',(252.006299999248,-3.75,50.0496523196696));
#5381=CARTESIAN_POINT('Origin',(252.006299999248,-3.75,50.0496523196696));
#5382=CARTESIAN_POINT('Origin',(252.006299999248,-3.75,10.2253476842542));
#5383=CARTESIAN_POINT('',(251.756299999248,-3.75,10.2253476842542));
#5384=CARTESIAN_POINT('',(252.006299999248,-4.,10.2253476842543));
#5385=CARTESIAN_POINT('Origin',(252.006299999248,-3.75,10.2253476842542));
#5386=CARTESIAN_POINT('',(251.814134788982,-3.75,10.0654335449067));
#5387=CARTESIAN_POINT('Origin',(252.006299999248,-3.75,10.2253476842542));
#5388=CARTESIAN_POINT('Origin',(252.006299999248,-3.75,10.2253476842543));
#5389=CARTESIAN_POINT('Ctrl Pts',(252.715630422359,-1.99394930817955,9.55374949420574));
#5390=CARTESIAN_POINT('Ctrl Pts',(252.66217564282,-1.98722596255611,9.51092589318157));
#5391=CARTESIAN_POINT('Ctrl Pts',(252.558621280067,-1.97093873029404,9.46102375834171));
#5392=CARTESIAN_POINT('Ctrl Pts',(252.353958619268,-1.95548668452263,9.42553287575648));
#5393=CARTESIAN_POINT('Ctrl Pts',(252.138276822296,-1.96476027056811,9.44402848325272));
#5394=CARTESIAN_POINT('Ctrl Pts',(252.000424360802,-1.98722596254937,9.51092589315575));
#5395=CARTESIAN_POINT('Ctrl Pts',(251.946969581255,-1.99394930817481,9.55374949417554));
#5396=CARTESIAN_POINT('Ctrl Pts',(252.661505099904,-2.00085074638479,9.59770743609158));
#5397=CARTESIAN_POINT('Ctrl Pts',(252.618004856519,-1.99907102903453,9.56062511035402));
#5398=CARTESIAN_POINT('Ctrl Pts',(252.530589036415,-1.98972578546358,9.51235876973456));
#5399=CARTESIAN_POINT('Ctrl Pts',(252.351491401185,-1.97862476795722,9.47606460317616));
#5400=CARTESIAN_POINT('Ctrl Pts',(252.160994991169,-1.98580068001675,9.49560143653287));
#5401=CARTESIAN_POINT('Ctrl Pts',(252.044595147094,-1.99907102903127,9.56062511033009));
#5402=CARTESIAN_POINT('Ctrl Pts',(252.001094903703,-2.00085074638344,9.59770743606542));
#5403=CARTESIAN_POINT('Ctrl Pts',(252.567597973796,-2.06687975089853,9.6654875213925));
#5404=CARTESIAN_POINT('Ctrl Pts',(252.540995887604,-2.06672667373748,9.63465817982018));
#5405=CARTESIAN_POINT('Ctrl Pts',(252.481709852089,-2.05838308027021,9.58829578951241));
#5406=CARTESIAN_POINT('Ctrl Pts',(252.347197865633,-2.04697472744981,9.55151028459412));
#5407=CARTESIAN_POINT('Ctrl Pts',(252.200845413284,-2.05462380215663,9.57189096442048));
#5408=CARTESIAN_POINT('Ctrl Pts',(252.121604115997,-2.06672667373519,9.63465817979834));
#5409=CARTESIAN_POINT('Ctrl Pts',(252.095002029799,-2.06687975089845,9.66548752137077));
#5410=CARTESIAN_POINT('Ctrl Pts',(252.527492597987,-2.18875173464231,9.6797279993459));
#5411=CARTESIAN_POINT('Ctrl Pts',(252.503104058952,-2.18162883139003,9.64872046566784));
#5412=CARTESIAN_POINT('Ctrl Pts',(252.452316351257,-2.16199991048172,9.60820713302527));
#5413=CARTESIAN_POINT('Ctrl Pts',(252.343787944233,-2.14233885455582,9.57767534590995));
#5414=CARTESIAN_POINT('Ctrl Pts',(252.227177446048,-2.15437710086959,9.59413050728256));
#5415=CARTESIAN_POINT('Ctrl Pts',(252.159495944646,-2.18162883138227,9.64872046564781));
#5416=CARTESIAN_POINT('Ctrl Pts',(252.135107405606,-2.18875173463731,9.67972799932405));
#5417=CARTESIAN_POINT('Ctrl Pts',(252.523465212074,-2.24092396226935,9.6748883806335));
#5418=CARTESIAN_POINT('Ctrl Pts',(252.496737822304,-2.23083894383418,9.64277067986538));
#5419=CARTESIAN_POINT('Ctrl Pts',(252.444960640928,-2.20640809544108,9.60534407873548));
#5420=CARTESIAN_POINT('Ctrl Pts',(252.342629310528,-2.18323002678396,9.57872591679656));
#5421=CARTESIAN_POINT('Ctrl Pts',(252.234788412042,-2.19714040585218,9.59259762241874));
#5422=CARTESIAN_POINT('Ctrl Pts',(252.165862181295,-2.23083894382408,9.64277067984602));
#5423=CARTESIAN_POINT('Ctrl Pts',(252.139134791522,-2.24092396226224,9.67488838061086));
#5424=CARTESIAN_POINT('',(252.523465212074,-2.24092396226933,9.67488838063348));
#5425=CARTESIAN_POINT('',(252.715630422359,-1.99394930817955,9.55374949420573));
#5426=CARTESIAN_POINT('Origin',(252.715630422359,-2.24092396226933,9.51497424130861));
#5427=CARTESIAN_POINT('',(252.139134791522,-2.24092396226222,9.67488838061084));
#5428=CARTESIAN_POINT('Ctrl Pts',(252.523465212074,-2.24092396226935,9.6748883806335));
#5429=CARTESIAN_POINT('Ctrl Pts',(252.496737822304,-2.23083894383418,9.64277067986538));
#5430=CARTESIAN_POINT('Ctrl Pts',(252.444960640928,-2.20640809544108,9.60534407873548));
#5431=CARTESIAN_POINT('Ctrl Pts',(252.342629310528,-2.18323002678396,9.57872591679656));
#5432=CARTESIAN_POINT('Ctrl Pts',(252.234788412042,-2.19714040585218,9.59259762241874));
#5433=CARTESIAN_POINT('Ctrl Pts',(252.165862181295,-2.23083894382408,9.64277067984602));
#5434=CARTESIAN_POINT('Ctrl Pts',(252.139134791522,-2.24092396226224,9.67488838061086));
#5435=CARTESIAN_POINT('',(251.946969581255,-1.99394930817481,9.55374949417555));
#5436=CARTESIAN_POINT('Origin',(251.946969581255,-2.24092396226222,9.51497424126334));
#5437=CARTESIAN_POINT('Ctrl Pts',(251.946969581255,-1.99394930817481,9.55374949417554));
#5438=CARTESIAN_POINT('Ctrl Pts',(252.000424360802,-1.98722596254937,9.51092589315575));
#5439=CARTESIAN_POINT('Ctrl Pts',(252.138276822296,-1.96476027056811,9.44402848325272));
#5440=CARTESIAN_POINT('Ctrl Pts',(252.353958619268,-1.95548668452263,9.42553287575648));
#5441=CARTESIAN_POINT('Ctrl Pts',(252.558621280067,-1.97093873029404,9.46102375834171));
#5442=CARTESIAN_POINT('Ctrl Pts',(252.66217564282,-1.98722596255611,9.51092589318157));
#5443=CARTESIAN_POINT('Ctrl Pts',(252.715630422359,-1.99394930817955,9.55374949420574));
#5444=CARTESIAN_POINT('Origin',(252.331300001788,0.,9.83480251995837));
#5445=CARTESIAN_POINT('',(252.139134791522,0.,9.67488838061084));
#5446=CARTESIAN_POINT('',(252.523465212074,0.,9.67488838063348));
#5447=CARTESIAN_POINT('Origin',(252.006299999248,-2.25,50.0496523196696));
#5448=CARTESIAN_POINT('',(251.814134788963,-2.25,50.2095664589945));
#5449=CARTESIAN_POINT('',(251.756299999248,-2.25,50.0496523196696));
#5450=CARTESIAN_POINT('Origin',(252.006299999248,-2.25,50.0496523196696));
#5451=CARTESIAN_POINT('',(251.621969578678,-2.,50.3694805983194));
#5452=CARTESIAN_POINT('Origin',(251.621969578678,-2.25,50.3694805983194));
#5453=CARTESIAN_POINT('',(251.506299999248,-2.,50.0496523196696));
#5454=CARTESIAN_POINT('Origin',(252.006299999248,-2.,50.0496523196696));
#5455=CARTESIAN_POINT('Origin',(251.506299999248,-2.25,50.0496523196696));
#5456=CARTESIAN_POINT('Origin',(223.406195818248,-2.25,16.463222396727));
#5457=CARTESIAN_POINT('',(252.042331971693,-2.25,50.4837858606751));
#5458=CARTESIAN_POINT('',(251.850166761408,-2.,50.6437));
#5459=CARTESIAN_POINT('Origin',(251.850166761408,-2.25,50.6437));
#5460=CARTESIAN_POINT('',(223.406195818248,-2.,16.463222396727));
#5461=CARTESIAN_POINT('',(223.598361028533,-2.25,16.3033082574021));
#5462=CARTESIAN_POINT('Ctrl Pts',(252.13913478816,-2.24092396226934,50.6001116193664));
#5463=CARTESIAN_POINT('Ctrl Pts',(252.107128453908,-2.24696242082726,50.5616503302154));
#5464=CARTESIAN_POINT('Ctrl Pts',(252.074730371409,-2.25,50.5227182860415));
#5465=CARTESIAN_POINT('Ctrl Pts',(252.042331971693,-2.25,50.4837858606751));
#5466=CARTESIAN_POINT('Ctrl Pts',(252.13443617126,-2.18005636337113,50.5944653975352));
#5467=CARTESIAN_POINT('Ctrl Pts',(252.103922901173,-2.1844257717643,50.5577410547207));
#5468=CARTESIAN_POINT('Ctrl Pts',(252.073022442505,-2.18594597231081,50.5207365307392));
#5469=CARTESIAN_POINT('Ctrl Pts',(252.042331971693,-2.18455015305021,50.4837858606751));
#5470=CARTESIAN_POINT('Ctrl Pts',(252.088640719273,-2.0588453170785,50.6135447544647));
#5471=CARTESIAN_POINT('Ctrl Pts',(252.059302749345,-2.05997065492733,50.5817746699281));
#5472=CARTESIAN_POINT('Ctrl Pts',(252.029798019386,-2.05845536759275,50.5499575504652));
#5473=CARTESIAN_POINT('Ctrl Pts',(252.000525437407,-2.05438879158246,50.5185760078544));
#5474=CARTESIAN_POINT('Ctrl Pts',(251.994329235022,-1.99998806660913,50.682787306644));
#5475=CARTESIAN_POINT('Ctrl Pts',(251.963235101178,-2.0021408465018,50.6557927120043));
#5476=CARTESIAN_POINT('Ctrl Pts',(251.931800983926,-2.00222195383525,50.6286552644319));
#5477=CARTESIAN_POINT('Ctrl Pts',(251.900475495817,-1.99999999999999,50.6018345762243));
#5478=CARTESIAN_POINT('Ctrl Pts',(251.946969577874,-1.99394930817955,50.7212505057942));
#5479=CARTESIAN_POINT('Ctrl Pts',(251.914963243623,-1.99797494721816,50.6956096463602));
#5480=CARTESIAN_POINT('Ctrl Pts',(251.882565161124,-1.99999999999999,50.6696549502443));
#5481=CARTESIAN_POINT('Ctrl Pts',(251.850166761408,-1.99999999999999,50.6437));
#5482=CARTESIAN_POINT('Origin',(252.042331971693,-1.5,50.4837858606751));
#5483=CARTESIAN_POINT('Origin',(251.850166761408,-1.5,50.6437));
#5484=CARTESIAN_POINT('Origin',(252.006299999248,-2.25,10.2253476842542));
#5485=CARTESIAN_POINT('',(251.506299999248,-2.,10.2253476842542));
#5486=CARTESIAN_POINT('',(251.621969578715,-2.,9.90551940555923));
#5487=CARTESIAN_POINT('Origin',(252.006299999248,-2.,10.2253476842542));
#5488=CARTESIAN_POINT('',(251.814134788982,-2.25,10.0654335449067));
#5489=CARTESIAN_POINT('Origin',(251.621969578715,-2.25,9.90551940555923));
#5490=CARTESIAN_POINT('',(251.756299999248,-2.25,10.2253476842542));
#5491=CARTESIAN_POINT('Origin',(252.006299999248,-2.25,10.2253476842542));
#5492=CARTESIAN_POINT('Origin',(251.506299999248,-2.25,10.2253476842542));
#5493=CARTESIAN_POINT('Origin',(223.118695812769,-2.25,44.1572598636848));
#5494=CARTESIAN_POINT('',(251.850166764728,-2.,9.63129999999997));
#5495=CARTESIAN_POINT('',(252.042331974995,-2.25,9.79121413934747));
#5496=CARTESIAN_POINT('Origin',(251.850166764728,-2.25,9.63129999999998));
#5497=CARTESIAN_POINT('',(223.310861023035,-2.25,44.3171740030323));
#5498=CARTESIAN_POINT('',(223.118695812769,-2.,44.1572598636848));
#5499=CARTESIAN_POINT('Ctrl Pts',(252.042331974995,-2.25,9.79121413934749));
#5500=CARTESIAN_POINT('Ctrl Pts',(252.074730374731,-2.25,9.75228171396575));
#5501=CARTESIAN_POINT('Ctrl Pts',(252.10712845725,-2.24696242082487,9.71334966977659));
#5502=CARTESIAN_POINT('Ctrl Pts',(252.139134791522,-2.24092396226222,9.67488838061083));
#5503=CARTESIAN_POINT('Ctrl Pts',(252.042331974995,-2.18455015305022,9.79121413934749));
#5504=CARTESIAN_POINT('Ctrl Pts',(252.073022445826,-2.18594597231156,9.75426346926841));
#5505=CARTESIAN_POINT('Ctrl Pts',(252.103922904514,-2.18442577176348,9.71725894527194));
#5506=CARTESIAN_POINT('Ctrl Pts',(252.13443617462,-2.18005636336647,9.68053460244289));
#5507=CARTESIAN_POINT('Ctrl Pts',(252.000527948475,-2.05438552907341,9.75642607904856));
#5508=CARTESIAN_POINT('Ctrl Pts',(252.029800530474,-2.05845210508589,9.7250445364247));
#5509=CARTESIAN_POINT('Ctrl Pts',(252.059304615676,-2.05996826058046,9.69322725630029));
#5510=CARTESIAN_POINT('Ctrl Pts',(252.088642585623,-2.05884292272953,9.66145717175045));
#5511=CARTESIAN_POINT('Ctrl Pts',(251.900475499132,-2.00000000000002,9.67316542378158));
#5512=CARTESIAN_POINT('Ctrl Pts',(251.931800987261,-2.00222195383646,9.64634473556316));
#5513=CARTESIAN_POINT('Ctrl Pts',(251.963235104533,-2.00214084650236,9.61920728797969));
#5514=CARTESIAN_POINT('Ctrl Pts',(251.994329238397,-1.99998806660735,9.59221269332918));
#5515=CARTESIAN_POINT('Ctrl Pts',(251.850166764728,-2.00000000000002,9.63129999999998));
#5516=CARTESIAN_POINT('Ctrl Pts',(251.882565164465,-2.00000000000002,9.60534504974549));
#5517=CARTESIAN_POINT('Ctrl Pts',(251.914963246984,-1.99797494721657,9.57939035361938));
#5518=CARTESIAN_POINT('Ctrl Pts',(251.946969581255,-1.9939493081748,9.55374949417554));
#5519=CARTESIAN_POINT('Origin',(252.042331974995,-1.5,9.79121413934747));
#5520=CARTESIAN_POINT('Origin',(251.850166764728,-1.5,9.63129999999997));
#5521=CARTESIAN_POINT('Origin',(252.006299999248,0.,10.2253476842542));
#5522=CARTESIAN_POINT('',(251.756299999248,0.,10.2253476842542));
#5523=CARTESIAN_POINT('',(251.814134788982,0.,10.0654335449067));
#5524=CARTESIAN_POINT('Origin',(251.506299999248,-2.25,40.1387838490664));
#5525=CARTESIAN_POINT('',(251.506299999248,-2.,40.1387838490664));
#5526=CARTESIAN_POINT('',(251.756299999248,-2.25,40.1387838490664));
#5527=CARTESIAN_POINT('Origin',(252.006299999248,0.,50.0496523196696));
#5528=CARTESIAN_POINT('',(251.814134788963,0.,50.2095664589945));
#5529=CARTESIAN_POINT('',(251.756299999248,0.,50.0496523196696));
#5530=CARTESIAN_POINT('Origin',(233.96510037765,-2.25,-13.0171143170488));
#5531=CARTESIAN_POINT('',(252.62026802854,-2.25,9.79121413932484));
#5532=CARTESIAN_POINT('',(252.812433238825,-2.,9.63129999999997));
#5533=CARTESIAN_POINT('Origin',(252.812433238825,-2.25,9.63129999999995));
#5534=CARTESIAN_POINT('',(233.96510037765,-2.,-13.0171143170488));
#5535=CARTESIAN_POINT('',(233.772935167365,-2.25,-12.857200177724));
#5536=CARTESIAN_POINT('Ctrl Pts',(252.523465212074,-2.24092396226933,9.6748883806335));
#5537=CARTESIAN_POINT('Ctrl Pts',(252.555471546325,-2.24696242082726,9.71334966978453));
#5538=CARTESIAN_POINT('Ctrl Pts',(252.587869628824,-2.25,9.7522817139584));
#5539=CARTESIAN_POINT('Ctrl Pts',(252.62026802854,-2.25,9.79121413932486));
#5540=CARTESIAN_POINT('Ctrl Pts',(252.528163828973,-2.18005636337112,9.68053460246464));
#5541=CARTESIAN_POINT('Ctrl Pts',(252.55867709906,-2.1844257717643,9.71725894527917));
#5542=CARTESIAN_POINT('Ctrl Pts',(252.589577557728,-2.18594597231081,9.75426346926068));
#5543=CARTESIAN_POINT('Ctrl Pts',(252.62026802854,-2.18455015305021,9.79121413932486));
#5544=CARTESIAN_POINT('Ctrl Pts',(252.573957448042,-2.05884296137575,9.66145714068162));
#5545=CARTESIAN_POINT('Ctrl Pts',(252.603295417971,-2.05996829922459,9.69322722521831));
#5546=CARTESIAN_POINT('Ctrl Pts',(252.632799513561,-2.05845215774274,9.72504450273633));
#5547=CARTESIAN_POINT('Ctrl Pts',(252.66207209554,-2.05438558173244,9.75642604534714));
#5548=CARTESIAN_POINT('Ctrl Pts',(252.668270765211,-1.99998806660911,9.59221269335585));
#5549=CARTESIAN_POINT('Ctrl Pts',(252.699364899055,-2.00214084650178,9.61920728799555));
#5550=CARTESIAN_POINT('Ctrl Pts',(252.730799016307,-2.00222195383524,9.64634473556801));
#5551=CARTESIAN_POINT('Ctrl Pts',(252.762124504416,-1.99999999999998,9.67316542377565));
#5552=CARTESIAN_POINT('Ctrl Pts',(252.715630422359,-1.99394930817953,9.55374949420573));
#5553=CARTESIAN_POINT('Ctrl Pts',(252.74763675661,-1.99797494721815,9.57939035363974));
#5554=CARTESIAN_POINT('Ctrl Pts',(252.780034839109,-1.99999999999998,9.60534504975566));
#5555=CARTESIAN_POINT('Ctrl Pts',(252.812433238825,-1.99999999999998,9.63129999999997));
#5556=CARTESIAN_POINT('Origin',(252.62026802854,-1.5,9.79121413932486));
#5557=CARTESIAN_POINT('Origin',(252.812433238825,-1.5,9.63129999999997));
#5558=CARTESIAN_POINT('Origin',(247.148678141516,-3.75,16.0626421817566));
#5559=CARTESIAN_POINT('',(247.148678141516,-4.,16.0626421817566));
#5560=CARTESIAN_POINT('',(246.95651293125,-3.75,15.902728042409));
#5561=CARTESIAN_POINT('Origin',(252.006299999248,-3.75,40.1387838490664));
#5562=CARTESIAN_POINT('',(252.006299999248,-4.,40.1387838490664));
#5563=CARTESIAN_POINT('',(251.756299999248,-3.75,40.1387838490664));
#5564=CARTESIAN_POINT('Origin',(247.436178140342,-3.75,44.5578400774644));
#5565=CARTESIAN_POINT('',(247.436178140342,-4.,44.5578400774644));
#5566=CARTESIAN_POINT('',(247.244012930056,-3.75,44.7177542167893));
#5567=CARTESIAN_POINT('Origin',(257.226421858604,-3.75,15.7171599209882));
#5568=CARTESIAN_POINT('',(257.226421858604,-4.,15.7171599209882));
#5569=CARTESIAN_POINT('',(257.418587068889,-3.75,15.5572457816633));
#5570=CARTESIAN_POINT('Origin',(257.513921854283,-3.75,44.2123578235719));
#5571=CARTESIAN_POINT('',(257.513921854283,-4.,44.2123578235719));
#5572=CARTESIAN_POINT('',(257.706087064549,-3.75,44.3722719629194));
#5573=CARTESIAN_POINT('Origin',(252.656299994692,0.,50.0496523233082));
#5574=CARTESIAN_POINT('',(252.906299994692,0.,50.0496523233082));
#5575=CARTESIAN_POINT('',(252.848465204958,0.,50.2095664626557));
#5576=CARTESIAN_POINT('Origin',(252.656299994692,-3.75,20.1362161471521));
#5577=CARTESIAN_POINT('',(252.656299994692,-4.,20.1362161471521));
#5578=CARTESIAN_POINT('',(252.906299994692,-3.75,20.1362161471521));
#5579=CARTESIAN_POINT('Origin',(136.75,-2.,30.1375));
#5580=CARTESIAN_POINT('',(253.3813,-2.,9.63129999999997));
#5581=CARTESIAN_POINT('',(189.25,-2.,9.63129999999997));
#5582=CARTESIAN_POINT('',(253.3813,-2.,50.6437));
#5583=CARTESIAN_POINT('',(253.3813,-2.,19.6344000000001));
#5584=CARTESIAN_POINT('',(195.31565,-2.,50.6437));
#5585=CARTESIAN_POINT('Origin',(189.25,-1.5,9.63129999999997));
#5586=CARTESIAN_POINT('',(249.712433235272,-2.,9.63129999999997));
#5587=CARTESIAN_POINT('',(189.25,-2.,9.63129999999997));
#5588=CARTESIAN_POINT('',(249.615630418745,-1.99394930817481,9.55374949417552));
#5589=CARTESIAN_POINT('Origin',(249.712433235272,-1.5,9.63129999999997));
#5590=CARTESIAN_POINT('',(248.846969577641,-1.99394930817954,9.55374949420568));
#5591=CARTESIAN_POINT('Ctrl Pts',(248.846969577641,-1.99394930817954,9.55374949420568));
#5592=CARTESIAN_POINT('Ctrl Pts',(248.90042435718,-1.98722596255609,9.51092589318151));
#5593=CARTESIAN_POINT('Ctrl Pts',(249.003977531867,-1.97093863974791,9.46102348917049));
#5594=CARTESIAN_POINT('Ctrl Pts',(249.208629655219,-1.95548678218892,9.4255330573657));
#5595=CARTESIAN_POINT('Ctrl Pts',(249.424320017426,-1.96475952306632,9.44402665228113));
#5596=CARTESIAN_POINT('Ctrl Pts',(249.562175639198,-1.98722596254935,9.51092589315566));
#5597=CARTESIAN_POINT('Ctrl Pts',(249.615630418745,-1.9939493081748,9.55374949417544));
#5598=CARTESIAN_POINT('',(248.750166761175,-2.,9.63129999999997));
#5599=CARTESIAN_POINT('Origin',(248.750166761175,-1.5,9.63129999999997));
#5600=CARTESIAN_POINT('',(242.25,-2.,9.63129999999997));
#5601=CARTESIAN_POINT('',(189.25,-2.,9.63129999999997));
#5602=CARTESIAN_POINT('',(242.25,-1.5,9.13129999999997));
#5603=CARTESIAN_POINT('Origin',(242.25,-1.5,9.63129999999997));
#5604=CARTESIAN_POINT('',(253.3813,-1.5,9.13129999999997));
#5605=CARTESIAN_POINT('',(189.25,-1.5,9.13129999999997));
#5606=CARTESIAN_POINT('Origin',(253.3813,-1.5,9.63129999999997));
#5607=CARTESIAN_POINT('Origin',(252.906299994692,0.,10.1349322943044));
#5608=CARTESIAN_POINT('Origin',(252.906299994692,0.,50.1400677017881));
#5609=CARTESIAN_POINT('Origin',(252.331300001811,0.,9.44396778664808));
#5610=CARTESIAN_POINT('Origin',(252.331299998422,0.,50.8310322133518));
#5611=CARTESIAN_POINT('Origin',(251.756299999248,0.,10.1349323057743));
#5612=CARTESIAN_POINT('Origin',(251.756299999248,0.,50.1400676981329));
#5613=CARTESIAN_POINT('Origin',(252.33129999697,-4.,30.1374999999999));
#5614=CARTESIAN_POINT('Origin',(248.906300000752,-2.25,10.2253476782429));
#5615=CARTESIAN_POINT('',(248.406300000752,-2.,10.2253476782429));
#5616=CARTESIAN_POINT('',(248.521969580181,-2.,9.90551939959314));
#5617=CARTESIAN_POINT('Origin',(248.906300000752,-2.,10.2253476782429));
#5618=CARTESIAN_POINT('',(248.714134790467,-2.25,10.065433538918));
#5619=CARTESIAN_POINT('Origin',(248.521969580181,-2.25,9.90551939959314));
#5620=CARTESIAN_POINT('',(248.656300000752,-2.25,10.2253476782429));
#5621=CARTESIAN_POINT('Origin',(248.906300000752,-2.25,10.2253476782429));
#5622=CARTESIAN_POINT('Origin',(248.406300000752,-2.25,10.2253476782429));
#5623=CARTESIAN_POINT('Ctrl Pts',(249.615630418745,-1.9939493081748,9.55374949417544));
#5624=CARTESIAN_POINT('Ctrl Pts',(249.562175639198,-1.98722596254935,9.51092589315566));
#5625=CARTESIAN_POINT('Ctrl Pts',(249.424320017426,-1.96475952306632,9.44402665228113));
#5626=CARTESIAN_POINT('Ctrl Pts',(249.208629655219,-1.95548678218892,9.4255330573657));
#5627=CARTESIAN_POINT('Ctrl Pts',(249.003977531867,-1.97093863974791,9.46102348917049));
#5628=CARTESIAN_POINT('Ctrl Pts',(248.90042435718,-1.98722596255609,9.51092589318151));
#5629=CARTESIAN_POINT('Ctrl Pts',(248.846969577641,-1.99394930817954,9.55374949420568));
#5630=CARTESIAN_POINT('Ctrl Pts',(249.561505096297,-2.00085074638343,9.59770743606533));
#5631=CARTESIAN_POINT('Ctrl Pts',(249.518004852905,-1.99907102903126,9.56062511033));
#5632=CARTESIAN_POINT('Ctrl Pts',(249.401602259503,-1.98580016744002,9.49559958848508));
#5633=CARTESIAN_POINT('Ctrl Pts',(249.211098321846,-1.97862484163854,9.47606479945917));
#5634=CARTESIAN_POINT('Ctrl Pts',(249.032009930239,-1.98972572599431,9.51235851034603));
#5635=CARTESIAN_POINT('Ctrl Pts',(248.944595143481,-1.99907102903452,9.56062511035395));
#5636=CARTESIAN_POINT('Ctrl Pts',(248.901094900095,-2.00085074638479,9.59770743609153));
#5637=CARTESIAN_POINT('Ctrl Pts',(249.467597895643,-2.06687967142582,9.66548759589324));
#5638=CARTESIAN_POINT('Ctrl Pts',(249.440995809445,-2.06672659426255,9.6346582543208));
#5639=CARTESIAN_POINT('Ctrl Pts',(249.361752515255,-2.05462321617795,9.57188918538166));
#5640=CARTESIAN_POINT('Ctrl Pts',(249.215394372919,-2.04697473017756,9.55151056743147));
#5641=CARTESIAN_POINT('Ctrl Pts',(249.080889403665,-2.05838294911179,9.58829561547897));
#5642=CARTESIAN_POINT('Ctrl Pts',(249.021604186954,-2.06672659426484,9.63465825434266));
#5643=CARTESIAN_POINT('Ctrl Pts',(248.995002100762,-2.0668796714259,9.66548759591499));
#5644=CARTESIAN_POINT('Ctrl Pts',(249.427492594394,-2.18875173463729,9.67972799932395));
#5645=CARTESIAN_POINT('Ctrl Pts',(249.403104055354,-2.18162883138224,9.64872046564771));
#5646=CARTESIAN_POINT('Ctrl Pts',(249.335420899882,-2.15437616352583,9.59412895333862));
#5647=CARTESIAN_POINT('Ctrl Pts',(249.218805816279,-2.1423389820052,9.57767551120513));
#5648=CARTESIAN_POINT('Ctrl Pts',(249.110283028001,-2.16199980002321,9.60820691509404));
#5649=CARTESIAN_POINT('Ctrl Pts',(249.059495941048,-2.18162883139001,9.64872046566776));
#5650=CARTESIAN_POINT('Ctrl Pts',(249.035107402012,-2.1887517346423,9.67972799934583));
#5651=CARTESIAN_POINT('Ctrl Pts',(249.423465208478,-2.24092396226221,9.67488838061075));
#5652=CARTESIAN_POINT('Ctrl Pts',(249.396737818705,-2.23083894382404,9.64277067984592));
#5653=CARTESIAN_POINT('Ctrl Pts',(249.327810007819,-2.1971392845995,9.59259624919002));
#5654=CARTESIAN_POINT('Ctrl Pts',(249.219964826715,-2.1832301732834,9.57872605300344));
#5655=CARTESIAN_POINT('Ctrl Pts',(249.117638765039,-2.20640795962188,9.60534387685703));
#5656=CARTESIAN_POINT('Ctrl Pts',(249.065862177696,-2.23083894383415,9.64277067986529));
#5657=CARTESIAN_POINT('Ctrl Pts',(249.039134787926,-2.24092396226933,9.67488838063342));
#5658=CARTESIAN_POINT('',(249.423465208478,-2.24092396226221,9.6748883806108));
#5659=CARTESIAN_POINT('Origin',(249.615630418745,-2.24092396226221,9.51497424126329));
#5660=CARTESIAN_POINT('',(249.039134787926,-2.24092396226931,9.67488838063341));
#5661=CARTESIAN_POINT('Ctrl Pts',(249.423465208478,-2.24092396226221,9.67488838061075));
#5662=CARTESIAN_POINT('Ctrl Pts',(249.396737818705,-2.23083894382404,9.64277067984592));
#5663=CARTESIAN_POINT('Ctrl Pts',(249.327810007819,-2.1971392845995,9.59259624919002));
#5664=CARTESIAN_POINT('Ctrl Pts',(249.219964826715,-2.1832301732834,9.57872605300344));
#5665=CARTESIAN_POINT('Ctrl Pts',(249.117638765039,-2.20640795962188,9.60534387685703));
#5666=CARTESIAN_POINT('Ctrl Pts',(249.065862177696,-2.23083894383415,9.64277067986529));
#5667=CARTESIAN_POINT('Ctrl Pts',(249.039134787926,-2.24092396226933,9.67488838063342));
#5668=CARTESIAN_POINT('Origin',(248.846969577641,-2.24092396226932,9.51497424130853));
#5669=CARTESIAN_POINT('Origin',(248.906300000752,-3.75,10.2253476782429));
#5670=CARTESIAN_POINT('',(248.656300000752,-3.75,10.2253476782429));
#5671=CARTESIAN_POINT('',(248.906300000752,-4.,10.2253476782428));
#5672=CARTESIAN_POINT('Origin',(248.906300000752,-3.75,10.2253476782429));
#5673=CARTESIAN_POINT('',(248.714134790467,-3.75,10.065433538918));
#5674=CARTESIAN_POINT('Origin',(248.906300000752,-3.75,10.2253476782429));
#5675=CARTESIAN_POINT('Origin',(248.906300000752,-3.75,10.2253476782428));
#5676=CARTESIAN_POINT('Origin',(248.906300000752,0.,10.2253476782429));
#5677=CARTESIAN_POINT('',(248.656300000752,0.,10.2253476782429));
#5678=CARTESIAN_POINT('',(248.714134790467,0.,10.065433538918));
#5679=CARTESIAN_POINT('Origin',(248.906300000752,-2.25,50.0496523178326));
#5680=CARTESIAN_POINT('',(248.714134790485,-2.25,50.2095664571801));
#5681=CARTESIAN_POINT('',(248.656300000752,-2.25,50.0496523178326));
#5682=CARTESIAN_POINT('Origin',(248.906300000752,-2.25,50.0496523178326));
#5683=CARTESIAN_POINT('',(248.521969580219,-2.,50.3694805965277));
#5684=CARTESIAN_POINT('Origin',(248.521969580219,-2.25,50.3694805965277));
#5685=CARTESIAN_POINT('',(248.406300000752,-2.,50.0496523178326));
#5686=CARTESIAN_POINT('Origin',(248.906300000752,-2.,50.0496523178326));
#5687=CARTESIAN_POINT('Origin',(248.406300000752,-2.25,50.0496523178326));
#5688=CARTESIAN_POINT('Origin',(249.231299998212,-3.75,9.8348025199583));
#5689=CARTESIAN_POINT('',(249.039134787926,-3.75,9.67488838063341));
#5690=CARTESIAN_POINT('',(249.231299998212,-4.,9.8348025199583));
#5691=CARTESIAN_POINT('Origin',(249.231299998212,-3.75,9.83480251995827));
#5692=CARTESIAN_POINT('',(249.423465208478,-3.75,9.6748883806108));
#5693=CARTESIAN_POINT('Origin',(249.231299998212,-3.75,9.8348025199583));
#5694=CARTESIAN_POINT('Origin',(249.231299998212,-3.75,9.83480251995828));
#5695=CARTESIAN_POINT('Origin',(249.231299998212,0.,9.8348025199583));
#5696=CARTESIAN_POINT('',(249.039134787926,0.,9.67488838063341));
#5697=CARTESIAN_POINT('',(249.423465208478,0.,9.6748883806108));
#5698=CARTESIAN_POINT('Origin',(249.556300005309,-2.25,10.2253476897301));
#5699=CARTESIAN_POINT('',(249.940630425842,-2.,9.90551941103509));
#5700=CARTESIAN_POINT('',(250.056300005309,-2.,10.2253476897301));
#5701=CARTESIAN_POINT('Origin',(249.556300005309,-2.,10.2253476897301));
#5702=CARTESIAN_POINT('',(249.806300005309,-2.25,10.2253476897301));
#5703=CARTESIAN_POINT('Origin',(250.056300005309,-2.25,10.2253476897301));
#5704=CARTESIAN_POINT('',(249.748465215575,-2.25,10.0654335503826));
#5705=CARTESIAN_POINT('Origin',(249.556300005309,-2.25,10.2253476897301));
#5706=CARTESIAN_POINT('Origin',(249.940630425842,-2.25,9.90551941103509));
#5707=CARTESIAN_POINT('Origin',(248.906300000752,-3.75,50.0496523178326));
#5708=CARTESIAN_POINT('',(248.714134790485,-3.75,50.2095664571801));
#5709=CARTESIAN_POINT('',(248.906300000752,-4.,50.0496523178326));
#5710=CARTESIAN_POINT('Origin',(248.906300000752,-3.75,50.0496523178326));
#5711=CARTESIAN_POINT('',(248.656300000752,-3.75,50.0496523178326));
#5712=CARTESIAN_POINT('Origin',(248.906300000752,-3.75,50.0496523178326));
#5713=CARTESIAN_POINT('Origin',(248.906300000752,-3.75,50.0496523178326));
#5714=CARTESIAN_POINT('Origin',(248.906300000752,0.,50.0496523178326));
#5715=CARTESIAN_POINT('',(248.714134790485,0.,50.2095664571801));
#5716=CARTESIAN_POINT('',(248.656300000752,0.,50.0496523178326));
#5717=CARTESIAN_POINT('Origin',(248.906300000752,-3.75,40.1387838481562));
#5718=CARTESIAN_POINT('',(248.906300000752,-4.,40.1387838481562));
#5719=CARTESIAN_POINT('',(248.656300000752,-3.75,40.1387838481562));
#5720=CARTESIAN_POINT('Ctrl Pts',(248.846969581022,-1.99394930817481,50.7212505058244));
#5721=CARTESIAN_POINT('Ctrl Pts',(248.900424360569,-1.98722596254939,50.7640741068441));
#5722=CARTESIAN_POINT('Ctrl Pts',(249.003978727412,-1.97093872278342,50.8139762422015));
#5723=CARTESIAN_POINT('Ctrl Pts',(249.208641386795,-1.95548667934076,50.8494671245877));
#5724=CARTESIAN_POINT('Ctrl Pts',(249.424323186213,-1.96476025995796,50.8309715182318));
#5725=CARTESIAN_POINT('Ctrl Pts',(249.562175642587,-1.9872259625561,50.7640741068184));
#5726=CARTESIAN_POINT('Ctrl Pts',(249.615630422126,-1.99394930817956,50.7212505057942));
#5727=CARTESIAN_POINT('Ctrl Pts',(248.90109490347,-2.00085074638344,50.6772925639345));
#5728=CARTESIAN_POINT('Ctrl Pts',(248.944595146861,-1.99907102903128,50.7143748896698));
#5729=CARTESIAN_POINT('Ctrl Pts',(249.032010969826,-1.98972580039409,50.7626412406576));
#5730=CARTESIAN_POINT('Ctrl Pts',(249.211108603688,-1.97862477984368,50.7989354046535));
#5731=CARTESIAN_POINT('Ctrl Pts',(249.401605014388,-1.98580069495614,50.7793985770993));
#5732=CARTESIAN_POINT('Ctrl Pts',(249.518004856286,-1.99907102903453,50.714374889646));
#5733=CARTESIAN_POINT('Ctrl Pts',(249.561505099671,-2.00085074638479,50.6772925639083));
#5734=CARTESIAN_POINT('Ctrl Pts',(248.995001237424,-2.06688059525113,50.6095132703901));
#5735=CARTESIAN_POINT('Ctrl Pts',(249.021603323622,-2.06672751808787,50.6403426119625));
#5736=CARTESIAN_POINT('Ctrl Pts',(249.080889938163,-2.05838388496774,50.6867050071853));
#5737=CARTESIAN_POINT('Ctrl Pts',(249.215402172009,-2.04697554388127,50.7234905103576));
#5738=CARTESIAN_POINT('Ctrl Pts',(249.361754964171,-2.05462459720737,50.7031098352493));
#5739=CARTESIAN_POINT('Ctrl Pts',(249.440996679513,-2.06672751809016,50.6403426119407));
#5740=CARTESIAN_POINT('Ctrl Pts',(249.467598765705,-2.06688059525121,50.6095132703684));
#5741=CARTESIAN_POINT('Ctrl Pts',(249.035107405373,-2.18875173463727,50.5952720006759));
#5742=CARTESIAN_POINT('Ctrl Pts',(249.059495944413,-2.18162883138224,50.6262795343521));
#5743=CARTESIAN_POINT('Ctrl Pts',(249.110283653053,-2.16199988823545,50.6667928744341));
#5744=CARTESIAN_POINT('Ctrl Pts',(249.21881205888,-2.14233883891666,50.6973246594488));
#5745=CARTESIAN_POINT('Ctrl Pts',(249.335422554659,-2.15437707207301,50.6808695027477));
#5746=CARTESIAN_POINT('Ctrl Pts',(249.403104058719,-2.18162883138999,50.6262795343321));
#5747=CARTESIAN_POINT('Ctrl Pts',(249.427492597754,-2.18875173464228,50.595272000654));
#5748=CARTESIAN_POINT('Ctrl Pts',(249.039134791289,-2.24092396226219,50.6001116193891));
#5749=CARTESIAN_POINT('Ctrl Pts',(249.065862181062,-2.23083894382405,50.6322293201538));
#5750=CARTESIAN_POINT('Ctrl Pts',(249.117639364484,-2.20640808417509,50.6696559216719));
#5751=CARTESIAN_POINT('Ctrl Pts',(249.219970694175,-2.18323001901112,50.6962740834616));
#5752=CARTESIAN_POINT('Ctrl Pts',(249.327811593884,-2.19714038993692,50.6824023786946));
#5753=CARTESIAN_POINT('Ctrl Pts',(249.396737822071,-2.23083894383412,50.6322293201346));
#5754=CARTESIAN_POINT('Ctrl Pts',(249.42346521184,-2.24092396226931,50.6001116193664));
#5755=CARTESIAN_POINT('',(249.039134791289,-2.24092396226223,50.600111619389));
#5756=CARTESIAN_POINT('',(248.846969581022,-1.99394930817482,50.7212505058243));
#5757=CARTESIAN_POINT('Origin',(248.846969581022,-2.24092396226223,50.7600257587365));
#5758=CARTESIAN_POINT('',(249.42346521184,-2.24092396226934,50.6001116193664));
#5759=CARTESIAN_POINT('Ctrl Pts',(249.039134791289,-2.24092396226219,50.6001116193891));
#5760=CARTESIAN_POINT('Ctrl Pts',(249.065862181062,-2.23083894382405,50.6322293201538));
#5761=CARTESIAN_POINT('Ctrl Pts',(249.117639364484,-2.20640808417509,50.6696559216719));
#5762=CARTESIAN_POINT('Ctrl Pts',(249.219970694175,-2.18323001901112,50.6962740834616));
#5763=CARTESIAN_POINT('Ctrl Pts',(249.327811593884,-2.19714038993692,50.6824023786946));
#5764=CARTESIAN_POINT('Ctrl Pts',(249.396737822071,-2.23083894383412,50.6322293201346));
#5765=CARTESIAN_POINT('Ctrl Pts',(249.42346521184,-2.24092396226931,50.6001116193664));
#5766=CARTESIAN_POINT('',(249.615630422126,-1.99394930817956,50.7212505057942));
#5767=CARTESIAN_POINT('Origin',(249.615630422126,-2.24092396226934,50.7600257586913));
#5768=CARTESIAN_POINT('Ctrl Pts',(249.615630422126,-1.99394930817956,50.7212505057942));
#5769=CARTESIAN_POINT('Ctrl Pts',(249.562175642587,-1.9872259625561,50.7640741068184));
#5770=CARTESIAN_POINT('Ctrl Pts',(249.424323186213,-1.96476025995796,50.8309715182318));
#5771=CARTESIAN_POINT('Ctrl Pts',(249.208641386795,-1.95548667934076,50.8494671245877));
#5772=CARTESIAN_POINT('Ctrl Pts',(249.003978727412,-1.97093872278342,50.8139762422015));
#5773=CARTESIAN_POINT('Ctrl Pts',(248.900424360569,-1.98722596254939,50.7640741068441));
#5774=CARTESIAN_POINT('Ctrl Pts',(248.846969581022,-1.99394930817481,50.7212505058244));
#5775=CARTESIAN_POINT('Origin',(249.556300005309,-3.75,10.2253476897301));
#5776=CARTESIAN_POINT('',(249.748465215575,-3.75,10.0654335503826));
#5777=CARTESIAN_POINT('',(249.556300005309,-4.,10.2253476897301));
#5778=CARTESIAN_POINT('Origin',(249.556300005309,-3.75,10.2253476897301));
#5779=CARTESIAN_POINT('',(249.806300005309,-3.75,10.2253476897301));
#5780=CARTESIAN_POINT('Origin',(249.556300005309,-3.75,10.2253476897301));
#5781=CARTESIAN_POINT('Origin',(249.556300005309,-3.75,10.2253476897301));
#5782=CARTESIAN_POINT('Origin',(249.556300005309,0.,10.2253476897301));
#5783=CARTESIAN_POINT('',(249.748465215575,0.,10.0654335503826));
#5784=CARTESIAN_POINT('',(249.806300005309,0.,10.2253476897301));
#5785=CARTESIAN_POINT('Origin',(249.556300005309,-2.25,50.0496523141941));
#5786=CARTESIAN_POINT('',(250.056300005309,-2.,50.0496523141941));
#5787=CARTESIAN_POINT('',(249.940630425879,-2.,50.3694805928438));
#5788=CARTESIAN_POINT('Origin',(249.556300005309,-2.,50.0496523141941));
#5789=CARTESIAN_POINT('',(249.748465215594,-2.25,50.2095664535189));
#5790=CARTESIAN_POINT('Origin',(249.940630425879,-2.25,50.3694805928438));
#5791=CARTESIAN_POINT('',(249.806300005309,-2.25,50.0496523141941));
#5792=CARTESIAN_POINT('Origin',(249.556300005309,-2.25,50.0496523141941));
#5793=CARTESIAN_POINT('Origin',(250.056300005309,-2.25,50.0496523141941));
#5794=CARTESIAN_POINT('Origin',(231.786799171838,-2.25,72.1845296882131));
#5795=CARTESIAN_POINT('',(249.712433238592,-2.,50.6437));
#5796=CARTESIAN_POINT('',(249.520268028307,-2.25,50.4837858606751));
#5797=CARTESIAN_POINT('Origin',(249.712433238592,-2.25,50.6437));
#5798=CARTESIAN_POINT('',(231.594633961553,-2.25,72.0246155488882));
#5799=CARTESIAN_POINT('',(231.786799171838,-2.,72.1845296882131));
#5800=CARTESIAN_POINT('Ctrl Pts',(249.520268028307,-2.25,50.4837858606751));
#5801=CARTESIAN_POINT('Ctrl Pts',(249.487869628591,-2.25,50.5227182860415));
#5802=CARTESIAN_POINT('Ctrl Pts',(249.455471546092,-2.24696242082726,50.5616503302154));
#5803=CARTESIAN_POINT('Ctrl Pts',(249.42346521184,-2.24092396226934,50.6001116193664));
#5804=CARTESIAN_POINT('Ctrl Pts',(249.520268028307,-2.18455015305022,50.4837858606751));
#5805=CARTESIAN_POINT('Ctrl Pts',(249.489577557495,-2.18594597231082,50.5207365307392));
#5806=CARTESIAN_POINT('Ctrl Pts',(249.458677098827,-2.18442577176431,50.5577410547208));
#5807=CARTESIAN_POINT('Ctrl Pts',(249.42816382874,-2.18005636337114,50.5944653975353));
#5808=CARTESIAN_POINT('Ctrl Pts',(249.562074420855,-2.05438860718634,50.5185758899042));
#5809=CARTESIAN_POINT('Ctrl Pts',(249.532801838876,-2.05845518319664,50.549957432515));
#5810=CARTESIAN_POINT('Ctrl Pts',(249.503297145359,-2.05997051959939,50.5817745610577));
#5811=CARTESIAN_POINT('Ctrl Pts',(249.473959175431,-2.05884518175056,50.6135446455944));
#5812=CARTESIAN_POINT('Ctrl Pts',(249.662124504183,-2.00000000000001,50.6018345762243));
#5813=CARTESIAN_POINT('Ctrl Pts',(249.630799016074,-2.00222195383527,50.6286552644319));
#5814=CARTESIAN_POINT('Ctrl Pts',(249.599364898822,-2.00214084650182,50.6557927120043));
#5815=CARTESIAN_POINT('Ctrl Pts',(249.568270764978,-1.99998806660915,50.6827873066441));
#5816=CARTESIAN_POINT('Ctrl Pts',(249.712433238592,-2.00000000000002,50.6437));
#5817=CARTESIAN_POINT('Ctrl Pts',(249.680034838876,-2.00000000000002,50.6696549502443));
#5818=CARTESIAN_POINT('Ctrl Pts',(249.647636756377,-1.99797494721819,50.6956096463602));
#5819=CARTESIAN_POINT('Ctrl Pts',(249.615630422126,-1.99394930817957,50.7212505057942));
#5820=CARTESIAN_POINT('Origin',(249.520268028307,-1.5,50.4837858606751));
#5821=CARTESIAN_POINT('Origin',(249.712433238592,-1.5,50.6437));
#5822=CARTESIAN_POINT('Origin',(249.231300001555,-3.75,50.4401974800415));
#5823=CARTESIAN_POINT('',(249.42346521184,-3.75,50.6001116193664));
#5824=CARTESIAN_POINT('',(249.231300001555,-4.,50.4401974800415));
#5825=CARTESIAN_POINT('Origin',(249.231300001555,-3.75,50.4401974800415));
#5826=CARTESIAN_POINT('',(249.039134791289,-3.75,50.600111619389));
#5827=CARTESIAN_POINT('Origin',(249.231300001555,-3.75,50.4401974800415));
#5828=CARTESIAN_POINT('Origin',(249.231300001555,-3.75,50.4401974800415));
#5829=CARTESIAN_POINT('Origin',(249.231300001555,0.,50.4401974800415));
#5830=CARTESIAN_POINT('',(249.42346521184,0.,50.6001116193664));
#5831=CARTESIAN_POINT('',(249.039134791289,0.,50.600111619389));
#5832=CARTESIAN_POINT('Origin',(244.336178143852,-3.75,44.5578400793534));
#5833=CARTESIAN_POINT('',(244.336178143852,-4.,44.5578400793534));
#5834=CARTESIAN_POINT('',(244.144012933586,-3.75,44.7177542187009));
#5835=CARTESIAN_POINT('Origin',(249.556300005309,-3.75,50.0496523141941));
#5836=CARTESIAN_POINT('',(249.806300005309,-3.75,50.0496523141941));
#5837=CARTESIAN_POINT('',(249.556300005309,-4.,50.0496523141941));
#5838=CARTESIAN_POINT('Origin',(249.556300005309,-3.75,50.0496523141941));
#5839=CARTESIAN_POINT('',(249.748465215594,-3.75,50.2095664535189));
#5840=CARTESIAN_POINT('Origin',(249.556300005309,-3.75,50.0496523141941));
#5841=CARTESIAN_POINT('Origin',(249.556300005309,-3.75,50.0496523141941));
#5842=CARTESIAN_POINT('Origin',(249.556300005309,0.,50.0496523141941));
#5843=CARTESIAN_POINT('',(249.806300005309,0.,50.0496523141941));
#5844=CARTESIAN_POINT('',(249.748465215594,0.,50.2095664535189));
#5845=CARTESIAN_POINT('Origin',(254.413921861524,-3.75,44.2123578171175));
#5846=CARTESIAN_POINT('',(254.413921861524,-4.,44.2123578171175));
#5847=CARTESIAN_POINT('',(254.606087071809,-3.75,44.3722719564424));
#5848=CARTESIAN_POINT('Origin',(249.556300005309,-3.75,20.136216155625));
#5849=CARTESIAN_POINT('',(249.556300005309,-4.,20.136216155625));
#5850=CARTESIAN_POINT('',(249.806300005309,-3.75,20.136216155625));
#5851=CARTESIAN_POINT('Origin',(250.056300005309,-2.25,20.1362161556251));
#5852=CARTESIAN_POINT('',(250.056300005309,-2.,20.1362161556251));
#5853=CARTESIAN_POINT('',(249.806300005309,-2.25,20.1362161556251));
#5854=CARTESIAN_POINT('Origin',(254.126421857202,-3.75,15.7171599221935));
#5855=CARTESIAN_POINT('',(254.126421857202,-4.,15.7171599221935));
#5856=CARTESIAN_POINT('',(254.318587067469,-3.75,15.557245782846));
#5857=CARTESIAN_POINT('Origin',(220.940394606555,-2.25,17.2253247644003));
#5858=CARTESIAN_POINT('',(248.942331974762,-2.25,50.4837858606525));
#5859=CARTESIAN_POINT('',(248.750166764495,-2.,50.6437));
#5860=CARTESIAN_POINT('Origin',(248.750166764495,-2.25,50.6437));
#5861=CARTESIAN_POINT('',(220.940394606555,-2.,17.2253247644003));
#5862=CARTESIAN_POINT('',(221.132559816821,-2.25,17.0654106250528));
#5863=CARTESIAN_POINT('Ctrl Pts',(249.039134791289,-2.24092396226223,50.600111619389));
#5864=CARTESIAN_POINT('Ctrl Pts',(249.007128457017,-2.24696242082488,50.5616503302233));
#5865=CARTESIAN_POINT('Ctrl Pts',(248.974730374498,-2.25,50.5227182860342));
#5866=CARTESIAN_POINT('Ctrl Pts',(248.942331974762,-2.25,50.4837858606525));
#5867=CARTESIAN_POINT('Ctrl Pts',(249.034436174387,-2.18005636336649,50.594465397557));
#5868=CARTESIAN_POINT('Ctrl Pts',(249.003922904281,-2.18442577176349,50.557741054728));
#5869=CARTESIAN_POINT('Ctrl Pts',(248.973022445593,-2.18594597231156,50.5207365307315));
#5870=CARTESIAN_POINT('Ctrl Pts',(248.942331974762,-2.18455015305021,50.4837858606525));
#5871=CARTESIAN_POINT('Ctrl Pts',(248.988640846982,-2.05884515696696,50.6135446256779));
#5872=CARTESIAN_POINT('Ctrl Pts',(248.959302877035,-2.05997049481789,50.581774541128));
#5873=CARTESIAN_POINT('Ctrl Pts',(248.929798190173,-2.05845514942878,50.5499574109091));
#5874=CARTESIAN_POINT('Ctrl Pts',(248.900525608175,-2.05438857341632,50.5185758682853));
#5875=CARTESIAN_POINT('Ctrl Pts',(248.894329238164,-1.99998806660738,50.6827873066707));
#5876=CARTESIAN_POINT('Ctrl Pts',(248.8632351043,-2.00214084650239,50.6557927120202));
#5877=CARTESIAN_POINT('Ctrl Pts',(248.831800987028,-2.00222195383644,50.6286552644368));
#5878=CARTESIAN_POINT('Ctrl Pts',(248.800475498899,-2.,50.6018345762184));
#5879=CARTESIAN_POINT('Ctrl Pts',(248.846969581022,-1.99394930817484,50.7212505058243));
#5880=CARTESIAN_POINT('Ctrl Pts',(248.814963246751,-1.9979749472166,50.6956096463805));
#5881=CARTESIAN_POINT('Ctrl Pts',(248.782565164232,-2.,50.6696549502544));
#5882=CARTESIAN_POINT('Ctrl Pts',(248.750166764495,-2.,50.6437));
#5883=CARTESIAN_POINT('Origin',(248.942331974762,-1.5,50.4837858606525));
#5884=CARTESIAN_POINT('Origin',(248.750166764495,-1.5,50.6437));
#5885=CARTESIAN_POINT('Origin',(231.49929916097,-2.25,-12.2550119501498));
#5886=CARTESIAN_POINT('',(249.520268025005,-2.25,9.79121413934746));
#5887=CARTESIAN_POINT('Origin',(249.712433235272,-2.25,9.63129999999996));
#5888=CARTESIAN_POINT('',(231.49929916097,-2.,-12.2550119501498));
#5889=CARTESIAN_POINT('',(231.307133950704,-2.25,-12.0950978108023));
#5890=CARTESIAN_POINT('Ctrl Pts',(249.423465208478,-2.24092396226221,9.67488838061081));
#5891=CARTESIAN_POINT('Ctrl Pts',(249.45547154275,-2.24696242082487,9.71334966977657));
#5892=CARTESIAN_POINT('Ctrl Pts',(249.487869625269,-2.25,9.75228171396574));
#5893=CARTESIAN_POINT('Ctrl Pts',(249.520268025005,-2.25,9.79121413934748));
#5894=CARTESIAN_POINT('Ctrl Pts',(249.42816382538,-2.18005636336646,9.68053460244287));
#5895=CARTESIAN_POINT('Ctrl Pts',(249.458677095486,-2.18442577176348,9.71725894527192));
#5896=CARTESIAN_POINT('Ctrl Pts',(249.489577554174,-2.18594597231156,9.75426346926839));
#5897=CARTESIAN_POINT('Ctrl Pts',(249.520268025005,-2.18455015305021,9.79121413934748));
#5898=CARTESIAN_POINT('Ctrl Pts',(249.473957281704,-2.05884275221618,9.66145730892723));
#5899=CARTESIAN_POINT('Ctrl Pts',(249.503295251651,-2.05996809006711,9.69322739347708));
#5900=CARTESIAN_POINT('Ctrl Pts',(249.532799290936,-2.05845187274659,9.72504468504203));
#5901=CARTESIAN_POINT('Ctrl Pts',(249.562071872935,-2.05438529673412,9.75642622766589));
#5902=CARTESIAN_POINT('Ctrl Pts',(249.568270761603,-1.99998806660734,9.59221269332916));
#5903=CARTESIAN_POINT('Ctrl Pts',(249.599364895467,-2.00214084650235,9.61920728797967));
#5904=CARTESIAN_POINT('Ctrl Pts',(249.630799012739,-2.00222195383643,9.64634473556315));
#5905=CARTESIAN_POINT('Ctrl Pts',(249.662124500868,-1.99999999999998,9.67316542378157));
#5906=CARTESIAN_POINT('Ctrl Pts',(249.615630418745,-1.99394930817479,9.55374949417552));
#5907=CARTESIAN_POINT('Ctrl Pts',(249.647636753016,-1.99797494721656,9.57939035361936));
#5908=CARTESIAN_POINT('Ctrl Pts',(249.680034835535,-1.99999999999998,9.60534504974547));
#5909=CARTESIAN_POINT('Ctrl Pts',(249.712433235272,-1.99999999999998,9.63129999999997));
#5910=CARTESIAN_POINT('Origin',(249.520268025005,-1.5,9.79121413934748));
#5911=CARTESIAN_POINT('Origin',(244.048678142678,-3.75,16.062642177554));
#5912=CARTESIAN_POINT('',(244.048678142678,-4.,16.062642177554));
#5913=CARTESIAN_POINT('',(243.856512932392,-3.75,15.9027280382291));
#5914=CARTESIAN_POINT('Origin',(248.406300000752,-2.25,40.1387838481563));
#5915=CARTESIAN_POINT('',(248.406300000752,-2.,40.1387838481563));
#5916=CARTESIAN_POINT('',(248.656300000752,-2.25,40.1387838481563));
#5917=CARTESIAN_POINT('Origin',(220.652894611853,-2.25,43.3951574913496));
#5918=CARTESIAN_POINT('',(248.94233197146,-2.25,9.79121413932485));
#5919=CARTESIAN_POINT('Origin',(248.750166761175,-2.25,9.63129999999997));
#5920=CARTESIAN_POINT('',(220.845059822138,-2.25,43.5550716306745));
#5921=CARTESIAN_POINT('',(220.652894611853,-2.,43.3951574913496));
#5922=CARTESIAN_POINT('Ctrl Pts',(248.94233197146,-2.25,9.79121413932485));
#5923=CARTESIAN_POINT('Ctrl Pts',(248.974730371176,-2.25,9.75228171395836));
#5924=CARTESIAN_POINT('Ctrl Pts',(249.007128453675,-2.24696242082725,9.71334966978446));
#5925=CARTESIAN_POINT('Ctrl Pts',(249.039134787926,-2.24092396226931,9.6748883806334));
#5926=CARTESIAN_POINT('Ctrl Pts',(248.94233197146,-2.18455015305021,9.79121413932485));
#5927=CARTESIAN_POINT('Ctrl Pts',(248.973022442272,-2.18594597231081,9.75426346926064));
#5928=CARTESIAN_POINT('Ctrl Pts',(249.00392290094,-2.1844257717643,9.7172589452791));
#5929=CARTESIAN_POINT('Ctrl Pts',(249.034436171027,-2.18005636337111,9.68053460246455));
#5930=CARTESIAN_POINT('Ctrl Pts',(248.900528164904,-2.05438524290349,9.75642626208129));
#5931=CARTESIAN_POINT('Ctrl Pts',(248.929800746883,-2.0584518189138,9.72504471947046));
#5932=CARTESIAN_POINT('Ctrl Pts',(248.95930477551,-2.05996805055868,9.69322742526824));
#5933=CARTESIAN_POINT('Ctrl Pts',(248.988642745439,-2.05884271270984,9.66145734073154));
#5934=CARTESIAN_POINT('Ctrl Pts',(248.800475495584,-1.99999999999999,9.67316542377565));
#5935=CARTESIAN_POINT('Ctrl Pts',(248.831800983693,-2.00222195383525,9.64634473556799));
#5936=CARTESIAN_POINT('Ctrl Pts',(248.863235100944,-2.00214084650179,9.61920728799551));
#5937=CARTESIAN_POINT('Ctrl Pts',(248.894329234789,-1.99998806660911,9.59221269335579));
#5938=CARTESIAN_POINT('Ctrl Pts',(248.750166761175,-1.99999999999999,9.63129999999997));
#5939=CARTESIAN_POINT('Ctrl Pts',(248.782565160891,-1.99999999999999,9.60534504975564));
#5940=CARTESIAN_POINT('Ctrl Pts',(248.81496324339,-1.99797494721815,9.57939035363971));
#5941=CARTESIAN_POINT('Ctrl Pts',(248.846969577641,-1.99394930817953,9.55374949420567));
#5942=CARTESIAN_POINT('Origin',(248.94233197146,-1.5,9.79121413932485));
#5943=CARTESIAN_POINT('Origin',(136.75,-2.,30.1375));
#5944=CARTESIAN_POINT('',(242.25,-2.,50.6437));
#5945=CARTESIAN_POINT('',(195.31565,-2.,50.6437));
#5946=CARTESIAN_POINT('',(242.25,-2.,15.06875));
#5947=CARTESIAN_POINT('Origin',(195.31565,-1.5,50.6437));
#5948=CARTESIAN_POINT('',(253.3813,-1.5,51.1437));
#5949=CARTESIAN_POINT('Origin',(253.3813,-1.5,50.6437));
#5950=CARTESIAN_POINT('',(242.25,-1.5,51.1437));
#5951=CARTESIAN_POINT('',(195.31565,-1.5,51.1437));
#5952=CARTESIAN_POINT('Origin',(242.25,-1.5,50.6437));
#5953=CARTESIAN_POINT('',(195.31565,-2.,50.6437));
#5954=CARTESIAN_POINT('Origin',(248.656300000752,0.,10.1349322997796));
#5955=CARTESIAN_POINT('Origin',(248.656300000752,0.,50.1400676963125));
#5956=CARTESIAN_POINT('Origin',(249.23130000303,-4.,30.1374999999999));
#5957=CARTESIAN_POINT('Origin',(249.231299998189,0.,9.44396778664802));
#5958=CARTESIAN_POINT('Origin',(249.806300005309,0.,50.1400676926573));
#5959=CARTESIAN_POINT('Origin',(249.231300001578,0.,50.8310322133518));
#5960=CARTESIAN_POINT('Origin',(249.806300005309,0.,10.1349323112502));
#5961=CARTESIAN_POINT('Origin',(253.3813,-0.5,9.63129999999997));
#5962=CARTESIAN_POINT('',(253.3813,0.,9.63129999999997));
#5963=CARTESIAN_POINT('',(253.3813,-0.5,9.13129999999997));
#5964=CARTESIAN_POINT('Origin',(253.3813,-0.5,9.63129999999997));
#5965=CARTESIAN_POINT('',(253.8813,-0.5,9.63129999999997));
#5966=CARTESIAN_POINT('Origin',(253.3813,-0.5,9.63129999999997));
#5967=CARTESIAN_POINT('Origin',(253.3813,-0.5,9.63129999999997));
#5968=CARTESIAN_POINT('Origin',(253.3813,-0.5,50.6437));
#5969=CARTESIAN_POINT('',(253.8813,-0.5,50.6437));
#5970=CARTESIAN_POINT('',(253.3813,0.,50.6437));
#5971=CARTESIAN_POINT('Origin',(253.3813,-0.5,50.6437));
#5972=CARTESIAN_POINT('',(253.3813,-0.5,51.1437));
#5973=CARTESIAN_POINT('Origin',(253.3813,-0.5,50.6437));
#5974=CARTESIAN_POINT('Origin',(253.3813,-0.5,50.6437));
#5975=CARTESIAN_POINT('Origin',(253.3813,-0.5,19.6344000000001));
#5976=CARTESIAN_POINT('',(253.8813,-0.5,19.6344000000001));
#5977=CARTESIAN_POINT('',(253.3813,0.,19.6344000000001));
#5978=CARTESIAN_POINT('Origin',(253.3813,-1.5,9.63129999999997));
#5979=CARTESIAN_POINT('',(253.8813,-1.5,9.63129999999997));
#5980=CARTESIAN_POINT('Origin',(253.3813,-1.5,9.63129999999997));
#5981=CARTESIAN_POINT('Origin',(253.3813,-1.5,9.63129999999997));
#5982=CARTESIAN_POINT('Origin',(253.3813,0.,9.63129999999997));
#5983=CARTESIAN_POINT('',(253.3813,0.,9.13129999999997));
#5984=CARTESIAN_POINT('',(253.8813,0.,9.63129999999997));
#5985=CARTESIAN_POINT('Origin',(253.3813,-1.5,19.6344000000001));
#5986=CARTESIAN_POINT('',(253.8813,-1.5,50.6437));
#5987=CARTESIAN_POINT('Origin',(253.3813,-1.5,50.6437));
#5988=CARTESIAN_POINT('',(253.8813,-1.5,19.6344000000001));
#5989=CARTESIAN_POINT('Origin',(253.3813,-1.5,50.6437));
#5990=CARTESIAN_POINT('Origin',(253.3813,-1.5,50.6437));
#5991=CARTESIAN_POINT('Origin',(242.25,-2.5,9.63129999999997));
#5992=CARTESIAN_POINT('',(241.75,-2.5,9.63129999999997));
#5993=CARTESIAN_POINT('Origin',(242.25,-2.5,9.63129999999997));
#5994=CARTESIAN_POINT('',(241.75,-1.63397459621557,9.13129999999997));
#5995=CARTESIAN_POINT('Ctrl Pts',(241.75,-1.63397459621557,9.13129999999997));
#5996=CARTESIAN_POINT('Ctrl Pts',(241.75,-1.76141330715335,9.13129999999997));
#5997=CARTESIAN_POINT('Ctrl Pts',(241.75,-1.90763476342456,9.17608599994885));
#5998=CARTESIAN_POINT('Ctrl Pts',(241.75,-2.192388363898,9.3293436419056));
#5999=CARTESIAN_POINT('Ctrl Pts',(241.75,-2.36145088895952,9.49275088895949));
#6000=CARTESIAN_POINT('Ctrl Pts',(241.75,-2.5,9.63129999999997));
#6001=CARTESIAN_POINT('Origin',(242.25,-2.5,9.13129999999997));
#6002=CARTESIAN_POINT('Origin',(189.25,-0.5,9.63129999999997));
#6003=CARTESIAN_POINT('',(241.75,-0.5,9.13129999999997));
#6004=CARTESIAN_POINT('',(241.25,0.,9.63129999999997));
#6005=CARTESIAN_POINT('Origin',(241.25,-0.5,9.63129999999997));
#6006=CARTESIAN_POINT('',(189.25,0.,9.63129999999997));
#6007=CARTESIAN_POINT('',(189.25,-0.5,9.13129999999997));
#6008=CARTESIAN_POINT('Origin',(253.8813,0.,9.13129999999997));
#6009=CARTESIAN_POINT('',(253.8813,0.,50.6437));
#6010=CARTESIAN_POINT('Origin',(253.3813,0.,50.6437));
#6011=CARTESIAN_POINT('',(253.3813,0.,51.1437));
#6012=CARTESIAN_POINT('Origin',(195.31565,-0.5,50.6437));
#6013=CARTESIAN_POINT('',(242.25,0.,50.6437));
#6014=CARTESIAN_POINT('',(195.31565,0.,50.6437));
#6015=CARTESIAN_POINT('',(242.25,-0.5,51.1437));
#6016=CARTESIAN_POINT('Origin',(242.25,-0.5,50.6437));
#6017=CARTESIAN_POINT('',(195.31565,-0.5,51.1437));
#6018=CARTESIAN_POINT('Origin',(136.75,0.,30.1375));
#6019=CARTESIAN_POINT('',(241.25,0.,0.499999999999998));
#6020=CARTESIAN_POINT('',(241.25,0.,15.06875));
#6021=CARTESIAN_POINT('',(32.25,0.,0.499999999999998));
#6022=CARTESIAN_POINT('',(84.25,0.,0.499999999999998));
#6023=CARTESIAN_POINT('',(32.25,0.,8.88129999999999));
#6024=CARTESIAN_POINT('',(32.25,0.,45.20625));
#6025=CARTESIAN_POINT('',(30.9409830056251,0.,9.38129999999999));
#6026=CARTESIAN_POINT('Origin',(31.5,0.,8.88129999999999));
#6027=CARTESIAN_POINT('',(19.8687,0.,9.3813));
#6028=CARTESIAN_POINT('',(78.18435,0.,9.38129999999999));
#6029=CARTESIAN_POINT('',(19.8687,0.,50.8937));
#6030=CARTESIAN_POINT('',(19.8687,0.,40.6405999999999));
#6031=CARTESIAN_POINT('',(30.9409830056251,0.,50.8937));
#6032=CARTESIAN_POINT('',(84.25,0.,50.8937));
#6033=CARTESIAN_POINT('',(32.25,0.,51.3937));
#6034=CARTESIAN_POINT('Origin',(31.5,0.,51.3937));
#6035=CARTESIAN_POINT('',(32.25,0.,59.775));
#6036=CARTESIAN_POINT('',(32.25,0.,45.20625));
#6037=CARTESIAN_POINT('',(241.25,0.,59.775));
#6038=CARTESIAN_POINT('',(189.25,0.,59.775));
#6039=CARTESIAN_POINT('',(241.25,0.,51.6437));
#6040=CARTESIAN_POINT('',(241.25,0.,15.06875));
#6041=CARTESIAN_POINT('Origin',(242.25,0.,51.6437));
#6042=CARTESIAN_POINT('Origin',(32.25,-0.5,0.499999999999998));
#6043=CARTESIAN_POINT('',(31.75,-0.5,0.499999999999998));
#6044=CARTESIAN_POINT('Origin',(32.25,-0.5,0.499999999999998));
#6045=CARTESIAN_POINT('',(32.25,-0.5,0.));
#6046=CARTESIAN_POINT('Origin',(32.25,-0.5,0.499999999999998));
#6047=CARTESIAN_POINT('Origin',(32.25,-0.5,0.499999999999998));
#6048=CARTESIAN_POINT('Origin',(241.25,-0.5,0.5));
#6049=CARTESIAN_POINT('',(241.25,-0.5,1.84302324582885E-31));
#6050=CARTESIAN_POINT('Origin',(241.25,-0.5,0.499999999999998));
#6051=CARTESIAN_POINT('',(241.75,-0.5,0.5));
#6052=CARTESIAN_POINT('Origin',(241.25,-0.5,0.5));
#6053=CARTESIAN_POINT('Origin',(241.25,-0.5,0.5));
#6054=CARTESIAN_POINT('Origin',(241.25,-0.5,15.06875));
#6055=CARTESIAN_POINT('',(241.75,-0.5,15.06875));
#6056=CARTESIAN_POINT('Origin',(32.25,-3.5,0.499999999999998));
#6057=CARTESIAN_POINT('',(31.75,-3.5,0.499999999999998));
#6058=CARTESIAN_POINT('',(32.25,-4.,0.499999999999998));
#6059=CARTESIAN_POINT('Origin',(32.25,-3.5,0.499999999999998));
#6060=CARTESIAN_POINT('',(32.25,-3.5,-6.10428081421021E-32));
#6061=CARTESIAN_POINT('Origin',(32.25,-3.5,0.499999999999998));
#6062=CARTESIAN_POINT('Origin',(32.25,-3.5,0.5));
#6063=CARTESIAN_POINT('Origin',(32.25,0.,0.499999999999998));
#6064=CARTESIAN_POINT('',(31.75,0.,0.499999999999998));
#6065=CARTESIAN_POINT('',(32.25,0.,0.));
#6066=CARTESIAN_POINT('Origin',(241.25,-3.5,0.5));
#6067=CARTESIAN_POINT('',(241.25,-3.5,0.));
#6068=CARTESIAN_POINT('',(241.25,-4.,0.5));
#6069=CARTESIAN_POINT('Origin',(241.25,-3.5,0.5));
#6070=CARTESIAN_POINT('',(241.75,-3.5,0.5));
#6071=CARTESIAN_POINT('Origin',(241.25,-3.5,0.5));
#6072=CARTESIAN_POINT('Origin',(241.25,-3.5,0.5));
#6073=CARTESIAN_POINT('Origin',(241.25,0.,0.5));
#6074=CARTESIAN_POINT('',(241.25,0.,0.));
#6075=CARTESIAN_POINT('',(241.75,0.,0.5));
#6076=CARTESIAN_POINT('Origin',(32.25,-3.5,59.775));
#6077=CARTESIAN_POINT('',(32.25,-3.5,60.275));
#6078=CARTESIAN_POINT('',(32.25,-4.,59.775));
#6079=CARTESIAN_POINT('Origin',(32.25,-3.5,59.775));
#6080=CARTESIAN_POINT('',(31.75,-3.5,59.775));
#6081=CARTESIAN_POINT('Origin',(32.25,-3.5,59.775));
#6082=CARTESIAN_POINT('Origin',(32.25,-3.5,59.775));
#6083=CARTESIAN_POINT('Origin',(241.25,-3.5,59.775));
#6084=CARTESIAN_POINT('',(241.75,-3.5,59.775));
#6085=CARTESIAN_POINT('',(241.25,-4.,59.775));
#6086=CARTESIAN_POINT('Origin',(241.25,-3.5,59.775));
#6087=CARTESIAN_POINT('',(241.25,-3.5,60.275));
#6088=CARTESIAN_POINT('Origin',(241.25,-3.5,59.775));
#6089=CARTESIAN_POINT('Origin',(241.25,-3.5,59.775));
#6090=CARTESIAN_POINT('Origin',(32.25,-0.5,59.775));
#6091=CARTESIAN_POINT('',(32.25,-0.5,60.275));
#6092=CARTESIAN_POINT('',(31.75,-0.5,59.775));
#6093=CARTESIAN_POINT('Origin',(32.25,-0.5,59.775));
#6094=CARTESIAN_POINT('Origin',(32.25,-0.5,59.775));
#6095=CARTESIAN_POINT('Origin',(32.25,-0.5,59.775));
#6096=CARTESIAN_POINT('Origin',(241.25,-0.5,59.775));
#6097=CARTESIAN_POINT('',(241.75,-0.5,59.775));
#6098=CARTESIAN_POINT('Origin',(241.25,-0.5,59.775));
#6099=CARTESIAN_POINT('',(241.25,-0.5,60.275));
#6100=CARTESIAN_POINT('Origin',(241.25,-0.5,59.775));
#6101=CARTESIAN_POINT('Origin',(241.25,-0.5,59.775));
#6102=CARTESIAN_POINT('Origin',(189.25,-0.5,59.775));
#6103=CARTESIAN_POINT('',(189.25,-0.5,60.275));
#6104=CARTESIAN_POINT('Origin',(241.25,0.,59.775));
#6105=CARTESIAN_POINT('',(241.75,0.,59.775));
#6106=CARTESIAN_POINT('',(241.25,0.,60.275));
#6107=CARTESIAN_POINT('Origin',(242.25,-0.5,51.6437));
#6108=CARTESIAN_POINT('',(241.75,-0.5,51.6437));
#6109=CARTESIAN_POINT('Origin',(241.25,-0.5,51.6437));
#6110=CARTESIAN_POINT('Origin',(242.25,-0.5,51.6437));
#6111=CARTESIAN_POINT('Origin',(241.25,-0.5,15.06875));
#6112=CARTESIAN_POINT('',(241.75,-0.5,15.06875));
#6113=CARTESIAN_POINT('Origin',(242.25,-1.5,50.6437));
#6114=CARTESIAN_POINT('',(241.75,-1.5,51.6437));
#6115=CARTESIAN_POINT('Origin',(242.25,-1.5,51.6437));
#6116=CARTESIAN_POINT('',(241.75,-2.5,50.6437));
#6117=CARTESIAN_POINT('Origin',(241.75,-1.5,50.6437));
#6118=CARTESIAN_POINT('Origin',(242.25,-2.5,50.6437));
#6119=CARTESIAN_POINT('Origin',(242.25,0.,51.6437));
#6120=CARTESIAN_POINT('',(241.75,0.,51.6437));
#6121=CARTESIAN_POINT('',(242.25,0.,51.1437));
#6122=CARTESIAN_POINT('Origin',(242.25,-2.5,15.06875));
#6123=CARTESIAN_POINT('',(241.75,-2.5,15.06875));
#6124=CARTESIAN_POINT('Origin',(32.25,-0.5,45.20625));
#6125=CARTESIAN_POINT('',(31.75,-0.5,51.3937));
#6126=CARTESIAN_POINT('Origin',(32.25,-0.5,51.3937));
#6127=CARTESIAN_POINT('',(31.75,-0.5,45.20625));
#6128=CARTESIAN_POINT('Origin',(32.25,0.,59.775));
#6129=CARTESIAN_POINT('',(32.25,0.,60.275));
#6130=CARTESIAN_POINT('',(31.75,0.,59.775));
#6131=CARTESIAN_POINT('Origin',(189.25,-3.5,59.775));
#6132=CARTESIAN_POINT('',(189.25,-4.,59.775));
#6133=CARTESIAN_POINT('',(189.25,-3.5,60.275));
#6134=CARTESIAN_POINT('Origin',(241.25,-3.5,15.06875));
#6135=CARTESIAN_POINT('',(241.25,-4.,15.06875));
#6136=CARTESIAN_POINT('',(241.75,-3.5,15.06875));
#6137=CARTESIAN_POINT('Origin',(32.25,-3.5,45.20625));
#6138=CARTESIAN_POINT('',(32.25,-4.,45.20625));
#6139=CARTESIAN_POINT('',(31.75,-3.5,45.20625));
#6140=CARTESIAN_POINT('Origin',(84.25,-3.5,0.5));
#6141=CARTESIAN_POINT('',(84.25,-4.,0.5));
#6142=CARTESIAN_POINT('',(84.25,-3.5,0.));
#6143=CARTESIAN_POINT('Origin',(84.25,-0.5,0.499999999999998));
#6144=CARTESIAN_POINT('',(84.25,-0.5,0.));
#6145=CARTESIAN_POINT('Origin',(32.25,-0.5,45.20625));
#6146=CARTESIAN_POINT('',(31.75,-0.5,8.88129999999999));
#6147=CARTESIAN_POINT('Origin',(32.25,-0.5,8.88129999999999));
#6148=CARTESIAN_POINT('',(31.75,-0.5,45.20625));
#6149=CARTESIAN_POINT('Origin',(31.5,-0.5,51.3937));
#6150=CARTESIAN_POINT('',(31.3051129887302,-0.25,51.1437));
#6151=CARTESIAN_POINT('',(31.5,-0.5,51.1437));
#6152=CARTESIAN_POINT('Ctrl Pts',(31.3051129887302,-0.25,51.1437));
#6153=CARTESIAN_POINT('Ctrl Pts',(31.3785726635249,-0.328225917226378,51.1437));
#6154=CARTESIAN_POINT('Ctrl Pts',(31.4427499711734,-0.419036232787242,51.1437));
#6155=CARTESIAN_POINT('Ctrl Pts',(31.5,-0.5,51.1437));
#6156=CARTESIAN_POINT('Origin',(31.5,-0.5,51.3937));
#6157=CARTESIAN_POINT('Ctrl Pts',(30.9409830056251,0.,50.8937));
#6158=CARTESIAN_POINT('Ctrl Pts',(30.9418758604523,-8.02989444219308E-18,
50.8945902380569));
#6159=CARTESIAN_POINT('Ctrl Pts',(30.9427687188256,-4.75514278770186E-6,
50.8954804671631));
#6160=CARTESIAN_POINT('Ctrl Pts',(30.9799341532711,-0.000400610292218735,
50.9325344312887));
#6161=CARTESIAN_POINT('Ctrl Pts',(31.0160114178983,-0.00863235802950772,
50.9684310796042));
#6162=CARTESIAN_POINT('Ctrl Pts',(31.0877945791725,-0.0403674800582941,
51.0348368103721));
#6163=CARTESIAN_POINT('Ctrl Pts',(31.1229172817709,-0.0637788882822043,
51.0648415481939));
#6164=CARTESIAN_POINT('Ctrl Pts',(31.1865670505519,-0.118950351816053,51.1090482518108));
#6165=CARTESIAN_POINT('Ctrl Pts',(31.214283505257,-0.148090683868829,51.1243607007801));
#6166=CARTESIAN_POINT('Ctrl Pts',(31.2633311854788,-0.203225569787876,51.140497916932));
#6167=CARTESIAN_POINT('Ctrl Pts',(31.2834437335739,-0.226924790846755,51.1437));
#6168=CARTESIAN_POINT('Ctrl Pts',(31.3051129887302,-0.25,51.1437));
#6169=CARTESIAN_POINT('Origin',(31.5,-0.5,8.88129999999999));
#6170=CARTESIAN_POINT('',(31.3051129887302,-0.25,9.13129999999999));
#6171=CARTESIAN_POINT('Ctrl Pts',(31.3051129887302,-0.250000000000001,9.13129999999999));
#6172=CARTESIAN_POINT('Ctrl Pts',(31.2834437335739,-0.226924790846768,9.13129999999999));
#6173=CARTESIAN_POINT('Ctrl Pts',(31.2633311854788,-0.203225569787891,9.13450208306801));
#6174=CARTESIAN_POINT('Ctrl Pts',(31.214283505257,-0.148090683868841,9.15063929921994));
#6175=CARTESIAN_POINT('Ctrl Pts',(31.1865670505519,-0.11895035181607,9.16595174818919));
#6176=CARTESIAN_POINT('Ctrl Pts',(31.1229172817709,-0.063778888282199,9.21015845180608));
#6177=CARTESIAN_POINT('Ctrl Pts',(31.0877945791725,-0.0403674800582897,
9.24016318962796));
#6178=CARTESIAN_POINT('Ctrl Pts',(31.0160114178984,-0.00863235802952737,
9.30656892039572));
#6179=CARTESIAN_POINT('Ctrl Pts',(30.979934153271,-0.000400610292219316,
9.34246556871113));
#6180=CARTESIAN_POINT('Ctrl Pts',(30.9427687188256,-4.75514278775121E-6,
9.37951953283691));
#6181=CARTESIAN_POINT('Ctrl Pts',(30.9418758604523,2.18820852338833E-17,
9.38040976194306));
#6182=CARTESIAN_POINT('Ctrl Pts',(30.940983005625,0.,9.38129999999999));
#6183=CARTESIAN_POINT('',(31.5,-0.5,9.13129999999999));
#6184=CARTESIAN_POINT('Origin',(31.5,-0.5,8.88129999999999));
#6185=CARTESIAN_POINT('Ctrl Pts',(31.5,-0.5,9.13129999999999));
#6186=CARTESIAN_POINT('Ctrl Pts',(31.4427499711734,-0.419036232787241,9.13129999999999));
#6187=CARTESIAN_POINT('Ctrl Pts',(31.3785726635249,-0.328225917226382,9.13129999999999));
#6188=CARTESIAN_POINT('Ctrl Pts',(31.3051129887302,-0.25,9.13129999999999));
#6189=CARTESIAN_POINT('Origin',(241.75,0.,2.46519032881566E-31));
#6190=CARTESIAN_POINT('',(241.75,0.,9.13129999999997));
#6191=CARTESIAN_POINT('Origin',(78.18435,-0.25,9.38129999999999));
#6192=CARTESIAN_POINT('',(19.8687,-0.25,9.13129999999999));
#6193=CARTESIAN_POINT('',(78.18435,-0.25,9.13129999999999));
#6194=CARTESIAN_POINT('Origin',(19.8687,-0.25,9.3813));
#6195=CARTESIAN_POINT('Origin',(19.6187,0.,9.13129999999999));
#6196=CARTESIAN_POINT('',(31.5,-1.75,9.13129999999999));
#6197=CARTESIAN_POINT('',(31.5,0.,9.13129999999999));
#6198=CARTESIAN_POINT('',(24.4792598815929,-1.75,9.13129999999999));
#6199=CARTESIAN_POINT('',(78.18435,-1.75,9.13129999999999));
#6200=CARTESIAN_POINT('',(24.0581401152968,-1.75,9.13129999999999));
#6201=CARTESIAN_POINT('Ctrl Pts',(24.0581401152968,-1.75,9.13129999999999));
#6202=CARTESIAN_POINT('Ctrl Pts',(24.1283317203971,-1.75,9.13129999999999));
#6203=CARTESIAN_POINT('Ctrl Pts',(24.2686976521663,-1.7541841668886,9.1313));
#6204=CARTESIAN_POINT('Ctrl Pts',(24.4090682764927,-1.75,9.13129999999999));
#6205=CARTESIAN_POINT('Ctrl Pts',(24.4792598815929,-1.75,9.13129999999999));
#6206=CARTESIAN_POINT('',(21.3792598847031,-1.75,9.13129999999999));
#6207=CARTESIAN_POINT('',(78.18435,-1.75,9.13129999999999));
#6208=CARTESIAN_POINT('',(20.9581401184071,-1.75,9.13129999999999));
#6209=CARTESIAN_POINT('Ctrl Pts',(20.9581401184071,-1.75,9.13129999999999));
#6210=CARTESIAN_POINT('Ctrl Pts',(21.0283317235073,-1.75,9.13129999999999));
#6211=CARTESIAN_POINT('Ctrl Pts',(21.1686976552778,-1.75418419183529,9.1313));
#6212=CARTESIAN_POINT('Ctrl Pts',(21.3090682796029,-1.75,9.13129999999999));
#6213=CARTESIAN_POINT('Ctrl Pts',(21.3792598847031,-1.75,9.13129999999999));
#6214=CARTESIAN_POINT('',(19.8687,-1.75,9.13129999999999));
#6215=CARTESIAN_POINT('',(78.18435,-1.75,9.13129999999999));
#6216=CARTESIAN_POINT('',(19.8687,0.,9.13129999999999));
#6217=CARTESIAN_POINT('Origin',(31.5,0.,8.88129999999999));
#6218=CARTESIAN_POINT('',(31.75,-1.75,8.88129999999999));
#6219=CARTESIAN_POINT('',(31.75,0.,8.88129999999999));
#6220=CARTESIAN_POINT('Origin',(31.5,-1.75,8.88129999999999));
#6221=CARTESIAN_POINT('Origin',(31.75,0.,60.275));
#6222=CARTESIAN_POINT('',(31.75,-1.75,51.3937));
#6223=CARTESIAN_POINT('',(31.75,0.,51.3937));
#6224=CARTESIAN_POINT('',(31.75,-2.25,50.8937));
#6225=CARTESIAN_POINT('Origin',(31.75,-1.75,50.8937));
#6226=CARTESIAN_POINT('',(31.75,-2.25,9.38129999999999));
#6227=CARTESIAN_POINT('',(31.75,-2.25,45.20625));
#6228=CARTESIAN_POINT('Origin',(31.75,-1.75,9.38129999999999));
#6229=CARTESIAN_POINT('Origin',(31.75,0.,0.));
#6230=CARTESIAN_POINT('Origin',(241.75,0.,60.275));
#6231=CARTESIAN_POINT('Origin',(253.8813,0.,51.1437));
#6232=CARTESIAN_POINT('Origin',(136.75,-4.,30.1375));
#6233=CARTESIAN_POINT('Origin',(31.5,-1.75,9.38129999999999));
#6234=CARTESIAN_POINT('',(31.5,-2.,9.38129999999999));
#6235=CARTESIAN_POINT('Origin',(31.5,-2.25,9.38129999999999));
#6236=CARTESIAN_POINT('Origin',(31.5,-1.75,9.38129999999999));
#6237=CARTESIAN_POINT('Origin',(31.5,-2.25,45.20625));
#6238=CARTESIAN_POINT('',(31.5,-2.,50.8937));
#6239=CARTESIAN_POINT('Origin',(31.5,-2.25,50.8937));
#6240=CARTESIAN_POINT('',(31.5,-2.,45.20625));
#6241=CARTESIAN_POINT('Origin',(31.5,-1.75,50.8937));
#6242=CARTESIAN_POINT('',(31.5,-1.75,51.1437));
#6243=CARTESIAN_POINT('Origin',(31.5,-1.75,51.3937));
#6244=CARTESIAN_POINT('Origin',(31.5,-1.75,50.8937));
#6245=CARTESIAN_POINT('Origin',(31.5,0.,51.3937));
#6246=CARTESIAN_POINT('',(31.5,0.,51.1437));
#6247=CARTESIAN_POINT('Origin',(84.25,-1.75,50.8937));
#6248=CARTESIAN_POINT('',(24.5417907176432,-1.75,51.1437));
#6249=CARTESIAN_POINT('',(84.25,-1.75,51.1437));
#6250=CARTESIAN_POINT('',(24.5417907176432,-2.,50.8937));
#6251=CARTESIAN_POINT('Origin',(24.5417907176432,-1.75,50.8937));
#6252=CARTESIAN_POINT('',(84.25,-2.,50.8937));
#6253=CARTESIAN_POINT('Ctrl Pts',(24.2687000018206,-2.04922715159612,50.988985778034));
#6254=CARTESIAN_POINT('Ctrl Pts',(24.3470168733214,-2.01753104852134,50.9616597519123));
#6255=CARTESIAN_POINT('Ctrl Pts',(24.4442714662558,-2.00000000000006,50.9277260477683));
#6256=CARTESIAN_POINT('Ctrl Pts',(24.541790717643,-2.,50.8936999999998));
#6257=CARTESIAN_POINT('Ctrl Pts',(24.2594181750616,-2.03295209701382,51.0344320556474));
#6258=CARTESIAN_POINT('Ctrl Pts',(24.3425903607798,-2.00258733034789,51.0138952756624));
#6259=CARTESIAN_POINT('Ctrl Pts',(24.444356872639,-1.99089228404783,50.9875255499502));
#6260=CARTESIAN_POINT('Ctrl Pts',(24.541790717643,-2.00000000000006,50.9591498469496));
#6261=CARTESIAN_POINT('Ctrl Pts',(24.2271772583579,-1.97641983318671,51.1137729726999));
#6262=CARTESIAN_POINT('Ctrl Pts',(24.3211246835838,-1.9397476296889,51.1075745639129));
#6263=CARTESIAN_POINT('Ctrl Pts',(24.4353694963013,-1.92899567151749,51.0993137661945));
#6264=CARTESIAN_POINT('Ctrl Pts',(24.541790717643,-1.94566443331282,51.0893644333127));
#6265=CARTESIAN_POINT('Ctrl Pts',(24.1785498365982,-1.89115494256908,51.1437));
#6266=CARTESIAN_POINT('Ctrl Pts',(24.283975661108,-1.8367145935419,51.1437661947165));
#6267=CARTESIAN_POINT('Ctrl Pts',(24.4141051525107,-1.80972842954477,51.1435148279509));
#6268=CARTESIAN_POINT('Ctrl Pts',(24.5417907176432,-1.81544984694982,51.1437));
#6269=CARTESIAN_POINT('Ctrl Pts',(24.1541972339578,-1.84845430319218,51.1437));
#6270=CARTESIAN_POINT('Ctrl Pts',(24.2653511740137,-1.78506209704263,51.1437));
#6271=CARTESIAN_POINT('Ctrl Pts',(24.4033831329779,-1.74999999999999,51.1437));
#6272=CARTESIAN_POINT('Ctrl Pts',(24.5417907176432,-1.75,51.1437));
#6273=CARTESIAN_POINT('',(24.2687000018207,-2.04922715159606,50.988985778034));
#6274=CARTESIAN_POINT('Origin',(24.5417907176432,-2.25,50.8937));
#6275=CARTESIAN_POINT('',(24.268700001815,-1.79619822156947,51.1437));
#6276=CARTESIAN_POINT('Origin',(24.5417907176432,-2.25,51.1437));
#6277=CARTESIAN_POINT('Ctrl Pts',(24.268700001815,-1.79619822156949,51.1437));
#6278=CARTESIAN_POINT('Ctrl Pts',(24.268700001815,-1.7967310786634,51.1437));
#6279=CARTESIAN_POINT('Ctrl Pts',(24.2687000018132,-1.79726393488078,51.1436984875819));
#6280=CARTESIAN_POINT('Ctrl Pts',(24.2687000018458,-1.8350190630553,51.1434842439644));
#6281=CARTESIAN_POINT('Ctrl Pts',(24.2687000018164,-1.87195264460261,51.1358988227195));
#6282=CARTESIAN_POINT('Ctrl Pts',(24.2687000018176,-1.93830011451146,51.1083533554064));
#6283=CARTESIAN_POINT('Ctrl Pts',(24.2687000018184,-1.96782444674844,51.0893919257362));
#6284=CARTESIAN_POINT('Ctrl Pts',(24.2687000018196,-2.01617873868377,51.0437304632782));
#6285=CARTESIAN_POINT('Ctrl Pts',(24.2687000018202,-2.03554952269653,51.0178053623443));
#6286=CARTESIAN_POINT('Ctrl Pts',(24.2687000018207,-2.0492271515962,50.9889857780337));
#6287=CARTESIAN_POINT('Origin',(19.8687,-0.25,50.8937));
#6288=CARTESIAN_POINT('',(19.8687,-0.25,51.1437));
#6289=CARTESIAN_POINT('Origin',(19.8687,-0.25,50.8937));
#6290=CARTESIAN_POINT('',(19.6187,-0.25,50.8937));
#6291=CARTESIAN_POINT('Origin',(19.8687,-0.25,50.8937));
#6292=CARTESIAN_POINT('Origin',(19.8687,-0.25,50.8937));
#6293=CARTESIAN_POINT('Origin',(19.8687,-1.75,50.8937));
#6294=CARTESIAN_POINT('',(19.8687,-1.75,51.1437));
#6295=CARTESIAN_POINT('',(19.8687,-2.,50.8937));
#6296=CARTESIAN_POINT('Origin',(19.8687,-1.75,50.8937));
#6297=CARTESIAN_POINT('',(19.6187,-1.75,50.8937));
#6298=CARTESIAN_POINT('Origin',(19.8687,-1.75,50.8937));
#6299=CARTESIAN_POINT('Origin',(19.8687,-1.75,50.8937));
#6300=CARTESIAN_POINT('Origin',(19.8687,0.,50.8937));
#6301=CARTESIAN_POINT('',(19.8687,0.,51.1437));
#6302=CARTESIAN_POINT('',(19.6187,0.,50.8937));
#6303=CARTESIAN_POINT('Origin',(19.8687,-0.25,9.3813));
#6304=CARTESIAN_POINT('',(19.6187,-0.25,9.38129999999999));
#6305=CARTESIAN_POINT('Origin',(19.8687,-0.25,9.38129999999999));
#6306=CARTESIAN_POINT('Origin',(19.8687,-0.25,9.3813));
#6307=CARTESIAN_POINT('Origin',(19.8687,-0.25,40.6405999999999));
#6308=CARTESIAN_POINT('',(19.6187,-0.25,40.6405999999999));
#6309=CARTESIAN_POINT('Origin',(19.8687,-1.75,9.38129999999999));
#6310=CARTESIAN_POINT('',(19.6187,-1.75,9.38129999999999));
#6311=CARTESIAN_POINT('',(19.8687,-2.,9.3813));
#6312=CARTESIAN_POINT('Origin',(19.8687,-1.75,9.38129999999999));
#6313=CARTESIAN_POINT('Origin',(19.8687,-1.75,9.38129999999999));
#6314=CARTESIAN_POINT('Origin',(19.8687,-1.75,9.3813));
#6315=CARTESIAN_POINT('Origin',(19.8687,0.,9.38129999999999));
#6316=CARTESIAN_POINT('',(19.6187,0.,9.38129999999999));
#6317=CARTESIAN_POINT('Origin',(78.18435,-1.75,9.38129999999999));
#6318=CARTESIAN_POINT('',(20.9581401184071,-2.,9.38129999999999));
#6319=CARTESIAN_POINT('Origin',(20.9581401184071,-1.75,9.3813));
#6320=CARTESIAN_POINT('',(78.18435,-2.,9.38129999999999));
#6321=CARTESIAN_POINT('Ctrl Pts',(20.9581401184071,-1.75,9.13129999999999));
#6322=CARTESIAN_POINT('Ctrl Pts',(21.0283317235073,-1.75,9.13129999999999));
#6323=CARTESIAN_POINT('Ctrl Pts',(21.1686976552778,-1.75418419183529,9.1313));
#6324=CARTESIAN_POINT('Ctrl Pts',(21.3090682796029,-1.75,9.13129999999999));
#6325=CARTESIAN_POINT('Ctrl Pts',(21.3792598847031,-1.75,9.13129999999999));
#6326=CARTESIAN_POINT('Ctrl Pts',(20.9581401184071,-1.81544984694979,9.13129999999999));
#6327=CARTESIAN_POINT('Ctrl Pts',(21.0266996353352,-1.81319580169929,9.13137295153425));
#6328=CARTESIAN_POINT('Ctrl Pts',(21.1686976104377,-1.81410663654895,9.13145727372703));
#6329=CARTESIAN_POINT('Ctrl Pts',(21.3107003677749,-1.81319580169929,9.13137295153425));
#6330=CARTESIAN_POINT('Ctrl Pts',(21.3792598847031,-1.81544984694979,9.13129999999999));
#6331=CARTESIAN_POINT('Ctrl Pts',(20.9581401184071,-1.94573008393719,9.1855699160628));
#6332=CARTESIAN_POINT('Ctrl Pts',(21.0234628119102,-1.93916315467885,9.18165021488736));
#6333=CARTESIAN_POINT('Ctrl Pts',(21.168697521338,-1.93373340192204,9.1763960707233));
#6334=CARTESIAN_POINT('Ctrl Pts',(21.3139371912,-1.93916315467885,9.18165021488736));
#6335=CARTESIAN_POINT('Ctrl Pts',(21.3792598847031,-1.94573008393719,9.18556991606281));
#6336=CARTESIAN_POINT('Ctrl Pts',(20.9581401184071,-2.,9.31585015305021));
#6337=CARTESIAN_POINT('Ctrl Pts',(21.0220947682712,-1.99641186747414,9.30467108428984));
#6338=CARTESIAN_POINT('Ctrl Pts',(21.1686974780722,-1.99401611780605,9.28894086303396));
#6339=CARTESIAN_POINT('Ctrl Pts',(21.315305234839,-1.99641186747414,9.30467108428984));
#6340=CARTESIAN_POINT('Ctrl Pts',(21.3792598847031,-2.,9.31585015305021));
#6341=CARTESIAN_POINT('Ctrl Pts',(20.9581401184071,-2.,9.3813));
#6342=CARTESIAN_POINT('Ctrl Pts',(21.0221077686904,-2.,9.36789488620809));
#6343=CARTESIAN_POINT('Ctrl Pts',(21.1686974741823,-2.00209209591765,9.34837320089645));
#6344=CARTESIAN_POINT('Ctrl Pts',(21.3152922344198,-2.,9.36789488620809));
#6345=CARTESIAN_POINT('Ctrl Pts',(21.3792598847031,-2.,9.38129999999999));
#6346=CARTESIAN_POINT('',(21.3792598847031,-2.,9.38129999999999));
#6347=CARTESIAN_POINT('Origin',(21.3792598847031,-1.75,9.38129999999999));
#6348=CARTESIAN_POINT('Ctrl Pts',(21.3792598847031,-2.,9.38129999999999));
#6349=CARTESIAN_POINT('Ctrl Pts',(21.3152922344198,-2.,9.36789488620809));
#6350=CARTESIAN_POINT('Ctrl Pts',(21.1686974741823,-2.00209209591765,9.34837320089645));
#6351=CARTESIAN_POINT('Ctrl Pts',(21.0221077686904,-2.,9.36789488620809));
#6352=CARTESIAN_POINT('Ctrl Pts',(20.9581401184071,-2.,9.3813));
#6353=CARTESIAN_POINT('Origin',(78.18435,-1.75,9.38129999999999));
#6354=CARTESIAN_POINT('',(24.0581401152968,-2.,9.38129999999999));
#6355=CARTESIAN_POINT('Origin',(24.0581401152968,-1.75,9.38129999999999));
#6356=CARTESIAN_POINT('',(78.18435,-2.,9.38129999999999));
#6357=CARTESIAN_POINT('Ctrl Pts',(24.0581401152968,-1.75,9.13129999999999));
#6358=CARTESIAN_POINT('Ctrl Pts',(24.1283317203971,-1.75,9.13129999999999));
#6359=CARTESIAN_POINT('Ctrl Pts',(24.2686976521663,-1.7541841668886,9.1313));
#6360=CARTESIAN_POINT('Ctrl Pts',(24.4090682764927,-1.75,9.13129999999999));
#6361=CARTESIAN_POINT('Ctrl Pts',(24.4792598815929,-1.75,9.13129999999999));
#6362=CARTESIAN_POINT('Ctrl Pts',(24.0581401152968,-1.81544984694979,9.13129999999999));
#6363=CARTESIAN_POINT('Ctrl Pts',(24.126699632225,-1.81319580169929,9.13137295153425));
#6364=CARTESIAN_POINT('Ctrl Pts',(24.2686976073243,-1.81410661152611,9.13145729892878));
#6365=CARTESIAN_POINT('Ctrl Pts',(24.4107003646647,-1.81319580169929,9.13137295153425));
#6366=CARTESIAN_POINT('Ctrl Pts',(24.4792598815929,-1.81544984694979,9.13129999999999));
#6367=CARTESIAN_POINT('Ctrl Pts',(24.0581401152968,-1.94572208246491,9.18557791753508));
#6368=CARTESIAN_POINT('Ctrl Pts',(24.1234628088,-1.93915515320656,9.18165821635964));
#6369=CARTESIAN_POINT('Ctrl Pts',(24.2686975182207,-1.9337254080713,9.17640407003879));
#6370=CARTESIAN_POINT('Ctrl Pts',(24.4139371880898,-1.93915515320657,9.18165821635964));
#6371=CARTESIAN_POINT('Ctrl Pts',(24.4792598815929,-1.94572208246491,9.18557791753508));
#6372=CARTESIAN_POINT('Ctrl Pts',(24.0581401152968,-2.,9.31585015305021));
#6373=CARTESIAN_POINT('Ctrl Pts',(24.122094765161,-1.99641186747414,9.30467108428984));
#6374=CARTESIAN_POINT('Ctrl Pts',(24.2686974749529,-1.9940160839758,9.28894088370135));
#6375=CARTESIAN_POINT('Ctrl Pts',(24.4153052317288,-1.99641186747414,9.30467108428984));
#6376=CARTESIAN_POINT('Ctrl Pts',(24.4792598815929,-2.,9.31585015305021));
#6377=CARTESIAN_POINT('Ctrl Pts',(24.0581401152968,-2.,9.38129999999999));
#6378=CARTESIAN_POINT('Ctrl Pts',(24.1221077655801,-2.,9.36789488620809));
#6379=CARTESIAN_POINT('Ctrl Pts',(24.2686974710629,-2.0020920834443,9.34837322973274));
#6380=CARTESIAN_POINT('Ctrl Pts',(24.4152922313096,-2.,9.36789488620809));
#6381=CARTESIAN_POINT('Ctrl Pts',(24.4792598815929,-2.,9.38129999999999));
#6382=CARTESIAN_POINT('',(24.4792598815929,-2.,9.38129999999999));
#6383=CARTESIAN_POINT('Origin',(24.4792598815929,-1.75,9.38129999999999));
#6384=CARTESIAN_POINT('Ctrl Pts',(24.4792598815929,-2.,9.38129999999999));
#6385=CARTESIAN_POINT('Ctrl Pts',(24.4152922313096,-2.,9.36789488620809));
#6386=CARTESIAN_POINT('Ctrl Pts',(24.2686974710629,-2.0020920834443,9.34837322973274));
#6387=CARTESIAN_POINT('Ctrl Pts',(24.1221077655801,-2.,9.36789488620809));
#6388=CARTESIAN_POINT('Ctrl Pts',(24.0581401152968,-2.,9.38129999999999));
#6389=CARTESIAN_POINT('Origin',(78.18435,-1.75,9.38129999999999));
#6390=CARTESIAN_POINT('',(78.18435,-2.,9.38129999999999));
#6391=CARTESIAN_POINT('Origin',(19.8687,-1.75,40.6405999999999));
#6392=CARTESIAN_POINT('',(19.8687,-2.,40.6405999999999));
#6393=CARTESIAN_POINT('',(19.6187,-1.75,40.6405999999999));
#6394=CARTESIAN_POINT('Origin',(84.25,-1.75,50.8937));
#6395=CARTESIAN_POINT('',(21.3792598813601,-1.75,51.1437));
#6396=CARTESIAN_POINT('',(21.3792598813601,-2.,50.8937));
#6397=CARTESIAN_POINT('Origin',(21.3792598813601,-1.75,50.8937));
#6398=CARTESIAN_POINT('',(23.9956092859602,-2.,50.8937));
#6399=CARTESIAN_POINT('',(84.25,-2.,50.8937));
#6400=CARTESIAN_POINT('',(23.9956092859602,-1.75,51.1437));
#6401=CARTESIAN_POINT('Origin',(23.9956092859602,-1.75,50.8937));
#6402=CARTESIAN_POINT('',(84.25,-1.75,51.1437));
#6403=CARTESIAN_POINT('Ctrl Pts',(21.3792598813601,-1.75,51.1437));
#6404=CARTESIAN_POINT('Ctrl Pts',(21.3090682215979,-1.75,51.1437));
#6405=CARTESIAN_POINT('Ctrl Pts',(21.1687022169664,-1.75418402734933,51.1437));
#6406=CARTESIAN_POINT('Ctrl Pts',(21.0283317748257,-1.75,51.1437));
#6407=CARTESIAN_POINT('Ctrl Pts',(20.9581401150635,-1.75,51.1437));
#6408=CARTESIAN_POINT('Ctrl Pts',(21.3792598813601,-1.81544984694979,51.1437));
#6409=CARTESIAN_POINT('Ctrl Pts',(21.310700311041,-1.81319579994394,51.1436270484089));
#6410=CARTESIAN_POINT('Ctrl Pts',(21.168702249551,-1.81410646758246,51.1435425629199));
#6411=CARTESIAN_POINT('Ctrl Pts',(21.0266996853826,-1.81319579994395,51.1436270484089));
#6412=CARTESIAN_POINT('Ctrl Pts',(20.9581401150635,-1.81544984694979,51.1437));
#6413=CARTESIAN_POINT('Ctrl Pts',(21.3792598813601,-1.94566700223588,51.0893670022359));
#6414=CARTESIAN_POINT('Ctrl Pts',(21.3139371369867,-1.93910006786352,51.0932867064638));
#6415=CARTESIAN_POINT('Ctrl Pts',(21.1687023143199,-1.93367034289077,51.0985408601986));
#6416=CARTESIAN_POINT('Ctrl Pts',(21.0234628594369,-1.93910006786352,51.0932867064638));
#6417=CARTESIAN_POINT('Ctrl Pts',(20.9581401150635,-1.94566700223589,51.0893670022359));
#6418=CARTESIAN_POINT('Ctrl Pts',(21.3792598813601,-2.,50.9591498469498));
#6419=CARTESIAN_POINT('Ctrl Pts',(21.3153051816911,-1.99641186467987,50.9703289244159));
#6420=CARTESIAN_POINT('Ctrl Pts',(21.1687023465264,-1.99401589040999,50.986059022958));
#6421=CARTESIAN_POINT('Ctrl Pts',(21.0220948147325,-1.99641186467987,50.9703289244159));
#6422=CARTESIAN_POINT('Ctrl Pts',(20.9581401150635,-2.00000000000001,50.9591498469498));
#6423=CARTESIAN_POINT('Ctrl Pts',(21.3792598813601,-2.,50.8937));
#6424=CARTESIAN_POINT('Ctrl Pts',(21.3152921812618,-2.,50.9071051242312));
#6425=CARTESIAN_POINT('Ctrl Pts',(21.1687023499351,-2.00209201367467,50.9266266356055));
#6426=CARTESIAN_POINT('Ctrl Pts',(21.0221078151618,-2.,50.9071051242312));
#6427=CARTESIAN_POINT('Ctrl Pts',(20.9581401150635,-2.,50.8937));
#6428=CARTESIAN_POINT('',(20.9581401150635,-1.75,51.1437));
#6429=CARTESIAN_POINT('',(20.9581401150635,-2.,50.8937));
#6430=CARTESIAN_POINT('Origin',(20.9581401150635,-1.75,50.8937));
#6431=CARTESIAN_POINT('Ctrl Pts',(20.9581401150635,-2.,50.8937));
#6432=CARTESIAN_POINT('Ctrl Pts',(21.0221078151618,-2.,50.9071051242312));
#6433=CARTESIAN_POINT('Ctrl Pts',(21.1687023499351,-2.00209201367467,50.9266266356055));
#6434=CARTESIAN_POINT('Ctrl Pts',(21.3152921812618,-2.,50.9071051242312));
#6435=CARTESIAN_POINT('Ctrl Pts',(21.3792598813601,-2.,50.8937));
#6436=CARTESIAN_POINT('Ctrl Pts',(21.3792598813601,-1.75,51.1437));
#6437=CARTESIAN_POINT('Ctrl Pts',(21.3090682215979,-1.75,51.1437));
#6438=CARTESIAN_POINT('Ctrl Pts',(21.1687022169664,-1.75418402734933,51.1437));
#6439=CARTESIAN_POINT('Ctrl Pts',(21.0283317748257,-1.75,51.1437));
#6440=CARTESIAN_POINT('Ctrl Pts',(20.9581401150635,-1.75,51.1437));
#6441=CARTESIAN_POINT('Origin',(84.25,-1.75,50.8937));
#6442=CARTESIAN_POINT('',(84.25,-1.75,51.1437));
#6443=CARTESIAN_POINT('',(84.25,-2.,50.8937));
#6444=CARTESIAN_POINT('Ctrl Pts',(23.9956092859595,-2.,50.8937000000005));
#6445=CARTESIAN_POINT('Ctrl Pts',(24.0931285373604,-1.99999999999982,50.9277260477725));
#6446=CARTESIAN_POINT('Ctrl Pts',(24.1903831303093,-2.01753104851984,50.9616597519194));
#6447=CARTESIAN_POINT('Ctrl Pts',(24.2687000018227,-2.0492271515923,50.9889857780444));
#6448=CARTESIAN_POINT('Ctrl Pts',(23.9956092859595,-1.99999999999987,50.9591498469502));
#6449=CARTESIAN_POINT('Ctrl Pts',(24.0930431309773,-1.99089228404649,50.9875255499537));
#6450=CARTESIAN_POINT('Ctrl Pts',(24.1948096428507,-2.00258733034498,51.013895275668));
#6451=CARTESIAN_POINT('Ctrl Pts',(24.2779818285813,-2.03295209700825,51.0344320556552));
#6452=CARTESIAN_POINT('Ctrl Pts',(23.9956092859596,-1.94566454889924,51.0893645488996));
#6453=CARTESIAN_POINT('Ctrl Pts',(24.1020305073139,-1.92899578710207,51.0993138817824));
#6454=CARTESIAN_POINT('Ctrl Pts',(24.2162753051163,-1.93974765585974,51.1075746089301));
#6455=CARTESIAN_POINT('Ctrl Pts',(24.3102227303535,-1.97641985935419,51.1137730177178));
#6456=CARTESIAN_POINT('Ctrl Pts',(23.9956092859599,-1.8154498469497,51.1437));
#6457=CARTESIAN_POINT('Ctrl Pts',(24.1232948511019,-1.80972842954401,51.1435148279509));
#6458=CARTESIAN_POINT('Ctrl Pts',(24.2534243425144,-1.83671459353859,51.1437661947165));
#6459=CARTESIAN_POINT('Ctrl Pts',(24.3588501670338,-1.8911549425616,51.1437));
#6460=CARTESIAN_POINT('Ctrl Pts',(23.9956092859601,-1.75,51.1437));
#6461=CARTESIAN_POINT('Ctrl Pts',(24.1340168706335,-1.74999999999998,51.1437));
#6462=CARTESIAN_POINT('Ctrl Pts',(24.2720488296061,-1.78506209703981,51.1437));
#6463=CARTESIAN_POINT('Ctrl Pts',(24.3832027696706,-1.84845430318478,51.1437));
#6464=CARTESIAN_POINT('Origin',(23.9956092859602,-2.25,51.1437));
#6465=CARTESIAN_POINT('Origin',(23.9956092859602,-2.25,50.8937));
#6466=CARTESIAN_POINT('Origin',(84.25,-0.25,50.8937));
#6467=CARTESIAN_POINT('',(84.25,-0.25,51.1437));
#6468=CARTESIAN_POINT('Origin',(21.1687000015551,-2.25,9.83480251995847));
#6469=CARTESIAN_POINT('',(21.5530304221257,-2.,9.51497424130872));
#6470=CARTESIAN_POINT('Origin',(21.1687000015551,-2.,9.83480251995848));
#6471=CARTESIAN_POINT('',(21.3608652118404,-2.25,9.6748883806336));
#6472=CARTESIAN_POINT('Origin',(21.5530304221257,-2.25,9.51497424130872));
#6473=CARTESIAN_POINT('',(20.9765347912887,-2.25,9.67488838061098));
#6474=CARTESIAN_POINT('Origin',(21.1687000015551,-2.25,9.83480251995848));
#6475=CARTESIAN_POINT('',(20.7843695810222,-2.,9.51497424126348));
#6476=CARTESIAN_POINT('Origin',(20.7843695810222,-2.25,9.51497424126348));
#6477=CARTESIAN_POINT('Origin',(21.1687000015551,-2.,9.83480251995848));
#6478=CARTESIAN_POINT('Origin',(24.2686999984449,-2.25,9.83480251995846));
#6479=CARTESIAN_POINT('',(24.6530304189778,-2.,9.51497424126346));
#6480=CARTESIAN_POINT('Origin',(24.2686999984449,-2.,9.83480251995846));
#6481=CARTESIAN_POINT('',(24.4608652087113,-2.25,9.67488838061097));
#6482=CARTESIAN_POINT('Origin',(24.6530304189778,-2.25,9.51497424126346));
#6483=CARTESIAN_POINT('',(24.0765347881596,-2.25,9.67488838063358));
#6484=CARTESIAN_POINT('Origin',(24.2686999984449,-2.25,9.83480251995846));
#6485=CARTESIAN_POINT('',(23.8843695778743,-2.,9.5149742413087));
#6486=CARTESIAN_POINT('Origin',(23.8843695778743,-2.25,9.5149742413087));
#6487=CARTESIAN_POINT('Origin',(24.2686999984449,-2.,9.83480251995846));
#6488=CARTESIAN_POINT('Origin',(136.75,-2.,30.1375));
#6489=CARTESIAN_POINT('',(24.9780304198187,-2.,50.3694806004069));
#6490=CARTESIAN_POINT('',(52.847105388147,-2.,16.8798425086504));
#6491=CARTESIAN_POINT('',(25.0936999992481,-2.,50.0496523217572));
#6492=CARTESIAN_POINT('Origin',(24.5936999992481,-2.,50.0496523217572));
#6493=CARTESIAN_POINT('',(25.0936999992481,-2.,10.2253476821673));
#6494=CARTESIAN_POINT('',(25.0936999992481,-2.,20.1362161518437));
#6495=CARTESIAN_POINT('',(24.978030419781,-2.,9.9055194034723));
#6496=CARTESIAN_POINT('Origin',(24.5936999992481,-2.,10.2253476821673));
#6497=CARTESIAN_POINT('',(52.5596053934458,-2.,43.0496752355997));
#6498=CARTESIAN_POINT('Origin',(136.75,-2.,30.1375));
#6499=CARTESIAN_POINT('',(23.5593695741209,-2.,9.90551940715616));
#6500=CARTESIAN_POINT('',(41.7132008281608,-2.,-11.9095296882126));
#6501=CARTESIAN_POINT('',(23.4436999946915,-2.,10.2253476858059));
#6502=CARTESIAN_POINT('Origin',(23.9436999946915,-2.,10.2253476858059));
#6503=CARTESIAN_POINT('',(23.4436999946914,-2.,50.0496523102699));
#6504=CARTESIAN_POINT('',(23.4436999946914,-2.,40.1387838443749));
#6505=CARTESIAN_POINT('',(23.5593695741586,-2.,50.3694805889649));
#6506=CARTESIAN_POINT('Origin',(23.9436999946914,-2.,50.0496523102699));
#6507=CARTESIAN_POINT('',(42.0007008390297,-2.,72.5300119501497));
#6508=CARTESIAN_POINT('',(21.5530304187447,-2.,50.7600257587366));
#6509=CARTESIAN_POINT('Origin',(21.1686999982118,-2.,50.4401974800416));
#6510=CARTESIAN_POINT('',(21.8780304212847,-2.,50.3694805944408));
#6511=CARTESIAN_POINT('',(50.3813041872312,-2.,16.1177401363151));
#6512=CARTESIAN_POINT('',(21.9937000007519,-2.,50.0496523157458));
#6513=CARTESIAN_POINT('Origin',(21.4937000007518,-2.,50.0496523157458));
#6514=CARTESIAN_POINT('',(21.9937000007519,-2.,10.2253476803303));
#6515=CARTESIAN_POINT('',(21.9937000007519,-2.,20.1362161509335));
#6516=CARTESIAN_POINT('',(21.8780304213224,-2.,9.90551940168057));
#6517=CARTESIAN_POINT('Origin',(21.4937000007519,-2.,10.2253476803303));
#6518=CARTESIAN_POINT('',(50.0938041817521,-2.,43.811777603273));
#6519=CARTESIAN_POINT('Origin',(19.6187,0.,51.1437));
#6520=CARTESIAN_POINT('Origin',(21.1686999982118,-3.75,50.4401974800416));
#6521=CARTESIAN_POINT('',(21.3608652084783,-3.75,50.6001116193891));
#6522=CARTESIAN_POINT('',(21.1686999982118,-4.,50.4401974800416));
#6523=CARTESIAN_POINT('Origin',(21.1686999982118,-3.75,50.4401974800416));
#6524=CARTESIAN_POINT('',(20.9765347879266,-3.75,50.6001116193665));
#6525=CARTESIAN_POINT('Origin',(21.1686999982118,-3.75,50.4401974800416));
#6526=CARTESIAN_POINT('Origin',(21.1686999982118,-3.75,50.4401974800416));
#6527=CARTESIAN_POINT('Origin',(21.1686999982118,-2.25,50.4401974800416));
#6528=CARTESIAN_POINT('',(20.7843695776413,-2.,50.7600257586914));
#6529=CARTESIAN_POINT('Origin',(21.1686999982118,-2.,50.4401974800416));
#6530=CARTESIAN_POINT('',(20.9765347879266,-2.25,50.6001116193665));
#6531=CARTESIAN_POINT('Origin',(20.7843695776413,-2.25,50.7600257586914));
#6532=CARTESIAN_POINT('',(21.3608652084783,-2.25,50.6001116193891));
#6533=CARTESIAN_POINT('Origin',(21.1686999982118,-2.25,50.4401974800416));
#6534=CARTESIAN_POINT('Origin',(21.5530304187447,-2.25,50.7600257587366));
#6535=CARTESIAN_POINT('Origin',(20.8437000053084,-3.75,50.0496523272324));
#6536=CARTESIAN_POINT('',(20.6515347950232,-3.75,50.2095664665573));
#6537=CARTESIAN_POINT('',(20.8437000053084,-4.,50.0496523272324));
#6538=CARTESIAN_POINT('Origin',(20.8437000053084,-3.75,50.0496523272324));
#6539=CARTESIAN_POINT('',(20.5937000053084,-3.75,50.0496523272324));
#6540=CARTESIAN_POINT('Origin',(20.8437000053084,-3.75,50.0496523272324));
#6541=CARTESIAN_POINT('Origin',(20.8437000053084,-3.75,50.0496523272324));
#6542=CARTESIAN_POINT('Origin',(21.4937000007519,-3.75,50.0496523157458));
#6543=CARTESIAN_POINT('',(21.7437000007519,-3.75,50.0496523157458));
#6544=CARTESIAN_POINT('',(21.4937000007519,-4.,50.0496523157458));
#6545=CARTESIAN_POINT('Origin',(21.4937000007519,-3.75,50.0496523157458));
#6546=CARTESIAN_POINT('',(21.6858652110183,-3.75,50.2095664550933));
#6547=CARTESIAN_POINT('Origin',(21.4937000007519,-3.75,50.0496523157458));
#6548=CARTESIAN_POINT('Origin',(21.4937000007519,-3.75,50.0496523157458));
#6549=CARTESIAN_POINT('Origin',(20.8437000053084,-2.25,50.0496523272324));
#6550=CARTESIAN_POINT('',(20.4593695847379,-2.,50.3694806058821));
#6551=CARTESIAN_POINT('',(20.3437000053084,-2.,50.0496523272324));
#6552=CARTESIAN_POINT('Origin',(20.8437000053084,-2.,50.0496523272324));
#6553=CARTESIAN_POINT('',(20.5937000053084,-2.25,50.0496523272324));
#6554=CARTESIAN_POINT('Origin',(20.3437000053084,-2.25,50.0496523272324));
#6555=CARTESIAN_POINT('',(20.6515347950232,-2.25,50.2095664665573));
#6556=CARTESIAN_POINT('Origin',(20.8437000053084,-2.25,50.0496523272324));
#6557=CARTESIAN_POINT('Origin',(20.4593695847379,-2.25,50.3694806058821));
#6558=CARTESIAN_POINT('Origin',(21.4937000007519,-2.25000000000001,50.0496523157458));
#6559=CARTESIAN_POINT('',(21.6858652110183,-2.25,50.2095664550933));
#6560=CARTESIAN_POINT('Origin',(21.8780304212848,-2.25,50.3694805944408));
#6561=CARTESIAN_POINT('',(21.7437000007519,-2.25,50.0496523157458));
#6562=CARTESIAN_POINT('Origin',(21.4937000007519,-2.25,50.0496523157458));
#6563=CARTESIAN_POINT('Origin',(21.9937000007519,-2.25,50.0496523157458));
#6564=CARTESIAN_POINT('Origin',(50.3813041872312,-2.25,16.1177401363151));
#6565=CARTESIAN_POINT('',(50.1891389769648,-2.25,15.9578259969676));
#6566=CARTESIAN_POINT('Origin',(21.4937000007519,0.,50.0496523157458));
#6567=CARTESIAN_POINT('',(21.7437000007519,0.,50.0496523157458));
#6568=CARTESIAN_POINT('',(21.6858652110183,0.,50.2095664550933));
#6569=CARTESIAN_POINT('Origin',(20.8437000053084,-3.75,10.2253476766917));
#6570=CARTESIAN_POINT('',(20.5937000053084,-3.75,10.2253476766917));
#6571=CARTESIAN_POINT('',(20.8437000053084,-4.,10.2253476766917));
#6572=CARTESIAN_POINT('Origin',(20.8437000053084,-3.75,10.2253476766917));
#6573=CARTESIAN_POINT('',(20.651534795042,-3.75,10.0654335373442));
#6574=CARTESIAN_POINT('Origin',(20.8437000053084,-3.75,10.2253476766917));
#6575=CARTESIAN_POINT('Origin',(20.8437000053084,-3.75,10.2253476766917));
#6576=CARTESIAN_POINT('Origin',(21.4937000007519,-3.75,10.2253476803303));
#6577=CARTESIAN_POINT('',(21.6858652110371,-3.75,10.0654335410054));
#6578=CARTESIAN_POINT('',(21.4937000007519,-4.,10.2253476803303));
#6579=CARTESIAN_POINT('Origin',(21.4937000007519,-3.75,10.2253476803303));
#6580=CARTESIAN_POINT('',(21.7437000007519,-3.75,10.2253476803303));
#6581=CARTESIAN_POINT('Origin',(21.4937000007519,-3.75,10.2253476803303));
#6582=CARTESIAN_POINT('Origin',(21.4937000007519,-3.75,10.2253476803303));
#6583=CARTESIAN_POINT('Origin',(20.8437000053084,-2.25,10.2253476766917));
#6584=CARTESIAN_POINT('',(20.3437000053084,-2.,10.2253476766917));
#6585=CARTESIAN_POINT('',(20.4593695847755,-2.,9.90551939799674));
#6586=CARTESIAN_POINT('Origin',(20.8437000053084,-2.,10.2253476766917));
#6587=CARTESIAN_POINT('',(20.651534795042,-2.25,10.0654335373442));
#6588=CARTESIAN_POINT('Origin',(20.4593695847755,-2.25,9.90551939799674));
#6589=CARTESIAN_POINT('',(20.5937000053084,-2.25,10.2253476766917));
#6590=CARTESIAN_POINT('Origin',(20.8437000053084,-2.25,10.2253476766917));
#6591=CARTESIAN_POINT('Origin',(20.3437000053084,-2.25,10.2253476766917));
#6592=CARTESIAN_POINT('Origin',(21.4937000007519,-2.25,10.2253476803303));
#6593=CARTESIAN_POINT('',(21.6858652110371,-2.25,10.0654335410054));
#6594=CARTESIAN_POINT('',(21.7437000007519,-2.25,10.2253476803303));
#6595=CARTESIAN_POINT('Origin',(21.4937000007519,-2.25,10.2253476803303));
#6596=CARTESIAN_POINT('Origin',(21.8780304213224,-2.25,9.90551940168057));
#6597=CARTESIAN_POINT('Origin',(21.9937000007519,-2.25,10.2253476803303));
#6598=CARTESIAN_POINT('Origin',(21.1687000015551,-3.75,9.83480251995848));
#6599=CARTESIAN_POINT('',(20.9765347912887,-3.75,9.67488838061098));
#6600=CARTESIAN_POINT('',(21.1687000015551,-4.,9.83480251995848));
#6601=CARTESIAN_POINT('Origin',(21.1687000015551,-3.75,9.83480251995848));
#6602=CARTESIAN_POINT('',(21.3608652118404,-3.75,9.6748883806336));
#6603=CARTESIAN_POINT('Origin',(21.1687000015551,-3.75,9.83480251995848));
#6604=CARTESIAN_POINT('Origin',(21.1687000015551,-3.75,9.83480251995848));
#6605=CARTESIAN_POINT('Origin',(50.0938041817521,-2.25,43.811777603273));
#6606=CARTESIAN_POINT('',(49.9016389714668,-2.25,43.9716917425979));
#6607=CARTESIAN_POINT('Origin',(21.1687000015551,0.,9.83480251995848));
#6608=CARTESIAN_POINT('',(20.9765347912887,0.,9.67488838061098));
#6609=CARTESIAN_POINT('',(21.3608652118404,0.,9.6748883806336));
#6610=CARTESIAN_POINT('Origin',(39.2473996333981,-2.25,-12.67163206289));
#6611=CARTESIAN_POINT('',(39.2473996333981,-2.,-12.67163206289));
#6612=CARTESIAN_POINT('',(39.4395648436645,-2.25,-12.5117179235425));
#6613=CARTESIAN_POINT('Origin',(26.0638218596583,-3.75,15.7171599225357));
#6614=CARTESIAN_POINT('',(26.0638218596583,-4.,15.7171599225357));
#6615=CARTESIAN_POINT('',(26.2559870699436,-3.75,15.5572457832108));
#6616=CARTESIAN_POINT('Origin',(15.986078145717,-3.75,16.0626421764283));
#6617=CARTESIAN_POINT('',(15.986078145717,-4.,16.0626421764283));
#6618=CARTESIAN_POINT('',(15.7939129354506,-3.75,15.9027280370808));
#6619=CARTESIAN_POINT('Origin',(21.9937000007519,-2.25,20.1362161509335));
#6620=CARTESIAN_POINT('',(21.7437000007519,-2.25,20.1362161509335));
#6621=CARTESIAN_POINT('Origin',(21.4937000007519,0.,10.2253476803303));
#6622=CARTESIAN_POINT('',(21.6858652110371,0.,10.0654335410054));
#6623=CARTESIAN_POINT('',(21.7437000007519,0.,10.2253476803303));
#6624=CARTESIAN_POINT('Origin',(20.8437000053084,0.,10.2253476766917));
#6625=CARTESIAN_POINT('',(20.5937000053084,0.,10.2253476766917));
#6626=CARTESIAN_POINT('',(20.651534795042,0.,10.0654335373442));
#6627=CARTESIAN_POINT('Origin',(20.3437000053084,-2.25,40.1387838528478));
#6628=CARTESIAN_POINT('',(20.3437000053084,-2.,40.1387838528478));
#6629=CARTESIAN_POINT('',(20.5937000053084,-2.25,40.1387838528478));
#6630=CARTESIAN_POINT('Origin',(21.4937000007519,-3.75,20.1362161509336));
#6631=CARTESIAN_POINT('',(21.4937000007519,-4.,20.1362161509336));
#6632=CARTESIAN_POINT('',(21.7437000007519,-3.75,20.1362161509336));
#6633=CARTESIAN_POINT('Origin',(20.8437000053084,-3.75,40.1387838528478));
#6634=CARTESIAN_POINT('',(20.8437000053084,-4.,40.1387838528478));
#6635=CARTESIAN_POINT('',(20.5937000053084,-3.75,40.1387838528478));
#6636=CARTESIAN_POINT('Origin',(20.8437000053084,0.,50.0496523272324));
#6637=CARTESIAN_POINT('',(20.6515347950232,0.,50.2095664665573));
#6638=CARTESIAN_POINT('',(20.5937000053084,0.,50.0496523272324));
#6639=CARTESIAN_POINT('Origin',(39.5348996223488,-2.25,73.2921143170484));
#6640=CARTESIAN_POINT('',(39.5348996223488,-2.,73.2921143170484));
#6641=CARTESIAN_POINT('',(39.727064832634,-2.25,73.1322001777235));
#6642=CARTESIAN_POINT('Origin',(26.3513218584841,-3.75,44.2123578182434));
#6643=CARTESIAN_POINT('',(26.3513218584841,-4.,44.2123578182434));
#6644=CARTESIAN_POINT('',(26.5434870687505,-3.75,44.3722719575909));
#6645=CARTESIAN_POINT('Origin',(16.2735781413961,-3.75,44.5578400790116));
#6646=CARTESIAN_POINT('',(16.2735781413961,-4.,44.5578400790116));
#6647=CARTESIAN_POINT('',(16.0814129311108,-3.75,44.7177542183365));
#6648=CARTESIAN_POINT('Origin',(21.1686999982118,0.,50.4401974800416));
#6649=CARTESIAN_POINT('',(21.3608652084783,0.,50.6001116193891));
#6650=CARTESIAN_POINT('',(20.9765347879266,0.,50.6001116193665));
#6651=CARTESIAN_POINT('Origin',(21.7437000007519,0.,50.1400676942256));
#6652=CARTESIAN_POINT('Origin',(21.7437000007519,0.,10.1349323018671));
#6653=CARTESIAN_POINT('Origin',(136.75,-2.,30.1375));
#6654=CARTESIAN_POINT('Origin',(21.1687000015781,0.,9.44396778664821));
#6655=CARTESIAN_POINT('Origin',(20.5937000053084,0.,10.1349322982119));
#6656=CARTESIAN_POINT('Origin',(21.1687000030301,-4.,30.1375000000001));
#6657=CARTESIAN_POINT('Origin',(20.5937000053084,0.,50.1400677056956));
#6658=CARTESIAN_POINT('Origin',(21.1686999981888,0.,50.8310322133519));
#6659=CARTESIAN_POINT('Origin',(52.847105388147,-2.25,16.8798425086504));
#6660=CARTESIAN_POINT('',(24.2687000018114,-2.25,50.831032213352));
#6661=CARTESIAN_POINT('Origin',(24.2687000018344,-2.25,51.2218669466622));
#6662=CARTESIAN_POINT('',(24.7858652095334,-2.25,50.209566461082));
#6663=CARTESIAN_POINT('',(52.6549401778617,-2.25,16.7199283693255));
#6664=CARTESIAN_POINT('Origin',(24.9780304198187,-2.25,50.3694806004069));
#6665=CARTESIAN_POINT('Origin',(24.5936999992481,-2.25,50.0496523217572));
#6666=CARTESIAN_POINT('',(24.8436999992481,-2.25,50.0496523217572));
#6667=CARTESIAN_POINT('Origin',(25.0936999992481,-2.25,50.0496523217572));
#6668=CARTESIAN_POINT('Origin',(24.5936999992481,-2.25,50.0496523217572));
#6669=CARTESIAN_POINT('Origin',(25.0936999992481,-2.25,20.1362161518437));
#6670=CARTESIAN_POINT('',(24.8436999992481,-2.25,10.2253476821673));
#6671=CARTESIAN_POINT('Origin',(25.0936999992481,-2.25,10.2253476821673));
#6672=CARTESIAN_POINT('',(24.8436999992481,-2.25,20.1362161518437));
#6673=CARTESIAN_POINT('Origin',(24.5936999992481,-2.25,10.2253476821673));
#6674=CARTESIAN_POINT('',(24.7858652095146,-2.25,10.0654335428198));
#6675=CARTESIAN_POINT('Origin',(24.978030419781,-2.25,9.9055194034723));
#6676=CARTESIAN_POINT('Origin',(24.5936999992481,-2.25,10.2253476821673));
#6677=CARTESIAN_POINT('Origin',(52.5596053934458,-2.25,43.0496752355997));
#6678=CARTESIAN_POINT('',(52.3674401831794,-2.25,43.2095893749472));
#6679=CARTESIAN_POINT('Origin',(41.7132008281608,-2.25,-11.9095296882126));
#6680=CARTESIAN_POINT('',(23.7515347844062,-2.25,10.065433546481));
#6681=CARTESIAN_POINT('Origin',(23.5593695741209,-2.25,9.90551940715616));
#6682=CARTESIAN_POINT('',(41.9053660384461,-2.25,-11.7496155488877));
#6683=CARTESIAN_POINT('Origin',(23.9436999946915,-2.25,10.2253476858059));
#6684=CARTESIAN_POINT('',(23.6936999946915,-2.25,10.2253476858059));
#6685=CARTESIAN_POINT('Origin',(23.4436999946915,-2.25,10.2253476858059));
#6686=CARTESIAN_POINT('Origin',(23.9436999946915,-2.25,10.2253476858059));
#6687=CARTESIAN_POINT('Origin',(23.4436999946914,-2.25,40.1387838443749));
#6688=CARTESIAN_POINT('',(23.6936999946914,-2.25,50.0496523102699));
#6689=CARTESIAN_POINT('Origin',(23.4436999946914,-2.25,50.0496523102699));
#6690=CARTESIAN_POINT('',(23.6936999946915,-2.25,40.1387838443749));
#6691=CARTESIAN_POINT('Origin',(23.9436999946914,-2.25,50.0496523102699));
#6692=CARTESIAN_POINT('',(23.751534784425,-2.25,50.2095664496174));
#6693=CARTESIAN_POINT('Origin',(23.5593695741586,-2.25,50.3694805889649));
#6694=CARTESIAN_POINT('Origin',(23.9436999946914,-2.25,50.0496523102699));
#6695=CARTESIAN_POINT('Origin',(42.0007008390297,-2.25,72.5300119501497));
#6696=CARTESIAN_POINT('',(42.1928660492962,-2.25,72.3700978108022));
#6697=CARTESIAN_POINT('Origin',(24.2686999984449,0.,9.83480251995846));
#6698=CARTESIAN_POINT('',(24.4608652087113,-3.75,9.67488838061096));
#6699=CARTESIAN_POINT('',(24.4608652087113,0.,9.67488838061097));
#6700=CARTESIAN_POINT('',(24.0765347881596,-3.75,9.67488838063358));
#6701=CARTESIAN_POINT('Origin',(24.2686999984449,-3.75,9.83480251995846));
#6702=CARTESIAN_POINT('',(24.0765347881596,0.,9.67488838063358));
#6703=CARTESIAN_POINT('Origin',(24.2686999984219,0.,9.44396778664821));
#6704=CARTESIAN_POINT('',(24.7858652095146,-3.75,10.0654335428198));
#6705=CARTESIAN_POINT('',(24.7858652095146,0.,10.0654335428198));
#6706=CARTESIAN_POINT('',(29.3559870664145,-3.75,15.557245781299));
#6707=CARTESIAN_POINT('Origin',(24.5936999992481,0.,10.2253476821673));
#6708=CARTESIAN_POINT('',(24.8436999992481,-3.75,10.2253476821673));
#6709=CARTESIAN_POINT('',(24.8436999992481,0.,10.2253476821673));
#6710=CARTESIAN_POINT('Origin',(24.5936999992481,-3.75,10.2253476821673));
#6711=CARTESIAN_POINT('Origin',(24.8436999992481,0.,10.1349323036874));
#6712=CARTESIAN_POINT('',(24.8436999992481,-3.75,50.0496523217572));
#6713=CARTESIAN_POINT('',(24.8436999992481,0.,50.0496523217572));
#6714=CARTESIAN_POINT('',(24.8436999992481,-3.75,20.1362161518438));
#6715=CARTESIAN_POINT('Origin',(24.5936999992481,0.,50.0496523217572));
#6716=CARTESIAN_POINT('',(24.7858652095334,-3.75,50.209566461082));
#6717=CARTESIAN_POINT('',(24.7858652095334,0.,50.209566461082));
#6718=CARTESIAN_POINT('Origin',(24.5936999992481,-3.75,50.0496523217572));
#6719=CARTESIAN_POINT('Origin',(24.8436999992481,0.,50.1400677002204));
#6720=CARTESIAN_POINT('',(24.2687000018114,-3.75,50.831032213352));
#6721=CARTESIAN_POINT('',(24.2687000018114,0.,50.831032213352));
#6722=CARTESIAN_POINT('',(29.6434870676077,-3.75,44.3722719617708));
#6723=CARTESIAN_POINT('Origin',(24.2686999984449,-3.75,9.83480251995846));
#6724=CARTESIAN_POINT('',(24.2686999984449,-4.,9.83480251995846));
#6725=CARTESIAN_POINT('Origin',(24.2686999984449,-3.75,9.83480251995846));
#6726=CARTESIAN_POINT('Origin',(24.2686999984449,-3.75,9.83480251995846));
#6727=CARTESIAN_POINT('Origin',(29.1638218561481,-3.75,15.7171599206465));
#6728=CARTESIAN_POINT('',(24.5936999992481,-4.,10.2253476821673));
#6729=CARTESIAN_POINT('Origin',(24.5936999992481,-3.75,10.2253476821673));
#6730=CARTESIAN_POINT('',(29.1638218561481,-4.,15.7171599206465));
#6731=CARTESIAN_POINT('Origin',(23.9436999946915,0.,10.2253476858059));
#6732=CARTESIAN_POINT('',(23.7515347844062,-3.75,10.065433546481));
#6733=CARTESIAN_POINT('',(23.7515347844062,0.,10.065433546481));
#6734=CARTESIAN_POINT('',(23.6936999946915,-3.75,10.2253476858059));
#6735=CARTESIAN_POINT('Origin',(23.9436999946915,-3.75,10.2253476858059));
#6736=CARTESIAN_POINT('',(23.6936999946915,0.,10.2253476858059));
#6737=CARTESIAN_POINT('Origin',(23.9436999946915,-3.75,10.2253476858059));
#6738=CARTESIAN_POINT('',(23.9436999946915,-4.,10.2253476858059));
#6739=CARTESIAN_POINT('Origin',(23.9436999946915,-3.75,10.2253476858059));
#6740=CARTESIAN_POINT('Origin',(23.9436999946915,-3.75,10.2253476858059));
#6741=CARTESIAN_POINT('Origin',(19.0860781384764,-3.75,16.0626421828827));
#6742=CARTESIAN_POINT('',(19.0860781384764,-4.,16.0626421828827));
#6743=CARTESIAN_POINT('',(18.8939129281911,-3.75,15.9027280435578));
#6744=CARTESIAN_POINT('Origin',(23.6936999946915,0.,10.1349323073427));
#6745=CARTESIAN_POINT('Origin',(23.9436999946914,0.,50.0496523102699));
#6746=CARTESIAN_POINT('',(23.6936999946915,-3.75,50.0496523102699));
#6747=CARTESIAN_POINT('',(23.6936999946914,0.,50.0496523102699));
#6748=CARTESIAN_POINT('',(23.751534784425,-3.75,50.2095664496174));
#6749=CARTESIAN_POINT('Origin',(23.9436999946914,-3.75,50.0496523102699));
#6750=CARTESIAN_POINT('',(23.751534784425,0.,50.2095664496174));
#6751=CARTESIAN_POINT('Origin',(23.9436999946914,-3.75,50.0496523102699));
#6752=CARTESIAN_POINT('',(23.9436999946914,-4.,50.0496523102699));
#6753=CARTESIAN_POINT('Origin',(23.9436999946914,-3.75,50.0496523102699));
#6754=CARTESIAN_POINT('Origin',(23.9436999946914,-3.75,50.0496523102699));
#6755=CARTESIAN_POINT('Origin',(23.9436999946914,-3.75,40.1387838443749));
#6756=CARTESIAN_POINT('',(23.9436999946914,-4.,40.1387838443749));
#6757=CARTESIAN_POINT('',(23.6936999946915,-3.75,40.1387838443749));
#6758=CARTESIAN_POINT('Origin',(23.6936999946914,0.,50.1400676887498));
#6759=CARTESIAN_POINT('Origin',(24.5936999992481,-3.75,50.0496523217572));
#6760=CARTESIAN_POINT('',(24.5936999992481,-4.,50.0496523217572));
#6761=CARTESIAN_POINT('Origin',(24.5936999992481,-3.75,50.0496523217572));
#6762=CARTESIAN_POINT('Origin',(24.5936999992481,-3.75,50.0496523217572));
#6763=CARTESIAN_POINT('Origin',(29.4513218573224,-3.75,44.212357822446));
#6764=CARTESIAN_POINT('',(24.2687000017884,-4.,50.4401974800417));
#6765=CARTESIAN_POINT('Origin',(24.2687000017884,-3.75,50.4401974800417));
#6766=CARTESIAN_POINT('',(29.4513218573224,-4.,44.212357822446));
#6767=CARTESIAN_POINT('Origin',(24.5936999992481,-3.75,10.2253476821673));
#6768=CARTESIAN_POINT('Origin',(24.5936999992481,-3.75,10.2253476821673));
#6769=CARTESIAN_POINT('Origin',(24.5936999992481,-3.75,20.1362161518438));
#6770=CARTESIAN_POINT('',(24.5936999992481,-4.,20.1362161518438));
#6771=CARTESIAN_POINT('Origin',(19.3735781427976,-3.75,44.5578400778065));
#6772=CARTESIAN_POINT('',(19.3735781427976,-4.,44.5578400778065));
#6773=CARTESIAN_POINT('',(19.1814129325311,-3.75,44.717754217154));
#6774=CARTESIAN_POINT('Origin',(24.2687000018114,0.,50.831032213352));
#6775=CARTESIAN_POINT('Origin',(24.2686999969698,-4.,30.1375000000001));
#6776=CARTESIAN_POINT('Origin',(241.75,0.,9.13129999999997));
#6777=CARTESIAN_POINT('Origin',(31.75,0.,51.1437));
#6778=CARTESIAN_POINT('Origin',(136.75,-2.,30.1375));
#6779=UNCERTAINTY_MEASURE_WITH_UNIT(LENGTH_MEASURE(0.01),#6783,
'DISTANCE_ACCURACY_VALUE',
'Maximum model space distance between geometric entities at asserted c
onnectivities');
#6780=UNCERTAINTY_MEASURE_WITH_UNIT(LENGTH_MEASURE(0.01),#6783,
'DISTANCE_ACCURACY_VALUE',
'Maximum model space distance between geometric entities at asserted c
onnectivities');
#6781=(
GEOMETRIC_REPRESENTATION_CONTEXT(3)
GLOBAL_UNCERTAINTY_ASSIGNED_CONTEXT((#6779))
GLOBAL_UNIT_ASSIGNED_CONTEXT((#6783,#6785,#6786))
REPRESENTATION_CONTEXT('','3D')
);
#6782=(
GEOMETRIC_REPRESENTATION_CONTEXT(3)
GLOBAL_UNCERTAINTY_ASSIGNED_CONTEXT((#6780))
GLOBAL_UNIT_ASSIGNED_CONTEXT((#6783,#6785,#6786))
REPRESENTATION_CONTEXT('','3D')
);
#6783=(
LENGTH_UNIT()
NAMED_UNIT(*)
SI_UNIT(.MILLI.,.METRE.)
);
#6784=(
LENGTH_UNIT()
NAMED_UNIT(*)
SI_UNIT($,.METRE.)
);
#6785=(
NAMED_UNIT(*)
PLANE_ANGLE_UNIT()
SI_UNIT($,.RADIAN.)
);
#6786=(
NAMED_UNIT(*)
SI_UNIT($,.STERADIAN.)
SOLID_ANGLE_UNIT()
);
#6787=SHAPE_DEFINITION_REPRESENTATION(#6788,#6789);
#6788=PRODUCT_DEFINITION_SHAPE('',$,#6791);
#6789=SHAPE_REPRESENTATION('',(#3540),#6781);
#6790=PRODUCT_DEFINITION_CONTEXT('part definition',#6795,'design');
#6791=PRODUCT_DEFINITION('2026-09-08-14-46-23-168','FusionComponent',#6792,
#6790);
#6792=PRODUCT_DEFINITION_FORMATION('',$,#6797);
#6793=PRODUCT_RELATED_PRODUCT_CATEGORY('FusionComponent',
'FusionComponent',(#6797));
#6794=APPLICATION_PROTOCOL_DEFINITION('international standard',
'automotive_design',2009,#6795);
#6795=APPLICATION_CONTEXT(
'Core Data for Automotive Mechanical Design Process');
#6796=PRODUCT_CONTEXT('part definition',#6795,'mechanical');
#6797=PRODUCT('2026-09-08-14-46-23-168','FusionComponent',$,(#6796));
#6798=PRESENTATION_STYLE_ASSIGNMENT((#6799));
#6799=SURFACE_STYLE_USAGE(.BOTH.,#6800);
#6800=SURFACE_SIDE_STYLE('',(#6801));
#6801=SURFACE_STYLE_FILL_AREA(#6802);
#6802=FILL_AREA_STYLE('Steel - Satin',(#6803));
#6803=FILL_AREA_STYLE_COLOUR('Steel - Satin',#6804);
#6804=COLOUR_RGB('Steel - Satin',0.627450980392157,0.627450980392157,0.627450980392157);
ENDSEC;
END-ISO-10303-21;
